Feature,R2,RMSE,MAE,Correlation,P_value
POLR2B,4.661083221435547e-05,0.3507798171492031,0.2889675199985504,0.5826776,0.00023996178383885004
XYLT2,4.470348358154297e-05,0.37638622605968186,0.2913549840450287,0.67060405,1.0437403039738193e-05
MT-ATP8,2.4557113647460938e-05,0.49978001046538345,0.38339710235595703,0.3937854,0.019257178391323623
ARHGAP45,2.3603439331054688e-05,0.5139145658567734,0.3840819299221039,0.43913388,0.008310734477832541
ALDH5A1,2.3126602172851562e-05,0.6764991342943606,0.5841324329376221,0.6436091,3.0346609154438595e-05
PIK3R4,2.1696090698242188e-05,0.45095930830576275,0.30975258350372314,0.36029497,0.03349396096572038
SPECC1,2.0384788513183594e-05,0.7112832538627962,0.6028509140014648,0.67367744,9.17952028844122e-06
HCLS1,1.919269561767578e-05,0.6566716156771427,0.5664734840393066,0.6193695,7.274840596498322e-05
WASF1,1.8656253814697266e-05,0.5974354055435592,0.4653299152851105,0.427893,0.01034248627948394
NCAPG,1.6987323760986328e-05,0.7867003862042786,0.6562435626983643,0.5560009,0.0005246195366797183
SYNE2,1.341104507446289e-05,0.6865687782649924,0.5689911246299744,0.4982836,0.0023167082089910773
OGDH,1.245737075805664e-05,0.6592977460468287,0.5461833477020264,0.37089157,0.028275893161240566
TST,1.1622905731201172e-05,1.0143482105527604,0.8542532920837402,0.5130823,0.0016223825818387672
ATP1A1,1.0609626770019531e-05,0.5910245684182156,0.4850114583969116,0.42160475,0.011652634416227423
MTHFD1,1.0371208190917969e-05,1.2463396361933785,0.9829639792442322,0.64199895,3.223644136828851e-05
SMCHD1,8.165836334228516e-06,0.5858396829972744,0.44385114312171936,0.24902168,0.14914261645102095
COLGALT1,7.331371307373047e-06,0.890264136840877,0.710882842540741,0.25758773,0.13520040884113946
RRP9,6.973743438720703e-06,0.5666567807410455,0.45628541707992554,0.41050518,0.014308124700897743
PLPP6,6.556510925292969e-06,0.6277660435472633,0.5184875726699829,0.30701745,0.07281585883469545
FAT1,6.496906280517578e-06,0.5867126169912765,0.4647614657878876,0.25169256,0.14468771387756676
GOLPH3,6.139278411865234e-06,0.5424400884533792,0.4452551603317261,0.16617942,0.34004202986267285
TBC1D5,5.900859832763672e-06,0.6075254394950359,0.44835585355758667,0.36436114,0.03140581894436502
SMAP1,5.304813385009766e-06,0.4199255299963573,0.32333895564079285,0.12640338,0.46933360918010864
LARS1,3.993511199951172e-06,0.6417555718531134,0.45677441358566284,0.1775949,0.307420057925056
LRP1,3.933906555175781e-06,1.067033352756928,0.8372125625610352,0.6139713,8.752621857351493e-05
ALDH1B1,3.4570693969726562e-06,0.6507555192895785,0.5528727173805237,0.15883338,0.3621116515601633
LRRC8A,2.86102294921875e-06,0.47942281869970044,0.37120065093040466,0.32548812,0.05639097422182811
ZNF24,2.384185791015625e-06,0.573160714853541,0.4383562207221985,0.41905642,0.012222168465567389
CUL2,1.9669532775878906e-06,0.5029708993563037,0.39910873770713806,0.1860103,0.28468312194694073
CEBPB,1.5497207641601562e-06,1.1923793133458587,1.0039408206939697,0.37548006,0.026233763470097055
ITGA6,1.3113021850585938e-06,1.3177295678077565,1.0517627000808716,0.22614491,0.19144998069477542
GSK3B,1.1324882507324219e-06,0.7986308182943126,0.6685736775398254,0.34183747,0.04444221808620114
POLR1F,1.0132789611816406e-06,0.4166358837041742,0.3412754237651825,0.019663874,0.9107289374763947
S100P,9.5367431640625e-07,1.816621697887112,1.2628716230392456,0.2199188,0.20429302333851504
GNPDA1,9.5367431640625e-07,0.625562772104595,0.4360906183719635,0.040022887,0.8194359308891935
DNAJC21,5.960464477539062e-07,0.46417187772847096,0.37976861000061035,0.372606,0.027498095813575728
TMEM11,4.76837158203125e-07,0.3837141784139651,0.30355194211006165,0.2047323,0.23809091835473575
ERAP1,4.172325134277344e-07,0.7145526480875188,0.6034470796585083,0.3693153,0.02900687007296915
ASF1B,2.384185791015625e-07,0.4162701468417743,0.329033762216568,0.05994388,0.7323046170676711
GOSR1,-4.76837158203125e-07,0.6313154384951385,0.5482255220413208,-0.010817154,0.9508233904061679
RPF1,-1.1920928955078125e-06,0.2992790037000947,0.24025683104991913,0.08054994,0.6455291322902542
SDAD1,-2.0265579223632812e-06,0.48230260077235404,0.4088171720504761,0.2663052,0.12202240400937488
CHMP4A,-2.0265579223632812e-06,0.607318268308366,0.5000544190406799,0.19910741,0.25151291226989897
CIP2A,-2.384185791015625e-06,0.3735187202776966,0.2915739417076111,0.34046015,0.04536269410536177
NUDT21,-2.5033950805664062e-06,0.43756440233597055,0.36368969082832336,0.18236226,0.29440249579694205
CASP1,-2.7418136596679688e-06,0.42249125928696935,0.3420725166797638,0.095785744,0.5841334226892934
PTPRJ,-3.2186508178710938e-06,0.7773234302414481,0.6404323577880859,-0.13283888,0.44682148077789596
WDR13,-3.5762786865234375e-06,0.6593953097863043,0.47474169731140137,0.5235045,0.0012501491021264547
RAB27A,-3.6954879760742188e-06,0.8876816147354886,0.687443733215332,-0.053089708,0.7619736013081492
NBAS,-3.814697265625e-06,0.3335804085665628,0.2601248025894165,0.17127153,0.32523769030638877
KRT85,-4.76837158203125e-06,2.427760694120209,2.206141948699951,0.56683654,0.0003848942792212461
XAB2,-5.245208740234375e-06,0.5368539098609505,0.44735512137413025,-0.08197259,0.6396892507006561
ZNF428,-5.245208740234375e-06,1.2963171988774935,1.0549986362457275,-0.35552385,0.03608703652159482
CDC123,-5.4836273193359375e-06,0.5744754451055906,0.49240902066230774,0.19948986,0.25058475938191505
IST1,-5.841255187988281e-06,0.4137311905506729,0.3182637393474579,0.38683048,0.021699302722107117
CDH1,-6.079673767089844e-06,1.0948894559896913,0.89251708984375,0.22453934,0.1947064502963939
UQCR10,-6.4373016357421875e-06,0.6544626054535915,0.4946458041667938,-0.053286392,0.7611172912392029
HNRNPR,-6.794929504394531e-06,0.5811038725736237,0.4515019953250885,0.061178073,0.7270012868989429
SCAF1,-6.9141387939453125e-06,0.3718320829807041,0.2657719850540161,-0.059104852,0.7359173415622047
ARID1B,-7.271766662597656e-06,0.5153466542655816,0.4062134325504303,-0.20359576,0.24076322135686395
SPINT2,-7.271766662597656e-06,1.0459918951883924,0.7957202196121216,-0.016536407,0.9248837455781481
ARPC1A,-7.3909759521484375e-06,0.583638040682461,0.4576836824417114,-0.24175723,0.1617628549165282
MYO1E,-7.510185241699219e-06,0.6242538050809424,0.4918240010738373,-0.18489805,0.2876244958419994
TMX1,-7.62939453125e-06,0.43007127789305505,0.3613618314266205,-0.017694939,0.9196372889266206
MICAL2,-7.748603820800781e-06,0.4282523724500832,0.3639715909957886,-0.04719479,0.7877617143076391
H6PD,-7.987022399902344e-06,0.5522841921885373,0.4282280206680298,0.48565248,0.0031017799612505195
CDK12,-8.106231689453125e-06,0.3483646761483818,0.25137460231781006,-0.12978657,0.457424700713686
CHDH,-8.940696716308594e-06,0.5559913998528733,0.3949591815471649,0.08916016,0.61051488135287
MRPS26,-8.940696716308594e-06,0.432275227919707,0.34258711338043213,0.53372216,0.000960379470907557
GDI1,-9.059906005859375e-06,1.6112590243232572,1.3603978157043457,-0.36105523,0.033095136141556604
BASP1,-9.5367431640625e-06,1.1388312043465476,0.9182773232460022,0.019239891,0.9126465185666106
PCYT2,-9.655952453613281e-06,0.6747781000268295,0.5411900281906128,0.02007201,0.9088840638695767
ATP5F1A,-1.0013580322265625e-05,0.4532793374137937,0.3630155920982361,-0.19441298,0.2630928704498927
PECR,-1.0371208190917969e-05,0.7951256493174614,0.5904276967048645,-0.33022127,0.05269600746670398
POLR1H,-1.0371208190917969e-05,0.41465152374570874,0.32496345043182373,0.24988236,0.1476962614457181
SENP3,-1.0728836059570312e-05,0.5001802715526129,0.41996151208877563,-0.039326638,0.8225264091900698
TMED7,-1.0848045349121094e-05,0.6622141977340659,0.5368143916130066,-0.12198862,0.4851155079579524
CDK5,-1.0967254638671875e-05,0.66055173144594,0.5135913491249084,-0.17380223,0.31803140370524596
IDH3A,-1.1086463928222656e-05,0.6376857318713456,0.4948462247848511,-0.20273368,0.24280367899965954
PPP1CC,-1.1205673217773438e-05,0.47543841821534977,0.40050941705703735,0.53910935,0.0008329134727641549
OS9,-1.1444091796875e-05,0.6062501848358187,0.4787624478340149,-0.003863676,0.9824257637781408
EPHX1,-1.1920928955078125e-05,1.172600432610794,0.9191699624061584,-0.5959519,0.00015844527627115112
NDUFS4,-1.1920928955078125e-05,0.5917926448255373,0.4824868440628052,0.15576202,0.3715869953039611
DNAJC3,-1.2159347534179688e-05,0.647899036433367,0.507067859172821,-0.31559864,0.06477391431518559
ACSF3,-1.2159347534179688e-05,0.4540886005479528,0.33941611647605896,0.24905343,0.1490889464821001
GCN1,-1.2278556823730469e-05,0.6330038181780363,0.49108216166496277,-0.29269364,0.08795094681960831
SYNE3,-1.2755393981933594e-05,0.5263700467458433,0.41579821705818176,-0.008834968,0.9598267659969028
STXBP3,-1.2874603271484375e-05,0.5585399415035657,0.45825281739234924,0.58094573,0.0002529821203364649
ACP2,-1.3232231140136719e-05,0.7015663036421741,0.5110564231872559,-0.063865446,0.7154969766727857
UBE2S,-1.3470649719238281e-05,1.2058632146528905,1.0200594663619995,-0.35903314,0.03416450017235983
HS2ST1,-1.3709068298339844e-05,0.5866717506408763,0.4160466492176056,0.103244096,0.5550577230353514
STK26,-1.3709068298339844e-05,0.6233109061223544,0.46923190355300903,0.29240906,0.08827437835157653
ABCE1,-1.3709068298339844e-05,0.7154157257592293,0.5239548683166504,-0.2713159,0.11489484610260674
WDR82,-1.430511474609375e-05,0.38545790228329746,0.30612072348594666,0.46257862,0.005143101562592133
NUP42,-1.4424324035644531e-05,0.426157513873878,0.3430088460445404,-0.101368316,0.5623063421897228
MRPS2,-1.5020370483398438e-05,0.39597054245026553,0.3286646604537964,0.6441224,2.9765525656066574e-05
GEMIN6,-1.52587890625e-05,0.479672866001632,0.37554097175598145,-0.20362797,0.2406872664963602
LAMTOR2,-1.5854835510253906e-05,0.4590205726147826,0.3768138289451599,-0.20416003,0.2394340925718385
YES1,-1.6450881958007812e-05,0.5004460312292535,0.4218752086162567,-0.3252446,0.05658642359373476
ABCB7,-1.6450881958007812e-05,0.34085612942297777,0.2659115195274353,0.28158388,0.1012708789703319
DLGAP4,-1.6570091247558594e-05,0.5039915855363791,0.38805609941482544,-0.23715502,0.17014591189120487
PBRM1,-1.6689300537109375e-05,0.7432291050041903,0.5848571062088013,-0.2550364,0.13924844392965305
PHAX,-1.6808509826660156e-05,0.6161156533836982,0.5146019458770752,0.19283164,0.2670712773870586
SIRPA,-1.7404556274414062e-05,0.5726177967686856,0.45784100890159607,0.057540163,0.7426685118252556
STK4,-1.7523765563964844e-05,0.6471761822413145,0.5174589157104492,-0.17827834,0.30553197324567616
UBAC2,-1.8358230590820312e-05,0.5952941491209712,0.46503883600234985,-0.40922058,0.014645950317043287
GMDS,-1.8358230590820312e-05,0.8737320568769098,0.718910276889801,0.017427344,0.9208488841113889
TMTC3,-1.8596649169921875e-05,0.7741746953445945,0.6218500137329102,-0.44289312,0.007712123695476452
KLC2,-1.8715858459472656e-05,0.6546785294821807,0.5192088484764099,-0.45848206,0.005606354419183238
TBCB,-1.9073486328125e-05,1.378387656234958,1.1473630666732788,-0.7045558,2.3124993567093224e-06
RP2,-1.919269561767578e-05,0.6076487273978934,0.48824238777160645,-0.24700977,0.15256368433948939
AHSA1,-1.9431114196777344e-05,0.9181773496574009,0.7223865985870361,-0.37557477,0.02619290188137844
NCK1,-1.9788742065429688e-05,0.5353777907194356,0.4194808304309845,-0.2077464,0.2311009976430859
ABHD16A,-1.990795135498047e-05,0.5931361940812858,0.49328842759132385,0.42996082,0.009939945929788457
INTS11,-2.0384788513183594e-05,0.4001407494870079,0.32157623767852783,-0.0985421,0.5733094575558021
ANO6,-2.0742416381835938e-05,0.5795282139908169,0.4212266504764557,-0.34018642,0.045547518738201204
SPRYD4,-2.1219253540039062e-05,0.5860596338775416,0.48265254497528076,-0.2013428,0.24611981744620504
XPO7,-2.1457672119140625e-05,0.6172153611473757,0.4906960725784302,-0.53038824,0.001047621227863533
NME1,-2.181529998779297e-05,1.1419035134516415,0.8850879073143005,-0.30449834,0.07531883645253551
DUSP12,-2.205371856689453e-05,0.458515365894301,0.37832194566726685,0.10331051,0.5548019310778759
MAZ,-2.2172927856445312e-05,0.42186200157203224,0.3321135342121124,0.41710505,0.012674014142043007
LGALS8,-2.2172927856445312e-05,0.5515394740931291,0.3940640985965729,0.0124268085,0.9435164251473958
GNB2,-2.2411346435546875e-05,0.7461624513321989,0.6353639960289001,0.38025638,0.024238696266300284
RDH10,-2.276897430419922e-05,0.65656191361486,0.5981415510177612,0.43693137,0.008679527621717345
RPS9,-2.288818359375e-05,0.6053033172036931,0.4718790352344513,0.02480077,0.8875410376037729
LENG1,-2.288818359375e-05,0.5283568646378243,0.42816242575645447,0.16858837,0.33298784077776244
HSPH1,-2.288818359375e-05,1.0153699701399002,0.8228598833084106,0.19893236,0.2519384022911087
POLA2,-2.3126602172851562e-05,0.7025710148739481,0.5865546464920044,0.27134132,0.1148595412092304
SGF29,-2.3126602172851562e-05,0.3592104120269963,0.29148977994918823,-0.2432477,0.15911283487728467
DDX27,-2.3484230041503906e-05,0.5623733324906725,0.4629662036895752,0.37471533,0.026565408645911674
PHC2,-2.3484230041503906e-05,0.612155439813771,0.4946252405643463,-0.54424053,0.0007256552561148328
MRPS7,-2.3603439331054688e-05,0.47471353777154174,0.3850226402282715,-0.4183389,0.01238670734108833
RBM34,-2.372264862060547e-05,0.4251708809137683,0.32479846477508545,-0.13602991,0.43587997045261045
DOCK7,-2.396106719970703e-05,0.42689477045345975,0.33878493309020996,-0.39360452,0.019317645111765723
UBA1,-2.4199485778808594e-05,1.092452287570483,0.8287306427955627,0.11409204,0.5140140592898964
PLS1,-2.4437904357910156e-05,0.8963729356968859,0.7103709578514099,-0.39904115,0.017567475352289714
TRMT5,-2.467632293701172e-05,0.5874728876310407,0.4568430483341217,-0.07468386,0.6698266008558306
COL1A1,-2.467632293701172e-05,1.0587312953877557,0.8828216791152954,0.024369953,0.8894825291851574
MRPS17,-2.5033950805664062e-05,0.5575614406959195,0.4591681957244873,0.48353654,0.0032537206199164865
GATC,-2.5510787963867188e-05,0.4690672913217036,0.3659011423587799,0.3604314,0.03342207534197974
AGK,-2.586841583251953e-05,0.41045708295942585,0.3159167170524597,-0.28188092,0.10089600281227606
MAK16,-2.5987625122070312e-05,0.3863368412342121,0.31328800320625305,-0.123768635,0.47871936263832193
TAMM41,-2.6464462280273438e-05,0.3449382726242832,0.2852841019630432,-0.07045493,0.6875516369580689
SAMD1,-2.6702880859375e-05,0.9791857162949233,0.7981917262077332,-0.7022692,2.576177883030626e-06
TAOK1,-2.872943878173828e-05,0.6349687456714572,0.4965064525604248,0.15904844,0.3614536680858951
SLC27A4,-2.9087066650390625e-05,0.5187911304575988,0.4156186580657959,0.546821,0.0006764854163445764
PCF11,-2.956390380859375e-05,0.4547943245371334,0.3597382605075836,0.04374975,0.8029378284985647
SND1,-3.039836883544922e-05,0.4141132935372882,0.2897718846797943,-0.34187776,0.044415516187849294
HECTD1,-3.075599670410156e-05,0.5175835087334237,0.4145876467227936,-0.015321063,0.9303905006724492
RPIA,-3.0994415283203125e-05,0.4401064784273305,0.3730277121067047,-0.3248121,0.05693500212555365
SYAP1,-3.159046173095703e-05,0.46849075141946306,0.3728584945201874,-0.117722645,0.5006222996741087
SYTL1,-3.159046173095703e-05,0.727164398600174,0.5589919090270996,-0.38728023,0.021533958798824828
GPRIN1,-3.2067298889160156e-05,0.807285263692423,0.6531407833099365,-0.52562714,0.0011843097087111641
TUBB2A,-3.2782554626464844e-05,0.9549647538935909,0.760663628578186,-0.3281121,0.054317944617259695
MAPRE2,-3.314018249511719e-05,0.6918431211120898,0.516621470451355,-0.28502178,0.09699511480380307
DNAJA2,-3.3974647521972656e-05,0.6161529223522524,0.47793447971343994,0.18976805,0.2748905752204745
GINS3,-3.445148468017578e-05,0.6476484806712964,0.544924795627594,-0.40393656,0.016106872240090494
MID1,-3.516674041748047e-05,0.6976244347848056,0.538116991519928,0.19824985,0.2536026180658804
PGM1,-3.62396240234375e-05,0.699602884659728,0.5510618686676025,-0.12333712,0.48026594881129736
PPP1R10,-3.647804260253906e-05,0.45116946397277524,0.3384777009487152,-0.053154517,0.7616917667095767
GLA,-3.647804260253906e-05,0.5093362103068068,0.40252047777175903,0.3449883,0.04239273341591642
POF1B,-3.7670135498046875e-05,0.5415047042744486,0.4358121156692505,0.15415215,0.3766112434234211
GOLGA5,-3.8504600524902344e-05,0.6997070951388557,0.5683351755142212,0.5365748,0.0008908882390246846
CPSF7,-3.8743019104003906e-05,0.4217375072082955,0.3553701341152191,-0.3628898,0.03214877890413694
H2AC21,-3.886222839355469e-05,0.8080665602061622,0.6585966348648071,-0.1144865,0.5125505110101076
RUVBL2,-3.898143768310547e-05,0.6302356057269118,0.5276613831520081,0.13813357,0.4287487557881991
NDE1,-3.9458274841308594e-05,0.4601237015150133,0.375090628862381,0.05625996,0.7482064860420743
SLC12A7,-3.9577484130859375e-05,0.5483348706937918,0.458017498254776,-0.1755053,0.3132385763836495
METTL7A,-4.184246063232422e-05,0.5027956589556916,0.392581582069397,0.282904,0.09961239932844283
NQO2,-4.184246063232422e-05,0.5251066156395932,0.3876402676105499,0.1191504,0.49540469323246156
CHCHD6,-4.208087921142578e-05,0.6969505901993991,0.5042870044708252,0.09798591,0.5754864032046589
PRSS8,-4.2557716369628906e-05,0.6349011789982986,0.46255606412887573,0.085799836,0.6240848585621964
SFXN3,-4.3511390686035156e-05,1.229354741637929,1.02593994140625,0.22165784,0.20064716977895372
NDUFS6,-4.410743713378906e-05,0.6688783041256313,0.5488477349281311,0.30712652,0.07270896642939534
MAP7,-4.482269287109375e-05,0.743431093461733,0.5746071338653564,0.25532216,0.13879050437852594
NDUFB9,-4.57763671875e-05,0.4691310287624885,0.3947380781173706,-0.28540266,0.0965300173141959
FGB,-4.6133995056152344e-05,0.6341298367169027,0.504795253276825,-0.20785955,0.2308413777352041
C1QBP,-4.7206878662109375e-05,0.5824451383042152,0.48665302991867065,0.33746457,0.047417751788642264
ETFA,-4.756450653076172e-05,1.2049776155917373,0.9785801768302917,0.45163026,0.006461457407889014
AAMP,-4.76837158203125e-05,0.4991268640526849,0.3770766854286194,0.10886379,0.5336055324825338
UTP18,-4.792213439941406e-05,0.5482336061986358,0.45491403341293335,0.28321797,0.09922112981125088
BIRC6,-4.982948303222656e-05,0.3902992416096893,0.3126541078090668,-0.27485374,0.11005385399052538
NDUFB3,-5.0067901611328125e-05,0.5548791688546333,0.4679834544658661,-0.17830674,0.3054537501325658
NFYC,-5.054473876953125e-05,0.6302112285032581,0.5186601281166077,-0.6557392,1.9031987337913008e-05
MTERF4,-5.161762237548828e-05,0.4104974326751568,0.3101913034915924,0.037783675,0.8293855676930811
PDCL,-5.233287811279297e-05,0.5392897859273494,0.43309006094932556,-0.47713834,0.0037531440199081566
ENG,-5.2809715270996094e-05,0.7858313699281773,0.6140626072883606,0.11648521,0.505166561887681
ZMYND11,-5.2928924560546875e-05,0.6388620915759244,0.5005523562431335,0.44150007,0.007929508265894128
WDR74,-5.316734313964844e-05,0.6135678198852758,0.4772610366344452,-0.10827983,0.5358160951253944
ARFIP2,-5.4836273193359375e-05,0.4386113220978296,0.33910486102104187,-0.5036536,0.0020395012493975764
PDF,-5.543231964111328e-05,0.6578953869716042,0.5299200415611267,-0.05724959,0.743924656493285
C20orf27,-5.5789947509765625e-05,0.6251136438047262,0.47628164291381836,0.39466295,0.018965968528835142
MTFR1L,-5.6862831115722656e-05,0.43705585619135684,0.3573518693447113,0.5699955,0.00035095404529567346
DHRS4,-5.7578086853027344e-05,0.6730799847837127,0.5389035940170288,-0.2316017,0.18066881735288015
NSD2,-5.7697296142578125e-05,0.5737212484714568,0.44407397508621216,-0.33734995,0.0474978832719906
PRPSAP1,-5.8770179748535156e-05,0.5232280767744488,0.40591949224472046,0.41378996,0.013473955694231337
ABT1,-5.996227264404297e-05,0.4606997798276193,0.38321587443351746,0.12251476,0.48322061121152393
ADSS2,-6.127357482910156e-05,0.9849820762785,0.7441886067390442,0.37828615,0.02504592480394622
FAM114A1,-6.151199340820312e-05,0.755645603438585,0.5468047261238098,-0.013538777,0.9384718558560196
HOMER3,-6.35385513305664e-05,0.4539920305621812,0.36548367142677307,-0.15162626,0.3845748100628585
ZEB2,-6.794929504394531e-05,0.5450628228245109,0.426868200302124,-0.04250755,0.8084280918589839
VKORC1L1,-6.842613220214844e-05,0.4555434766029981,0.3672562837600708,0.351054,0.03866220483269819
RPL6,-6.878376007080078e-05,0.3953274727801609,0.32963356375694275,0.13346462,0.44466434790176923
MRPL3,-6.902217864990234e-05,0.3882601488546916,0.32062894105911255,0.66412246,1.361821934399392e-05
LSM14A,-6.92605972290039e-05,0.6286924010450865,0.4882364571094513,0.37157485,0.02796376068673368
VAPA,-7.081031799316406e-05,0.7129640306278545,0.6073904633522034,0.33857167,0.046649735198401696
CMTR1,-7.081031799316406e-05,0.5835378975038874,0.4662661850452423,0.052103747,0.7662702210132032
GLG1,-7.092952728271484e-05,0.6039522437264216,0.5159035325050354,0.23510422,0.173979634714873
PLXNB2,-7.092952728271484e-05,0.7308049779615942,0.6144322752952576,-0.65200496,2.2019697443654405e-05
ZHX2,-7.18832015991211e-05,0.4849342378786115,0.40075409412384033,-0.23764054,0.16924714540441751
UBAP2,-7.236003875732422e-05,0.6536163206897547,0.49259835481643677,-0.41925976,0.01217586944389888
CZIB,-7.37905502319336e-05,0.8511772334160801,0.6607661843299866,-0.62822914,5.330213585334005e-05
TUFM,-7.450580596923828e-05,0.5826724571946711,0.47232741117477417,-0.10573181,0.5455117716259122
ARF4,-7.474422454833984e-05,0.8668789013786508,0.6820391416549683,-0.111529276,0.5235726969541136
EXOSC1,-7.557868957519531e-05,0.39190021266473996,0.3111249804496765,-0.32917783,0.05349351183325318
PABPC4,-7.605552673339844e-05,0.8248690530140899,0.637462317943573,0.51065147,0.0017220380795062368
AHDC1,-7.617473602294922e-05,0.5434175461565676,0.40212735533714294,0.043706,0.8031315516002623
FAM177A1,-7.87973403930664e-05,0.7689716996366456,0.6120949387550354,0.5618294,0.0004447034230447215
SNX18,-8.0108642578125e-05,0.7601506843637583,0.6225549578666687,-0.21341945,0.21832493301149675
FKBP9,-8.0108642578125e-05,0.8485324040790942,0.6684847474098206,0.20731285,0.2320978108611218
RAP1A,-8.225440979003906e-05,0.6660574623011183,0.4947918951511383,0.3460878,0.04169580558193685
BOD1L1,-8.237361907958984e-05,0.4731244062271323,0.36610111594200134,0.1627166,0.3503407414115553
EHD2,-8.511543273925781e-05,0.7186100865062554,0.5235937833786011,-0.1613798,0.35436649421009375
PRPF31,-8.52346420288086e-05,0.36325446409513446,0.3087412714958191,0.065302074,0.7093715109167529
MMP24OS,-8.535385131835938e-05,0.684336885061522,0.5085050463676453,0.10867678,0.5343130294491136
NCAPH,-8.547306060791016e-05,0.809620339167438,0.6711857914924622,-0.045859784,0.7936340056859047
PRNP,-8.594989776611328e-05,0.6417893783679448,0.5195982456207275,-0.14636874,0.4014618692023186
ZADH2,-8.654594421386719e-05,0.4487613837516968,0.33771514892578125,0.015728176,0.9285450064191183
TM9SF2,-8.654594421386719e-05,0.4660208248542197,0.36484506726264954,0.37367463,0.027022274924708625
ARFIP1,-8.7738037109375e-05,0.5886549685859616,0.45501381158828735,-0.16078995,0.35615161667061057
GPSM1,-8.821487426757812e-05,0.48215185168368724,0.3787785768508911,0.39099774,0.020206970683324235
MORF4L2,-8.940696716308594e-05,0.5219018529504941,0.4024200439453125,0.062276334,0.722292380514359
COX5B,-9.167194366455078e-05,0.6884060221578214,0.5492851138114929,-0.17649755,0.3104669714419268
VEZF1,-9.310245513916016e-05,0.5323584436930956,0.40549182891845703,-0.15373982,0.37790458552918227
POLR2E,-9.322166442871094e-05,0.29696793105566366,0.22997112572193146,-0.4471918,0.0070731274356029055
MFF,-9.393692016601562e-05,0.7593702057110183,0.588706910610199,-0.30873376,0.07114812158066482
SYNJ2BP,-9.40561294555664e-05,0.6034206821857865,0.4418851137161255,0.2020067,0.24453317087912207
PPM1B,-9.47713851928711e-05,0.5808130354825968,0.46985986828804016,-0.27881902,0.10481219747059413
MOSPD2,-9.5367431640625e-05,0.5974540368361575,0.44519761204719543,0.30845916,0.07141287431536164
CLPTM1L,-9.655952453613281e-05,0.708965711111518,0.5343770384788513,0.23372987,0.1765830867397329
SUGT1,-9.751319885253906e-05,0.8809591773898936,0.7041495442390442,0.32727134,0.05497546754447213
CS,-9.918212890625e-05,0.4367579570497424,0.34996724128723145,0.28505468,0.09695487007050217
DDX20,-0.00010037422180175781,0.44931065821644917,0.3505183458328247,0.16842194,0.33347223712274016
KANK2,-0.00010097026824951172,1.0589100270220122,0.8722472190856934,0.6680104,1.1618663452116665e-05
STAT6,-0.00010263919830322266,0.50575623510216,0.3899216949939728,0.027376927,0.8759456467180116
SRM,-0.00010311603546142578,1.3914765311841384,1.1168462038040161,-0.55967295,0.0004729109878441
RSRC1,-0.00010311603546142578,0.5480282748404197,0.4431491792201996,0.61324257,8.971513149822082e-05
CHMP1A,-0.0001055002212524414,0.490247718659831,0.39113426208496094,-0.28653678,0.09515513311264032
RBMXL1,-0.00010657310485839844,0.6029625491030767,0.4575936496257782,-0.12927309,0.4592218861934704
HAX1,-0.0001068115234375,0.5629635331470384,0.44431421160697937,0.21189561,0.2217081472144309
TBC1D9B,-0.00010752677917480469,0.5701660333966475,0.47952133417129517,-0.0653693,0.7090857985576886
COA6,-0.00010752677917480469,0.8830773960466021,0.6957069635391235,0.052935045,0.762647427330999
SRPK2,-0.0001087188720703125,0.4362051569399448,0.34765374660491943,-0.0017763413,0.9919197302581171
BCR,-0.00010967254638671875,0.4097874027425345,0.3345366418361664,0.051212616,0.7701592451670263
LAMTOR3,-0.00011014938354492188,0.4716570199136068,0.38486552238464355,0.24682981,0.1528725223841637
RAB21,-0.00011074542999267578,0.5504482696647381,0.4509478807449341,0.44280273,0.007726086456114992
PDE6D,-0.00011086463928222656,0.606327751915513,0.47486352920532227,-0.35084435,0.03878650197021001
CALU,-0.00011086463928222656,0.9766964629795758,0.8193095922470093,0.36046118,0.033406396540895625
MDH2,-0.00011146068572998047,0.6428093537664866,0.5263822078704834,-0.15162215,0.38458766682993667
CNTNAP1,-0.00011169910430908203,0.6599372184399491,0.4848862886428833,-0.046189114,0.7921846770048667
IDE,-0.00011217594146728516,0.43308900545949525,0.33942800760269165,-0.17666271,0.31000731694974193
CCDC167,-0.00011360645294189453,0.4574044651852288,0.3614746630191803,0.1950015,0.26162219194115
COG1,-0.00011444091796875,0.3827455228485135,0.3008279502391815,-0.17232092,0.3222372691664485
HSPA14,-0.00011527538299560547,0.6460196677452932,0.5129907727241516,-0.33799067,0.04705155103949222
NDUFC2,-0.0001157522201538086,0.5157340252372038,0.4398895800113678,-0.40770718,0.01505251136627254
DCTN4,-0.00011610984802246094,0.6078538248091003,0.45480090379714966,-0.2865164,0.09517971188409927
GNAI3,-0.00011646747589111328,0.6227302344580212,0.4916417896747589,-0.5032366,0.0020599369361987453
EDC4,-0.00011646747589111328,0.5617404949451927,0.4600582718849182,0.470665,0.004324697885554054
EFTUD2,-0.00011730194091796875,0.3340996102862867,0.24502786993980408,-0.351941,0.03813966727704195
PLK1,-0.00011849403381347656,0.3101112140849506,0.23386603593826294,0.024265628,0.889952686986382
FMNL1,-0.00012028217315673828,0.39519867294857064,0.3262193202972412,0.03525242,0.8406638364940668
WIPF1,-0.00012242794036865234,0.8069699702673006,0.6254570484161377,-0.19315006,0.26626704268694656
MSTO1,-0.00012254714965820312,0.5736411946417798,0.46074149012565613,-0.1067524,0.5416183828452866
TUBGCP2,-0.00012302398681640625,0.5724563801485448,0.440314382314682,-0.44549108,0.0073203065757252005
HKDC1,-0.0001233816146850586,0.7742073389284457,0.6250969767570496,0.35439804,0.03672211069090956
PSMB5,-0.00012385845184326172,0.6893764809863177,0.5217614769935608,0.09545763,0.5854277158606265
TBC1D15,-0.0001239776611328125,0.5373264220988713,0.427408367395401,-0.1492073,0.3922921462990635
OXR1,-0.00012421607971191406,0.7038434067256019,0.5187209248542786,0.09869769,0.5727012704935923
ATP5F1C,-0.0001246929168701172,0.5224425410659423,0.41059190034866333,-0.24481177,0.15636587480684877
NCBP2AS2,-0.00012552738189697266,0.6151935624406495,0.5210328102111816,-0.112779155,0.5188999209862012
NEK7,-0.00012564659118652344,0.6369398938286474,0.5172797441482544,0.26941863,0.11755603150271551
RAB14,-0.00012636184692382812,0.5593143430247448,0.44783276319503784,0.119504035,0.4941168912823002
TFIP11,-0.00012683868408203125,0.35067806255468825,0.2605782151222229,0.1477868,0.3968656195234105
KDSR,-0.00012683868408203125,0.5973408184533373,0.4620693624019623,-0.01477615,0.9328605406504531
CCDC59,-0.0001277923583984375,0.38986681791564404,0.2963527739048004,-0.2937002,0.08681411869477165
ZFAND6,-0.00012814998626708984,0.4564559935273733,0.3978826403617859,-0.29207522,0.08865507073345191
SOD2,-0.00012862682342529297,1.0048570101347531,0.7354046702384949,-0.4536749,0.006195301336141825
CXADR,-0.00012958049774169922,0.7359183711908841,0.5950684547424316,0.23200978,0.1798802653466208
ARL6IP1,-0.00013124942779541016,0.4558389549617732,0.36371564865112305,0.20055968,0.24800048578632988
POLR2F,-0.0001327991485595703,0.3914579856015634,0.3129187822341919,0.51600873,0.0015091448152088067
DDX18,-0.000133514404296875,0.5023954646661323,0.428038626909256,0.06788063,0.6984230299154456
ACBD3,-0.00013363361358642578,0.6988022911964417,0.5380563139915466,0.41072392,0.014251255886189038
SSR4,-0.00013434886932373047,0.6943390493417104,0.5780022740364075,0.68687075,5.197939507113744e-06
RAB4A,-0.0001360177993774414,0.444803532643878,0.3362196981906891,-0.32706675,0.055136396432961796
STK3,-0.00013709068298339844,0.3374232990917582,0.2610405385494232,0.42536652,0.010853019246028519
MPP1,-0.00013840198516845703,0.5932515963722996,0.456691712141037,-0.093639866,0.592622376484109
EIF2B2,-0.00013875961303710938,0.7302967623841928,0.591351330280304,-0.69644266,3.3770125727865432e-06
MBD3,-0.0001405477523803711,0.410408832342955,0.3406864404678345,-0.30862,0.07125770012537784
PRPSAP2,-0.0001405477523803711,0.7374736668039602,0.5779321789741516,0.26277405,0.12723990542710675
AGRN,-0.00014066696166992188,0.9159404016121463,0.7720702290534973,0.52345103,0.0012518463461529787
EGLN1,-0.00014150142669677734,0.5084855827474509,0.4007648825645447,0.017281448,0.9215095338263797
LYRM4,-0.00014221668243408203,0.4666024285903627,0.3890528976917267,-0.3009959,0.07890954956943466
HUWE1,-0.00014328956604003906,0.8796001153775842,0.6726468801498413,0.3481726,0.04039966862348797
NECTIN4,-0.0001436471939086914,0.5746119962693413,0.4208127558231354,0.13679548,0.4332771533883744
CTCF,-0.0001436471939086914,0.6121762763139023,0.49765217304229736,-0.3089183,0.07097059519320824
CPT2,-0.00014412403106689453,0.524606935633188,0.4103088676929474,0.03446868,0.8441627031058423
GPR107,-0.00014591217041015625,0.575361813861748,0.4141804873943329,0.028050654,0.8729170095959135
ISOC1,-0.00014674663543701172,0.5454035172019972,0.42718803882598877,0.338187,0.046915461905826766
EXOC4,-0.00014710426330566406,0.46421957985962065,0.33806461095809937,-0.04263544,0.8078623655916704
PIN4,-0.0001494884490966797,0.7871257316461161,0.5867830514907837,0.60782313,0.00010760546542190921
NR3C1,-0.0001499652862548828,0.4172715941693018,0.34097376465797424,-0.47508413,0.0039269754584697805
STAU1,-0.00015175342559814453,0.5554652067734049,0.46336397528648376,-0.10519866,0.5475512643753028
SLMAP,-0.0001518726348876953,0.7118611047877339,0.6151609420776367,0.17986657,0.3011726204285558
LYPLAL1,-0.00015211105346679688,0.3946775977009286,0.2943374216556549,-0.19838235,0.25327885452417137
COPS3,-0.0001533031463623047,0.5477942234435282,0.41884976625442505,-0.57503754,0.000302284080551855
SYNM,-0.00015413761138916016,1.0934281556852297,0.809384822845459,0.14586926,0.4030879831022258
GMPPA,-0.00015437602996826172,0.6146916493371298,0.4824589192867279,0.08376764,0.6323509558067751
TRMT112,-0.0001550912857055664,0.6987095902347249,0.5802214741706848,-0.49927142,0.0022633786058740783
PPIB,-0.00015556812286376953,0.6000181165582714,0.4886760711669922,0.5007309,0.0021865436936360535
EXOC8,-0.0001556873321533203,0.6027265408514233,0.41897425055503845,0.42281455,0.011390199638222636
ARPP19,-0.00015592575073242188,0.5271153273189133,0.43003931641578674,-0.037228487,0.8318564247166755
MDN1,-0.00015592575073242188,0.587161350043542,0.4824276566505432,-0.25718182,0.1358383841773184
YTHDF2,-0.00015687942504882812,0.9436074003902084,0.7404497861862183,-0.5480145,0.0006547593953148809
RBX1,-0.00015795230865478516,0.5500849387298552,0.41593989729881287,-0.05861097,0.7380463238227791
CUTC,-0.0001589059829711914,0.48178657987137724,0.3892099857330322,0.1520951,0.3830892769830255
LAMP1,-0.00015914440155029297,0.8129346491905255,0.6585431098937988,0.14443175,0.40778895829619316
TPM2,-0.00015938282012939453,1.0559941992166892,0.9006991982460022,-0.14442818,0.4078006919440724
BPNT2,-0.0001609325408935547,0.4838159164842268,0.3944890797138214,0.51443726,0.0015690601048673825
MRM3,-0.0001615285873413086,0.4179170344792602,0.31215062737464905,-0.3437084,0.04321586740461664
RAB27B,-0.0001621246337890625,0.8438652454366764,0.6378081440925598,-0.26270515,0.12734333234175135
WBP2,-0.000164031982421875,0.5845220890668208,0.43306106328964233,0.08595276,0.6234645372571989
NCSTN,-0.0001652240753173828,0.7372964820657856,0.5751700401306152,0.14030837,0.4214444150657686
AK1,-0.00016832351684570312,1.0846251097605775,0.8781406879425049,0.26338416,0.12632681178247704
DNMBP,-0.00016999244689941406,0.6364080689139894,0.5150702595710754,0.17610346,0.3115659016361426
PTCD1,-0.00017058849334716797,0.45507318060157653,0.3454054892063141,-0.24518128,0.15572186259957865
PIP4P2,-0.00017082691192626953,0.5815962887909897,0.44894808530807495,-0.45696244,0.005787085688219059
PPP6R1,-0.00017082691192626953,0.49612665442731274,0.3922134339809418,-0.0009908753,0.9954926544299775
POLE4,-0.00017142295837402344,0.510353801385149,0.37104618549346924,-0.3149021,0.06539941520738571
GBF1,-0.0001722574234008789,0.41295868917991363,0.34664711356163025,0.29015115,0.09087333820332431
PDK1,-0.0001729726791381836,0.46308259162353754,0.38096070289611816,0.2120479,0.22136830310132755
DHX16,-0.00017309188842773438,0.39389606370356084,0.3321904242038727,0.099346325,0.5701686798643041
TIMM9,-0.00017440319061279297,0.5233781126124298,0.41092148423194885,-0.2182751,0.20778120539895303
DNAJC2,-0.0001747608184814453,0.5927385700158331,0.45677265524864197,0.1646761,0.34449019492497346
IDH3B,-0.0001747608184814453,0.6048871353975407,0.46973925828933716,-0.46586227,0.004795965915451896
CLPTM1,-0.00017547607421875,0.8674264527070973,0.6827548146247864,0.47480392,0.003951213291210645
TCF20,-0.0001760721206665039,0.5753416124693383,0.4526844024658203,0.31056553,0.0694012317561603
DBT,-0.0001761913299560547,0.4983179887856625,0.38113757967948914,0.46715292,0.004665159635710123
SSU72,-0.00017702579498291016,0.5261674831238241,0.41633081436157227,-0.016608154,0.9245586844722871
SNRPD1,-0.00017940998077392578,0.2974312364824934,0.24193720519542694,-0.19072811,0.2724244667751284
GBP1,-0.00017976760864257812,0.41879481388964396,0.30905938148498535,0.14428903,0.4082572797404922
H1-5,-0.0001804828643798828,0.9521499086026296,0.7940018773078918,0.023688078,0.8925566817120584
NME3,-0.00018155574798583984,0.8241977779377914,0.6714676022529602,-0.31007546,0.06986515367595998
SSR3,-0.00018393993377685547,0.6861698113512177,0.5719000101089478,0.76126003,1.0992851414116355e-07
DHX15,-0.00018465518951416016,0.4104243356049532,0.3266800045967102,0.25376022,0.14130628389507574
SMC5,-0.00018489360809326172,0.35404307181646777,0.28351151943206787,0.08585882,0.6238454994638738
ATP5PD,-0.0001857280731201172,0.526580795513585,0.41275596618652344,0.28030497,0.10289761048897379
TMLHE,-0.0001882314682006836,0.5826352716721878,0.5045256018638611,0.2220287,0.19987556048867175
FNDC3A,-0.00018918514251708984,0.44590552479361967,0.37015119194984436,0.3505515,0.03896076315435128
SCAF4,-0.0001895427703857422,0.5260414715253512,0.45143285393714905,-0.4342777,0.009142286619888076
TRABD,-0.00019109249114990234,0.5701297310380072,0.4584444463253021,0.09957805,0.5692650539030194
PPP2R1B,-0.00019299983978271484,0.5378417414640518,0.4458785951137543,0.04878334,0.7807896228097206
RAB5C,-0.00019359588623046875,0.6433840396602544,0.5633118748664856,-0.34857622,0.04015260418910342
RNF214,-0.0001939535140991211,0.5090798336049672,0.37638694047927856,0.09875953,0.5724594750111387
LSM12,-0.00019609928131103516,0.7454979000177108,0.540541410446167,0.026772004,0.8786660391870124
MTERF3,-0.00019741058349609375,0.5655155413184387,0.42265602946281433,-0.49175158,0.0026977957021184404
LDHA,-0.0001977682113647461,0.9135909535166395,0.6947446465492249,-0.116969705,0.503384917792404
CHAF1B,-0.00019824504852294922,0.725548066784876,0.6042420268058777,-0.37559247,0.026185300737435094
ENOPH1,-0.00019848346710205078,0.8033168192573498,0.6785884499549866,0.79241,1.4092370222124574e-08
EBNA1BP2,-0.00019848346710205078,0.6343526347685554,0.5128266215324402,0.022651007,0.8972353421856566
RRP1,-0.00020074844360351562,0.47960835465594376,0.37207522988319397,0.014895216,0.9323206556686651
TONSL,-0.0002015829086303711,0.485801089480754,0.40029796957969666,0.06530314,0.7093674507877082
EMC7,-0.000202178955078125,0.5274010803707053,0.4157516062259674,-0.7983293,9.169552464179468e-09
SAP18,-0.0002052783966064453,0.3473965714412018,0.25082147121429443,-0.43031937,0.0098715350512801
UQCRC1,-0.00020623207092285156,0.5768945332337407,0.4763004779815674,0.65455645,1.9935808317229765e-05
RAP1GDS1,-0.00020766258239746094,0.843418126712356,0.7341167330741882,0.5530295,0.0005700750402639542
BCKDK,-0.00020778179168701172,0.5975483815704075,0.44250696897506714,-0.16078852,0.35615595255020277
MRPS11,-0.00020837783813476562,0.5055279327130934,0.40179961919784546,0.102296904,0.5587122878551578
C3,-0.0002090930938720703,0.3797096897438548,0.2863158583641052,-0.12814134,0.46319539882899385
PPAT,-0.00020933151245117188,1.1505102539036596,0.9637569785118103,0.32113665,0.0599665564746552
CARS2,-0.00021016597747802734,0.6155548956210863,0.49942511320114136,-0.19540912,0.2606068909814866
AP2S1,-0.00021064281463623047,0.6214053493969947,0.5038254261016846,0.48207706,0.0033622410168395274
PREP,-0.0002111196517944336,0.8413900290566445,0.701004147529602,0.3025031,0.07734836486645377
DMAP1,-0.00021338462829589844,0.44513585117207505,0.34146684408187866,-0.1269539,0.4673847938982088
FH,-0.00021350383758544922,0.46571712030666873,0.36549121141433716,0.13140033,0.4518020067876314
PAAF1,-0.00021398067474365234,0.5347760931624704,0.4060526490211487,0.42770135,0.010380492925024963
TMEM9,-0.00021445751190185547,0.45497344618120666,0.38150668144226074,-0.35159996,0.03833989676653521
AKR1A1,-0.00021600723266601562,1.416688535558913,1.1809099912643433,-0.5767115,0.0002875125062694505
AURKA,-0.00021636486053466797,0.4545596693536411,0.37040725350379944,0.4550618,0.0060201747912064524
STX18,-0.00021779537200927734,0.513238237921629,0.41166606545448303,0.6331255,4.469840915813018e-05
HSPA4L,-0.00021958351135253906,0.8202380555296769,0.707679033279419,-0.44242036,0.00778532189295207
SMN1,-0.0002200603485107422,0.4616562686476797,0.353515625,-0.07659127,0.6618885543352726
CCDC71L,-0.00022041797637939453,0.7395137610867082,0.6239398717880249,-0.5293441,0.001076345072972385
GMFB,-0.00022208690643310547,1.0747742482387286,0.8568410873413086,0.6012512,0.0001335630838652103
KIAA1217,-0.00022411346435546875,0.571593374729268,0.4596836566925049,0.18590984,0.2849480570486864
SMARCA5,-0.0002244710922241211,0.5939543021217042,0.47574347257614136,-0.6078157,0.00010763190904602041
TBC1D13,-0.000225067138671875,0.5671588238909894,0.43580004572868347,-0.19702986,0.2565951913746201
PTPN12,-0.00022661685943603516,0.46517714397440474,0.3594638407230377,-0.08410356,0.6309814449584799
IDH3G,-0.0002282857894897461,0.6526420733460363,0.504895031452179,0.06752976,0.6999092369741737
MTOR,-0.0002288818359375,0.546088170362791,0.4343770146369934,0.05680296,0.7458559954864533
ASCC3,-0.00022900104522705078,0.4745017192546139,0.37508532404899597,0.43047774,0.009841427247781328
CDC42EP4,-0.000232696533203125,0.47328651589014065,0.369433730840683,0.40319774,0.016320564668458243
DTNBP1,-0.00023293495178222656,0.5667752872407252,0.4340199828147888,0.058263008,0.7395469617354826
GPI,-0.00023305416107177734,1.186972400511533,0.9211124777793884,-0.5332542,0.0009722259065711855
GLS,-0.00023424625396728516,0.8444216845049676,0.7099063396453857,0.48999593,0.0028090915619144695
ABRAXAS2,-0.00023448467254638672,0.3643672052730748,0.2614806294441223,0.12536457,0.47302259491802373
SPINT1,-0.00023484230041503906,0.9734487101244631,0.7783562541007996,0.37953037,0.024533593257812108
NTMT1,-0.00023508071899414062,0.7426440390801508,0.548089861869812,-0.19384143,0.2645261484871704
GYG1,-0.00023627281188964844,0.7335158659162339,0.6109809279441833,-0.108868994,0.533586149185291
INTS14,-0.0002422332763671875,0.2756025297170275,0.23287726938724518,-0.18225653,0.29468733732693136
EXOSC5,-0.00024366378784179688,0.41019652032706133,0.3268401026725769,0.0814651,0.6417699872024952
GUK1,-0.000244140625,0.6194087750476894,0.48349544405937195,-0.03333482,0.8492291299764867
PQBP1,-0.0002442598342895508,0.6372396526536694,0.49436870217323303,0.42635474,0.010650838922922005
SDC4,-0.00024878978729248047,0.9419392386782307,0.7742404341697693,0.43180892,0.009591511522265195
BLOC1S3,-0.0002498626708984375,0.4822194064518224,0.37386658787727356,-0.08123581,0.6427112821291461
PDS5B,-0.0002511739730834961,0.7901280450869366,0.6259594559669495,-0.15413782,0.376656068531209
HSDL2,-0.0002512931823730469,0.8183414211443267,0.6893953084945679,0.46864748,0.004517551041306189
P3H1,-0.00025141239166259766,1.0981530527994454,0.946654736995697,-0.5918,0.00018076221747999772
GLRX5,-0.00025177001953125,0.46552481565595244,0.3678421080112457,0.2845171,0.09761409001317188
SURF4,-0.0002530813217163086,0.7326490533092508,0.595477819442749,0.029619832,0.8658705392504326
SLC39A10,-0.0002551078796386719,0.46057690238615656,0.36922138929367065,-0.024038384,0.8909769525770874
APMAP,-0.0002557039260864258,0.6233324932876407,0.480047345161438,0.28954983,0.0915752379627658
NSA2,-0.00025713443756103516,0.6019759305660277,0.46537867188453674,0.33375102,0.05006827011658327
RRP12,-0.00025856494903564453,0.5825351095874427,0.4524500072002411,0.4386125,0.008396812528391796
AGR2,-0.0002593994140625,1.699251512233549,1.223420262336731,-0.050157975,0.7747692067176085
CIAO1,-0.00026035308837890625,0.5218583098615159,0.3624914884567261,-0.14803244,0.3960727864960312
AMFR,-0.00026035308837890625,0.6614050706059399,0.5588049292564392,0.32690406,0.05526467523444926
PTCD3,-0.00026047229766845703,0.4300363165190542,0.31038495898246765,0.4164075,0.012838934569431913
LRP10,-0.0002613067626953125,1.1110074027988255,0.9243116974830627,-0.57108366,0.00033989615526885307
HAGH,-0.00026154518127441406,0.853310357383028,0.6974679231643677,-0.41065896,0.014268126199124093
CCDC50,-0.0002630949020385742,0.5278060864363224,0.44373396039009094,0.19497685,0.26168374592572835
PITPNM1,-0.00026345252990722656,0.7569770533763748,0.6455462574958801,-0.37471163,0.026567019639107063
MPRIP,-0.0002645254135131836,0.7160652438971299,0.6165754199028015,-0.33968493,0.0458875161267966
RPS27L,-0.00026798248291015625,0.5786982349207993,0.44483137130737305,0.5184943,0.0014184763634699767
CASP7,-0.0002702474594116211,0.44280327358608007,0.3386736214160919,-0.07613907,0.6637671326411502
CUL5,-0.00027120113372802734,0.4383242880077712,0.33224865794181824,-0.252519,0.14332909481240544
GNA13,-0.00027358531951904297,0.591232458705262,0.47716283798217773,0.04564353,0.7945862521919442
IMP3,-0.00027680397033691406,0.5784827233951835,0.445595920085907,0.0571991,0.744142667477204
OSBPL9,-0.0002770423889160156,0.39454786813314946,0.308679461479187,0.1582534,0.36388965561430325
ATP6V1D,-0.0002810955047607422,0.580769855345411,0.47328659892082214,-0.4603033,0.00539615166827223
C11orf54,-0.00028133392333984375,0.5638586431476295,0.4595121741294861,-0.21665268,0.21126428844329198
RBM25,-0.00028514862060546875,0.34445686705147127,0.2730129361152649,-0.24597293,0.15434889325073653
ERMP1,-0.00028526782989501953,0.993345891011204,0.7903226613998413,-0.22014211,0.2038223667580588
MRPL32,-0.00028634071350097656,0.5444774935005577,0.4268040060997009,0.23807345,0.1684485604889362
SEH1L,-0.00028645992279052734,0.45885818045250193,0.37000009417533875,-0.21173857,0.22205873490538725
ELMOD2,-0.0002881288528442383,0.5860358600710759,0.4526612460613251,0.18603244,0.28462500206434505
MAT2A,-0.0002897977828979492,0.8126115355597421,0.620377779006958,0.15855335,0.3629694879007209
SERPINE2,-0.0002911090850830078,1.1129565384460107,0.91170334815979,-0.18591389,0.28493736857048235
NUCB1,-0.0002919435501098633,0.7440054062267484,0.6319745779037476,-0.56269413,0.00043381883900155474
NDUFA2,-0.00029206275939941406,0.5721155692471956,0.4565846025943756,-0.14485148,0.4064131525051952
TFCP2,-0.0002956390380859375,0.7283077403605133,0.5534384846687317,0.39229703,0.01975954598793664
PDLIM4,-0.0002961158752441406,0.8236795623371359,0.7049248218536377,0.35638118,0.03560941320318852
EP400,-0.00030052661895751953,0.5423758034121016,0.4372989535331726,0.053803686,0.7588667891091202
ARID2,-0.0003020763397216797,0.4810295708651229,0.3935357630252838,-0.61210454,9.323291603659526e-05
GATAD2B,-0.0003027915954589844,0.7743323187961684,0.6570974588394165,0.5005321,0.0021968696174386806
COA3,-0.0003032684326171875,0.5629822465187732,0.46759578585624695,0.5592542,0.00047856988740361606
UHRF1,-0.0003037452697753906,0.7988882998160871,0.6271100044250488,-0.15202205,0.3833205923451644
C9orf64,-0.00030422210693359375,0.5742761492424042,0.4383023977279663,0.12869361,0.46125429004678425
NDUFS3,-0.0003045797348022461,0.41997025676837074,0.3300017714500427,0.17823435,0.3056532769859906
DIAPH2,-0.00031006336212158203,0.2772173660728838,0.21891018748283386,0.18599449,0.28472491016087315
PLAA,-0.00031054019927978516,0.7675232224570168,0.6195427179336548,-0.42001247,0.01200580090276856
BOP1,-0.0003113746643066406,0.527390258998697,0.4440998435020447,-0.010675697,0.9514659165286474
NCOA7,-0.00031185150146484375,0.6259639459014,0.4806424379348755,0.06469657,0.7119512781533542
ACTR1B,-0.00031363964080810547,0.5502524847592412,0.4367187023162842,0.038008284,0.8283859022731427
ENDOD1,-0.0003170967102050781,1.2406263798242385,1.0270781517028809,0.40140557,0.016848786218837335
IVD,-0.0003178119659423828,0.7624550024419466,0.6143181324005127,0.2984891,0.08155992113194205
MAP2,-0.0003203153610229492,1.2750104772847846,1.112255573272705,-0.50380456,0.002032143157472402
ACLY,-0.00032198429107666016,1.099446313398213,0.7876080274581909,-0.2947651,0.08562380429642685
COPS2,-0.0003223419189453125,0.5928882569373705,0.4643706679344177,-0.4494352,0.006758035309834984
CPT1A,-0.0003285408020019531,1.3433156309468033,1.167736530303955,0.57297546,0.000321409387785562
GATAD2A,-0.00032973289489746094,0.5640437083403105,0.46465635299682617,-0.015262898,0.9306541720757362
ANKRD22,-0.00033020973205566406,0.6536697570759176,0.5026066303253174,-0.38713172,0.021588446132647637
SMARCE1,-0.0003312826156616211,0.5693249447842603,0.48524993658065796,0.37977597,0.02443351166025491
MRPS27,-0.00033164024353027344,0.5238669043288384,0.42198726534843445,0.24551931,0.15513458544065997
CTNNB1,-0.00033342838287353516,1.0347400332346666,0.8208035826683044,0.07873493,0.6530102779135364
PPP1R2,-0.0003361701965332031,0.3765931461257531,0.29567083716392517,-0.21496373,0.2149327254868476
XPNPEP1,-0.0003368854522705078,0.6143117617157231,0.47456157207489014,0.030611008,0.8614245198514999
CYFIP1,-0.0003393888473510742,0.39265302636264976,0.29865404963493347,-0.4325587,0.009453154054495034
CCDC86,-0.00034177303314208984,0.5360366095719362,0.44487887620925903,0.40981734,0.01448818876103273
NDUFA5,-0.00034439563751220703,0.4346822358778678,0.3386179804801941,0.03737755,0.8311925269332967
PKM,-0.00034677982330322266,0.8299007091536195,0.6359564065933228,-0.20651215,0.2339461432384962
PLBD2,-0.0003484487533569336,0.7557561444112569,0.6110294461250305,0.06546371,0.7086839388902699
PIK3R2,-0.00034880638122558594,0.38469482390112286,0.302297443151474,0.40142652,0.016842520678825686
ZFYVE19,-0.0003502368927001953,0.555454180991844,0.4187559485435486,0.4267281,0.01057528979766822
CORO1A,-0.0003509521484375,0.6587395222751715,0.5243659019470215,0.37382853,0.026954308571939634
USP15,-0.0003516674041748047,0.3706372314030169,0.2907489538192749,-0.08160812,0.6411836676466716
CRKL,-0.00035178661346435547,1.0704059977659905,0.9003989100456238,0.20787327,0.23080993037813116
SINHCAF,-0.00035381317138671875,0.5368741994458803,0.441993772983551,0.3771075,0.025539324143208624
GPC1,-0.0003548860549926758,1.0819859133700689,0.8864309787750244,-0.34667736,0.04132596703427382
JUP,-0.00035572052001953125,1.7714902968134207,1.473911166191101,0.46746418,0.00463407964760307
EHD1,-0.00035965442657470703,0.7257786285714398,0.6225370764732361,-0.59386414,0.00016933753306655626
RPA3,-0.0003619194030761719,0.8517321496363285,0.718193531036377,-0.032074526,0.8548677118725905
NEMF,-0.00036203861236572266,0.581731834459148,0.4244531989097595,0.16853416,0.333145673066732
MRPL37,-0.0003625154495239258,0.43413058546840877,0.3463766872882843,-0.03521415,0.8408345865638976
SMARCA4,-0.0003637075424194336,0.6604121011481935,0.5607370138168335,0.45417905,0.006131143048161213
RALA,-0.0003662109375,0.4748553984538508,0.37977004051208496,0.17848185,0.30497121647417985
WDR3,-0.0003668069839477539,0.3589162386217142,0.2716622054576874,0.42550218,0.010825074094647032
CERS2,-0.00036895275115966797,0.6407686630683408,0.5194065570831299,0.3987723,0.01765082075829086
CHD3,-0.00037026405334472656,0.6339136362715045,0.5241141319274902,-0.19757643,0.2552515910915513
CSNK1A1,-0.00037038326263427734,0.5354959565267341,0.4331108033657074,-0.12091532,0.48899360380290674
RBMS2,-0.0003705024719238281,0.7928642993405187,0.6297146677970886,-0.6943747,3.711930909343137e-06
RBM45,-0.00037086009979248047,0.477057840535186,0.35449856519699097,0.05211355,0.7662275897476276
DDX56,-0.00037086009979248047,0.5318624388290679,0.4093286097049713,0.38733348,0.021514439417450074
GPS1,-0.00037157535552978516,0.7361365759741452,0.5659849643707275,0.4784504,0.0036456319337449463
CIRBP,-0.00037217140197753906,1.1824749987904977,1.0028482675552368,0.52131027,0.0013215715784409246
MEF2D,-0.0003724098205566406,0.7639502678882232,0.5814148783683777,0.1524614,0.3819309110599694
NAT10,-0.00037276744842529297,0.5689183792878948,0.47593340277671814,0.012096471,0.9450155638942284
UBXN4,-0.00037407875061035156,0.6464667879691569,0.5200223922729492,-0.20902058,0.22818820829110956
PIK3R1,-0.0003764629364013672,0.43863318349945035,0.3675972521305084,-0.10143399,0.5620517790175196
C1D,-0.0003864765167236328,0.3107451759448831,0.2531943619251251,0.32898355,0.053643080476243526
RABL6,-0.0003942251205444336,0.7435423280587056,0.5773903727531433,0.5149146,0.0015506454730559189
TTN,-0.0003943443298339844,0.30682294734310805,0.2335178703069687,-0.008356731,0.9619998720384472
DNAJB12,-0.00039708614349365234,0.8686889846561819,0.7647643089294434,0.008179149,0.9628064605408568
ZKSCAN1,-0.00040018558502197266,0.46174621758515044,0.3676230013370514,0.08605141,0.6230643403580537
EXOSC6,-0.0004004240036010742,0.4666818772402943,0.35723191499710083,0.12065549,0.4899345043666418
NNT,-0.0004006624221801758,0.970811342773455,0.7044622302055359,-0.0073348098,0.9666437919517661
TOP1,-0.00040090084075927734,0.4575354900039883,0.3818095624446869,0.11695584,0.5034357278887005
AGA,-0.0004017353057861328,0.9209708936712352,0.7117670178413391,0.161875,0.35287199815268466
PRPF38A,-0.0004031658172607422,0.5637401050452034,0.4410828948020935,-0.36558828,0.030796987446574896
LGALS3,-0.00040352344512939453,1.3763494805216983,1.0959285497665405,-0.430841,0.009772693324833366
PAFAH1B1,-0.0004044771194458008,0.6637046971997921,0.45489078760147095,-0.017238105,0.9217054717571742
GAPVD1,-0.0004068613052368164,0.6380296330266824,0.4918573200702667,0.17162752,0.3242180034472247
FYTTD1,-0.0004068613052368164,0.432726482423375,0.3449438512325287,0.052856855,0.7629880395328782
PCCB,-0.00040900707244873047,0.5693272480375159,0.4271446466445923,-0.10912568,0.5326156157091468
ENDOG,-0.0004099607467651367,0.6399724940260275,0.5304998755455017,0.7262128,7.891966854769139e-07
PAPOLA,-0.0004113912582397461,0.5710340403432962,0.4764348566532135,-0.42017508,0.011969326238490181
DNLZ,-0.0004119873046875,0.6062695775361223,0.46228837966918945,0.39955476,0.0174092346035079
RPL18A,-0.0004131793975830078,0.5266124599764725,0.42743104696273804,-0.050712004,0.7723468103323436
KRAS,-0.0004138946533203125,0.5154968449249063,0.3736271858215332,0.095075674,0.5869361872909219
PSMB8,-0.0004143714904785156,0.8186465103322003,0.6849120259284973,-0.32645693,0.05561840518132678
RBM4B,-0.0004152059555053711,0.6549742651026077,0.5049962997436523,-0.47090086,0.00430261828826835
DHCR7,-0.00041544437408447266,0.5994030724913518,0.4595624506473541,0.07194999,0.6812662184866509
AKAP12,-0.0004162788391113281,0.8745989902385829,0.6854062676429749,-0.10798156,0.5369467600849731
TNFAIP8,-0.0004229545593261719,0.4879733373626053,0.3847861886024475,-0.18339537,0.2916288542056563
MAPK1,-0.0004253387451171875,0.785403008852393,0.637753963470459,-0.05615183,0.7486747873988069
POP7,-0.00042700767517089844,0.42900136438455116,0.3426639139652252,-0.07502965,0.6683851865326511
KIF14,-0.0004278421401977539,0.5648180300184479,0.4426146447658539,-0.0072273356,0.9671325199048808
COL4A1,-0.0004284381866455078,0.5338571749966845,0.4393417239189148,0.30602378,0.07379522811870842
ANKRD17,-0.0004286766052246094,0.5190201446596415,0.40335848927497864,0.26692885,0.12111768094692925
B4GALT1,-0.0004323720932006836,0.6384240699210679,0.5119130611419678,-0.08372174,0.6325381542732371
YIPF6,-0.0004342794418334961,0.793808215552096,0.6337319016456604,-0.39741093,0.018077806038287812
OPLAH,-0.00043582916259765625,0.4642216181658437,0.373527854681015,0.15254346,0.38167185078974936
EHHADH,-0.00043594837188720703,0.5635967688377843,0.4669162333011627,-0.6289451,5.1957314465689705e-05
PFAS,-0.00043833255767822266,0.980584521506694,0.7761623859405518,-0.23603663,0.17222892978427248
AASDHPPT,-0.0004407167434692383,1.230090855289993,0.9873197078704834,-0.1735062,0.3188690772682907
CCDC43,-0.0004423856735229492,0.4945509341693047,0.3514537811279297,-0.01293559,0.9412077694245676
ME2,-0.0004469156265258789,0.606818436050102,0.4947936534881592,-0.27977654,0.1035753442031301
ARHGEF7,-0.00044929981231689453,0.4986394909397644,0.41277649998664856,0.06453243,0.7126511010266458
ADGRG1,-0.0004508495330810547,0.3612595364192963,0.28854644298553467,-0.32854187,0.05398428941809873
BRD3,-0.0004515647888183594,0.5725656966032837,0.46389132738113403,-0.25888452,0.13317627612274835
ANK2,-0.00045680999755859375,0.5181505025332425,0.4205435812473297,-0.10809492,0.5365168642003166
ARHGAP29,-0.00045740604400634766,0.46784405583409944,0.37042656540870667,0.52383393,0.0012397224243291642
GALNT2,-0.00045990943908691406,1.0864589728953649,0.9461464881896973,-0.70549953,2.211049082669722e-06
ATF7IP,-0.0004603862762451172,0.46254458148125965,0.392371267080307,-0.22484306,0.19408745486555679
RAF1,-0.00046181678771972656,0.5635072379133973,0.47040513157844543,-0.011154758,0.9492905454902559
SH3GLB2,-0.00046265125274658203,0.9334613275184646,0.7430451512336731,-0.6672471,1.1988820091224275e-05
ERLIN1,-0.0004628896713256836,0.8498784132556625,0.7252175807952881,0.5186505,0.0014129432564174557
STK24,-0.00046455860137939453,0.5107582046010382,0.40887850522994995,-0.5981501,0.00014765987731711941
TP53RK,-0.0004649162292480469,0.5338872635669206,0.429821640253067,-0.48275232,0.003311647636741603
RPP38,-0.00046503543853759766,0.36121201582795426,0.2832000255584717,-0.2885465,0.0927556093304755
YY1,-0.0004673004150390625,0.5822547381115326,0.43153995275497437,-0.2125865,0.22016973702942433
TNFAIP2,-0.0004678964614868164,0.674469308277877,0.5459237694740295,-0.3585722,0.03441211422583523
ACSL5,-0.0004734992980957031,0.8252136950730782,0.6457886695861816,-0.04978344,0.776408261183945
DDX28,-0.00047528743743896484,0.46008469198459656,0.3699054718017578,-0.1276735,0.4648436210268246
GSPT1,-0.000476837158203125,0.9392314181364331,0.7126557230949402,-0.46393868,0.004996779647496655
IRF3,-0.00047719478607177734,0.4010487056296101,0.32316091656684875,0.24787186,0.1510908096548012
BRD7,-0.00048029422760009766,0.429876598016864,0.36782199144363403,-0.1287984,0.46088642198206764
EIF1AX,-0.0004813671112060547,0.4855546123597077,0.3911767601966858,0.2523933,0.14353523264745213
PRKACA,-0.0004906654357910156,0.5710631094878473,0.485343337059021,-0.2477533,0.1512928368089973
AVL9,-0.000492095947265625,0.39465201767323876,0.3106333315372467,0.39345172,0.019368868111279677
TPRN,-0.0004941225051879883,0.543875342205679,0.428438663482666,0.35776746,0.03484801442502955
PDCD11,-0.0004987716674804688,0.6100235446701052,0.5008224844932556,-0.07808286,0.6557061024351982
NCOA5,-0.0004992485046386719,0.42718151367391,0.3515014350414276,0.28763217,0.09384146339503562
NUBP1,-0.0005023479461669922,0.6131488389835472,0.47993528842926025,0.1526897,0.381210090152997
COMMD6,-0.0005025863647460938,0.5103399614839703,0.3797042965888977,0.21802936,0.20830609011455062
PGRMC2,-0.0005037784576416016,0.6517680706054831,0.5458481907844543,0.66599995,1.2616648595565484e-05
PABPC1L,-0.0005066394805908203,0.6225202720665688,0.47879332304000854,0.07378357,0.673586176130913
PRKAR2B,-0.0005077123641967773,0.839573803477634,0.6711720824241638,0.3719273,0.02780390364930568
GGT7,-0.000510096549987793,0.5216718758098534,0.38903188705444336,-0.5457979,0.0006956163758723494
CLASP2,-0.000513911247253418,0.5076195570393967,0.3421207368373871,-0.15467837,0.3749646083447696
TERF2,-0.0005142688751220703,0.6326506136819572,0.5442551374435425,-0.48891944,0.002879292112725331
PPP2R5E,-0.0005182027816772461,0.8591662413456996,0.7019661068916321,0.5038533,0.0020297728549628856
DLD,-0.0005191564559936523,0.6915217588673985,0.5754609107971191,0.0269597,0.8778220015461365
PSMF1,-0.0005248785018920898,0.9406209812522027,0.7344015836715698,-0.16977182,0.32955578632322313
SPOUT1,-0.0005260705947875977,0.540518521975211,0.4159573018550873,0.37438774,0.026708528263610927
TRAPPC3,-0.0005277395248413086,0.7058248607512811,0.5403793454170227,-0.5483407,0.0006489308935856626
RNF167,-0.0005288124084472656,0.6164601784674527,0.45290234684944153,-0.63555604,4.091231100202702e-05
ESRP2,-0.0005307197570800781,0.3509313746399271,0.297758013010025,-0.012603373,0.9427152672305291
RANBP10,-0.0005309581756591797,0.372224570509318,0.28173258900642395,0.33180517,0.051503539201122106
HMOX2,-0.0005314350128173828,0.8170597800815983,0.672142505645752,0.57754064,0.0002804365700911017
QTRT2,-0.0005317926406860352,0.5522167356531092,0.45646145939826965,-0.37203112,0.027756944530155855
SPAG5,-0.0005364418029785156,0.4513451544857273,0.34097710251808167,-0.013826956,0.9371644411311504
RABEP1,-0.0005402565002441406,0.4215059785724341,0.32047733664512634,0.036335006,0.8358363549695287
KDM1A,-0.0005439519882202148,0.7465913321674774,0.6155045628547668,0.56583995,0.00039619229178446526
SAR1B,-0.000544428825378418,0.4395782801110171,0.34763750433921814,0.2852633,0.09669999137170901
ABCF2,-0.0005463361740112305,0.6052180109437602,0.40981215238571167,-0.103847645,0.5527346572465305
FAM8A1,-0.0005528926849365234,0.4317067471084095,0.3167777955532074,-0.15839146,0.363465971736114
PCCA,-0.0005539655685424805,0.5509491252051323,0.4304705560207367,0.07854842,0.6537806376284724
CTSS,-0.000555872917175293,0.4783381074435654,0.37100064754486084,0.14475138,0.4067407457749102
L1CAM,-0.0005590915679931641,1.5040991721328072,1.2318992614746094,-0.20163062,0.24543120927748913
NIPSNAP1,-0.0005594491958618164,0.5875815913175862,0.47565361857414246,0.3315741,0.05167620414358984
GOLGA4,-0.0005606412887573242,0.550949720224444,0.4594304859638214,0.3799517,0.02436210709709999
THOC6,-0.0005636215209960938,0.36879354640068035,0.2852638363838196,0.04173193,0.81186033758403
LPXN,-0.0005691051483154297,0.6505437905440146,0.5044371485710144,-0.35779843,0.03483114385943101
COX7C,-0.0005701780319213867,0.5527207066224226,0.4542768895626068,-0.3256424,0.05626739704864817
VAC14,-0.0005702972412109375,0.6330234741043701,0.4603593647480011,-0.3270023,0.0551872097273193
INTS3,-0.000573277473449707,0.3740541330993632,0.3165539503097534,0.19899178,0.25179400669685803
MYO1B,-0.0005741119384765625,0.6093019294944876,0.4875246286392212,-0.24271901,0.16004922672039565
EPPK1,-0.0005741119384765625,1.0584868767762288,0.8307409286499023,0.43259603,0.009446312642655023
NAA10,-0.0005741119384765625,0.7458300698775459,0.5539112091064453,-0.5058691,0.0019338657309284852
ZNF292,-0.0005741119384765625,0.27716223727408945,0.21872609853744507,0.11695549,0.5034370419771782
DDB1,-0.0005745887756347656,0.4535890373592262,0.35835975408554077,-0.108740486,0.5340721862976202
LRRC40,-0.0005756616592407227,0.9150472699655261,0.7748541235923767,0.6874532,5.065638946920852e-06
MAP2K1,-0.0005764961242675781,0.4593754340189226,0.3398023247718811,0.18096493,0.2981809826512556
LRBA,-0.0005773305892944336,0.6140038916110369,0.46098196506500244,-0.59380245,0.0001696696788646594
CD47,-0.0005806684494018555,0.8842078128400496,0.6975895166397095,-0.09730823,0.578143322191519
VPS72,-0.0005823373794555664,0.48292441197597635,0.4035618305206299,-0.12425897,0.47696530379014135
UTP14A,-0.0005848407745361328,0.56161331120954,0.43645069003105164,0.31013432,0.06980937785726857
GSTK1,-0.0005850791931152344,1.3323745956241342,1.1477922201156616,0.80619776,5.064564669643384e-09
UHRF2,-0.0005855560302734375,0.39906500974626197,0.33091655373573303,0.06486373,0.7112389873758984
SPRYD7,-0.0005886554718017578,0.4519093089183836,0.358867883682251,-0.35726744,0.03512113531058256
INF2,-0.0005916357040405273,0.7736005900124329,0.6538088321685791,-0.061638385,0.7250266615339247
EIF2D,-0.0005916357040405273,0.559980072663181,0.4087967872619629,-0.08786465,0.6157318791608954
CMSS1,-0.0005985498428344727,0.6431083694472761,0.49741002917289734,0.22903696,0.1856812893303972
EMC2,-0.000599980354309082,0.457644076174041,0.37628111243247986,-0.36726615,0.029980200259399153
CENPB,-0.0006002187728881836,0.5661633990340125,0.47438135743141174,-0.34273106,0.043853060864664235
TMEM106B,-0.0006017684936523438,0.5862439943424868,0.4714175760746002,0.50815034,0.0018301374185655905
RNF181,-0.0006067752838134766,0.528593884501044,0.4434823989868164,-0.11183655,0.5224218724392147
D2HGDH,-0.000607609748840332,0.4604916274928073,0.3873451352119446,-0.0061598606,0.9719846492145732
ATP11A,-0.0006128549575805664,0.681639225911888,0.5226606726646423,-0.2551603,0.1390497019231487
HS1BP3,-0.0006136894226074219,0.3523779101845313,0.2832782566547394,-0.2609784,0.1299554980954841
PPIP5K2,-0.0006139278411865234,0.4761553729407809,0.37626683712005615,0.20519799,0.2370016095452425
WRNIP1,-0.0006146430969238281,0.7445131105532905,0.6069831252098083,-0.13833891,0.42805593219146343
CTH,-0.0006159543991088867,0.7057848951757791,0.5998029708862305,-0.027142407,0.8770000769450685
EMG1,-0.000616908073425293,0.3739288449504371,0.32141292095184326,0.36608654,0.0305525967378316
BORCS6,-0.0006191730499267578,0.45400899948640544,0.35471847653388977,-0.11388511,0.5147822656450116
TSC22D4,-0.0006225109100341797,0.5583989530643032,0.43095535039901733,0.2166403,0.2112910582452312
SBF1,-0.0006233453750610352,0.46353248165617383,0.3764778673648834,-0.11659147,0.5047756795000039
FAM98A,-0.0006254911422729492,0.7183485153729868,0.5649024248123169,-0.019816067,0.9100411652945
ACBD5,-0.0006271600723266602,1.0234901472920996,0.8639205694198608,0.49725577,0.002373361533836386
CEMIP2,-0.0006281137466430664,0.52854147634276,0.43731072545051575,0.49738416,0.0023662193674940366
CLMN,-0.000628352165222168,0.6608155022973912,0.5295237302780151,0.4503746,0.0066297149393756884
NDUFB8,-0.0006325244903564453,0.4902939019404962,0.39607933163642883,-0.31726968,0.06329245511346952
WIPF2,-0.0006338357925415039,0.6793496618660712,0.5410637259483337,0.07206297,0.6807919411621196
FDPS,-0.0006345510482788086,0.9424243344661682,0.7476705312728882,-0.08965838,0.6085138159846422
PDPR,-0.0006405115127563477,0.5650964258838684,0.4675554037094116,-0.6030247,0.00012605536708858135
CCDC97,-0.0006407499313354492,0.37526715219856166,0.3109939992427826,0.024884436,0.8871639876200339
COMMD9,-0.0006425380706787109,0.4661618785831611,0.37128710746765137,0.18163928,0.29635365790547247
PRRC2B,-0.0006456375122070312,0.4835269333340964,0.3952215909957886,-0.1584591,0.36325862768920425
FBXO22,-0.000645756721496582,0.3587118332527755,0.29400432109832764,0.094417475,0.5895400146715118
UFSP2,-0.0006517171859741211,0.3980535265186172,0.2915840148925781,0.25789708,0.13471535409908944
CD99L2,-0.0006527900695800781,0.8005281373987362,0.6345891952514648,0.30313757,0.07669846546312167
PIR,-0.0006529092788696289,0.6358506539395045,0.518600344657898,-0.26500714,0.12392147933453643
SPCS2,-0.0006538629531860352,0.5150029157815259,0.41294729709625244,0.27234554,0.11346977344828696
POFUT2,-0.0006541013717651367,0.7032755796470449,0.5648673176765442,-0.21483932,0.21520450246259623
TNPO3,-0.0006598234176635742,0.39007225984167004,0.30352070927619934,0.10143773,0.5620374585296839
DHCR24,-0.0006606578826904297,0.6504462736682949,0.47724926471710205,-0.20863932,0.22905704696456505
IMPDH1,-0.0006613731384277344,0.8611644148137935,0.6282443404197693,-0.10631038,0.5433030894222627
SARS2,-0.0006624460220336914,0.48256438771958055,0.36973029375076294,0.1971653,0.25626185943866464
GABPA,-0.0006705522537231445,0.4617452494444545,0.3784743845462799,-0.117048725,0.5030945613877734
MICAL1,-0.0006726980209350586,0.5485115359944057,0.4789818823337555,0.19550653,0.2603643648691254
UTP4,-0.0006737709045410156,0.5968308327595939,0.46126917004585266,0.17157903,0.324356872570196
FAF1,-0.0006737709045410156,0.8143794623345635,0.678327202796936,-0.067409396,0.7004195373230222
STAT3,-0.0006763935089111328,0.5425563590927461,0.4370989501476288,0.2929789,0.08762761776364741
SETD3,-0.0006771087646484375,0.5764754449308049,0.4466239809989929,-0.24423507,0.15737479504918142
RPS10,-0.0006822347640991211,0.4330949577767765,0.31031593680381775,-0.1867044,0.2828577442461622
CDC42BPB,-0.0006829500198364258,0.542516204178867,0.4354943037033081,-0.087439835,0.6174467738114915
CDKAL1,-0.0006865262985229492,0.417521406698505,0.31513547897338867,0.45224762,0.0063800782104022815
MPZL1,-0.0006883144378662109,0.5487869355842516,0.4365139901638031,0.6779957,7.644559741134299e-06
USP11,-0.0006923675537109375,0.904959614996002,0.6994374990463257,-0.20424686,0.23922981303383642
RPS3,-0.0007010698318481445,0.6205815296373126,0.4703330993652344,-0.33269858,0.050840533699678746
NDUFA7,-0.0007034540176391602,0.6502433587218749,0.5446191430091858,0.26457018,0.12456558781584863
NIT2,-0.0007036924362182617,0.6327389097398614,0.5364063382148743,-0.15540813,0.3726878442710407
LTV1,-0.0007052421569824219,0.6117387556407499,0.45957881212234497,-0.012447683,0.9434217547471291
NDUFB6,-0.0007058382034301758,0.454494085172684,0.37787720561027527,0.2955079,0.08480100372702705
ARSA,-0.0007061958312988281,0.5537406738477564,0.43251270055770874,0.32978567,0.05302777111478254
AK6,-0.0007078647613525391,0.5544709602315775,0.42111995816230774,-0.033278152,0.8494828489003712
COG8,-0.0007115602493286133,0.3335568887861527,0.2584269344806671,-0.10900393,0.5330759947049383
EXOSC8,-0.0007148981094360352,0.37884316459974915,0.2556651532649994,-0.19432725,0.2633075057609227
IRGQ,-0.0007215738296508789,1.0836760211233012,0.8752486705780029,-0.56632596,0.0003906474774370465
FBLL1,-0.0007230043411254883,0.4748385939423277,0.3650333285331726,-0.25653145,0.13686556371961822
DNAJA1,-0.0007241964340209961,0.8321374816416854,0.6903497576713562,-0.4148507,0.013213498368925514
RPA2,-0.0007246732711791992,0.8710053745480608,0.7270174622535706,0.2389957,0.1667566070924805
DRG2,-0.0007255077362060547,0.44376460642348686,0.3392165005207062,-0.14125523,0.41828617138905017
TRIM22,-0.0007305145263671875,0.3512894205630062,0.28891509771347046,0.25278562,0.14289272104308937
CNOT7,-0.0007330179214477539,0.4254917770637875,0.33916234970092773,0.032776553,0.8517259201127713
CBLL1,-0.0007352828979492188,0.4515194235454228,0.37484025955200195,0.3066469,0.07317985846155887
NANS,-0.0007396936416625977,0.8642432260090589,0.6492790579795837,0.14138597,0.41785103649432775
DNTTIP1,-0.0007426738739013672,0.4453430332624827,0.35484322905540466,0.31685784,0.06365508511586401
NDUFV1,-0.0007492303848266602,0.546557606827309,0.4208984076976776,-0.07023862,0.6884630162406625
DPYD,-0.0007511377334594727,0.36954210035592777,0.30730536580085754,0.3531133,0.03745788202631246
PPIC,-0.000751495361328125,1.3922901257024047,1.12721586227417,0.49467534,0.002520950792433475
RPL7L1,-0.000754237174987793,0.5841126572170012,0.4646105170249939,0.5688063,0.00036340486040484487
RCN3,-0.0007582902908325195,1.3386112249486528,1.0753297805786133,0.14565913,0.40377331609637845
PPIF,-0.0007627010345458984,0.7293819972391531,0.5607474446296692,0.3098138,0.07011402311628309
ADAM17,-0.0007642507553100586,0.9358168433466999,0.7882909774780273,-0.544631,0.0007180166369368405
EPHA2,-0.0007686614990234375,0.772915866539499,0.6397282481193542,0.14691527,0.39968676871952935
MYO1D,-0.0007686614990234375,0.5707497161917998,0.44598737359046936,0.010150052,0.9538527797896245
CDH3,-0.0007710456848144531,0.7191329019060317,0.5177378058433533,0.29018462,0.09083435720789679
NDUFA13,-0.0007712841033935547,0.6018562342886301,0.5010595321655273,-0.16177061,0.3531868422657928
RUVBL1,-0.0007714033126831055,0.6447340906183839,0.5404033660888672,-0.23383254,0.17638747969657212
NDUFAB1,-0.0007729530334472656,0.48259574444203124,0.3857487440109253,0.18989654,0.27455961428762804
ZNF579,-0.0007779598236083984,0.4009858521929008,0.3229571580886841,0.5236193,0.00124650763770107
RAB10,-0.0007802248001098633,0.6131623997300913,0.47280073165893555,0.5035909,0.0020425628268702437
MEN1,-0.0007802248001098633,0.43701265643994197,0.3539803922176361,-0.100051306,0.567421714636944
BCAT2,-0.0007805824279785156,0.48633621392934123,0.4164965748786926,0.20252098,0.24330879938752561
NIPSNAP2,-0.0007835626602172852,0.5517586497072603,0.45487523078918457,0.016007638,0.9272788716874801
RHOT2,-0.0007877349853515625,0.4653684876001913,0.36907142400741577,0.32564932,0.05626186307886362
HINT2,-0.0007909536361694336,0.7140505199136918,0.5999756455421448,-0.30013254,0.07981468103017117
PPP1R18,-0.0007911920547485352,0.9201139666623008,0.7369656562805176,0.5970573,0.00015293606761031
VGF,-0.0007919073104858398,1.4266948960235757,1.177369475364685,0.19161968,0.27014710888156035
RPS6KA3,-0.000796198844909668,0.5558680476720438,0.3970693349838257,0.09128665,0.6019928966310456
HAUS1,-0.0008047819137573242,0.3773922117085652,0.32230815291404724,0.42301142,0.011347984420981935
HSP90B1,-0.0008051395416259766,0.45166383484038286,0.3441007733345032,0.585589,0.00021941890536372903
ENAH,-0.0008095502853393555,0.9097255948580929,0.7424314022064209,0.21750188,0.20943612090437128
MME,-0.0008121728897094727,1.2067838248567608,1.0160903930664062,0.24145024,0.16231276410156922
SEC63,-0.0008134841918945312,0.5012635418496741,0.40682581067085266,0.17478448,0.3152617278131704
MPHOSPH8,-0.0008140802383422852,0.35505948243338686,0.28566333651542664,0.1995469,0.25044636889472877
TRUB1,-0.0008159875869750977,0.4923786518748841,0.3668665885925293,0.369568,0.02888864209397796
RAB3B,-0.0008164644241333008,0.6007541824017435,0.45226728916168213,0.13424063,0.4419968834095096
DHX30,-0.0008192062377929688,0.45050541257835086,0.35966813564300537,-0.05150857,0.7688673165467598
MRPL52,-0.0008200407028198242,0.6362264871655682,0.5190735459327698,0.54863244,0.0006437570477277832
ISG20,-0.000822901725769043,0.6569388951767725,0.5739517211914062,-0.1280954,0.4633573536433658
RBM4,-0.0008243322372436523,0.4804737897158913,0.3781857490539551,-0.542269,0.0007653255950104635
FSCN1,-0.0008260011672973633,1.3732488491790356,1.109723687171936,0.24378768,0.1581606823922364
NUFIP2,-0.0008271932601928711,0.6865328575128307,0.5484901666641235,0.045417584,0.7955818561161205
TRA2B,-0.0008294582366943359,0.484812200800174,0.35857245326042175,-0.47633058,0.0038206862545323386
EIF2A,-0.0008339881896972656,0.7498400438125314,0.5655462741851807,-0.18616295,0.2842811519648967
COMMD3,-0.0008349418640136719,0.6437787836547082,0.489242285490036,-0.20014602,0.2489976362161484
RPS24,-0.000836491584777832,0.5037689909183188,0.3810252249240875,-0.09832801,0.5741469493735181
NSMCE3,-0.0008379220962524414,0.34616361003385476,0.2789543569087982,0.33868414,0.046572312486367534
SZRD1,-0.0008394718170166016,0.5011932618237754,0.37173303961753845,-0.09369154,0.5924170765307653
RABGAP1L,-0.000840306282043457,0.44806310196935994,0.352909117937088,-0.1290115,0.4601386135545907
MOCS3,-0.0008462667465209961,0.543672010156149,0.45048800110816956,-0.35072848,0.03885536482624229
NDUFA10,-0.0008492469787597656,0.5370205892526375,0.4309871792793274,0.5652004,0.0004035987561687662
ATP6V1G1,-0.0008525848388671875,0.6862772124267971,0.5402154922485352,0.4290881,0.01010818787721435
MPST,-0.0008529424667358398,0.6515213127748841,0.4449373781681061,0.33966044,0.04590422061624999
ATP5IF1,-0.0008529424667358398,0.6770599043289386,0.525560736656189,0.06818282,0.6971437448998439
DPYSL3,-0.0008548498153686523,1.5830580405115586,1.339367389678955,-0.264332,0.12491777496112791
BPNT1,-0.0008629560470581055,0.7278879442827862,0.5508241057395935,0.38553062,0.02218307950248193
PITPNB,-0.0008656978607177734,0.9075660686245435,0.745549201965332,-0.033074036,0.8503955069252096
SCO1,-0.0008678436279296875,0.7229691523939752,0.599754273891449,0.45389828,0.006166800084361114
RNMT,-0.0008703470230102539,0.5788445248045934,0.42556947469711304,0.10153786,0.5616494835251149
TIMM50,-0.0008707046508789062,0.4325346340523589,0.3632164001464844,0.13704912,0.4324169809032162
PPP1R21,-0.0008747577667236328,0.6675044001745002,0.5475295186042786,0.37483528,0.026513172968198637
QPRT,-0.0008752346038818359,0.7457479904050538,0.6025985479354858,-0.07746415,0.6582678939450756
SERPINH1,-0.0008789300918579102,2.1809929114169258,1.8757773637771606,0.4734339,0.00407161537515867
MTX2,-0.0008797645568847656,0.33493900505307195,0.2697790861129761,0.049523644,0.7775460377879727
EGFR,-0.0008813142776489258,1.5181523124213614,1.2882970571517944,-0.41358143,0.01352568632898543
LAMA5,-0.0008859634399414062,0.6420071508731285,0.5335402488708496,0.15997025,0.3586412745829445
SLC1A5,-0.0008863210678100586,0.784167830020097,0.6317586302757263,-0.58540565,0.00022066460758324796
ATAD3A,-0.0008864402770996094,0.572553204350528,0.45707768201828003,-0.16776714,0.33538245328661215
UBA2,-0.0008932352066040039,1.2991627656455174,1.0362554788589478,-0.3801265,0.02429126118229484
ALDH2,-0.0008955001831054688,1.3086385235314948,0.987363874912262,-0.28359437,0.09875338786621704
GBA,-0.0008965730667114258,0.6706894905957322,0.5483450293540955,0.3819082,0.02357864811614342
AHCYL1,-0.0008995532989501953,0.5012833100473901,0.38321733474731445,0.17681949,0.3095712909412433
PDCD2,-0.0009036064147949219,0.43973201802883355,0.3825119137763977,-0.09389587,0.5916065878966014
HLA-C,-0.0009070634841918945,1.3498933661697103,1.147170901298523,0.4825481,0.0033268787355752788
OGT,-0.0009073019027709961,0.6355998734015524,0.5136547684669495,-0.3405462,0.04530480437612824
DOHH,-0.0009081363677978516,0.6026713320383098,0.4755924344062805,0.23325661,0.17748595846324813
RUSF1,-0.0009093284606933594,0.43919081594687337,0.32858526706695557,-0.05824656,0.7396179543788003
SLC25A1,-0.0009111166000366211,0.6723753153071007,0.5714102387428284,0.44245622,0.007779745777381228
P4HA1,-0.0009112358093261719,1.0751095494185872,0.8725705146789551,-0.052351076,0.7651916499068399
MAOA,-0.000911712646484375,0.6312813307285895,0.5189161896705627,0.07807487,0.6557386559705812
MBOAT7,-0.0009195804595947266,1.173258816337828,0.9633368253707886,0.48838636,0.0029146196959807984
PSMD6,-0.0009217262268066406,0.46169077212386544,0.3327416181564331,-0.14272606,0.4134068706983929
GPC6,-0.0009291172027587891,0.7464632647137897,0.6174901127815247,-0.36001512,0.03364170496826684
POLR2H,-0.0009298324584960938,0.6238950021113452,0.5202555060386658,-0.7719914,5.617375852378553e-08
PML,-0.0009300708770751953,1.242563394736816,1.0835195779800415,-0.25771734,0.13499696294319263
CLNS1A,-0.0009306669235229492,1.0793594811610001,0.9102341532707214,0.40699068,0.015248296280623476
RPS16,-0.0009313821792602539,0.5043742350273523,0.3980850875377655,-0.039843235,0.8202331684017106
TPD52L1,-0.0009315013885498047,0.7969253748510663,0.6637288331985474,0.283742,0.09857048223860353
TPM1,-0.0009380578994750977,1.1843533737905652,0.9698978066444397,0.24767837,0.15142044839241112
MRPL45,-0.0009428262710571289,0.417693091785903,0.32436108589172363,-0.24300648,0.15953968422665993
SLC9A3R1,-0.000943303108215332,0.9745402646072138,0.7743518352508545,-0.13076088,0.45402551306903466
MESD,-0.0009438991546630859,0.4997856008292221,0.41422364115715027,-0.22025491,0.20358493752010026
DPM3,-0.0009442567825317383,0.5455683493290245,0.4290316104888916,0.12587829,0.47119609988312167
MBD2,-0.0009448528289794922,0.4927015042655021,0.4038664400577545,0.03377237,0.8472734376885022
MAN2A1,-0.0009455680847167969,0.505787052596178,0.429214209318161,0.06107119,0.7274602864468194
STRN3,-0.0009503364562988281,0.511137071182882,0.3709641993045807,-0.36540022,0.030889685130123204
SH3PXD2B,-0.0009515285491943359,0.5848228533612017,0.46930819749832153,0.24508949,0.15588164744172608
TBC1D4,-0.0009533166885375977,0.6425612659039913,0.4773777425289154,-0.1591398,0.361174496783397
RABL3,-0.0009537935256958008,0.45500090766648527,0.3603963553905487,0.05038146,0.7737920716753957
NOP53,-0.0009548664093017578,0.6708393765013444,0.5510339736938477,-0.13872571,0.4267527965967767
LIG1,-0.0009580850601196289,0.5641040976870026,0.4451114237308502,0.20184562,0.2449174494979167
SCIN,-0.0009632110595703125,0.9992985053068153,0.8109597563743591,-0.22699665,0.18973809630404967
CNN3,-0.0009639263153076172,0.9759208707586701,0.7730984687805176,-0.30343652,0.0763936747837335
SNRNP200,-0.0009641647338867188,0.33152043936002895,0.2579326033592224,0.06750111,0.7000309899825045
CHAMP1,-0.0009647607803344727,0.5936926261888569,0.45739924907684326,-0.6349621,4.180969747000593e-05
CENPV,-0.0009739398956298828,1.139877963059217,0.9619532823562622,0.6886381,4.8059441301526495e-06
ME3,-0.0009764432907104492,0.6014087034528742,0.4312550723552704,0.42044866,0.01190816709164805
ACTR10,-0.000986337661743164,0.4240805406043089,0.3127136826515198,0.036668487,0.8343501106768194
SIGIRR,-0.0009900331497192383,0.6014446539446932,0.47957295179367065,0.07956564,0.6495819420754863
ECE1,-0.0009903907775878906,0.7872916263830319,0.6326519846916199,0.45163846,0.006460367367583644
GNL3L,-0.0009915828704833984,0.46671640827829,0.36239027976989746,0.1243306,0.4767092784278661
PRKAG1,-0.0009920597076416016,0.43749395434425853,0.35317808389663696,9.519048e-05,0.9995667243490826
H1-10,-0.0009932518005371094,1.1934289490542513,0.9508052468299866,-0.6648817,1.320479018475796e-05
HDAC2,-0.0009952783584594727,0.5684771858106541,0.4638948142528534,0.49924108,0.002264997311965006
YLPM1,-0.0009953975677490234,0.43133839862225887,0.3399530053138733,0.017576285,0.9201742547539946
STX3,-0.001002192497253418,0.5744803475038964,0.46232300996780396,-0.42095962,0.011794657172557368
EIF4ENIF1,-0.001002669334411621,0.482091628486573,0.36445382237434387,-0.45935202,0.005505082465811415
PDCL3,-0.001007676124572754,0.5132440155784126,0.4059089720249176,-0.3020013,0.07786549573135516
ANKRD13A,-0.0010088682174682617,0.5991876964654319,0.4597651958465576,0.07360783,0.6743207845296921
MIA3,-0.0010104179382324219,0.5019879458925547,0.3887316882610321,0.22484797,0.194077263197538
FASTKD2,-0.0010151863098144531,0.4758795237405091,0.3793092966079712,-0.31047234,0.0694892020654932
PDE12,-0.001015305519104004,0.4030230999578275,0.3298065662384033,0.22142906,0.2011241644006848
DLST,-0.0010169744491577148,0.513934659279923,0.43900439143180847,0.11473125,0.51164308405309
MICALL1,-0.0010170936584472656,0.4243684304393205,0.3248620629310608,-0.28332296,0.09909047274936082
TM9SF4,-0.001017451286315918,0.7142046797290074,0.6006068587303162,0.43103585,0.009735979582052476
SEMA3C,-0.0010192394256591797,0.6419688063571684,0.4828978478908539,0.0771346,0.659633773748481
EMD,-0.0010313987731933594,0.6155473669839097,0.5044363737106323,0.24067663,0.16370395663784068
RANGRF,-0.0010323524475097656,0.3449793637019403,0.27173706889152527,-0.08419266,0.6306186151155858
EHMT2,-0.0010459423065185547,0.49988696191473597,0.39125099778175354,0.09329167,0.5940049389334747
DCAF7,-0.0010477304458618164,0.7028258853043101,0.5595759749412537,0.50956553,0.0017682624538293982
NAP1L4,-0.0010477304458618164,1.110972530279477,0.9096412062644958,-0.5037051,0.002036989799817779
YRDC,-0.0010486841201782227,0.3445200206803677,0.2731054723262787,0.035640784,0.8389312088768397
UCHL5,-0.0010541677474975586,0.6843230798265634,0.5398399829864502,-0.514752,0.0015568971748834415
SMAP,-0.0010541677474975586,0.5787447623063238,0.43922343850135803,-0.18196422,0.29547598381514273
ZMYM4,-0.0010600090026855469,0.3785347247742493,0.29103001952171326,0.2567833,0.13646727013915932
FSTL1,-0.0010606050491333008,0.6805841735631318,0.5180999636650085,-0.0068423087,0.9688827164534091
CLUH,-0.0010619163513183594,0.8388125098708595,0.6845076084136963,0.38118672,0.02386509013859966
PWP1,-0.001063704490661621,0.5453658397568889,0.423860639333725,0.15282038,0.38079790581933615
HIGD2A,-0.001068711280822754,0.3744264229498782,0.2928468883037567,-0.3395494,0.045979776098768646
DDX55,-0.0010707378387451172,0.3543082987195933,0.2902766764163971,-0.3651112,0.031032524779327667
KIF4A,-0.001071333885192871,0.7951767721318249,0.6068887710571289,0.023864416,0.8917616596337614
COQ8B,-0.0010722875595092773,0.7386287698822213,0.5932251811027527,0.1723958,0.32202388155332196
CA8,-0.0010724067687988281,0.6988061081566931,0.5030959248542786,-0.3422221,0.044187812309478595
RNF20,-0.0010741949081420898,0.4724802209609765,0.3935354948043823,-0.34338814,0.04342386324492814
ACTL6A,-0.0010753870010375977,0.7641131986870237,0.6088434457778931,-0.6068802,0.00011102670880101197
FNBP1,-0.001076340675354004,0.5483861752482875,0.44787096977233887,-0.14795156,0.3963336278629103
KTI12,-0.0010765790939331055,0.391751857464689,0.30567800998687744,-0.39703476,0.018197277904752406
VPS25,-0.0010883808135986328,0.5364092060544362,0.39630579948425293,0.14475606,0.40672551462992695
PRDX2,-0.0010941028594970703,1.632731385474925,1.4876002073287964,-0.24095935,0.1631944275623979
PSIP1,-0.0010952949523925781,1.3914741752275956,1.1685491800308228,-0.6316368,4.717097279481006e-05
SYMPK,-0.0011026859283447266,0.2772177960935523,0.2162889987230301,0.21324572,0.21870875328065872
RCC2,-0.0011050701141357422,1.4209270461305938,1.2216827869415283,0.573807,0.00031357034923497394
C12orf57,-0.0011066198348999023,0.8377746644062011,0.6367623805999756,-0.4994325,0.0022547794869427185
PDHX,-0.001107931137084961,0.5063225529332773,0.39760467410087585,0.35687095,0.03533891478638721
GTF2B,-0.0011131763458251953,0.5729261888810875,0.4516937732696533,-0.4032945,0.016292434368180363
SLC30A1,-0.001114487648010254,0.7787492400604997,0.6496171355247498,-0.66189516,1.4899807201445357e-05
ARID1A,-0.001115560531616211,0.6732432826613993,0.4897804260253906,-0.18070473,0.29888805046885053
STAM2,-0.0011156797409057617,0.6418132229636635,0.5156748294830322,0.1320265,0.44963062954397337
KANK1,-0.0011157989501953125,0.48180959047326505,0.3820390999317169,0.0074236025,0.9662401398405823
SACM1L,-0.0011233091354370117,0.4529213776675362,0.37938427925109863,0.2820727,0.10065442183603512
GANAB,-0.0011258125305175781,0.5753225499922118,0.43722274899482727,0.16839316,0.3335562524841629
NDUFA12,-0.0011281967163085938,0.5607901121870443,0.46124905347824097,0.11795988,0.49975346489166284
TLE3,-0.0011281967163085938,0.7338148781137065,0.6115344762802124,-0.45925188,0.005516658141340186
HLTF,-0.0011324882507324219,0.5170948579453241,0.4274258613586426,0.18993795,0.2744531357199849
SELENOO,-0.001132965087890625,0.4725703326866341,0.39650824666023254,-0.3315528,0.05169216707286885
COMTD1,-0.0011401176452636719,0.5694865948369547,0.45128026604652405,0.08265777,0.6368840292383775
ASAP1,-0.0011428594589233398,0.42234671675994545,0.3436373472213745,0.34413898,0.042937534476977735
NAA50,-0.0011452436447143555,0.8061736004139332,0.619457483291626,0.32895708,0.05366347690881535
OPA1,-0.0011495351791381836,0.4787677334322314,0.37888476252555847,-0.091810875,0.5999001448613872
OSGEP,-0.001150369644165039,0.61402896080928,0.5042113065719604,-0.2775767,0.10643371532589867
SDF2,-0.0011599063873291016,0.6640901447600557,0.48462480306625366,0.25207466,0.14405828816983868
PDK3,-0.0011605024337768555,0.6191712621575635,0.45423564314842224,0.11436102,0.5130155787472145
CLPB,-0.0011631250381469727,0.3846410171972295,0.3076583743095398,0.6247467,6.0302208558696246e-05
PGAM5,-0.0011657476425170898,0.47751272554067464,0.4046085774898529,0.06525334,0.7095790955009378
PPP2R5C,-0.0011714696884155273,0.40400246483220853,0.3091302812099457,0.2798888,0.10343101285907261
AGL,-0.0011740922927856445,0.5856872023989896,0.4566039741039276,-0.115176484,0.509995508784429
SERPINB1,-0.0011751651763916016,0.7910338599846481,0.646497905254364,0.29571965,0.08456760421309238
RPL15,-0.0011757612228393555,0.48175637678846284,0.3814665973186493,0.08957684,0.6088411506742046
STAT2,-0.001178741455078125,0.485683519527003,0.42836570739746094,0.36543047,0.030874748808530517
RPS26,-0.0011887550354003906,0.375591824347056,0.2531619071960449,-0.006466373,0.9705913279951893
PGP,-0.0011889934539794922,0.7304805407872975,0.4934799075126648,-0.11942082,0.49441980082381576
SAE1,-0.0011913776397705078,1.1083099195449984,0.890146791934967,-0.3035626,0.07626538161672491
NCOR2,-0.0011922121047973633,0.4602645390393468,0.3707094192504883,0.17073481,0.32677917439610743
FECH,-0.001194000244140625,0.7285686811093477,0.5301483273506165,0.12103009,0.4885780727292976
SCAF11,-0.0011941194534301758,0.4614816298822114,0.3432314395904541,-0.18674102,0.28276170066047496
SYT1,-0.0011966228485107422,0.8607935554925232,0.6498076319694519,-0.19978978,0.2498584166385181
VARS1,-0.0012009143829345703,0.7874655473832377,0.5968430042266846,-0.47528878,0.0039093478382898695
NUDCD3,-0.001204848289489746,0.5108847482963196,0.4103485643863678,0.43364003,0.009256583766576745
TAGLN,-0.0012066364288330078,1.6557411995788804,1.2810890674591064,0.20090637,0.24716660236127808
EIF2S3,-0.0012069940567016602,0.6966095517175847,0.5384920835494995,0.20345181,0.24110296456774916
RBBP6,-0.0012078285217285156,0.40487986378164137,0.32291194796562195,-0.08401948,0.6313244384377416
ZNF768,-0.001209259033203125,0.5100513987259224,0.41585206985473633,-0.44645253,0.0071796865202633795
CELF1,-0.001209855079650879,0.6640082393244202,0.5409743189811707,-0.7775853,3.90176409045322e-08
CRIP2,-0.0012148618698120117,1.1604732504197934,0.9543367624282837,0.5427217,0.0007560493029329975
TMEM199,-0.001216888427734375,0.8246831805776305,0.6536473035812378,-0.084499165,0.6293704888593017
GRWD1,-0.0012170076370239258,0.5435619544291536,0.43510016798973083,0.17589882,0.31213760443607835
DSP,-0.0012173652648925781,1.1097034451696153,0.9252261519432068,0.24189673,0.16151353369300683
TRAPPC4,-0.0012257099151611328,0.5238529094206364,0.433400958776474,0.24897157,0.14922706957725865
PCLAF,-0.0012258291244506836,0.4806004475546637,0.3898278474807739,-0.15402183,0.37701964133899757
WDR46,-0.0012288093566894531,0.6186007483448542,0.48442715406417847,-0.04408074,0.8014768553717466
NDUFS2,-0.0012290477752685547,0.424149966766804,0.3422441780567169,0.005184898,0.9764176785073243
NDUFA9,-0.001232743263244629,0.5162339227403598,0.4150848984718323,0.26625648,0.12209334042801923
ZC3H4,-0.0012336969375610352,0.46525207985500733,0.3442813754081726,0.3283243,0.05415299503140645
BYSL,-0.0012432336807250977,0.4801665029973461,0.3983882963657379,0.15989314,0.3588760758764624
HSD17B7,-0.0012434720993041992,0.4878970351153134,0.3858402967453003,-0.031253558,0.8585447209036613
CC2D1B,-0.0012568235397338867,0.40754972300795606,0.31056779623031616,0.08101765,0.6436070966450275
FBL,-0.001257181167602539,0.3772700662325827,0.31583863496780396,0.02446837,0.8890387342321028
CIT,-0.0012583732604980469,0.4714918690665038,0.38067299127578735,0.3014192,0.07846852803804603
ATP2C1,-0.0012646913528442383,0.5607096738035561,0.4398997128009796,0.0137725305,0.9374115291529138
DUSP23,-0.0012688636779785156,0.7504678697360497,0.6098209619522095,0.535152,0.0009249736611746366
TMED5,-0.0012691020965576172,0.5725808430941723,0.4730137288570404,0.59809047,0.00014794342395611136
RPA1,-0.0012700557708740234,0.7945924118342177,0.6290905475616455,0.3816284,0.023689392464228038
RRM2,-0.0012725591659545898,1.1258365911346744,0.9138374924659729,-0.23848374,0.16769424417475476
EFR3A,-0.0012743473052978516,0.7094251035229476,0.5040187835693359,-0.144151,0.4087106331975995
GLMN,-0.0012745857238769531,0.4059420665692612,0.33243826031684875,0.37826768,0.02505359874173189
KIF1A,-0.0012748241424560547,1.0326752494995486,0.7927420735359192,0.24048015,0.16405863581895633
GALNT7,-0.0012766122817993164,0.532499862635062,0.42167046666145325,-0.32264933,0.058703818228132254
FOXK2,-0.0012814998626708984,0.4818420323178542,0.3752788007259369,0.4420019,0.007850598094094382
PNPT1,-0.001287221908569336,0.48596361586869974,0.409854918718338,0.0736988,0.6739404854984937
GLMP,-0.0012880563735961914,0.9946826588821172,0.8350985050201416,0.7008101,2.758507857541106e-06
RBM28,-0.0012890100479125977,0.44536933201650236,0.3212943971157074,-0.19860922,0.2527254250985699
PRRC2C,-0.0012944936752319336,0.6362999316784865,0.45465001463890076,-0.25782657,0.13482585443999107
TRIM56,-0.0012967586517333984,0.4473049363097373,0.3597835600376129,0.20393649,0.23996004166194165
ZC3H14,-0.0012972354888916016,0.309840496582864,0.24525277316570282,0.009215884,0.9580963921389293
RTN3,-0.0012981891632080078,0.5870222096766233,0.4659431576728821,-0.06282724,0.7199342767974308
CLCN7,-0.001298666000366211,0.9597153373712987,0.8365485072135925,0.42446762,0.011039747769451214
MRPS34,-0.001299738883972168,0.5428675824878858,0.43500858545303345,0.6331056,4.473087999584968e-05
P4HB,-0.001300215721130371,0.7245890982122325,0.5797521471977234,0.4524714,0.006350802178625273
TFG,-0.0013004541397094727,0.7911207341190496,0.6102321743965149,-0.068327814,0.696530382871412
GLYR1,-0.0013039112091064453,0.41614209970351806,0.3357020616531372,-0.35376936,0.03708069879538728
VDAC1,-0.0013049840927124023,0.8711097613176065,0.7223063707351685,-0.1492516,0.3921502441681623
COG6,-0.0013117790222167969,0.4498772480222982,0.36214956641197205,0.35843685,0.034485151320393315
DDX21,-0.0013140439987182617,0.750061827336434,0.605699896812439,-0.28169695,0.10112808784816225
ZGPAT,-0.00131988525390625,0.40576293063757424,0.31313279271125793,-0.09571557,0.5844103284223198
TTC37,-0.0013250112533569336,0.4573485422355763,0.3613845705986023,0.17678699,0.30966144864078665
PAPSS1,-0.0013287067413330078,0.6860016186753464,0.5408773422241211,-0.11633,0.5057380236379317
PEX11B,-0.0013294219970703125,0.49907183925654114,0.4077635705471039,0.09702402,0.5792597985696959
MCCC2,-0.001343846321105957,0.829453069179016,0.6937491297721863,-0.31214288,0.06792401867851629
THNSL1,-0.0013445615768432617,0.4674769439468754,0.35651037096977234,0.3399841,0.04568445350441745
PDLIM1,-0.0013452768325805664,0.9928002755550491,0.8085909485816956,0.17547174,0.31333240986944094
DUT,-0.0013484954833984375,0.9925308834815226,0.7806393504142761,0.508381,0.0018199249992240662
SCARB1,-0.0013515949249267578,0.8274843869076121,0.6839906573295593,-0.17855176,0.3047785350687385
CSTF3,-0.001353621482849121,0.24139212934311818,0.20994028449058533,0.4432137,0.007662829480634981
TAB1,-0.0013561248779296875,0.5840227503591034,0.45691436529159546,0.08123549,0.642712260891255
SMU1,-0.001359701156616211,0.395265707631609,0.28624609112739563,-0.05777783,0.7416416172707998
RBBP5,-0.0013619661331176758,0.4403243182012917,0.3314470052719116,0.38642135,0.02185061662630293
NOC3L,-0.0013641119003295898,0.5804311788935029,0.48023033142089844,-0.19182701,0.2696190689712503
DDX3X,-0.0013647079467773438,0.6862047087727121,0.5133182406425476,-0.10113292,0.5632192324549321
DDX52,-0.001366257667541504,0.40527071664655184,0.3179403245449066,0.2735582,0.1118085045713158
ADPGK,-0.0013697147369384766,0.6796905473662715,0.5943595767021179,0.32991698,0.05292763153146236
CKB,-0.001376032829284668,2.58571759813092,2.4008965492248535,0.18123384,0.29745139080153954
PPP6R3,-0.0013892650604248047,0.43237942260659523,0.31952130794525146,0.31958595,0.06128333760172979
POGZ,-0.001390218734741211,0.669494559352098,0.5308947563171387,0.6194379,7.257648279822442e-05
PINX1,-0.0014002323150634766,0.5078326294650709,0.402683287858963,0.26933107,0.11767986081482021
SAR1A,-0.0014029741287231445,0.4948330728037247,0.41863322257995605,0.27763885,0.10635205100079287
QRSL1,-0.0014066696166992188,0.35370411774134153,0.2803323566913605,-0.20255035,0.2432388220282292
UBE4B,-0.0014067888259887695,0.47418632019366813,0.38068708777427673,-0.25368506,0.14142827380108383
SF3A2,-0.0014083385467529297,0.2938074821679875,0.2507416307926178,0.2838117,0.09848414246981818
MYL9,-0.0014119148254394531,0.8417935470904708,0.661740779876709,-0.23763882,0.16925022887983884
MYH14,-0.0014214515686035156,0.8645523517680126,0.7182885408401489,0.36531502,0.0309317620452724
NAXE,-0.001422286033630371,0.7202819172289541,0.6023949980735779,-0.3389055,0.04642006768369923
HCFC1,-0.001423478126525879,0.5826776998044161,0.4617937505245209,-0.23234741,0.17922970742651637
EIF3J,-0.001425027847290039,0.7025609190921119,0.4934144616127014,0.04992686,0.7757805920793328
COPS5,-0.0014252662658691406,0.6659374470847228,0.533112108707428,0.45274562,0.00631507020036202
IVNS1ABP,-0.0014257431030273438,0.5577371872353979,0.45824098587036133,-0.030549327,0.8617013729183612
MED1,-0.001429438591003418,0.39585023350358817,0.31995558738708496,0.11238706,0.5203634917590877
ACSL1,-0.0014309883117675781,0.6142523057263222,0.45881882309913635,0.4996464,0.0022434131663754057
ETFB,-0.0014444589614868164,1.0768100071986182,0.8606740832328796,0.79950374,8.405976511341914e-09
PES1,-0.001455545425415039,0.5659536197416171,0.46594855189323425,0.20440748,0.23885266675108005
VPS51,-0.001458287239074707,0.4246479490668778,0.32337239384651184,-0.21088617,0.2239689523958828
NMD3,-0.0014598369598388672,0.5915648254090885,0.4537510275840759,-0.15788272,0.3650289854337406
DDI2,-0.001462101936340332,0.9619424108985025,0.7892704010009766,-0.12155528,0.48667921702834405
PRKCI,-0.001470804214477539,0.5723520675833781,0.4742179811000824,0.06860918,0.6953400124640426
OXA1L,-0.0014829635620117188,0.46341628797143286,0.3883168697357178,0.29426235,0.08618413868780975
NCL,-0.0014886856079101562,0.42308890573331903,0.3313938081264496,0.017804995,0.9191392101583611
GNAS,-0.0014934539794921875,0.5768222823186161,0.45299482345581055,-0.2388058,0.16710401481454495
C19orf47,-0.0015001296997070312,0.47952452199025186,0.37285947799682617,-0.061172128,0.7270268697007278
DDAH1,-0.0015034675598144531,0.9509741481672795,0.6963075995445251,-0.15748325,0.36625897935231144
RCC1L,-0.0015166997909545898,0.5227855208892461,0.4217992126941681,-0.026398338,0.8803475344080886
PROCR,-0.0015174150466918945,1.2412402782078675,1.0074408054351807,0.3589479,0.0342101855669048
ZC3HC1,-0.0015184879302978516,0.46059217286857385,0.3345082402229309,-0.051215846,0.7701451878688437
MSRB2,-0.0015276670455932617,0.745048229781346,0.6009745001792908,-0.20900397,0.22822619683212497
ERAL1,-0.0015311241149902344,0.5159498694061756,0.41948747634887695,-0.033443823,0.8487419887777392
EEF1E1,-0.0015333890914916992,0.5939864641439077,0.46711257100105286,0.02083223,0.9054483475198964
DAD1,-0.0015360116958618164,0.6891972874923459,0.5515688061714172,-0.15126452,0.3857230741690966
TM9SF1,-0.0015361309051513672,0.7701087372655091,0.591492235660553,0.17862953,0.3045646079086485
ATP5F1D,-0.001546621322631836,0.538862108218405,0.4119410514831543,-0.20184399,0.24492143377412878
KYNU,-0.0015486478805541992,0.8950353476401018,0.6687009334564209,0.062300984,0.7221866940441468
HEATR1,-0.0015510320663452148,0.5391909404824841,0.4242721199989319,-0.29044098,0.09053638994955836
MACROD1,-0.001552581787109375,0.7410806935990178,0.5372803211212158,-0.26204377,0.1283392621923725
SUMF1,-0.0015544891357421875,0.9039194130825173,0.7690311670303345,0.14302695,0.4124126821099182
B4GAT1,-0.0015637874603271484,0.6097823273291431,0.4623074531555176,-0.56185097,0.0004444273902783676
WDR75,-0.0015639066696166992,0.3455530261036255,0.2700897753238678,0.3611114,0.033065838212088805
DLG3,-0.0015645027160644531,0.5388791145533963,0.4250090718269348,0.09282188,0.5958725121768077
WDHD1,-0.001564621925354004,0.41014355231112437,0.3291393518447876,-0.49561757,0.002466157013186786
RPS15A,-0.0015649795532226562,0.5942240629477742,0.48499494791030884,-0.016679361,0.9242357951346897
FBXO2,-0.0015721321105957031,1.0674590339215118,0.8678452968597412,0.34809077,0.040449961100054645
RTF1,-0.0015769004821777344,0.6629405023696192,0.5196276307106018,0.3171466,0.06340070575694201
EPN2,-0.001577138900756836,0.5975819959202184,0.5072119832038879,0.09062063,0.6046565461296304
ATP6V1E1,-0.0015844106674194336,0.7638714229629205,0.6192170977592468,0.47079167,0.004312825910897524
CLIP1,-0.001585245132446289,0.5774415332130204,0.483041912317276,-0.46778932,0.004601809809488391
MRPL4,-0.0015856027603149414,0.42631736740400605,0.34673717617988586,0.12115236,0.48813555718809976
FGD3,-0.001589059829711914,0.5444452806253348,0.43900883197784424,0.14751144,0.3977557553654164
KDM1B,-0.0015925168991088867,0.44487989058436456,0.3664870262145996,0.37048915,0.028461066493071664
DDX1,-0.0015933513641357422,0.696350993736721,0.5542624592781067,-0.3143398,0.06590783249481295
NDUFB4,-0.0015958547592163086,0.5866203652293707,0.4904122054576874,0.5304595,0.001045685057042337
PDLIM5,-0.0015978813171386719,1.1591652899011096,0.943418025970459,-0.18235566,0.2944204738205517
SCFD1,-0.0016046762466430664,0.5128727487788486,0.40478357672691345,0.7543651,1.6619464519872991e-07
PPM1A,-0.0016158819198608398,0.6776848810685877,0.549528181552887,-0.046663173,0.790098994351107
CDCA5,-0.0016194581985473633,0.7764317899492634,0.6171586513519287,-0.07700249,0.6601816159785379
CADM4,-0.0016257762908935547,0.6477848353277734,0.5027841329574585,-0.119555324,0.4939298984443173
ZNF326,-0.001632094383239746,0.6469737157273164,0.4917190968990326,-0.5569101,0.0005113709967221696
HSD17B8,-0.0016329288482666016,0.9676804637420297,0.7947600483894348,-0.18207456,0.29517811395820265
TRIOBP,-0.0016330480575561523,0.5625182254805641,0.45895305275917053,-0.04367578,0.8032647429255771
CSRP1,-0.0016330480575561523,1.0106665836382842,0.7648864984512329,-0.02914263,0.8680123910520483
GSE1,-0.0016402006149291992,0.47433633367796313,0.38354435563087463,0.5093496,0.0017775861247183373
SPCS3,-0.0016422271728515625,0.5385831277063752,0.4094901382923126,0.48006564,0.003516963932236838
ABCB6,-0.0016504526138305664,0.8846928311816938,0.6284314393997192,-0.02136666,0.9030335234295913
ROCK2,-0.0016574859619140625,0.44895550851604404,0.31807854771614075,0.22519179,0.1933783311050882
WDR77,-0.0016607046127319336,1.0429974384148395,0.8192514777183533,-0.60529417,0.00011700198247913371
BID,-0.0016640424728393555,0.5698723596995766,0.5027745366096497,0.3285069,0.054011346536742555
MAP4K4,-0.0016649961471557617,0.4738757896507323,0.3754570782184601,-0.2633709,0.12634656334161948
NIPBL,-0.0016652345657348633,0.5075483955835202,0.43031108379364014,-0.44589597,0.007260809987165591
SIL1,-0.0016709566116333008,0.598666739319193,0.5118785500526428,-0.6914086,4.2453911985423125e-06
DRG1,-0.0016711950302124023,0.6401839948083566,0.4739718735218048,-0.44679797,0.007129725080431749
HSP90AA4P,-0.0016721487045288086,0.40413328906336116,0.3225398361682892,-0.46788868,0.004591979519467063
TTLL12,-0.0016728639602661133,1.1175740780268772,0.8805692791938782,-0.5174141,0.0014572760277582958
PANK4,-0.0016734600067138672,0.41125770900770886,0.3293120861053467,-0.20474066,0.23807137208058465
TNFRSF10B,-0.0016775131225585938,0.567949835712897,0.435501366853714,-0.0641508,0.7142788134155384
SRPRA,-0.0016783475875854492,0.6592943105999214,0.5434755682945251,-0.64783144,2.585718138553781e-05
MTAP,-0.0016791820526123047,0.8629856898247417,0.716781735420227,-0.058922965,0.7367007762788151
NTPCR,-0.0016800165176391602,0.7443591420288529,0.5660712122917175,-0.29389393,0.08659664640871967
NFATC2IP,-0.0016834735870361328,0.5465601696054148,0.4233795404434204,0.11892627,0.4962218510792192
IGSF8,-0.0016875267028808594,0.6550661262227674,0.5436612367630005,0.16010079,0.3582441005858709
PRCC,-0.0016875267028808594,0.6398681961997481,0.4617813229560852,0.20931476,0.22751922979843206
CLYBL,-0.0016952753067016602,0.7102980620045078,0.5461251139640808,0.17215374,0.32271431118606264
UFM1,-0.0017008781433105469,0.7330628705507979,0.5632044076919556,0.25818372,0.13426731898200975
LEO1,-0.0017014741897583008,0.3465264639938888,0.26142171025276184,-0.3361108,0.048370611026208106
UPF3B,-0.0017061233520507812,0.7531216348280059,0.6041102409362793,-0.14631252,0.4016448616518112
CKAP5,-0.0017075538635253906,0.6808679786965809,0.5309792757034302,-0.659668,1.6289905948799936e-05
TYSND1,-0.0017110109329223633,0.4955380398586498,0.4349176287651062,0.40218854,0.016616285266785758
STRIP1,-0.001711130142211914,0.41296153979839473,0.3017128109931946,0.4156196,0.013027361629102271
TPP2,-0.001714944839477539,0.909024037806044,0.7188852429389954,-0.49594644,0.0024472833867504634
DDX5,-0.001722574234008789,0.5505915646571646,0.43820175528526306,0.24436139,0.15715334043342516
REXO4,-0.0017237663269042969,0.4293694099051273,0.35777562856674194,0.182915,0.2929166062266108
MRI1,-0.001724839210510254,0.6753903178826026,0.5348064303398132,0.24800447,0.15086525857425293
UBE2C,-0.0017293691635131836,0.8340040646803898,0.6873289346694946,0.020264039,0.9080159545197276
ALDH1A3,-0.0017341375350952148,0.9742375277963333,0.7781808376312256,0.4205972,0.011875073380672993
THOC1,-0.0017358064651489258,0.3385028804666357,0.25597769021987915,-0.14250338,0.4141435354082141
PLOD3,-0.0017364025115966797,1.0557183208513823,0.8777480721473694,-0.19003119,0.274213273999254
LRRC47,-0.001736760139465332,0.9453417560684609,0.7522148489952087,0.2015636,0.24559140798342402
RPL30,-0.0017448663711547852,0.38574006285263374,0.3100125193595886,0.30480018,0.07501545033568316
DDX60,-0.0017448663711547852,0.3406225794959904,0.27985015511512756,-0.026053824,0.8818980770082653
NDUFV2,-0.0017486810684204102,0.57835659337151,0.46985992789268494,0.05550747,0.7514678369532195
FLAD1,-0.001753091812133789,0.4439981035630218,0.33929726481437683,-0.2738076,0.11146912388342128
MOB4,-0.0017590522766113281,0.4046402362338908,0.28946343064308167,-0.15526843,0.3731230761903566
IPO4,-0.0017600059509277344,0.8758187890833885,0.6634621024131775,-0.3171571,0.06339147833781646
HK2,-0.0017614364624023438,0.6655299857654593,0.4912203550338745,-0.20080951,0.24739946522361594
ARF5,-0.0017812252044677734,0.6025505373957996,0.4848046898841858,0.18789059,0.2797556602328758
RPL7,-0.0017826557159423828,0.463067290639791,0.3835809528827667,0.12934037,0.45898596819507614
UQCRQ,-0.0017828941345214844,0.6107604831337708,0.5078587532043457,0.49230757,0.002663358804785647
PLOD1,-0.0017837285995483398,1.1543067376607787,0.8814471364021301,0.0021186722,0.9903624156320933
MTR,-0.0017938613891601562,0.5852905261980758,0.4856051802635193,0.6741451,9.000707561946937e-06
MRPL24,-0.0017954111099243164,0.48648150066888424,0.36611759662628174,0.51141393,0.0016902172067647509
S100A4,-0.0018020868301391602,1.1158506491136344,0.8892492055892944,0.44016927,0.008142027673415387
VIRMA,-0.0018023252487182617,0.43113763769003305,0.3399046063423157,0.15675907,0.36849510191554335
ATP13A1,-0.0018024444580078125,0.5066225341296382,0.40695899724960327,-0.118821755,0.49660328092143746
DAB2,-0.0018067359924316406,0.7841673359545434,0.6195496320724487,-0.17167735,0.3240754195459539
SEC11A,-0.0018209218978881836,0.775323936996147,0.640263020992279,0.5796271,0.0002633156488719519
PARP4,-0.001821756362915039,0.5940507077125795,0.48581188917160034,-0.18502866,0.2872779984545328
IGFBP2,-0.0018219947814941406,0.6147902323638135,0.4841814339160919,0.12848578,0.46198421107082
UBE2M,-0.0018253326416015625,1.1257045976537956,0.9216964840888977,-0.42637324,0.01064708933022719
C19orf25,-0.0018253326416015625,0.3846242228510372,0.3123161196708679,-0.2690701,0.11804973518302149
SLC30A7,-0.0018274784088134766,0.4980286538773964,0.3945513665676117,0.3837235,0.022870465372369024
REEP5,-0.0018279552459716797,0.7771333189186622,0.6287580132484436,-0.24497417,0.15608268808735712
ACADS,-0.0018306970596313477,1.0121968439512377,0.8347904682159424,0.3148988,0.06540242403579721
PAICS,-0.0018309354782104492,1.2078019925113217,0.9898408055305481,0.14013916,0.4220104282495
MAVS,-0.0018310546875,0.46748137465007306,0.3874354660511017,0.4639746,0.0049929683750052625
LIMS1,-0.0018453598022460938,0.6299155056771106,0.48944801092147827,0.3649725,0.031101307934757672
ELP3,-0.001851201057434082,0.5503098655347353,0.419344961643219,-0.16493715,0.343715206515604
DIDO1,-0.0018513202667236328,0.4490874720607049,0.34175825119018555,-0.051904127,0.767141190136513
SEC62,-0.0018516778945922852,0.6020403611270677,0.5024320483207703,0.42242143,0.011474925771536214
ANXA9,-0.0018558502197265625,0.635360931599464,0.5219539403915405,0.27487755,0.11002175934889204
MIEN1,-0.0018563270568847656,0.7338305951229902,0.5471813678741455,0.005256115,0.9760940785969741
TEX264,-0.0018570423126220703,0.8321316080952719,0.7072540521621704,0.76051223,1.1504451189790984e-07
CANT1,-0.0018620491027832031,0.5192861911207796,0.38944387435913086,-0.06922505,0.6927379153056894
ZNF787,-0.0018640756607055664,0.5145404564861812,0.3681753873825073,0.043255977,0.8051194568864054
C1orf174,-0.0018745660781860352,0.6955832265082436,0.5521656274795532,0.018253878,0.9171072780058546
CAVIN3,-0.0018754005432128906,1.004226930216082,0.8173697590827942,0.38843805,0.02111315482306996
HPSE,-0.0018843412399291992,0.8374001372283247,0.6160726547241211,0.2141788,0.21665229322915205
ZNF800,-0.0018889904022216797,0.45173213900631903,0.37232503294944763,0.15419038,0.3764913516881448
UNK,-0.0018960237503051758,0.36599171498307004,0.276175856590271,-0.15345466,0.3788004937512841
SLIRP,-0.0018988847732543945,0.4880486353877112,0.4000687301158905,0.08782373,0.6158968341223121
MCEE,-0.0019004344940185547,0.7170781719177908,0.5507797002792358,0.51751757,0.0014535196805785867
CLINT1,-0.0019009113311767578,0.5128843122618221,0.4196896553039551,0.20929495,0.2275644548860839
UCHL3,-0.0019022226333618164,0.9161170952073731,0.8045019507408142,-0.53022796,0.0010519875475031681
CBX3,-0.0019071102142333984,0.5544405911509631,0.4602105915546417,0.36993858,0.028715975204644775
HECTD3,-0.0019086599349975586,0.5825307098364885,0.46463921666145325,-0.058402963,0.7389430954759895
ZNF593,-0.0019115209579467773,0.605221162442282,0.5239205956459045,0.03539338,0.8400351549342436
ARF6,-0.0019118785858154297,0.46172604756792834,0.3565751314163208,0.40219235,0.016615159106383944
FKBP2,-0.001912832260131836,0.6905991536478004,0.53515625,0.18234749,0.2944423052212909
ACOX1,-0.001912832260131836,0.6797367165822443,0.516230583190918,0.2963875,0.0838346429339673
CREB1,-0.0019136667251586914,0.57483411759614,0.471853107213974,-0.5074016,0.0018636335373739127
MUC1,-0.0019146203994750977,1.31736887704592,0.9597131013870239,0.44916794,0.006794931246115205
AGPAT1,-0.0019150972366333008,0.4332464562803292,0.3359183669090271,0.33634284,0.04820624628316856
KIFC3,-0.001924753189086914,0.47626629989244307,0.3823373019695282,-0.046401475,0.7912499554263647
ARHGAP12,-0.0019273757934570312,0.5413409470316755,0.4449746906757355,0.5255273,0.0011873384190584256
UQCRC2,-0.001931309700012207,0.5949351629224724,0.4990845322608948,0.2243475,0.19509804152277752
RAB1B,-0.0019345283508300781,0.7665080213879772,0.5830557942390442,0.52118653,0.0013257041958108181
NME7,-0.001935124397277832,0.5614693789790434,0.3918684124946594,-0.23577233,0.17272385297924925
VARS2,-0.0019369125366210938,0.38347375939253886,0.3142629861831665,0.33191922,0.05141857849972222
CEP43,-0.0019452571868896484,0.4355408877658305,0.3507043421268463,0.030211393,0.8632163338340232
ECHDC3,-0.0019457340240478516,0.6690581511953492,0.522863507270813,0.013359813,0.9392835276744047
USP8,-0.0019539594650268555,0.3433762490875055,0.26226168870925903,0.13777511,0.4299593682849769
HAT1,-0.001958131790161133,0.6351972550297408,0.5084078311920166,-0.4197368,0.012067840526874494
CSTF2T,-0.001967906951904297,0.5042120427080663,0.3892918527126312,0.10887717,0.5335550464639998
MTREX,-0.0019681453704833984,0.3640387441391131,0.31126323342323303,-0.17354852,0.31874956647146335
USP10,-0.001969456672668457,0.7097122197484199,0.5654799342155457,0.2471464,0.15232959706083823
GLT8D1,-0.0019702911376953125,0.4631675020913634,0.4003085494041443,0.37821773,0.025074352842828353
PRPF8,-0.0019708871841430664,0.3888307562967629,0.31652864813804626,-0.23665936,0.17106672617260354
CFAP20,-0.001977086067199707,0.38595692898420925,0.30570313334465027,-0.25708628,0.13598901659261625
DERA,-0.001978754997253418,0.5412778528724768,0.43504130840301514,-0.05397143,0.7581374397621792
ATG9A,-0.0019837617874145508,0.5020679090301817,0.38231006264686584,-0.2789482,0.10464477648044841
RIF1,-0.001988649368286133,0.4251018142759741,0.33161431550979614,0.46422863,0.004966057168576715
PRAF2,-0.002001166343688965,0.8270837607650869,0.6394715309143066,-0.054182358,0.7572202129684363
DPYSL2,-0.002007722854614258,1.885787133620077,1.5780271291732788,-0.46456575,0.004930537054434376
BET1,-0.0020188093185424805,0.7697025631210077,0.6150716543197632,0.7108206,1.7113083039548693e-06
COG4,-0.0020227432250976562,0.3450777464146229,0.2683078646659851,0.15222599,0.3826751509388821
RPS13,-0.0020291805267333984,0.4704761195167808,0.3781808614730835,0.20507899,0.23727982007029474
LBR,-0.002031564712524414,0.6705240818253352,0.5383706092834473,-0.24144633,0.16231960371937731
NPTN,-0.002032041549682617,0.6588627936561102,0.5734570026397705,-0.033799186,0.8471535673523579
TRIM26,-0.0020335912704467773,0.5394971173556778,0.4069928824901581,0.08181589,0.6403317088763567
SFSWAP,-0.0020341873168945312,0.4302359808411631,0.34147337079048157,-0.19211763,0.2688803429145292
NOC2L,-0.002034783363342285,0.5044297153428523,0.4193856120109558,0.043937128,0.8021109503747662
COL7A1,-0.0020356178283691406,0.4048977868880531,0.29987144470214844,-0.1752528,0.31394626841754364
ABCD3,-0.0020443201065063477,0.8336181908754251,0.6599973440170288,-0.13081059,0.45385244593378177
DAXX,-0.0020483732223510742,0.5525514549357032,0.4367466866970062,0.36576718,0.030709024467482568
SLK,-0.002054572105407715,0.4760162161681453,0.3421209752559662,0.033442184,0.8487494500441334
GCFC2,-0.0020595788955688477,0.44252608044594094,0.3260233700275421,0.17997557,0.30087501059466576
CYB5A,-0.0020638704299926758,0.964551070451669,0.766812264919281,0.200281,0.2486717602015719
GLIPR2,-0.002073526382446289,0.8582257649383251,0.6494336724281311,-0.4222511,0.011511802234103957
GALNS,-0.0020742416381835938,0.5157060559459211,0.41807496547698975,-0.22757116,0.1885895935234409
SETD2,-0.0020748376846313477,0.3720272169411245,0.28135836124420166,0.30670726,0.07312050072694348
BAIAP2,-0.002077817916870117,0.6157417748165557,0.5026927590370178,0.12377152,0.47870911769339425
PPP1R8,-0.0020791292190551758,0.558090863908657,0.4434267282485962,-0.24776158,0.15127861742917043
ASRGL1,-0.0020929574966430664,0.6285441760210222,0.5061215162277222,0.13416591,0.4422534151177641
BLMH,-0.002094864845275879,0.9706676330832327,0.7283419966697693,0.44037712,0.00810852803541335
RIPOR1,-0.002096414566040039,0.46663206375216043,0.3772270381450653,-0.4551176,0.006013219863362852
CDKN2AIP,-0.0021195411682128906,0.4509622987099787,0.35537394881248474,-0.40817398,0.01492610185732309
GNAQ,-0.0021233558654785156,0.5149612489491178,0.39917197823524475,0.002057428,0.9906411248235407
PPIL3,-0.0021251440048217773,0.3401893853137597,0.26936039328575134,-0.3817042,0.023659340081932878
KARS1,-0.0021262168884277344,0.45233946157474925,0.3529050052165985,0.024185915,0.8903121811173021
MFN1,-0.0021265745162963867,0.33039418725316616,0.27233362197875977,0.34988636,0.039358805216931594
FAM107B,-0.0021278858184814453,0.6031425829286114,0.46397602558135986,-0.19415186,0.2637469864786644
P4HTM,-0.002131819725036621,0.5510760931739924,0.45809587836265564,-0.01565237,0.9288885779844329
AK2,-0.002148747444152832,0.5277729689507278,0.42577800154685974,0.21970198,0.20475083170867917
RAE1,-0.0021610260009765625,0.43042469941601935,0.3377910554409027,-0.5025633,0.0020933111383300705
CHD7,-0.002162337303161621,0.683634249986101,0.5377035140991211,0.5366553,0.0008889942401371999
COX6A1,-0.0021638870239257812,0.6634949895788883,0.46894699335098267,0.24656734,0.15332350164330746
MORC2,-0.0021671056747436523,0.6283526620075865,0.5093075633049011,-0.03747152,0.8307743992592439
CARHSP1,-0.0021697282791137695,1.1434380319515387,0.895171046257019,0.5287111,0.0010940944272981683
MET,-0.0021762847900390625,0.9405614140712338,0.6840047240257263,0.53946257,0.0008251046245147862
AMPD2,-0.0021806955337524414,0.8111846620671849,0.6284510493278503,-0.2631477,0.12668001625550526
SLC27A2,-0.0021834373474121094,0.47301783011846155,0.38007450103759766,-0.070457935,0.6875390865431004
NCBP2,-0.002184271812438965,0.5675888869124455,0.44515085220336914,-0.41130236,0.01410180179546661
PAG1,-0.002187013626098633,0.3225549728278093,0.25259605050086975,0.48291475,0.0032995806803352303
CBX8,-0.0021893978118896484,0.6639604153424422,0.5229198336601257,-0.17458485,0.31582324343637486
TIPIN,-0.0021927356719970703,0.4403327276918509,0.32097291946411133,0.12580809,0.47144548764398764
RCOR1,-0.002197265625,0.45847477319970664,0.3589842617511749,-0.4439419,0.007551858087070766
SLC2A1,-0.002198934555053711,1.1309013293032566,0.9519022107124329,-0.6677262,1.1755229159165773e-05
MRTO4,-0.002201676368713379,0.46933290478206346,0.4095803499221802,0.011329524,0.9484971300485135
NUP93,-0.0022020339965820312,0.33556398430259937,0.23804940283298492,0.22760215,0.1885277675684945
THOC2,-0.002204418182373047,0.31585749381932504,0.25971221923828125,0.08959541,0.6087664888144572
POLR1A,-0.002205371856689453,0.4110603177994499,0.31667956709861755,-0.41737992,0.012609547426921124
GSPT2,-0.0022205114364624023,0.657754649067205,0.4650685489177704,0.04227363,0.8094627794805639
CTSA,-0.002227306365966797,0.9228656101671406,0.788992702960968,-0.026412144,0.8802853071892012
MRPL23,-0.0022314786911010742,0.483378092019762,0.39022549986839294,0.5790375,0.0002680566826092486
HBS1L,-0.002237558364868164,0.440957237683248,0.3293796479701996,-0.0036475845,0.9834086887180415
IGBP1,-0.0022389888763427734,0.6799905474089932,0.48433318734169006,0.28052127,0.10262103654079496
ERLEC1,-0.002246379852294922,0.6367013846995708,0.5152931809425354,-0.24524699,0.15560759583554432
TNPO1,-0.002251863479614258,0.7565473240020018,0.5653265714645386,-0.0066438857,0.9697844219968402
NOL3,-0.0022526979446411133,0.7110167658287111,0.5936684608459473,0.1101727,0.5286670784840168
MTPAP,-0.0022536516189575195,0.39594570455503325,0.310549259185791,-0.040059876,0.8192714268944354
LANCL2,-0.0022537708282470703,0.6491300262897133,0.5200233459472656,0.31438074,0.06587065011497664
AARSD1,-0.002253890037536621,0.9551377541117728,0.7613967657089233,-0.21727332,0.20992698512523233
STIM1,-0.0022579431533813477,0.7037207304998104,0.5535255670547485,0.62036204,7.029020544246272e-05
GPAT3,-0.0022614002227783203,0.6779038934573043,0.5436624884605408,0.3166961,0.06379785457067606
PDHA1,-0.00226438045501709,0.5646234275216634,0.43840157985687256,0.24914493,0.14893484915068403
NOP16,-0.002265334129333496,0.7024987504819027,0.5480064153671265,0.18238136,0.2943511338822933
ZFAND5,-0.0022666454315185547,0.558076632498153,0.4595659673213959,0.14680599,0.4000414281694198
CCDC22,-0.0022689104080200195,0.40671190265602625,0.313112735748291,-0.09098749,0.6031889363215108
SLC25A10,-0.0022695064544677734,0.6006481603628718,0.5068797469139099,0.59419125,0.0001675877572159602
UBE4A,-0.0022774934768676758,0.4378181560894338,0.3602335751056671,-0.004508287,0.979494494563002
ARMC6,-0.0022786855697631836,0.56140639702455,0.46427902579307556,-0.20644131,0.23411037342975954
BMP2K,-0.0022825002670288086,0.6652915128136431,0.5091615319252014,0.029509595,0.8663653883877527
PODXL,-0.0022891759872436523,1.0155813941397627,0.8082922101020813,0.40562457,0.01562745237193116
EMC1,-0.0022999048233032227,0.501077533979346,0.3992338478565216,0.5494535,0.0006293890607148257
ABLIM3,-0.002301454544067383,0.6609412723009752,0.5189337730407715,0.3384512,0.046732855567443915
ARFGAP2,-0.0023120641708374023,0.5469180226432936,0.4435698091983795,-0.22640325,0.19092964424756106
NDUFA8,-0.002313852310180664,0.5042886687541096,0.37971752882003784,0.3344108,0.04958887633933467
SVIP,-0.0023164749145507812,0.5373566214486005,0.4192275106906891,-0.38167807,0.023669684745994637
ASF1A,-0.0023195743560791016,0.46138583217235796,0.3786759078502655,-0.4912536,0.002728965307617784
FASN,-0.0023273229598999023,1.0619801764353238,0.8557164072990417,0.4758592,0.003860583500683059
AKR1B1,-0.002329707145690918,1.2707490684630443,0.9151151180267334,-0.3262041,0.05581921610186105
CAMSAP2,-0.002338886260986328,0.5756659662785086,0.4544212520122528,0.042325348,0.8092338761967782
ANXA6,-0.002344369888305664,1.3681912034887134,1.1077864170074463,-0.17939566,0.30246093912504274
UBAP1,-0.0023500919342041016,0.45913612616663385,0.3826553225517273,-0.09122015,0.6022587009654344
TOMM40,-0.0023592710494995117,0.45571409654677447,0.3674088716506958,-0.29303348,0.08756583968749122
FAM83H,-0.002365589141845703,1.0637866252148036,0.8856810331344604,-0.36438766,0.03139258582863917
ESS2,-0.0023729801177978516,0.5791469768452182,0.4478929340839386,-0.0028345278,0.9871063814224945
ITPR3,-0.0023761987686157227,0.8368051963337557,0.7007293105125427,0.64378595,3.014519784535444e-05
TMX2,-0.0023810863494873047,0.6249464727368573,0.5408251881599426,0.14923672,0.3921980515422108
PEX16,-0.002394437789916992,0.4880891345691423,0.3864544630050659,-0.1847672,0.2879715785203895
CDC27,-0.002400994300842285,0.4963888206940253,0.36979004740715027,0.16003242,0.35845226663922847
MSI2,-0.00240170955657959,0.6814996961703501,0.5414015054702759,0.09280521,0.595938902737762
RABAC1,-0.0024031400680541992,0.6907795582085968,0.5769782066345215,-0.10634864,0.5431571467686994
CDCP1,-0.0024111270904541016,0.9674146431719843,0.7807921171188354,0.20727013,0.23219608704801958
ACOT9,-0.0024127960205078125,1.0752411571849503,0.9358888864517212,0.73056656,6.280929563134298e-07
NMES1,-0.002415895462036133,1.130397616707597,0.8502764701843262,0.11778254,0.500402617576768
ALDH3A2,-0.00242006778717041,0.9984171678744386,0.824407696723938,0.47473478,0.00395721527840177
MCMBP,-0.00242459774017334,0.75479690043142,0.6168355941772461,0.24878012,0.1495503232410903
RNASEH2A,-0.0024366378784179688,0.7686502671095574,0.5973247289657593,0.6772055,7.906618274939785e-06
GSDME,-0.002445697784423828,0.5726884965547598,0.42982280254364014,-0.23991673,0.16507903335492807
ATP5PO,-0.00244748592376709,0.468850506497956,0.39607375860214233,-0.07787427,0.6565689817173823
PARVA,-0.0024482011795043945,0.6238712369942532,0.45673221349716187,0.082828246,0.6361869085122119
DNAJC17,-0.0024585723876953125,0.45927935921650387,0.3495524227619171,-0.2532938,0.14206402073406665
RCOR3,-0.0024622678756713867,0.5489886717643785,0.40569496154785156,0.27720317,0.10692485407219605
MICOS13,-0.0024663209915161133,0.35393126696150884,0.2981919050216675,-0.47310203,0.0041012565011855915
COPS7B,-0.0024750232696533203,0.46026850498550825,0.3480919599533081,-0.15670817,0.3686525787722752
SUPT6H,-0.0024777650833129883,0.5243660959935944,0.42509570717811584,-0.21774487,0.2089151435342959
KLC1,-0.002479076385498047,0.9405536510490558,0.7694337964057922,-0.65587056,1.89339222266523e-05
PRPS2,-0.0024805068969726562,0.37289635382726655,0.3031255900859833,-0.13839686,0.4278606225282834
PSMD3,-0.0024852752685546875,0.5810443011726004,0.458472341299057,-0.44419792,0.007513160611600836
PHF14,-0.002488374710083008,0.3843340123040443,0.3048606812953949,-0.14169528,0.4168231153856811
YBX1,-0.0024895668029785156,0.5845105661639669,0.4542568624019623,0.0077368133,0.9648168585607694
CDK2,-0.0024918317794799805,0.5521422540664552,0.41746795177459717,0.26773125,0.11996129233582525
RNF213,-0.0024951696395874023,0.727744504865253,0.627933144569397,0.26517895,0.12366890955404942
C8orf33,-0.0024955272674560547,0.592413728726648,0.4735982120037079,-0.41941333,0.01214101272454127
ITPRID2,-0.0025005340576171875,0.7552615618308499,0.6696674227714539,-0.43316072,0.009343264624797874
PIGS,-0.0025037527084350586,0.5313799643023291,0.4108278453350067,0.3038677,0.07595576979474263
FAHD1,-0.0025058984756469727,0.7104865939347345,0.5702698230743408,0.06782469,0.6986597999711804
LYAR,-0.0025159120559692383,0.7664923134484928,0.6212202906608582,0.46169922,0.005239664749877986
SDHAF2,-0.0025186538696289062,0.42101794181521796,0.33471110463142395,0.30531412,0.07450109329453344
STARD10,-0.0025191307067871094,0.8316473634947652,0.704107403755188,-0.26814097,0.11937374611906247
TRIP11,-0.002521038055419922,0.5845642527971323,0.4631859362125397,0.45408747,0.006142751832150636
CNST,-0.0025256872177124023,0.5487086481663195,0.3572935461997986,0.059171908,0.7356281790116432
ITGB4,-0.0025271177291870117,1.5981707129357448,1.304226279258728,-0.0040820055,0.9814331058982689
SLC9A3R2,-0.0025309324264526367,0.8347377902769156,0.6813177466392517,-0.4906494,0.002767204395803343
ERI3,-0.0025353431701660156,0.4703717945272488,0.38177093863487244,0.14409007,0.40891077898966743
RPP30,-0.002539515495300293,0.3182506258524624,0.24883921444416046,0.15317228,0.37968901502103797
IPO5,-0.002541780471801758,1.0140148016434303,0.819698691368103,-0.078037694,0.655892553853032
UQCRFS1,-0.002543210983276367,0.6790644322037362,0.5711281895637512,-0.34605673,0.04171539985456684
LARS2,-0.002553105354309082,0.5087308063213783,0.42330610752105713,0.36142525,0.03290244557164534
RHOF,-0.0025559663772583008,0.6950240233269325,0.5228524208068848,-0.02523141,0.8856012632771223
EIF5,-0.0025568008422851562,0.9243620283391525,0.6643210053443909,-0.24272358,0.16004118668331316
DNMT3A,-0.002556920051574707,0.620997919331012,0.5199448466300964,0.35409832,0.0368926888792797
CYCS,-0.00257110595703125,0.5711675009222796,0.46210867166519165,-0.13561435,0.43729642782473227
FLOT2,-0.00257265567779541,0.54815553878043,0.41981586813926697,0.11365955,0.5156210782128975
AP3B1,-0.0025734901428222656,0.46261028057554376,0.3555541932582855,-0.25977355,0.131801814689055
HDDC2,-0.002575993537902832,0.7594537953127668,0.5776969194412231,-0.23214558,0.1796184170637547
G3BP2,-0.0025854110717773438,0.5679554765873995,0.4293196499347687,-0.40914375,0.01466638175211008
RANBP9,-0.0025877952575683594,0.5594019611616812,0.44982999563217163,0.19925828,0.2511463547095657
ERCC6,-0.0026030540466308594,0.7209772761913313,0.599900484085083,-0.15168579,0.3843857689118015
NADK2,-0.0026061534881591797,0.7945230219142076,0.6691340804100037,0.339758,0.045837836984310945
RPS19BP1,-0.002608180046081543,0.5818524950225564,0.4847736954689026,0.20036344,0.24847315292633682
ACAA2,-0.002616286277770996,1.006880928462528,0.773958683013916,-0.5539136,0.0005561992622312408
STX6,-0.0026216506958007812,0.6200070981803774,0.47176676988601685,0.4628475,0.005113891770577696
NOMO1,-0.0026235580444335938,0.4786561409300797,0.3717665672302246,-0.3615684,0.03282813585484193
ALKBH5,-0.0026241540908813477,0.5398351411919718,0.41431865096092224,-0.4192532,0.012177359770745563
PKP3,-0.002625107765197754,0.9876422852004314,0.8438037037849426,-0.13006729,0.4564438505633278
PDCD5,-0.0026323795318603516,1.24960106205657,0.9330202341079712,-0.45088667,0.006560641253662895
MYL6B,-0.0026350021362304688,0.4722095774924193,0.3574492931365967,0.5596633,0.0004730407934759296
C1orf131,-0.0026367902755737305,0.453621181587595,0.36966943740844727,-0.11664504,0.5045783219541254
SEL1L,-0.00264132022857666,0.6958058139552094,0.5332219004631042,0.2013716,0.24605101275987387
SYNGR2,-0.0026456117630004883,0.6386092735664347,0.5389096140861511,0.31824154,0.06244318413231706
RETREG3,-0.0026459693908691406,0.38314944638890897,0.2907349765300751,-0.22388832,0.19603776084418545
TMEM65,-0.002649664878845215,0.5814316496494762,0.45115554332733154,0.33770135,0.04725266725108742
POLRMT,-0.002654552459716797,0.35105118125488044,0.2903260290622711,0.2544337,0.14021760794600838
FLYWCH2,-0.0026580095291137695,0.6055831801046536,0.4789319634437561,-0.3839735,0.02277433844056007
PUS1,-0.0026665925979614258,0.5330973370028481,0.42189714312553406,0.11973797,0.4932655202883912
PPP1R14B,-0.002668142318725586,0.9936820960687001,0.8093795776367188,-0.000330545,0.9984962794017825
RNASEH2B,-0.0026710033416748047,0.5510739840409494,0.46434298157691956,-0.07737082,0.6586542230839846
PEBP1,-0.0026755332946777344,1.380420793219533,1.1029142141342163,0.31684956,0.06366234385120777
PHB2,-0.0026781558990478516,0.49212994314651387,0.3909185230731964,0.37033698,0.028531313821813717
SCAMP3,-0.0026837587356567383,0.6415127441615099,0.4848666191101074,0.047661033,0.7857136380767512
PIN1,-0.002686619758605957,1.0692694377688767,0.8781988024711609,0.29648775,0.08372490159543691
ZNF512,-0.0026897192001342773,0.6957547999129751,0.5572686791419983,0.4565845,0.005832815135085297
MMS19,-0.002689838409423828,0.3900744563945769,0.3184085786342621,-0.06303224,0.7190572052996669
VBP1,-0.0026979446411132812,1.0619019901107905,0.8815444111824036,0.28451383,0.09761804682147998
NDUFB7,-0.0027005672454833984,0.45328837770777275,0.36468419432640076,0.47050172,0.004340040193677643
METTL26,-0.002701401710510254,0.4360520209012455,0.34703466296195984,-0.19635367,0.25826379780315756
AK4,-0.0027022361755371094,0.8369496359103005,0.6284849643707275,-0.2439392,0.15789421517481977
DDX47,-0.002706170082092285,0.5678156975764768,0.46463093161582947,-0.32768464,0.05465146679769324
KAT8,-0.0027064085006713867,0.3588519021097973,0.2927638590335846,-0.10948567,0.5312567725175759
PFDN4,-0.00270843505859375,0.8476041083405982,0.6645364165306091,0.5436299,0.0007377423746593413
EPN1,-0.0027102231979370117,0.4894384176445149,0.38375145196914673,-0.032001674,0.8551938079799708
PLOD2,-0.002711176872253418,1.5156828879086874,1.2089956998825073,0.41640666,0.012839132921338843
PRR36,-0.0027114152908325195,0.6371012281952975,0.5308905839920044,-0.06339114,0.717523179539964
EXOC5,-0.0027121305465698242,0.3809161804091519,0.31441769003868103,0.13815656,0.4286711189782134
MFAP1,-0.002713918685913086,0.36722706520704324,0.2596069872379303,0.06285843,0.7198006536394163
SNAP23,-0.0027140378952026367,0.9418229569787389,0.7998450994491577,-0.033011526,0.8506748867867763
ENSA,-0.0027211904525756836,0.8483311651485692,0.7286950349807739,-0.48605242,0.0030737646922971277
KIAA0319L,-0.0027298927307128906,0.6752754700131903,0.5539435744285583,0.50264025,0.0020894701201053406
PARD6B,-0.0027326345443725586,0.7934443358359359,0.6377862095832825,0.35993248,0.0336854940296575
GTF3C2,-0.0027333498001098633,0.3775637330955623,0.28196609020233154,0.087324515,0.6179124102549522
NDUFS1,-0.002737283706665039,0.5554498618304048,0.43542715907096863,0.062254947,0.7223842859014832
CAPZA2,-0.0027381181716918945,0.5440393226239784,0.4498990774154663,-0.092917226,0.5954931992487809
NSMCE1,-0.00274658203125,0.34023218865902005,0.2614549398422241,0.15048783,0.3881958953702315
SS18,-0.0027467012405395508,0.5031718143458005,0.36413082480430603,-0.54611874,0.0006895651520343469
IPO8,-0.002757549285888672,0.8094157587930819,0.5912846326828003,-0.19457875,0.2626779572375723
CBX5,-0.002758502960205078,0.8942597489437466,0.7476200461387634,0.46768036,0.004612603910116617
GALNT3,-0.0027674436569213867,0.49529452787700173,0.3842962086200714,0.20275876,0.24274398315375978
ECH1,-0.0027707815170288086,1.1144185999173177,0.8892706632614136,0.29846564,0.08158507257585067
MEPCE,-0.002772808074951172,0.37044675542121325,0.26252102851867676,0.048084185,0.7838563536433003
CTSH,-0.0027742385864257812,0.714944967806318,0.5860876441001892,-0.11384831,0.5149191413081803
IGF2BP3,-0.0027769804000854492,0.686736962225559,0.5573633313179016,0.23729403,0.16988804852472192
KPNA6,-0.0027801990509033203,0.5780698646854139,0.4705212116241455,-0.4342037,0.009155491721870067
VPS37C,-0.0027933120727539062,0.5207426532642839,0.3967141807079315,-0.25940606,0.13236860702162076
IKBIP,-0.0027981996536254883,1.3841056165527352,1.1699289083480835,0.4213883,0.011700128131043904
TRIM3,-0.002802610397338867,0.5066662689989604,0.36644038558006287,-0.10506381,0.5480675200172842
TMEM263,-0.002805948257446289,0.7829660261293685,0.5764503479003906,-0.1269763,0.4673055478551865
RAB6B,-0.002807140350341797,0.5074966622228745,0.40653860569000244,-0.411102,0.014153400173936057
IKZF1,-0.0028100013732910156,0.43747637889310564,0.334481418132782,0.16137809,0.3543715374658281
BAG1,-0.0028151273727416992,0.3412255443990399,0.2660258114337921,0.022236634,0.8991056173202827
MRRF,-0.002821803092956543,0.6489090870704054,0.5169003009796143,0.35222062,0.037976113812625306
CTPS2,-0.0028221607208251953,0.4897293589995096,0.3906981348991394,0.45600173,0.005903913830395197
SEPTIN8,-0.0028350353240966797,0.5482643462711956,0.43937960267066956,0.07274656,0.6779258348559256
NUP133,-0.002839207649230957,0.40563263199713423,0.2842977046966553,0.35671073,0.03542722818241068
RSL1D1,-0.002843022346496582,0.5298313384429025,0.41276732087135315,0.25601858,0.13767950466374002
ESD,-0.0028438568115234375,1.0399297092599173,0.8558732867240906,0.70787156,1.973774507005952e-06
RXRB,-0.002845168113708496,0.3079761650938509,0.2504347264766693,0.06629002,0.7051699627652401
MRPS36,-0.002849578857421875,0.5964399439883453,0.4880943298339844,0.49445683,0.0025338154866504457
CPNE8,-0.002853870391845703,0.37470122196882955,0.31075721979141235,-0.24830897,0.15034794568233392
KIF23,-0.002853989601135254,0.35570476368225656,0.28184232115745544,0.11347039,0.516324375584626
PPA2,-0.0028586387634277344,0.7474054519796436,0.6035889983177185,-0.43783915,0.008525872402382133
MAGED1,-0.002862691879272461,0.5045166163302608,0.3998079001903534,0.11822146,0.49879601316835925
FAM98B,-0.0028704404830932617,0.8811958499260941,0.7112374305725098,-0.5802992,0.0002580027568142896
RPRD1A,-0.002875089645385742,0.8913424095408804,0.7645265460014343,0.13097093,0.4532944736743441
TOR1A,-0.0028760433197021484,0.7732128626270093,0.6193804740905762,-0.53238994,0.0009944416177339733
ARL1,-0.00288236141204834,0.6412219081176046,0.5206847786903381,0.14702372,0.3993353814204219
CXXC1,-0.0028867721557617188,0.4336903095124122,0.3448430895805359,0.19673266,0.25732770836095
LDAH,-0.002895951271057129,0.42221003050867567,0.3193957805633545,0.12893255,0.46041541118389884
TUBB2B,-0.0028998851776123047,1.771546485762553,1.4482896327972412,-0.45067042,0.006589732220911157
SORD,-0.0029104948043823242,0.9159762245928208,0.7107331156730652,0.3537671,0.037081927494903244
NUF2,-0.002913951873779297,0.4510489126978663,0.3565962314605713,-0.30912772,0.07076952023812551
CHORDC1,-0.0029140710830688477,0.7153749420523265,0.5196390151977539,-0.21355963,0.2180154739225839
SARG,-0.0029217004776000977,0.7797330242925223,0.6137548089027405,-0.26943254,0.1175363020568891
HPRT1,-0.0029371976852416992,1.3014033207635411,1.0720713138580322,-0.12326165,0.48053665430834547
GGCT,-0.0029419660568237305,1.2080406733417033,1.0291478633880615,-0.58869845,0.00019922848922856057
NOP58,-0.002942681312561035,0.3798808315980547,0.3113316595554352,0.08396249,0.6315567064821892
ACSS1,-0.0029441118240356445,0.555775984770528,0.44714784622192383,-0.16471854,0.34436414275349364
CSRP2,-0.0029524564743041992,0.83073069334139,0.6763743162155151,0.09676115,0.5802928704497675
METTL7B,-0.0029529333114624023,0.4489643703535696,0.32861122488975525,0.39107615,0.020179762974280587
SNX12,-0.002953052520751953,0.8035837770451778,0.5950191020965576,0.10251447,0.5578718334712622
ANP32E,-0.002954721450805664,1.0909536309253027,0.9011505246162415,0.21935542,0.20548394552750993
EXOSC4,-0.0029562711715698242,0.49026958749460153,0.39585843682289124,-0.07719345,0.6593895752598719
CFDP1,-0.002959012985229492,1.0339216823616615,0.8078036308288574,-0.23296994,0.17803427578946682
SEPTIN6,-0.0029593706130981445,0.44703435124078555,0.3313698470592499,0.09328386,0.5940357206136614
SYNPO,-0.0029610395431518555,0.6256376351710708,0.4866558611392975,0.4925756,0.0026468904719643147
PAXBP1,-0.002968311309814453,0.3216732591960667,0.24407866597175598,0.27201673,0.11392338261464144
ERC1,-0.0029691457748413086,0.5505612251768446,0.43899762630462646,-0.047306467,0.7872714305270091
PPM1F,-0.0029757022857666016,0.7214690896125682,0.5582998991012573,-0.24811535,0.15067681121356832
CNP,-0.0029761791229248047,0.5314572434941922,0.4476328194141388,0.10226331,0.558842207635296
GART,-0.002976536750793457,1.0792574808702247,0.8384186625480652,-0.034765966,0.8428351794596648
PDCD6,-0.0029802322387695312,0.7956911530902613,0.6415179967880249,-0.014935963,0.9321358369903321
GOLGA1,-0.0029850006103515625,0.7764703646062845,0.6782846450805664,0.52995104,0.0010595633062613957
TMEM59,-0.0029871463775634766,0.7180123067932778,0.5371653437614441,0.23695618,0.1705149629742595
TOR1AIP2,-0.002991318702697754,0.7465745265625918,0.5857178568840027,0.3555573,0.03606827796478145
DCUN1D1,-0.0030003786087036133,0.48881881114834813,0.3706246018409729,-0.10009359,0.567257014924904
RANBP1,-0.0030117034912109375,1.3083663059542368,1.1164538860321045,-0.18394507,0.29015990681434845
NSRP1,-0.003013134002685547,0.49794786254434786,0.3566209077835083,0.198077,0.25402520434774506
EPDR1,-0.0030156373977661133,0.7602603743026278,0.6361042857170105,0.7233656,9.14178487996068e-07
PPCS,-0.003017902374267578,0.4878338862489739,0.394492506980896,0.006835609,0.9689130617022652
CUX1,-0.003020048141479492,0.46459162309831636,0.33594727516174316,-0.11261865,0.5194986317616281
USP24,-0.0030368566513061523,0.40429665385806907,0.3249408006668091,0.03337632,0.8490436474133228
CAAP1,-0.003041505813598633,0.41676276012833696,0.3341080844402313,-0.028768057,0.8696942030189726
CCDC6,-0.0030443668365478516,0.5814877987563134,0.45274633169174194,-0.023621581,0.8928566559901521
APOOL,-0.003046870231628418,0.4917164925474041,0.38718414306640625,0.10613029,0.5439903155771286
DTD1,-0.003049015998840332,1.1951347667724719,1.0758863687515259,0.6708229,1.0342894920827934e-05
LPCAT2,-0.0030509233474731445,0.7092280954172593,0.5810837149620056,0.45143008,0.0064880303747981
ECPAS,-0.0030612945556640625,0.6475207501109632,0.49055907130241394,0.20767318,0.2312690762665151
TTF2,-0.003065943717956543,0.47858423792110194,0.3947208821773529,-0.118557714,0.4975673046589637
NIT1,-0.0030753612518310547,0.5690797258730937,0.43987414240837097,0.32137415,0.05976691501170665
ARPC5,-0.003075838088989258,0.6107217139315771,0.47129392623901367,0.1455714,0.4040596189300575
YKT6,-0.003077983856201172,0.4379328732012713,0.3217667043209076,0.326265,0.055770783339752786
FAM207A,-0.003092169761657715,0.5144917142699474,0.41729816794395447,0.30034012,0.07959622812658992
SUPT16H,-0.003102898597717285,0.6358359365880761,0.5376279354095459,-0.6931803,3.91891188736687e-06
SLC35B2,-0.003104567527770996,0.6408841841612343,0.5504810810089111,-0.013452094,0.9388649764816901
NPM3,-0.003113269805908203,0.9143714382704582,0.7612524628639221,-0.09001096,0.607099098602434
CLTCL1,-0.003115534782409668,0.4934610511228011,0.4106937646865845,0.21775144,0.20890084081207136
SUGP2,-0.0031191110610961914,0.667166490246345,0.5348230600357056,-0.6110571,9.657981304270689e-05
MDC1,-0.0031197071075439453,0.6414070240903544,0.4931504428386688,-0.19187804,0.26948928685151496
CNOT3,-0.00312197208404541,0.6059099128349186,0.4398367702960968,-0.2592462,0.1326157836480574
USE1,-0.0031327009201049805,0.46971815581541415,0.4019469916820526,-0.05640491,0.7475787811222891
YWHAG,-0.00313723087310791,0.7343340517355992,0.5889757871627808,0.03948199,0.8218366433310788
CERT1,-0.003157973289489746,0.5093571279467942,0.3519609868526459,0.029050127,0.8684277063182092
NOLC1,-0.003165602684020996,0.6896849936684759,0.5681595802307129,-0.05710431,0.7445524573412058
VAMP8,-0.003165721893310547,0.8074393762796575,0.6833289265632629,0.54833174,0.0006490900511402758
ADA,-0.003172755241394043,0.57622026143325,0.4386245906352997,0.021658933,0.9017139161775334
FKBP5,-0.003173232078552246,0.4474685741557153,0.3728172183036804,-0.043917056,0.8021993652041866
SHMT1,-0.003175497055053711,0.5663804673213251,0.4487985670566559,-0.016850904,0.9234588578072428
RBP1,-0.0031821727752685547,1.188580523342468,0.9960501790046692,0.45375744,0.006184763723711417
TOM1,-0.0032024383544921875,0.6139989650170864,0.49437767267227173,-0.015263776,0.9306498495351128
SMC2,-0.0032056570053100586,1.0091804860242752,0.806867241859436,0.23426887,0.175558659308994
DCAF13,-0.0032063722610473633,0.47704339387731876,0.36318179965019226,0.2448849,0.15623837403748664
PIP4P1,-0.0032144784927368164,0.45192218499868253,0.3789311647415161,0.15306996,0.3800111192081896
CEP170,-0.003225088119506836,0.8690507820927837,0.7490591406822205,-0.53358305,0.0009638874347391296
SMARCC1,-0.0032253265380859375,0.9212696868366473,0.7813559174537659,-0.44599456,0.007246366633558969
IGF1R,-0.0032314062118530273,0.7245145257529614,0.6091904640197754,0.34047583,0.04535217158245066
XPO5,-0.0032352209091186523,0.879858221965791,0.7223779559135437,-0.5118776,0.0016711219890454415
CWC22,-0.003247380256652832,0.42495565253175593,0.31632161140441895,-0.016815934,0.9236175871067218
RPS7,-0.0032498836517333984,0.39436287639137707,0.29044389724731445,0.010554697,0.9520153624966072
SEPHS1,-0.0032502412796020508,0.771078616286533,0.5656173825263977,0.23115736,0.18153041331286288
THOC7,-0.003258228302001953,0.37332997390109784,0.2842687964439392,-0.13627428,0.43504817887406955
QTRT1,-0.003261566162109375,0.5791121123255154,0.4582868814468384,-0.008920736,0.9594368065582484
ZC3H18,-0.0032629966735839844,0.43439157646439713,0.3311220407485962,-0.0990475,0.5713345004740925
MEAF6,-0.003263115882873535,0.5512330386954063,0.43003055453300476,-0.30580196,0.07401529301351263
BOLA2,-0.0032733678817749023,1.4404233977616914,1.1698347330093384,-0.3742402,0.026773212110261315
RBBP7,-0.0032755136489868164,0.6166259528801726,0.5033305287361145,0.173605,0.31858958734344056
SMC1B,-0.003276228904724121,0.5225077100121057,0.4231262505054474,0.1473555,0.3982602888038923
ALDH1L2,-0.003290534019470215,0.8969824244798471,0.6988884806632996,-0.5312071,0.001025570403202439
USP13,-0.003291606903076172,0.7466399106130748,0.6012080907821655,0.40960777,0.01454342769843388
PLSCR3,-0.0032930374145507812,0.612504892913582,0.5050920844078064,0.25012296,0.14729363802874687
CST3,-0.0032967329025268555,0.7968211810319604,0.5666043162345886,0.36122125,0.03300854769451019
PLA2G15,-0.0033015012741088867,0.5521784436573994,0.4596153795719147,-0.40876377,0.014767687099014718
HACL1,-0.0033044815063476562,0.5238923331442205,0.42616453766822815,0.5119262,0.0016691296904273324
ALDOA,-0.003304600715637207,0.9484856054433379,0.6894859075546265,0.09857685,0.5731733474234553
MMTAG2,-0.0033112764358520508,0.5097989769325602,0.3898465931415558,-0.050675437,0.7725067788498783
ARG2,-0.003311753273010254,0.6881566812842957,0.5579260587692261,0.5101016,0.0017453130327343047
CSTF1,-0.0033147335052490234,0.3555080056784637,0.29024550318717957,-0.18226102,0.294675452030373
ENO2,-0.0033168792724609375,1.9425313287710024,1.6654444932937622,0.4604549,0.005378960819890716
PRMT3,-0.0033200979232788086,0.44812429036998025,0.33460143208503723,0.018172856,0.9174741318017391
AP1M2,-0.0033228397369384766,0.6175601896303213,0.5441296696662903,0.3064518,0.07337214882247023
POLR2C,-0.0033533573150634766,0.3867309838103492,0.316669225692749,-0.42225018,0.011512008962226561
ISOC2,-0.00335538387298584,0.6350150923925347,0.5101792216300964,-0.03699869,0.8328792951578601
ETF1,-0.0033620595932006836,0.827839064267267,0.5954920649528503,0.042881113,0.806775997263598
HYPK,-0.0033627748489379883,0.524754987037809,0.39691492915153503,0.1913328,0.27087837402888354
NCS1,-0.003371119499206543,0.4495109602851113,0.371030330657959,-0.025709726,0.8834469044320673
MLLT1,-0.0033780336380004883,0.360553405801761,0.3022693991661072,0.079411805,0.6502165065349612
SERPINE1,-0.00337982177734375,0.7652532492428141,0.6558735370635986,-0.327027,0.055167762908250345
RRP36,-0.003381490707397461,0.5706087414283528,0.4673759341239929,0.31758225,0.06301834309958763
SLC39A6,-0.003384828567504883,0.3750018080031997,0.2739993631839752,-0.043098897,0.8058132691701988
TCAF1,-0.003386378288269043,0.5345547212132634,0.4563154876232147,-0.28765652,0.09381245752237828
PTPN11,-0.0033997297286987305,0.672312992960696,0.4852229952812195,0.4706586,0.004325301730396431
PDXDC1,-0.0034052133560180664,0.8551278327724341,0.61709064245224,-0.3009417,0.07896605717104899
GRK2,-0.003416895866394043,0.38531248084916736,0.30391377210617065,0.47355247,0.004061077290059403
SCCPDH,-0.003420114517211914,0.7333167141057116,0.5613012909889221,0.39177793,0.01993728649405868
ANKLE2,-0.003443479537963867,0.42661124010359125,0.3466157913208008,-0.39391777,0.019212994695852036
PI4KA,-0.0034437179565429688,0.5168790883060569,0.4186784327030182,0.016240845,0.9262224532597761
CEP41,-0.003445267677307129,0.5239907657250066,0.38440948724746704,-0.33057663,0.05242657565511299
CAVIN1,-0.003445744514465332,1.8874356820977467,1.5972239971160889,0.65224844,2.1812695781585766e-05
P4HA2,-0.003448009490966797,1.4077600636597585,1.1307847499847412,0.61588025,8.201717488010618e-05
ATP1B1,-0.0034537315368652344,1.1014220236088328,0.903374969959259,0.15296774,0.38033338351703583
POLDIP3,-0.003459453582763672,0.7982098861517009,0.6201841831207275,-0.4510601,0.006537403127493094
GOLT1B,-0.003460526466369629,0.7106739855333363,0.5720263123512268,-0.30987173,0.07005888577289224
CAV1,-0.0034608840942382812,1.3234428000315859,1.0957967042922974,0.14910579,0.3926181363563126
ATXN10,-0.0034612417221069336,0.5879319388742056,0.4749618470668793,-0.669621,1.0871626081179423e-05
PNPO,-0.0034612417221069336,0.456363336647594,0.35358726978302,0.2483251,0.15032064804400475
GEMIN5,-0.003465890884399414,0.6180027755841637,0.5065656900405884,-0.20788792,0.23077629859228363
STAG2,-0.003468155860900879,0.587802512830858,0.46598440408706665,-0.4334572,0.009289579432915066
NID1,-0.0034759044647216797,0.38476763884506293,0.30697837471961975,0.38848433,0.02109644342999035
BUB1B,-0.003482222557067871,0.38438561355079787,0.31150951981544495,0.03830839,0.8270514839843718
HSPA9,-0.0034830570220947266,0.762343790906939,0.6137646436691284,0.16658853,0.33883759711700967
MGLL,-0.003490447998046875,0.3976135148503607,0.32595935463905334,-0.08052099,0.6456482622292115
HMG20B,-0.003505110740661621,0.5460586995021707,0.3926863372325897,-0.27928853,0.10420439245961476
ERP44,-0.0035114288330078125,0.6164892326939974,0.5174872279167175,0.066681504,0.7035073208622155
WDR91,-0.003514409065246582,0.45889196886045547,0.3627670109272003,-0.16087613,0.3558904384869245
NVL,-0.003517627716064453,0.35202692932511553,0.3008266091346741,-0.3574733,0.03500842139691659
HACD3,-0.0035234689712524414,0.45860169061028067,0.3702557682991028,0.04271003,0.8075323589012016
MAPT,-0.003529071807861328,0.5355748954582317,0.4554251432418823,-0.14987135,0.3901648271055739
EML2,-0.0035420656204223633,0.5541606872876573,0.42583486437797546,-0.4846064,0.0031761054728680514
FUNDC2,-0.003542661666870117,0.4297053593478672,0.3468829393386841,0.11798578,0.49965876878734194
CLPX,-0.0035431385040283203,0.46115409482051783,0.3788708448410034,0.58920425,0.0001961056085864156
POFUT1,-0.003543853759765625,0.5777254786138505,0.4364587068557739,-0.2825399,0.10006784854596203
VPS4B,-0.003543853759765625,0.6352845872863333,0.5010788440704346,0.44028848,0.008122793735663617
TIGAR,-0.0035479068756103516,0.480247105283418,0.38495057821273804,0.27288252,0.1127319177007145
ABCB10,-0.00354921817779541,0.5291694684843045,0.43862390518188477,0.5084879,0.0018152078243012584
LSG1,-0.0035551786422729492,0.511038845405406,0.41280248761177063,0.44540572,0.007332903693718572
SCPEP1,-0.0035573244094848633,0.48449173412810803,0.38576099276542664,0.1444627,0.4076872747192745
SMARCD1,-0.0035609006881713867,0.9141861595560737,0.7779968976974487,0.62850446,5.2781223200259336e-05
TEX10,-0.0035614967346191406,0.4365491411463025,0.3437378704547882,-0.14435928,0.40802679768676414
TKFC,-0.0035823583602905273,0.9077865465561143,0.7539604902267456,-0.57346463,0.00031677676567900897
MLPH,-0.003583550453186035,0.7807370600047939,0.5569376349449158,0.49344555,0.002594067340421471
RNF169,-0.003588438034057617,0.45842190630810703,0.3532382845878601,-0.12166299,0.4862905209638097
FLOT1,-0.003598928451538086,0.6543510983901308,0.507145881652832,-0.07155694,0.6829166177887781
MDP1,-0.003604412078857422,0.5443829842210768,0.43925201892852783,-0.48818082,0.0029283391787444765
BLVRA,-0.0036100149154663086,0.8247802051448971,0.6492053866386414,0.059537627,0.7340530515471005
ARHGDIB,-0.0036191940307617188,1.1687094594686698,0.9927036762237549,0.03930275,0.8226328237187469
RPRD2,-0.00362396240234375,0.5186448818008307,0.41927972435951233,0.0060824975,0.9723363796794572
HLA-A,-0.0036240816116333008,1.600200092201912,1.3581281900405884,0.54318047,0.0007467524866555074
RHEB,-0.0036292076110839844,0.4735286794806816,0.3387824594974518,-0.2702907,0.1163271118772845
BST2,-0.0036317110061645508,1.0232204760428634,0.8131572008132935,0.28200385,0.10074100406276112
PTRH2,-0.0036385059356689453,0.6051197645957324,0.48716986179351807,0.33677953,0.04789798860414487
LSR,-0.0036458969116210938,0.7486931621013547,0.6138107776641846,0.06549959,0.7085312321923102
FKBP10,-0.003651738166809082,0.9122723060174442,0.7490478157997131,0.2570713,0.13601269320843568
CHD1,-0.0036524534225463867,0.47568194538442493,0.3911784887313843,-0.04505471,0.7971809470133326
CAP2,-0.00365447998046875,0.7199549319149411,0.5586533546447754,0.08064447,0.6451404270347819
SAMHD1,-0.003657102584838867,0.6432583116319814,0.48297205567359924,-0.2717126,0.114344322380881
CISD2,-0.003670930862426758,0.5738738964255492,0.4347584843635559,-0.04489398,0.7978893456965314
RBM26,-0.003672480583190918,0.6243833122043789,0.5156760215759277,0.3106373,0.06933348318827386
SDSL,-0.0036743879318237305,0.5525074954840618,0.42418166995048523,0.34794423,0.04054005743965455
PPP4R3A,-0.0036770105361938477,0.5312233244986606,0.4391123056411743,-0.24802169,0.15083586573116797
GADD45GIP1,-0.003690481185913086,0.5336889492023724,0.417087584733963,0.53408515,0.0009512793017894964
CHMP1B,-0.0036984682083129883,0.6220499751001848,0.4824713170528412,-0.029712092,0.8654565094180071
PPP4R3B,-0.0037006139755249023,0.48731251559343713,0.3974333703517914,0.019485608,0.9115353722824157
COPS8,-0.0037069320678710938,0.8430825171714764,0.6867156028747559,-0.37080646,0.028314973254690852
WDR33,-0.003712773323059082,0.3329687235423614,0.2537621855735779,-0.23298185,0.17801167162379625
NAA30,-0.003714323043823242,0.37228231322598515,0.32140693068504333,-0.06144,0.7258774655437055
GPAA1,-0.0037244558334350586,0.6377051266532797,0.5162140727043152,0.62241745,6.543610767271778e-05
VPS29,-0.0037251710891723633,0.5878334904785782,0.4476875364780426,0.24493888,0.15614420075864488
TIMM29,-0.0037277936935424805,0.6416257624366165,0.5413262248039246,0.44786114,0.00697782417709129
DNMT1,-0.0037369728088378906,0.9103208073853435,0.7491270899772644,-0.40682244,0.015294562556193726
DHRS2,-0.003737211227416992,1.164383607137404,0.9361236691474915,0.24661486,0.1532418810898878
TYMP,-0.0037385225296020508,1.1438541427476587,0.911582350730896,-0.3649296,0.03112260631413584
ECM1,-0.003745436668395996,0.5986328125,0.4732190668582916,0.6803913,6.897594953079453e-06
DNAJC7,-0.003748178482055664,0.7705755361134539,0.584941565990448,0.2732039,0.11229198148385316
CD2BP2,-0.0037502050399780273,0.49172847778181983,0.39378324151039124,-0.16343723,0.34818214994788566
MRPL15,-0.0037523508071899414,0.41552302249584555,0.3359653353691101,-0.24620251,0.15395229551691186
EMC10,-0.0037560462951660156,0.5390184633263376,0.4309195280075073,0.69425356,3.732456038160038e-06
CFL2,-0.0037611722946166992,1.3325235122839258,1.0020923614501953,-0.08541581,0.6256433086706656
TENM3,-0.0037698745727539062,0.538404007244714,0.4130421280860901,-0.06199366,0.7235037955065003
RBBP4,-0.0037702322006225586,0.713504474719424,0.5946677327156067,-0.30142936,0.07845799779666937
DSTN,-0.0037833452224731445,0.8947163685982163,0.6036579608917236,0.42474988,0.01098082106489047
UBTF,-0.0037865638732910156,0.4756920635398937,0.36879271268844604,0.10672162,0.5417355229782598
PPP4R2,-0.0038056373596191406,0.5432650903202524,0.4427120089530945,0.28693283,0.09467860503253481
PSPC1,-0.003815889358520508,0.3984550771389069,0.31629452109336853,0.6043278,0.00012078323775049701
EI24,-0.003816366195678711,0.6178825665550272,0.4632173180580139,0.07616633,0.6636536573219629
ERAP2,-0.0038170814514160156,0.8244796990693897,0.6475983262062073,-0.5693941,0.00035720225363103446
CSE1L,-0.003821849822998047,0.8633547790421584,0.699854850769043,-0.49625236,0.002429836911061595
VAMP5,-0.0038297176361083984,0.5257050661665438,0.418460875749588,-0.13621749,0.4352416445304851
COX4I1,-0.003835439682006836,0.5732763952807122,0.4498835504055023,-0.2957781,0.08450329638411104
LIMD1,-0.00383603572845459,0.5987304060324165,0.4309886693954468,-0.09920028,0.5707384291037139
BAZ1B,-0.0038508176803588867,0.6566542561039276,0.5175207853317261,-0.20069703,0.2476697466667715
SFXN1,-0.0038518905639648438,0.5287766944513625,0.4149334132671356,0.5345036,0.0009408839566641159
ZNF830,-0.003857254981994629,0.45665200303312015,0.3539483845233917,-0.13451014,0.44107248939813715
SMYD3,-0.0038576126098632812,0.5291136815234617,0.4158431887626648,-0.21154425,0.22249316780527142
CALR,-0.0038712024688720703,0.5754870207737315,0.4467121362686157,0.022586841,0.897524779788542
EIF2B4,-0.0038900375366210938,0.8991933877054449,0.7510009407997131,0.24647427,0.1534837582219244
CUL4B,-0.0038917064666748047,0.48391497209058565,0.4087122678756714,0.112454645,0.5201110379917233
S100A10,-0.0039042234420776367,1.560938779965965,1.3518433570861816,0.62249863,6.525074828700899e-05
ABCF3,-0.003921866416931152,0.5097176540209318,0.38700947165489197,0.2312735,0.18130479613788994
STMN1,-0.003929018974304199,2.1350818898847117,1.780877709388733,-0.0074105263,0.9662997389643788
HYOU1,-0.0039321184158325195,0.49639275318465115,0.37177664041519165,0.23139037,0.1810782220256079
FAM20B,-0.003937363624572754,0.4976207031777412,0.3427982032299042,0.48211384,0.00335947267668097
ARVCF,-0.003939390182495117,0.6168390570066395,0.4288235604763031,-0.02126844,0.9034772188462478
CPNE2,-0.003940105438232422,0.4176997807769529,0.33952146768569946,-0.21174367,0.22204728225465614
COX7A2L,-0.0039637088775634766,0.7217327093280373,0.5949862599372864,-0.046366055,0.7914057225145743
MED22,-0.003992795944213867,0.2897602886532405,0.24916408956050873,-0.007854797,0.9642805143587027
GYS1,-0.003994584083557129,0.6869188800433497,0.5212997198104858,-0.15325893,0.37941621525234565
WDR44,-0.003996491432189941,0.4342724239893338,0.36345919966697693,0.010464586,0.9524246191609427
PSMD12,-0.0040007829666137695,0.5758244905837139,0.42622360587120056,-0.2794519,0.10399356891762523
PRMT5,-0.004009842872619629,0.7876511973601324,0.617536187171936,-0.39188665,0.019899946767671765
CSK,-0.0040138959884643555,0.6636247426181796,0.5263941884040833,-0.45664287,0.0058257285567047306
ACOT7,-0.004021406173706055,1.0560831513756996,0.8934593200683594,-0.6655632,1.2843431244887735e-05
LUC7L,-0.004023075103759766,0.7675337839301812,0.632078230381012,0.26255724,0.1275654274835358
RELA,-0.004042148590087891,0.6450208018519256,0.4663260281085968,0.05052919,0.7731457026569126
AASS,-0.004047870635986328,0.5552583094631633,0.4079076945781708,0.16586463,0.3409706469302792
KIF2A,-0.004048943519592285,0.7302836219259039,0.592991828918457,-0.48399022,0.003220607779224357
STX17,-0.004050850868225098,0.40628326719962965,0.3335670232772827,0.51477134,0.0015561489255482613
BAG3,-0.0040798187255859375,0.616244549446685,0.492613285779953,-0.6674257,1.1901286866834468e-05
SPART,-0.004082679748535156,0.5534187366701732,0.4602087438106537,0.048011452,0.7841754993256703
SLC3A2,-0.004086017608642578,1.2067701433838622,0.9857186675071716,0.6515764,2.238846171503346e-05
ITPA,-0.004094839096069336,0.9831966128643254,0.7925792336463928,-0.61592656,8.188766128022114e-05
ADD2,-0.004096627235412598,0.6303599598179811,0.4982173442840576,-0.61125547,9.593783542771147e-05
DIMT1,-0.004103541374206543,0.5514717373181508,0.44121745228767395,0.682557,6.2802044141530976e-06
ITGA3,-0.0041130781173706055,2.2074250806664697,1.979366421699524,0.6701226,1.0648027973689595e-05
SLFN11,-0.004119396209716797,0.4492501786889181,0.3782792389392853,0.33797708,0.04706098239151833
SNX1,-0.004124641418457031,0.7786146729697403,0.5584811568260193,0.30302608,0.07681233514985322
SNX15,-0.0041255950927734375,0.5046417723451108,0.3914962410926819,-0.00493534,0.9775522042487069
SUPT5H,-0.004128217697143555,0.5725206971904119,0.46818405389785767,0.33158907,0.05166497002701077
WDR43,-0.004132747650146484,0.5160771035152497,0.40077218413352966,-0.2768544,0.1073850874727975
DNM1,-0.004148960113525391,0.6743361175330036,0.5122072696685791,0.08113594,0.6431209457346793
EDC3,-0.004151105880737305,0.485639229766058,0.3772061765193939,-0.260185,0.13116910944757132
RNPEP,-0.004152774810791016,0.7892089934379446,0.5903042554855347,-0.041048154,0.8148892340934512
SYVN1,-0.004156589508056641,0.591805763303779,0.5078877210617065,0.44026315,0.008126887311781742
ZC3H7A,-0.004162907600402832,0.44099047160829763,0.36630335450172424,0.04878732,0.7807718540887919
PTGES,-0.0041664838790893555,0.8480553105170662,0.6549889445304871,-0.00633087,0.9712075005741415
CARM1,-0.004170060157775879,0.570247254493389,0.4242180287837982,-0.008141689,0.9629771001281022
ARID3B,-0.0041811466217041016,0.39465736035474647,0.29311758279800415,0.0035332465,0.9839286240695672
ILK,-0.004189014434814453,0.6117547347396499,0.4933665096759796,-0.077409014,0.6584961239233427
KTN1,-0.004195690155029297,0.6648073170739532,0.5419548153877258,-0.41735077,0.012616358546057955
DERL1,-0.004209280014038086,0.6399394996552958,0.5336949825286865,0.4126154,0.013767399799338996
ECI1,-0.004221796989440918,0.783583551038126,0.6625917553901672,0.4798697,0.003532353815059363
AVEN,-0.004229307174682617,0.4808377965304575,0.37561365962028503,-0.06163377,0.7250460873448067
ACO2,-0.004240155220031738,0.4817724451261485,0.3778754472732544,-0.39798492,0.01789669954862627
SLC7A5,-0.00424802303314209,1.2490790312252635,0.9630301594734192,0.585506,0.00021998184885714777
NSF,-0.004249691963195801,0.4562047837988253,0.3317907154560089,0.11998631,0.4923629243210833
MRPS18B,-0.004254698753356934,0.6003376269108431,0.4672950804233551,0.5721501,0.0003293611745018243
TAOK3,-0.004271507263183594,0.4502723776833889,0.358914852142334,0.39373776,0.019273066990188978
PRCP,-0.004285335540771484,0.5221505927895185,0.44073930382728577,0.3294248,0.05330386484715371
MRPL34,-0.004294037818908691,0.5383913865935797,0.43231236934661865,0.42778397,0.010364098693735559
PODXL2,-0.004297852516174316,0.7673085057066943,0.6090707182884216,-0.46923712,0.004460436921586142
ALDH3A1,-0.004305601119995117,0.9822949427971088,0.8111656904220581,0.07339826,0.6751973193937346
MTX1,-0.004317879676818848,0.48697308589246374,0.3825153112411499,0.45021677,0.006651128257640002
ENPP4,-0.004327893257141113,0.4992159865755061,0.39706355333328247,-0.23934062,0.16612679728838772
PAM16,-0.004333615303039551,0.4729742131391858,0.3739083409309387,0.3432064,0.04354219123213608
EXOSC3,-0.004339814186096191,0.34214539334149013,0.27175119519233704,0.020827474,0.9054693543627591
MISP,-0.004342079162597656,1.310690040557176,1.1370816230773926,0.52001125,0.0013655302492526292
LNPK,-0.00434422492980957,0.5231529715111558,0.4149444103240967,0.08071874,0.6448351156184734
SMAD4,-0.004353165626525879,0.6398154237320235,0.4906611442565918,0.17565227,0.31282705295576685
MKRN2,-0.004356503486633301,0.5290418341217453,0.43077898025512695,0.043570135,0.8037312187217238
IRS2,-0.004358410835266113,0.5782624931767046,0.4359476864337921,-0.15769345,0.36561155823330604
SEC23A,-0.004367828369140625,0.6843212071707172,0.5549160838127136,0.38826606,0.021175198920306684
SGTA,-0.0044029951095581055,1.4429165337599494,1.2655690908432007,-0.74479073,2.8869578445841417e-07
CYB5R3,-0.004408001899719238,0.6667969894185608,0.5217231512069702,0.31010455,0.069837544247827
AQR,-0.0044193267822265625,0.4391426515557912,0.3455379605293274,-0.30882645,0.07105885632649597
MIA2,-0.004424929618835449,0.7061058015379463,0.5984926819801331,0.135646,0.43718866239981846
MTFP1,-0.00442814826965332,0.5077776970307953,0.41145214438438416,-0.5554984,0.0005320740042711116
AP3M1,-0.00442957878112793,0.4684654802869002,0.3761167824268341,0.28293824,0.09956969360385964
DHPS,-0.004448652267456055,0.9470247257311925,0.7724142074584961,-0.08369028,0.6326665319158443
RNF2,-0.004455208778381348,0.7754770225992165,0.5957250595092773,0.3272618,0.054982961749259915
SUPT4H1,-0.004459500312805176,0.5625827781379924,0.46858471632003784,-0.34833187,0.040302010237010646
ECT2,-0.004468083381652832,0.5066505048813502,0.387982577085495,-0.0617311,0.7246289807351677
GRIPAP1,-0.00447237491607666,0.5562420940908885,0.44041332602500916,-0.6531391,2.1070193881998516e-05
ACAT1,-0.004480123519897461,0.7825681628682016,0.6202669739723206,-0.15086797,0.38698452163443803
MRPS25,-0.004484057426452637,0.5936464420156398,0.4707813262939453,0.4158274,0.012977442571947762
CUL3,-0.004487156867980957,0.6605008371508113,0.47984036803245544,0.38479432,0.022461033589536168
KIF2C,-0.004496097564697266,0.6768821833221446,0.5281273722648621,-0.2723024,0.11352923423872838
VPS45,-0.0044966936111450195,0.6373223094508852,0.4591010510921478,0.16662006,0.33874505672531596
PLEKHO2,-0.004504084587097168,0.673611680802916,0.5237210392951965,0.45352283,0.006214772368175409
PPP2R1A,-0.004506826400756836,0.7620147521200478,0.6063078045845032,-0.27766725,0.10631483280052982
DCLK1,-0.004515528678894043,1.0115940797794702,0.7340167164802551,0.38654473,0.021804892474451665
SPATA20,-0.004521012306213379,0.5556205102247813,0.4621489942073822,0.4044194,0.015968508285787945
PTPN1,-0.00452733039855957,0.7834662853867274,0.6350623965263367,0.43760183,0.008565821158695426
MRPS5,-0.00452876091003418,0.5218790682331432,0.39708828926086426,-0.0048497505,0.977941411413432
NDUFAF2,-0.004530787467956543,0.6169224423424088,0.5156073570251465,-0.29788795,0.08220566390614571
SELENOS,-0.004534125328063965,0.5779463259927611,0.50050288438797,0.12427912,0.4768933027146639
ADNP,-0.004544854164123535,0.6040863745599638,0.4919302761554718,-0.3145753,0.06569447454557689
NUDT3,-0.004569530487060547,0.7429792898816384,0.6203233003616333,0.561852,0.0004444152604668358
TXNRD2,-0.004572153091430664,0.7428053041333461,0.5752291083335876,0.12527369,0.4733459019272449
GNG12,-0.004592776298522949,1.3746528620777563,1.1575287580490112,0.831473,6.171882736372334e-10
MRPS6,-0.00459742546081543,0.3855276162884655,0.30757686495780945,-0.2219759,0.19998530969277145
RPL27,-0.004601120948791504,0.497809678983867,0.39612194895744324,-0.1355019,0.43768043521076466
MXRA7,-0.004603028297424316,0.6748539731345901,0.5168756246566772,0.038871553,0.8245482858336705
MACROH2A1,-0.0046204328536987305,0.5338690096644804,0.43008849024772644,-0.26624864,0.12210461677194691
TOMM34,-0.0046329498291015625,0.914572809690324,0.7274882197380066,-0.4950958,0.002496377365220802
ITGA5,-0.004636168479919434,1.2978358558410479,1.0232903957366943,0.60348606,0.00012416566025593315
BABAM1,-0.004647016525268555,0.4252237817698276,0.300124853849411,-0.021429293,0.9027508441951513
SCARB2,-0.004655718803405762,0.6250687799755228,0.5050657391548157,-0.10968536,0.530503134265493
MRPS22,-0.004667997360229492,0.5039660100469158,0.3958187699317932,-0.10560465,0.5459979504099636
COL6A1,-0.004670977592468262,0.8929193958650772,0.6311976909637451,0.07791915,0.6563834430249494
TRMT1L,-0.004671692848205566,0.35902864932395734,0.2732190787792206,0.15977225,0.35924424965506024
NIP7,-0.004672527313232422,0.5691706841253952,0.45519909262657166,-0.33983874,0.045783021320792504
PDCD4,-0.004695534706115723,0.7836543659714347,0.6314066648483276,-0.20681609,0.2332434569384606
SPARC,-0.004714012145996094,1.0244590378480618,0.8283677101135254,0.5384705,0.000847202926083209
USP9X,-0.004727721214294434,0.5774402945482148,0.45140722393989563,-0.26632836,0.12198876764989398
UQCRB,-0.004733443260192871,0.6581146226012244,0.527703046798706,0.20274563,0.24277510298285998
TNPO2,-0.004735469818115234,0.5388827646236309,0.42768988013267517,0.38496196,0.02239750342422801
TMED10,-0.0047370195388793945,0.5912991435573935,0.48635417222976685,0.47982705,0.003535714917594224
SEPTIN11,-0.00473940372467041,0.8638676511628306,0.659619927406311,0.01700291,0.9227705246622901
SLC29A1,-0.004740118980407715,0.3860130614469848,0.3314136564731598,-0.53871226,0.0008417701049634886
BRD2,-0.004741311073303223,0.4653404050956196,0.3516232967376709,0.15843679,0.3633270031965616
GTF2E1,-0.0047435760498046875,0.2817834986427445,0.21719782054424286,-0.04355432,0.8038012485003553
ADSL,-0.004744529724121094,0.8902821801252486,0.6870377063751221,-0.6938372,3.8038141112904158e-06
CCDC9B,-0.004748344421386719,0.42192624805146284,0.33004865050315857,-0.20811261,0.23026130008074075
FEN1,-0.004748821258544922,0.9655085755811398,0.7963377833366394,0.54421115,0.0007262317449606751
NAA15,-0.004750728607177734,0.8668796233347493,0.6260372996330261,0.3724154,0.02758369268212212
ALDH18A1,-0.004764437675476074,0.48781123618744815,0.39840179681777954,-0.43841624,0.00842940121285485
PEG10,-0.004766583442687988,0.8394921564868355,0.6715549826622009,-0.058951084,0.7365795194505566
NSDHL,-0.004789590835571289,0.5152015392144975,0.4388757646083832,-0.0853806,0.6257866056528809
PRIM2,-0.004795551300048828,0.4844748332600046,0.3913584053516388,-0.61156577,9.494090294115839e-05
TFB1M,-0.004801273345947266,0.45138396195225167,0.3803001642227173,0.3121846,0.06788528232469203
CDK1,-0.004803776741027832,0.9095961849046247,0.7446715235710144,0.25733337,0.13559991542681457
NOTCH2,-0.004805088043212891,0.696738741259158,0.5554612278938293,-0.39514312,0.018808197638128618
PHLDA2,-0.004812359809875488,0.3917281785643556,0.2998378872871399,0.3212102,0.05990476372291842
MALSU1,-0.004828810691833496,0.42154431628351335,0.32643646001815796,-0.106847,0.541257957491291
CIAO2B,-0.004840373992919922,0.7126089715444814,0.5316648483276367,-0.13073756,0.4541068710321404
TBC1D10B,-0.004850268363952637,0.305708555938108,0.24757657945156097,-0.12064326,0.4899790031436287
AIDA,-0.004850983619689941,0.570052152807639,0.4376123249530792,-0.24451356,0.15688705808665282
ACAD9,-0.004854917526245117,0.44699963318833186,0.35997605323791504,-0.17140675,0.32485020743374204
ZPR1,-0.00485539436340332,0.9164108692517818,0.7576962113380432,-0.37204766,0.02774945651656059
TSNAX,-0.004860877990722656,0.591294279799396,0.4051571190357208,-0.2260016,0.19173903152101998
BSG,-0.004861235618591309,0.5373185461400121,0.40449321269989014,0.47677597,0.003783307334807573
PRRC1,-0.004863262176513672,0.5414536283385739,0.41894838213920593,0.38609904,0.02197040479704099
TSN,-0.004863381385803223,0.8794083242060146,0.6642661094665527,-0.7583587,1.3102789041198917e-07
MPHOSPH10,-0.0048645734786987305,0.47403023946351214,0.36836254596710205,0.214704,0.21550052029153965
SLC12A9,-0.004865050315856934,0.6666569684237144,0.5521152019500732,-0.15611407,0.3704932512145225
DDRGK1,-0.0048819780349731445,0.5806741446073035,0.4616662263870239,0.7790351,3.544056281542004e-08
SMC6,-0.0048828125,0.5005900656313733,0.35921862721443176,-0.36891398,0.029195400354349664
NDUFB10,-0.0048836469650268555,0.49486545882502675,0.400093674659729,0.12854424,0.46177895027549937
NOP56,-0.0048906803131103516,0.4294451984064695,0.34957531094551086,-0.13491805,0.4396754403610969
POLA1,-0.004903316497802734,0.502586499498266,0.3923361897468567,0.70326,2.45872713436083e-06
TRIM21,-0.0049130916595458984,0.49869221782831186,0.3966980278491974,0.21167451,0.2222020603119569
RNF40,-0.004914999008178711,0.6169849739486242,0.5109578967094421,-0.4366808,0.008722354877743003
TRMT1,-0.004916787147521973,0.7516754033863082,0.6240729093551636,-0.04669251,0.7899700299739806
CARMIL1,-0.0049179792404174805,0.566333897672121,0.4154747426509857,0.11560038,0.5084289384257074
MRPS9,-0.004926323890686035,0.47539105818892513,0.3737320899963379,0.45730156,0.005746320105151045
ORC1,-0.004927635192871094,0.6375863418825554,0.5137797594070435,-0.2469888,0.1525996580271699
SEC31A,-0.0049288272857666016,0.7271104202763041,0.4827214479446411,0.13200781,0.4496950444659019
NFXL1,-0.004929065704345703,0.4608259712680847,0.3446379601955414,0.09266739,0.5964872219355236
S100A8,-0.004929661750793457,1.30222645799489,1.0789190530776978,-0.49535045,0.002481586036275604
TRIM33,-0.004936814308166504,0.5470491404523932,0.46001559495925903,-0.084701724,0.6285457550665557
NAA25,-0.00493931770324707,0.2316328970535105,0.18503186106681824,-0.4437157,0.007586175173406897
SEPTIN7,-0.004943132400512695,0.6174271999333685,0.4474560618400574,0.0743419,0.6712537490475265
HM13,-0.004947066307067871,0.7921636468730919,0.6538897752761841,-0.26523963,0.12357978674157627
UTP11,-0.004947304725646973,0.4778238395208596,0.3669424057006836,-0.026962897,0.8778075242896629
METAP2,-0.004949212074279785,0.5088120233842561,0.4002092778682709,-0.2885541,0.09274673032255028
SPINDOC,-0.004965662956237793,0.7995821651419064,0.6562596559524536,0.262752,0.12727282349343164
GTSE1,-0.004974365234375,0.5385633175283591,0.43796756863594055,0.01926878,0.9125160407020226
ACSL4,-0.004975318908691406,0.6401942828823773,0.530995786190033,0.35604504,0.03579607394828239
XRN2,-0.004976630210876465,0.35332843397937824,0.2773170471191406,0.23329522,0.17741215059950952
ZNRD2,-0.004986166954040527,0.6867925732264937,0.5321642160415649,0.08048435,0.64579878035098
ARHGDIA,-0.004989504814147949,1.0463893390147432,0.862236738204956,-0.6830334,6.151317818281277e-06
RFC3,-0.0049915313720703125,0.7408544112669473,0.5950430035591125,-0.5394416,0.0008255666497926312
MYBBP1A,-0.004995584487915039,0.6054055211677116,0.49545833468437195,-0.38663003,0.021773307554518527
UBE2R2,-0.00499725341796875,0.5406237673883223,0.45273879170417786,-0.13813227,0.4287527786333345
PDIA5,-0.004998207092285156,0.6922407125509208,0.5796641111373901,0.34832197,0.04030814480656391
LZIC,-0.004998564720153809,0.8654369521820809,0.6791627407073975,0.24303882,0.15948248412649438
ATP6V1B2,-0.005005002021789551,0.8084875949339664,0.6763175129890442,-0.5195627,0.0013810004572634524
RRP1B,-0.005013823509216309,0.5510017007950359,0.41887158155441284,0.29632992,0.0838975139436196
CDK4,-0.0050144195556640625,0.856270297011783,0.670398473739624,-0.4718927,0.004210854842761163
MRPS31,-0.00502169132232666,0.4660687373960039,0.37549543380737305,0.44710445,0.007085650449734998
DARS1,-0.005031585693359375,0.622238639442769,0.4816220998764038,-0.2767832,0.10747917367823327
GGCX,-0.0050324201583862305,0.5055562292986469,0.41301846504211426,0.153031,0.3801339213390351
OSBPL3,-0.005037903785705566,0.4801031132550835,0.38709983229637146,-0.570562,0.0003451579860940845
EDEM3,-0.005041003227233887,0.4369083729877847,0.3464399576187134,-0.2847677,0.09730642013035286
SNX2,-0.0050536394119262695,0.774852190996745,0.5460885167121887,-0.12178478,0.4858507945840394
GNL1,-0.005056142807006836,0.7870389466688471,0.5959092378616333,0.0833693,0.6339766836324033
DPM1,-0.0050618648529052734,0.5949053816534775,0.4797801375389099,0.18048875,0.29947576230185763
DNAJB2,-0.005070328712463379,0.6017195756619795,0.47018203139305115,0.40265325,0.016479574197612076
UROD,-0.005071163177490234,0.8342606312523346,0.6400600671768188,-0.26098308,0.12994841167006685
QARS1,-0.005082607269287109,0.500206904517181,0.40088000893592834,0.4578331,0.0056829385213234655
NUMB,-0.005096435546875,0.5634361530273044,0.46551692485809326,-0.026516117,0.8798175527601363
SERF2,-0.005101799964904785,0.43850974656172464,0.3400155305862427,0.11711113,0.5028655766008584
THOC3,-0.005101799964904785,0.45554202097303825,0.38734737038612366,-0.5083244,0.0018224272908301151
MRPL21,-0.005112171173095703,0.47072927315290036,0.3832622170448303,0.3413652,0.04475609939062581
CDC73,-0.005112290382385254,0.4571551293616159,0.35632994771003723,-0.16134684,0.35446628666166374
GSTM3,-0.0051157474517822266,0.4311828084099631,0.3390483260154724,-0.161507,0.35398225329442473
HSP90AA1,-0.005115985870361328,1.0597929971030566,0.829454243183136,-0.3058737,0.07394416838559052
SAP130,-0.0051201581954956055,0.48987449111483755,0.3642379641532898,0.026481913,0.8799714996378893
MGAT5,-0.005127668380737305,0.41851140384564134,0.3306649327278137,0.2811579,0.10181043335191028
RPL28,-0.005130648612976074,0.4382542171743228,0.35220226645469666,-0.14620985,0.4019787907316102
CLIC4,-0.005144834518432617,0.9477488750027455,0.7342860102653503,-0.5989014,0.00014412705688777438
PRRC2A,-0.005148768424987793,0.6172396480886556,0.4901602566242218,-0.3756289,0.026169590622635932
SUCLG1,-0.005150556564331055,0.754638908828012,0.6038721203804016,0.1409442,0.41932207617398276
RPN2,-0.005150556564331055,0.735308479982242,0.6155402064323425,0.6847121,5.716199870792573e-06
TBCC,-0.005157828330993652,0.9761697818753508,0.7743934988975525,0.26451635,0.12464519707673499
HIRIP3,-0.005158185958862305,0.631345815279726,0.5140931010246277,0.16616616,0.34008102805395213
ETFDH,-0.005162358283996582,0.5533841091963339,0.46557530760765076,-0.5291384,0.0010820864013718922
PVR,-0.005163669586181641,0.867056072001476,0.7350381016731262,0.68401194,5.894169690027138e-06
DLGAP5,-0.005167484283447266,0.6052602101173461,0.47584789991378784,-0.21943137,0.20532314562815532
PBXIP1,-0.0051680803298950195,1.0594396835879853,0.816216230392456,0.3656841,0.030749903684771217
KRT73,-0.005177021026611328,2.0605328744710976,1.677274465560913,0.07091221,0.6856268632498431
SURF1,-0.005191206932067871,0.4286807316803194,0.3434494435787201,0.09168777,0.6003910431122838
ADIRF,-0.005191445350646973,0.7869974440129616,0.619838297367096,0.07579833,0.6651844581643686
RBM15,-0.005199909210205078,0.3512982434948249,0.27094122767448425,0.1575768,0.3659706220102125
TDP2,-0.0052138566970825195,0.3356806527247131,0.26925361156463623,0.057397828,0.7432836218362939
HIP1R,-0.005218505859375,0.5781579394880014,0.478009968996048,-0.27739337,0.10667460341901233
ACADM,-0.005223989486694336,0.7969655004235481,0.5701977610588074,-0.17838837,0.30522868288735566
MRPS30,-0.005233407020568848,0.3654530936186539,0.29176709055900574,0.24328597,0.15904521370302666
BAK1,-0.00523984432220459,0.6783090183538117,0.5268871784210205,-0.00852699,0.9612258202929584
SMPD4,-0.005240082740783691,0.3493978617085761,0.29695388674736023,-0.053325728,0.7609460626723585
NOP14,-0.00524592399597168,0.4986176604655747,0.414541095495224,0.05474031,0.7547965765985744
PTPMT1,-0.005250334739685059,0.7099574113886816,0.5932227969169617,0.07785277,0.6566583040888794
PPP6R2,-0.00525355339050293,0.3481615444911045,0.26728489995002747,0.17025511,0.3281605078597946
UTP15,-0.005255937576293945,0.38847932886487924,0.3175148665904999,0.5966876,0.00015475957736085924
WDR18,-0.005259037017822266,0.4288205330389142,0.3362095057964325,0.18119481,0.297557395456168
TGFBI,-0.005276679992675781,0.40484123623773133,0.3088989555835724,-0.018815713,0.9145651241690074
MAP2K3,-0.005281805992126465,0.5467458299949642,0.4383299648761749,0.19995135,0.24946753597784255
PBK,-0.0052950382232666016,0.5825407371274383,0.48002302646636963,-0.3580013,0.03472093541169686
CLASP1,-0.0052983760833740234,0.47824780501456693,0.37184709310531616,-0.3939143,0.019214146931021275
MRPL39,-0.005300760269165039,0.4372137870547796,0.353626549243927,0.14426103,0.4083492584110118
CNPY4,-0.00530087947845459,0.5402800038032252,0.40521472692489624,0.08181858,0.6403204697541427
DCTPP1,-0.005304813385009766,1.3310572399582323,1.1198350191116333,0.427731,0.010374599826931114
CUL1,-0.005306839942932129,0.49265515347596783,0.3822800815105438,-0.2505805,0.1465304818645444
CBFB,-0.005308747291564941,0.6645993250733517,0.583345890045166,-0.10852439,0.534889641573005
ACAA1,-0.0053108930587768555,1.153103645767934,1.0032868385314941,0.12593924,0.4709797942445838
PNN,-0.005311727523803711,0.37357065867334516,0.2772485315799713,0.1577502,0.36543650814934686
RBM10,-0.005312204360961914,0.40882118561823916,0.3253245949745178,-0.054400057,0.7562743081873122
BOLA1,-0.005318641662597656,0.49118449934384945,0.4068722426891327,-0.4146906,0.013252535842996828
LRCH4,-0.005328059196472168,0.7394899837700247,0.5713555216789246,-0.51038873,0.0017331242319778902
MCTS1,-0.005343437194824219,0.6374547717936219,0.4674111604690552,-0.03542071,0.8399133657714467
MYEF2,-0.0053446292877197266,0.9670258222049488,0.8498538732528687,-0.6549653,1.9619110939700155e-05
AFAP1,-0.0053560733795166016,0.7195964058898136,0.5270410776138306,0.35348487,0.03724385815767016
VAMP7,-0.0053604841232299805,0.5620308084833502,0.4466091990470886,-0.41815692,0.012428746450885047
MRPS28,-0.005369067192077637,0.5280031955362202,0.4304293394088745,0.5353248,0.0009207723978881581
TMEM43,-0.0053691864013671875,1.1353413734786006,0.9693046808242798,-0.38272554,0.023257594749746067
SSBP1,-0.005388617515563965,0.6000435465666307,0.47314453125,0.46850342,0.004531596031526804
GMPS,-0.005388975143432617,0.8869323137190966,0.7255983948707581,0.27206993,0.11384993671494618
DNAJB6,-0.005410552024841309,0.4330407645867848,0.35276564955711365,-0.3165704,0.06390910689959073
RABGGTB,-0.005411028861999512,0.5094516123161444,0.42376407980918884,-0.18958402,0.2753650568860829
SEC16A,-0.005417466163635254,0.605400672284759,0.44902729988098145,-0.10063753,0.5651419908820589
TPRKB,-0.005425930023193359,0.463253554984676,0.3762177526950836,-0.42332584,0.011280832361469373
FDFT1,-0.005444049835205078,0.7519838797485032,0.603101372718811,-0.19873184,0.25242650685940643
HBA1,-0.005450010299682617,0.9131312068386215,0.7531170845031738,-0.05092619,0.7714106326562293
SMC4,-0.005466580390930176,0.8517620307872142,0.685575544834137,0.14735365,0.39826646274207883
AP2A1,-0.005492568016052246,0.61860443387365,0.514503002166748,0.5546118,0.0005454531790636858
CPOX,-0.005502462387084961,0.6849562010371529,0.5626496076583862,0.57169884,0.00033378239733821444
MRPL12,-0.005503654479980469,0.5468002813249212,0.41660380363464355,0.012355658,0.9438393921738868
PPP2CB,-0.005517244338989258,0.5561688481830037,0.4447815418243408,0.044969566,0.7975561472790953
ACACA,-0.005521059036254883,0.5007933045363209,0.3799307942390442,0.40207827,0.016648865971684954
ASDURF,-0.005539417266845703,0.3902060360016875,0.31593915820121765,0.4525934,0.006334894768273271
PSAT1,-0.005547285079956055,0.9775983885789254,0.7442086338996887,0.17193715,0.32333277212532824
FKBP4,-0.0055484771728515625,1.2128043766039638,0.9916018843650818,-0.29395038,0.08653342412709884
EPS8,-0.005549192428588867,0.8015994846072986,0.6468174457550049,0.019511217,0.9114194688659076
SUGP1,-0.0055501461029052734,0.35330816894378847,0.27652087807655334,-0.03244051,0.8532295845619151
MARCKSL1,-0.0055506229400634766,1.4709685593959252,1.335129976272583,-0.71400374,1.4641558899531523e-06
KPNA1,-0.005551934242248535,0.48211219825097246,0.37865424156188965,-0.2551012,0.13914446057631785
FN1,-0.005552530288696289,1.35327542638368,1.0814045667648315,-0.51618356,0.0015026033072685816
WARS2,-0.005558013916015625,0.39464361649065993,0.29781997203826904,-0.30627257,0.07354916345226686
UBL3,-0.005561709403991699,0.5241984060691868,0.4401369094848633,-0.18380198,0.2905417383202926
TRIM65,-0.005562305450439453,0.598495666824436,0.44772785902023315,-0.15228477,0.38248929425266853
ATXN2L,-0.005576491355895996,0.6974879532802589,0.49750158190727234,-0.3330044,0.05061517645411768
DNAAF5,-0.005590081214904785,0.5866730460132562,0.45607712864875793,-0.30553177,0.07428405843059951
TMX3,-0.005594491958618164,0.6526671652946217,0.5258271098136902,0.3536035,0.03717574742010199
SPATA5L1,-0.005603909492492676,0.4934023894996675,0.38662993907928467,0.38952684,0.020723649067891127
GGA1,-0.005604386329650879,0.34752587220392805,0.2811277210712433,-0.43550506,0.008925720969056257
NGDN,-0.005609989166259766,0.5516330544190371,0.473311185836792,0.22037959,0.20332263364216482
GPX1,-0.005611300468444824,0.8135973049648063,0.6465068459510803,0.789332,1.752622679171848e-08
NCBP1,-0.005619406700134277,0.5018367706693365,0.38207027316093445,0.19259492,0.2676702910158638
NRDC,-0.005632519721984863,0.5636139277480823,0.41594523191452026,-0.083300516,0.6342575382446137
EPS8L1,-0.005632996559143066,0.5846400837757988,0.46924105286598206,0.12613375,0.47028932083514463
CD276,-0.005633234977722168,0.5704836915064764,0.487778902053833,0.31519467,0.06513613535065127
SYNE1,-0.005640864372253418,0.5239822058677566,0.40433675050735474,-0.11395708,0.5145152107030139
GIT1,-0.005649685859680176,0.5734190270049565,0.4543295204639435,-0.33835468,0.046799453858107236
MRPL46,-0.005662202835083008,0.42868985621729,0.35337474942207336,0.17934565,0.30259813022374843
EIF2B5,-0.005663394927978516,0.4983319682030282,0.38358113169670105,-0.24636798,0.1536669398787487
KAT7,-0.005665302276611328,0.45178443642225,0.3650423586368561,-0.28434917,0.09782059328760792
SNX27,-0.005676865577697754,0.616087645757563,0.4563899338245392,-0.2700395,0.11668004821248523
USP48,-0.0056989192962646484,0.4477352525326049,0.36211174726486206,0.20651668,0.23393565723337983
CRMP1,-0.005699872970581055,1.6756482905213796,1.3672099113464355,-0.7871044,2.0476549591078242e-08
CEP97,-0.005708217620849609,0.4348725371678924,0.3456912338733673,-0.22966875,0.18443751497707186
PPP5C,-0.005709409713745117,1.2940641528563273,1.0587953329086304,0.03408344,0.845883149644479
RAB3GAP1,-0.005711197853088379,0.4240165853979031,0.34804150462150574,0.12293059,0.48172561634635014
CNOT9,-0.0057305097579956055,0.4459991682166738,0.33532342314720154,-0.029340949,0.8671219353548263
HMGN4,-0.00573122501373291,0.537421118692342,0.4348912239074707,0.1678523,0.3351337772393085
GRHPR,-0.0057451725006103516,0.648411600905566,0.5311732292175293,-0.028290182,0.8718409078671319
GCLC,-0.005747795104980469,0.5457589341435835,0.40495824813842773,-0.12460119,0.4757429087521816
TRIM28,-0.005750298500061035,0.7211649585748022,0.6046022772789001,-0.014314454,0.9349538845967614
NUDT8,-0.005754828453063965,0.537077136372678,0.4270433187484741,-0.016000994,0.9273091186047523
NIPSNAP3A,-0.005756378173828125,0.5883394979995062,0.45682716369628906,-0.40107003,0.016949264631558277
TBL1XR1,-0.00575864315032959,0.5273579348316484,0.4269138276576996,0.24908055,0.14904332801561315
RAD23A,-0.005759239196777344,0.6750952485663909,0.5244699120521545,-0.4818889,0.00337646436811126
TSFM,-0.005762338638305664,0.519681062824802,0.42844706773757935,-0.038706355,0.825282537492648
TMCO1,-0.005762696266174316,0.7597258883482142,0.6382167935371399,0.2877834,0.09366128311464034
SLC25A11,-0.005769848823547363,0.4546119856640631,0.36683008074760437,-0.23661768,0.17114441653705512
KEAP1,-0.005774259567260742,0.37198475732646297,0.2998620569705963,-0.058295876,0.7394054972001749
ATP5PB,-0.005774974822998047,0.43697163488590696,0.3341647982597351,-0.0024438715,0.9888832159750162
TRMT61B,-0.005776882171630859,0.5122147114980679,0.4170690178871155,-0.42869648,0.010184461576199203
AKR7A2,-0.0057991743087768555,0.8367170816470769,0.632689356803894,-0.515781,0.0015177036544785603
FERMT3,-0.005800366401672363,0.42732255523956236,0.3486167788505554,0.095418006,0.5855844152051447
NDUFAF3,-0.005803942680358887,0.2808007121996461,0.20930297672748566,0.16522245,0.342869596314541
MRPL57,-0.00580751895904541,0.47859564910023683,0.3913053870201111,-0.14364159,0.41038597085222694
NOC4L,-0.005822539329528809,0.4910612238405786,0.41977375745773315,-0.1998444,0.24972634791806508
AP2A2,-0.005825400352478027,0.36684862691911646,0.2972702980041504,-0.15992713,0.35877263582208285
MRPL2,-0.005827069282531738,0.45188746325662676,0.35416823625564575,0.097656675,0.5767763129869992
RRAS,-0.005835294723510742,1.1124730974866452,0.9549111723899841,0.7367168,4.515283546852113e-07
NDC1,-0.005842328071594238,0.4259317289648551,0.326668381690979,0.22669348,0.19034614136436062
ATP6AP2,-0.005844235420227051,0.38152564043346615,0.299314022064209,0.04698721,0.7886744003487157
ODR4,-0.0058481693267822266,0.5007976487639262,0.39286184310913086,-0.18760619,0.28049720767426184
PSMA5,-0.005864143371582031,0.6249546511410397,0.45842427015304565,0.04866965,0.781287713989902
RAB32,-0.005873322486877441,0.6484175759437277,0.48054373264312744,0.03747838,0.8307441557539309
STAM,-0.005879521369934082,0.5431155548327967,0.38783568143844604,0.098963104,0.5716640662319684
ACAD8,-0.0058803558349609375,0.5109974677215361,0.3973308503627777,0.14766753,0.39725120423322974
TMED4,-0.005884766578674316,0.6195078822535807,0.49639806151390076,0.2603325,0.13094293139994742
CPA4,-0.005894184112548828,0.9236052165564368,0.775117039680481,0.04226909,0.8094828224441006
ORC3,-0.005894899368286133,0.3974383486015665,0.3314068913459778,-0.25402972,0.14086980267584379
RPS6KB1,-0.005899190902709961,0.4173109457704911,0.3187613785266876,0.32309648,0.058334599609265195
UACA,-0.005908846855163574,0.6047389400396511,0.49379369616508484,-0.50724506,0.0018707031066295145
ACYP2,-0.005914568901062012,0.4546955121045592,0.36260926723480225,-0.38371736,0.02287285332652327
PRKD2,-0.0059348344802856445,0.43070746655060355,0.3464074730873108,0.025519297,0.8843046850579214
LGALS3BP,-0.005940556526184082,1.4000437372051422,1.1110165119171143,0.46258125,0.005142815896278741
MRPL50,-0.005954742431640625,0.41326429696457234,0.3317883610725403,0.30856046,0.07131506888179248
PPIE,-0.005955338478088379,0.6225171363340949,0.5410096049308777,0.42890212,0.010144348502595091
ABCF1,-0.005958437919616699,0.7108927282970546,0.5481876730918884,-0.27651492,0.10783448748115991
PTPN6,-0.005961060523986816,0.5742907835744108,0.4824622571468353,0.009237297,0.9579989118179156
FADS2,-0.0059615373611450195,0.7299304957811152,0.5465288162231445,-0.3467179,0.04130063594437097
CNNM3,-0.005982875823974609,0.34790680461124235,0.27093103528022766,0.18473016,0.28807002560797784
PCBD2,-0.0060034990310668945,0.41509849571588636,0.335003525018692,0.08418036,0.6306686388166262
GTF3C1,-0.00600433349609375,0.3970235719204838,0.2869807183742523,-0.33535177,0.04891161013173783
THBS1,-0.006009578704833984,0.9787958775531335,0.7703774571418762,0.17337519,0.31924061700058837
NIFK,-0.006011962890625,0.5324256734509617,0.3992234766483307,0.14891487,0.3932315134055718
CHCHD1,-0.0060307979583740234,0.7554122824803796,0.5855026245117188,0.12156276,0.48665252402926906
AP3S2,-0.006039857864379883,0.4526494753787878,0.3588239252567291,-0.021575067,0.9020923818439698
FARSA,-0.0060427188873291016,0.8486320750208066,0.6985599398612976,-0.050689675,0.7724442493410667
PLD3,-0.006042957305908203,0.8297112226237786,0.560538649559021,0.16819517,0.3341332547903884
PLEKHF2,-0.006052851676940918,0.3804612842430475,0.28353700041770935,0.5209047,0.0013351584876108264
TMEM209,-0.0060617923736572266,0.3349054696559046,0.2739529311656952,0.43916985,0.008304819149361872
TOMM22,-0.0060732364654541016,0.30626413594922164,0.23774653673171997,0.03821477,0.82746761040031
ARL2,-0.006073355674743652,0.3603322714007136,0.2701868414878845,0.016102374,0.9268500244148704
MVK,-0.0060797929763793945,0.3689581000967956,0.2836807668209076,-0.042632688,0.8078744910595324
WARS1,-0.006083369255065918,0.9339417642903081,0.7200495004653931,0.29182038,0.08894636434628565
CHRAC1,-0.006086826324462891,0.6743602034083027,0.5483077168464661,-0.22529756,0.19316372322432565
USP19,-0.006093025207519531,0.392996266427396,0.3006276488304138,-0.21335298,0.21847187343430421
CRIPT,-0.006093740463256836,0.4545412621521514,0.35156646370887756,0.016996024,0.9228018358782054
CGN,-0.006098389625549316,0.7866587141478243,0.6173394322395325,0.21513626,0.21455580792508405
COPS4,-0.006099581718444824,0.7169532709203652,0.5397449731826782,0.32355914,0.057954523352055455
RTF2,-0.006101727485656738,0.5790773486371009,0.4257313907146454,0.087756336,0.6161685932834324
CD59,-0.006104946136474609,0.9596102783278379,0.8161694407463074,0.59455484,0.00016566188292552495
UNG,-0.006108283996582031,0.5032533659578448,0.3957006633281708,0.3901742,0.020494938665137127
ARFGAP1,-0.0061190128326416016,0.5516744094873823,0.44367319345474243,-0.20849629,0.22938364381868237
S100A2,-0.006120800971984863,0.8897815525197905,0.6664608716964722,-0.09699997,0.5793539356316761
C18orf25,-0.00613093376159668,0.4563529042244854,0.3543645441532135,-0.19008134,0.2740841978571348
NENF,-0.00613558292388916,0.6657231155579706,0.5082643032073975,-0.1150797,0.5103535670299622
NSMCE4A,-0.006141185760498047,0.5741710772804011,0.4584735333919525,-0.66104853,1.5415005265799448e-05
DDOST,-0.0061492919921875,0.7539675989044582,0.6270730495452881,0.62937546,5.1163802198203655e-05
LIMA1,-0.0061588287353515625,1.2361842549337037,1.087038278579712,0.6824816,6.300840226411872e-06
SRBD1,-0.00616455078125,0.3319748437877511,0.2531549036502838,-0.26518118,0.12366558191000349
ARHGAP17,-0.006169438362121582,0.5947042877586001,0.4618522524833679,-0.30194712,0.07792142230449182
TPP1,-0.006169795989990234,1.1035072528892866,0.9469981789588928,0.5211262,0.0013277228638111887
DDX50,-0.006177783012390137,0.5416172139505919,0.450639933347702,0.088383295,0.6136410130311484
ST14,-0.006180882453918457,0.7632523186626882,0.5895340442657471,0.28338858,0.09900882304883202
DNAJB11,-0.006183028221130371,0.35080093974223564,0.2854897677898407,0.15832788,0.36366131269361923
ACADVL,-0.006192564964294434,1.0786983789710634,0.9156745076179504,0.494582,0.0025264432189177712
COQ5,-0.006202340126037598,0.4408401471274234,0.3327976167201996,-0.1908036,0.2722309290455362
WDR61,-0.006203413009643555,0.5597007027010777,0.3962976038455963,-0.3758161,0.02608910854042789
KIAA1143,-0.006211400032043457,0.3317916342094821,0.2384074330329895,0.13186912,0.4501758363606259
VLDLR,-0.0062313079833984375,0.5132233724956767,0.3917294442653656,0.17388865,0.31778707477593865
GMPPB,-0.006237983703613281,0.5471605917579524,0.38095447421073914,-0.13009635,0.4563427060441436
PEX19,-0.006240367889404297,0.5055177042867097,0.4028499126434326,-0.28194666,0.1008130739827661
KDM2A,-0.006243348121643066,0.7063970935871906,0.5880618691444397,-0.04801766,0.7841482921136098
SQOR,-0.006249189376831055,2.191833019349488,1.937686562538147,0.023374751,0.8939695911933967
SVIL,-0.006255507469177246,0.6197194182870491,0.5147472620010376,0.31278577,0.06732906770913437
AGTRAP,-0.006257176399230957,0.8380428789430611,0.6826491951942444,0.72404903,8.826210108732391e-07
RPP25,-0.006274104118347168,0.5674092849622545,0.42577144503593445,0.22142015,0.20114282271640724
PTGES2,-0.006287693977355957,0.47171329986668614,0.38422295451164246,0.46615803,0.004765715636579395
RTRAF,-0.0062912702560424805,0.5405837996996217,0.44065049290657043,0.3185006,0.06221835367342993
IK,-0.0063010454177856445,0.3324829171030129,0.24288026988506317,-0.47306365,0.004104696833223287
RHOG,-0.006305575370788574,0.8364516486395253,0.6913503408432007,0.26775974,0.11992020691363514
PCDH1,-0.006307840347290039,0.6809609639929392,0.510470986366272,0.1903229,0.27346359184477603
TMEM214,-0.006309390068054199,0.6902122101088126,0.5878754258155823,0.4760872,0.003841235842389267
NT5DC2,-0.006311297416687012,0.39794105568218874,0.3129194974899292,0.21738799,0.2096805576311801
BUD23,-0.006312370300292969,0.4512899500262695,0.3709941506385803,-0.1572175,0.36707850374444584
BAZ2A,-0.006314516067504883,0.41769091561105465,0.31827226281166077,-0.0050160536,0.9771852266727372
NFRKB,-0.0063239336013793945,0.6312683008392713,0.514713704586029,0.26251858,0.12762350610958947
SKA3,-0.006328105926513672,0.5577638770531116,0.4268862307071686,-0.036448553,0.8353300764791242
YWHAH,-0.006330013275146484,0.8890442120593589,0.7045065760612488,-0.73880506,4.0282730696360653e-07
ATP6V1F,-0.006330132484436035,0.3595345184562226,0.28350943326950073,0.42717716,0.010485025724337052
TPT1,-0.006334066390991211,0.9149893927350177,0.69093257188797,-0.20606704,0.2349780806891787
RBMX2,-0.006335616111755371,0.5782253332966788,0.443648099899292,0.53592473,0.0009063229631916648
CIZ1,-0.006340742111206055,0.3971845335890883,0.28951436281204224,0.08696481,0.6193661172228572
POLD1,-0.006350874900817871,0.7345037550366045,0.5664787292480469,-0.061160333,0.727077524504537
PFDN2,-0.0063599348068237305,1.2474502785201764,1.0247620344161987,-0.52145964,0.0013166020324818218
ABLIM1,-0.006361842155456543,0.7857789564146626,0.6539225578308105,0.22528177,0.1931958916715065
BCL7C,-0.00636744499206543,0.4737674954236129,0.36614033579826355,0.1437621,0.40998923172919943
SIRT3,-0.0063784122467041016,0.5283262918807314,0.39730170369148254,-0.4136196,0.013516184944460451
SSRP1,-0.006386756896972656,0.7134459122685237,0.5921241044998169,-0.2938175,0.08668238071023637
PTPRS,-0.006390213966369629,0.6063164713884523,0.4824654757976532,0.011491803,0.947760585350078
SRSF9,-0.006391167640686035,0.5183867561565509,0.4147603511810303,0.111837484,0.5224183031531383
GLRX,-0.006394743919372559,0.9997868012611096,0.7497732639312744,0.41298127,0.013675426808029726
MRPL19,-0.006395578384399414,0.4294562844765167,0.34161508083343506,-0.40985692,0.014477776658241032
CD58,-0.006398200988769531,0.5505351876438882,0.4133336544036865,-0.23212029,0.17966713393281736
ZNF148,-0.00639951229095459,0.397489279596449,0.3273981511592865,0.48215723,0.003356203552558297
RABIF,-0.006406903266906738,0.5542172870127338,0.44030365347862244,-0.13783006,0.42977364778832333
AIFM1,-0.0064154863357543945,0.47415571155139147,0.3770081698894501,-0.16813672,0.3343035893764935
RRP7A,-0.006423354148864746,0.47041772761477274,0.3915415108203888,0.43992272,0.008181946087825664
ATP5F1B,-0.006433963775634766,0.5027544030955119,0.4235789477825165,-0.19402461,0.26406636779248044
IFI35,-0.00645291805267334,0.860908700284753,0.6589027643203735,-0.5695573,0.00035549703035713925
NUDC,-0.006462693214416504,1.0168137855603725,0.8315088152885437,-0.1319994,0.44972436316583414
GPKOW,-0.006463170051574707,0.4828766135204355,0.3983907103538513,-0.5726258,0.0003247559512827853
SNRPB2,-0.006464123725891113,0.25945902061024234,0.1981479972600937,-0.020655202,0.9062482678723338
AP1G1,-0.006467223167419434,0.4222473867537657,0.3318723440170288,0.105339445,0.5470124306860179
NAGLU,-0.0064775943756103516,0.565711232983209,0.46444177627563477,-0.034727357,0.8430076164394374
TUBGCP3,-0.006482839584350586,0.43609555500002767,0.345497727394104,0.1951645,0.2612159373750412
AP2B1,-0.006494641304016113,0.532607643816907,0.4574929475784302,-0.25718862,0.13582787079406852
PPP2CA,-0.0065146684646606445,0.6044551856528582,0.4476589858531952,-0.15120731,0.38590492037201035
ALDH9A1,-0.0065152645111083984,0.6556414325571227,0.49574044346809387,-0.47365275,0.004052179699664896
DCXR,-0.006533145904541016,0.7392915947274167,0.5992393493652344,-0.4717255,0.004226209234153856
MRPS23,-0.006533265113830566,0.5559344178704547,0.4410678744316101,0.42751864,0.010416837119057871
GLOD4,-0.006533980369567871,1.140292707142353,0.9465144276618958,-0.0034432784,0.9843379625400235
GPALPP1,-0.006538033485412598,0.30827296762607775,0.25610437989234924,0.524762,0.0012107688119913289
MYO1C,-0.0065451860427856445,1.2777784348684271,1.090369462966919,-0.6086548,0.0001046671566160689
PRMT1,-0.0065555572509765625,0.6891283345507663,0.5001765489578247,-0.24016951,0.16462062004291955
APIP,-0.006561398506164551,0.5499623480826885,0.45410823822021484,0.08958588,0.6088047764620823
ACO1,-0.006569862365722656,0.6328216363694722,0.4714546799659729,-0.34359336,0.043290473751019964
SRCAP,-0.006577968597412109,0.5432270176797155,0.37530288100242615,0.0329042,0.8511553126455071
B2M,-0.006580829620361328,1.2794853246368239,1.112065315246582,0.3213762,0.05976521350916985
ASAH1,-0.006589531898498535,0.709146528380196,0.5950390696525574,0.13556676,0.43745912023211003
MCCC1,-0.006595969200134277,0.8116456087880869,0.6935158967971802,0.31654668,0.06393010905097686
SLC30A9,-0.006604671478271484,0.44004258358863496,0.3334621787071228,0.32654187,0.05555102917761539
STX4,-0.006608009338378906,0.64281563587008,0.5523725152015686,0.032365594,0.853565164968052
EHMT1,-0.006610512733459473,0.4363630883561562,0.3567220866680145,-0.30677718,0.07305168812870001
MRPL27,-0.006629824638366699,0.455790195920009,0.3710005581378937,0.5500615,0.0006189346401183203
TRMT6,-0.006652235984802246,0.5443317129835566,0.43127426505088806,-0.5730516,0.0003206841326169891
DCAF8,-0.006659388542175293,0.4652156784438982,0.3800285756587982,-0.45856324,0.0055968371194843125
PPT1,-0.006673574447631836,0.6684568306230867,0.5417582988739014,0.27140886,0.11476576587412117
MAFF,-0.0067043304443359375,0.6242369285104071,0.4943313002586365,0.37533376,0.026296932167423976
GTF3C5,-0.006718277931213379,0.37293575289524633,0.29920607805252075,-0.17072757,0.3267997443274526
HNRNPDL,-0.0067327022552490234,0.5191465688900493,0.40577882528305054,-0.22981364,0.18415321617366542
GNAI2,-0.006736040115356445,1.252828497305187,1.014081358909607,0.15789846,0.3649805848923375
SRSF5,-0.006737709045410156,0.49871423925342273,0.41312354803085327,0.6128213,9.10031333099281e-05
ATP5ME,-0.00676572322845459,0.5118916925449615,0.4016141891479492,0.045690335,0.794380449778225
NUDT16,-0.00676572322845459,0.4401578042866514,0.334916889667511,-0.24571264,0.15479930627784277
PRTFDC1,-0.006771087646484375,0.6876374020688069,0.5696204304695129,0.13171396,0.45071354486756954
METTL3,-0.006790518760681152,0.5496000244386327,0.44191789627075195,-0.44254673,0.007765700216663599
FIS1,-0.00679779052734375,0.7045685678337683,0.5526542067527771,0.02864491,0.8702472580152215
ZNF281,-0.00681304931640625,0.27754871424107613,0.25152868032455444,-0.26365936,0.12591646349649402
EIF4A2,-0.006818175315856934,1.0519314961665793,0.826237142086029,-0.53699803,0.0008809669848150661
MOGS,-0.006841421127319336,0.6650858007019693,0.5445235967636108,0.19126657,0.27104754515718826
YWHAE,-0.00684964656829834,0.9270130766632458,0.7547352910041809,-0.44064885,0.00806490420409148
AATF,-0.006855607032775879,0.40420007698685007,0.32714414596557617,-0.04122592,0.8141016553777265
TRAPPC5,-0.006877541542053223,0.4180793794055056,0.3164183497428894,0.0015066229,0.9931468414023115
GALK1,-0.006878972053527832,0.6088162574898829,0.4267483055591583,0.3612833,0.03297627208454184
CEBPZ,-0.006887674331665039,0.3940464667220534,0.3163522481918335,-0.18527874,0.2866154711879845
MON2,-0.006889939308166504,0.491539831760443,0.39810290932655334,0.5077338,0.0018487050010377235
ALG13,-0.006892085075378418,0.392926588128731,0.291199266910553,0.1249524,0.47449028595295095
MLEC,-0.006908059120178223,0.7979245846972177,0.6327791810035706,0.5647904,0.0004084086138948182
PMPCB,-0.006910800933837891,0.47555098512896643,0.3931221067905426,-0.2950801,0.0852741814017774
TAPBP,-0.0069234371185302734,1.0722035318819894,0.932786226272583,0.40628693,0.015442639235584065
EIF2S1,-0.006923556327819824,0.6089525470160746,0.44162291288375854,-0.30748427,0.07235924198724863
IMPA1,-0.006931185722351074,0.7427550304297704,0.6355848908424377,0.52154684,0.0013137041341998693
SCEL,-0.006932735443115234,0.5072275754428601,0.4104863107204437,0.45729485,0.005747134420148881
IRF2BP2,-0.006953120231628418,0.5564764483421641,0.46115559339523315,0.5013415,0.0021550751062871993
DHX29,-0.0069533586502075195,0.3722011906678589,0.281273752450943,-0.035395864,0.8400239863435784
FDXR,-0.00696253776550293,0.8887615787379592,0.7011605501174927,-0.10123217,0.5628341176522864
PFDN5,-0.0069626569747924805,0.9438670117425788,0.7524967193603516,-0.23469815,0.17474590703619552
AMDHD2,-0.006984591484069824,0.45778255169399756,0.35093846917152405,0.45322636,0.006252873535666157
DSG2,-0.006990551948547363,1.2952618965231382,1.0898178815841675,0.50236154,0.002103400781719301
TBRG4,-0.0069915056228637695,0.45738379420113934,0.37087973952293396,0.111445285,0.5238871794431212
SF3B3,-0.006992340087890625,0.3400815373010063,0.2679586410522461,0.16845669,0.3333712276316943
CTNNA1,-0.007002472877502441,1.1624794763373583,1.0064970254898071,0.6692184,1.1054146311646876e-05
GOLM2,-0.007018923759460449,0.9314263695238233,0.7595012784004211,0.49157915,0.002708550770395859
MVD,-0.007045388221740723,0.6729410939659614,0.48093611001968384,0.2695203,0.11741224885855552
RRAS2,-0.007078886032104492,1.255521880226181,1.0650724172592163,-0.4180191,0.012460651790924081
ATAD1,-0.007085680961608887,0.4793791472592556,0.36064350605010986,-0.3554426,0.03613253054808877
ADK,-0.007090926170349121,0.5161234729233349,0.3939889371395111,0.28777906,0.09366639499085072
MED15,-0.007100820541381836,0.39889866189280376,0.31614068150520325,0.28258502,0.10001126013797605
STAMBP,-0.007116079330444336,0.6190841841618888,0.46408483386039734,-0.13483596,0.43995653322046646
RAB5A,-0.007124423980712891,0.7107778935951723,0.5791564583778381,0.34744972,0.04084534001411586
ASNS,-0.0071337223052978516,0.7745176537055106,0.6816766858100891,-0.5012581,0.0021593514549563338
RRP8,-0.007165431976318359,0.4323772341904012,0.34659096598625183,0.37992924,0.024371204723135954
MED24,-0.007165431976318359,0.39347923823991676,0.2952122688293457,-0.020391092,0.9074415833991675
YME1L1,-0.007169008255004883,0.47170375975791956,0.3766001760959625,0.0075441133,0.9656923781758002
NRF1,-0.007177591323852539,0.668411799503449,0.5358027219772339,-0.5550482,0.0005388301699995522
OSBPL8,-0.007178544998168945,0.4783612527768381,0.3809927999973297,-0.24915268,0.14892179538621655
TSTD1,-0.007179975509643555,0.8097402580619761,0.6215124726295471,0.14425185,0.4083793986629599
PAF1,-0.007184743881225586,0.38634247246956605,0.28613361716270447,-0.057272587,0.7438251922624662
EPS15,-0.007190346717834473,0.4258548952859734,0.34418636560440063,-0.009583751,0.9564252300612217
EXOSC10,-0.007196664810180664,0.4123026679281831,0.3295458257198334,-0.24390642,0.15795184186252492
CHD4,-0.007207989692687988,0.6401610904479875,0.5087426900863647,-0.03257273,0.8526379790963624
KLF5,-0.007230043411254883,0.34295093255478654,0.26959773898124695,0.08552409,0.6252038196533883
FARSB,-0.0072335004806518555,0.9950531254775976,0.7757231593132019,-0.01636792,0.9256467681281954
GNG5,-0.007234334945678711,0.49234091169240735,0.35669225454330444,-0.20581405,0.23556616658288432
CYB5B,-0.007240772247314453,0.750856824042393,0.611687183380127,0.1368683,0.4330303689822995
ANPEP,-0.007244110107421875,1.0943227085973122,0.7836153507232666,0.26895297,0.11821611491372268
GTPBP10,-0.00726008415222168,0.4736637852560093,0.34962743520736694,-0.24054575,0.1639402046198408
DDT,-0.007260918617248535,0.6124577429850089,0.5254994034767151,-0.3163387,0.0641145064972787
DAP3,-0.007262587547302246,0.4946055882221138,0.37887877225875854,0.086029835,0.6231518139512537
NAPRT,-0.0072689056396484375,0.9821186242272293,0.7678359150886536,0.29968232,0.080289799638036
PITHD1,-0.007271766662597656,1.1704784464100297,0.9747801423072815,0.3118204,0.06822398030685303
PTPRK,-0.007276773452758789,0.5685007764966992,0.46937811374664307,0.1561025,0.37052913599979287
MARCKS,-0.007277369499206543,0.8945570696306991,0.7391806244850159,-0.62185556,6.673226801132338e-05
EIF2B1,-0.007286667823791504,0.4682136805359919,0.37924110889434814,0.48497397,0.0031498176263625097
MCRIP1,-0.007288694381713867,0.8963274517138259,0.6924015283584595,-0.24188259,0.1615388793577253
PLCG1,-0.0072928667068481445,0.615090005072599,0.48045170307159424,0.16678494,0.33826017389580776
SLC12A4,-0.0073081254959106445,0.45648636900573847,0.3564804196357727,-0.07084911,0.6858926836581077
BLOC1S1,-0.00731050968170166,0.45306004683516765,0.35288211703300476,0.1988849,0.25205384236651823
TOMM20,-0.0073108673095703125,0.3748621091047692,0.3108276128768921,0.13168795,0.45080367905314433
GTF2I,-0.007347583770751953,0.6157357731026271,0.5035440921783447,0.5505012,0.0006114688624924089
ANKMY2,-0.007351040840148926,0.44420204241204503,0.3604673743247986,-0.23476118,0.1746267367854927
ARL6IP4,-0.007355213165283203,0.5224302764166833,0.4185723662376404,-0.18447874,0.28873820082454943
CTPS1,-0.007356166839599609,1.2646702120169369,1.0493968725204468,0.398342,0.017784838150840438
MRPL28,-0.007358074188232422,0.5015715696281324,0.4064937233924866,0.12454939,0.47592801474007634
XPOT,-0.007359147071838379,0.7729213032407749,0.5704972147941589,-0.09136002,0.6016999986865198
NFATC2,-0.007372856140136719,0.5215990890459139,0.4272148609161377,0.38263342,0.023293564260696956
UMPS,-0.007373809814453125,0.6917712438951984,0.5614175796508789,0.30878797,0.07109590568825822
GNB1L,-0.0073757171630859375,0.37955596120959956,0.30912306904792786,-0.23966727,0.165532075787467
ANKZF1,-0.007382988929748535,0.5146912298200548,0.41407835483551025,0.07143896,0.6834124708755069
DHRS7B,-0.007417082786560059,0.533972635537776,0.379006564617157,0.023713285,0.8924432543960401
RPN1,-0.007440447807312012,0.5457901139171605,0.44418007135391235,-0.23686656,0.1706813110408134
RAI1,-0.007442951202392578,0.3455768397649233,0.2732052206993103,0.01277462,0.9419385051655632
TMEM30A,-0.007447957992553711,0.4585422902909642,0.3410080075263977,0.4990272,0.00227645902969715
ZMYM3,-0.007451057434082031,0.46908709802752907,0.3820326626300812,-0.059161507,0.7356728607676566
CKAP4,-0.007483124732971191,1.2441956224966373,1.0504934787750244,0.5386497,0.0008431735684634668
CORO1C,-0.007483482360839844,0.6675933095099063,0.49288439750671387,-0.20667313,0.23357380890638307
PRC1,-0.007490277290344238,0.555205949082781,0.4385359585285187,-0.13076137,0.4540238527840632
SMIM20,-0.007495522499084473,0.710440828988263,0.5564873814582825,0.052412633,0.76492350388225
DKC1,-0.007500886917114258,0.38698168206541883,0.29872745275497437,-0.15358365,0.3783950832984491
CDC42EP1,-0.007505655288696289,0.4943298912206093,0.38432827591896057,0.17251396,0.321687329406784
AP1M1,-0.007516264915466309,0.33636698880431737,0.273343563079834,0.32025632,0.060711298085281
LAMC2,-0.007521390914916992,0.7662440541520544,0.6132394075393677,0.031422738,0.8577868665999312
PEF1,-0.0075261592864990234,0.5194873361026108,0.3589457869529724,-0.24888548,0.149372329854759
PHGDH,-0.0075283050537109375,1.3343997604610036,1.0807000398635864,-0.4907614,0.0027600844478887624
SNTB2,-0.007534384727478027,1.0296989683401143,0.858776330947876,0.72945905,6.659254225582373e-07
TMF1,-0.007534623146057129,0.4822649217801611,0.414726585149765,0.54085606,0.0007949238282674686
CPSF3,-0.007569313049316406,0.43491887890027187,0.3442399501800537,0.43229342,0.009501908612611434
OTULIN,-0.007573723793029785,0.4896149997074616,0.37282872200012207,-0.2428179,0.15987389307580557
DDX3Y,-0.007582426071166992,0.49405067740958447,0.3716205060482025,-0.19805174,0.2540870285140027
SLC1A4,-0.007604122161865234,0.47923400827251833,0.36617591977119446,0.0676458,0.6994177529762419
RNF25,-0.007604241371154785,0.3076880237219222,0.24586434662342072,-0.021147437,0.9040238006414328
GPRC5A,-0.007607102394104004,1.0197703347915281,0.882136344909668,0.23447199,0.1751737289026413
MRPS33,-0.007609844207763672,0.5131001645117113,0.38552701473236084,0.48293483,0.0032980860508446935
RAB6A,-0.007615923881530762,0.47719264971359465,0.3603445291519165,0.028683826,0.870072715233164
ORC2,-0.007645964622497559,0.37070565258004545,0.3067812919616699,0.26470563,0.12436567485746118
AKR1C3,-0.0076487064361572266,1.1825337211204228,0.8564028143882751,0.3565583,0.03551137121061117
GNE,-0.007662296295166016,0.5174348452919599,0.4235474765300751,0.055224493,0.7526948484951759
BIN1,-0.007679462432861328,0.6530730915888222,0.5408797264099121,-0.18468559,0.2881884440155009
SEC22B,-0.007683753967285156,0.7332791207244216,0.5853515863418579,0.38373587,0.02286569008348406
GTF3C4,-0.007687926292419434,0.31965614153861743,0.24161872267723083,-0.31185922,0.06818777472513096
GALE,-0.0076923370361328125,0.5254751371459985,0.41912615299224854,0.17973107,0.3015427767612083
SRSF10,-0.007693290710449219,0.4896201278847306,0.3669778108596802,0.07673141,0.6613065221794588
FAM162A,-0.0076950788497924805,0.5460438816074633,0.4391002058982849,0.20976534,0.22649747586672292
GNA11,-0.007722020149230957,0.5478168007333107,0.45195886492729187,-0.24180837,0.1616714049850138
VPS52,-0.007729172706604004,0.31628952699099255,0.2457490861415863,0.24635108,0.15369591022462947
RAB7A,-0.007730603218078613,0.42414322140331623,0.3344418704509735,0.23387367,0.1763094614306597
PYCARD,-0.007732987403869629,0.7072051450893905,0.5655300617218018,0.34569988,0.04194062758099474
NUP98,-0.007735252380371094,0.30833282787479177,0.23606115579605103,-0.08083917,0.6443402698260613
GGPS1,-0.007740378379821777,0.6133668924778864,0.4736364185810089,-0.1722247,0.3225116081949462
SMARCA1,-0.007740378379821777,0.4883902161129039,0.36395469307899475,-0.11070783,0.5266544812149098
COX6B1,-0.007747650146484375,0.6589837807481367,0.5094723701477051,-0.02849614,0.8709155019777566
IDH2,-0.007749199867248535,1.13146561101152,0.8564671277999878,0.571142,0.00033931263184621324
DDR1,-0.007751941680908203,0.5905350682248769,0.4736698269844055,-0.39245895,0.019704379860409054
DOCK2,-0.0077599287033081055,0.4421891047310439,0.3576127588748932,0.63182634,4.6849444556270565e-05
SIRT5,-0.007784724235534668,0.43426890689931624,0.3641027510166168,0.116764784,0.5041381352361369
GATM,-0.007792830467224121,0.44775445536639075,0.36746925115585327,-0.12693304,0.46745814497071786
SFT2D3,-0.007798433303833008,0.519753573467306,0.4097530245780945,-0.15904711,0.36145767801272044
MRPL47,-0.007800102233886719,0.5057245317817024,0.41027742624282837,0.42715132,0.01049020763991557
NUDT2,-0.007805228233337402,0.34822743887914376,0.30400350689888,-0.47456017,0.00397241061998797
GFM2,-0.007813096046447754,0.48776275571746663,0.3839499354362488,0.30270037,0.07714580683793582
DYNLL2,-0.007837414741516113,0.5231771248538462,0.4204655885696411,-0.5840209,0.00023027914315474664
CHST14,-0.007890820503234863,0.621430072054437,0.49622392654418945,0.17818457,0.3057907255991004
INTS13,-0.007891058921813965,0.37497486586582013,0.3103582262992859,0.24459043,0.15675258030149114
LMAN1,-0.007891416549682617,0.6042097969664418,0.4740045964717865,0.44071007,0.008055093121550568
PSMD10,-0.007895469665527344,0.5734148431610456,0.43180036544799805,0.10262203,0.5574566584903239
NLE1,-0.007896900177001953,0.3738829744892107,0.3129773736000061,0.11689311,0.5036665959311403
PMM2,-0.007905721664428711,0.7206108633806957,0.575496256351471,-0.25809827,0.13440083161879685
PSMD4,-0.007908821105957031,0.6309145971168626,0.4155403971672058,-0.24770294,0.1513785799276036
SNRPE,-0.007910966873168945,0.21421290459924947,0.1746593564748764,-0.6565324,1.8446795296405482e-05
ZC3H11A,-0.007915139198303223,0.7206898509718259,0.599527895450592,-0.07763012,0.6575799298558865
ACP6,-0.007922649383544922,0.5086242643188346,0.4208986461162567,-0.04225879,0.8095287107304496
RRP15,-0.007923007011413574,0.5037159523449898,0.40829968452453613,0.28148842,0.1013916477367713
TXNDC5,-0.007926702499389648,0.6128628269210479,0.4910651743412018,0.5677833,0.000374427827660226
CRTAP,-0.0079573392868042,1.0808798382376077,0.8712598085403442,0.29974875,0.08021957719031425
ATP5PF,-0.00795888900756836,0.5061091686325027,0.40048909187316895,0.2296816,0.1844122314344646
PIP4K2A,-0.007959127426147461,0.509549617676081,0.3666602075099945,0.190889,0.27201246755567565
PSMD13,-0.007961034774780273,0.57059215848076,0.41886600852012634,-0.32421488,0.05741916111483913
SNRNP40,-0.007982730865478516,0.39821888030857644,0.31031930446624756,0.2912325,0.08962144967242174
ENPP1,-0.007997989654541016,0.5847589975311488,0.4521036446094513,-0.24860439,0.14984745621995324
SLC44A2,-0.00801539421081543,0.6620781815194194,0.5670478343963623,0.37022948,0.028581057262951026
LMF2,-0.008022546768188477,0.5432372218479935,0.44289594888687134,-0.37619153,0.025928297825092567
PDIA6,-0.008042097091674805,0.48258666648673204,0.37672123312950134,0.6371293,3.8618529506818466e-05
ARL6IP5,-0.008045792579650879,0.9963430354521358,0.8655020594596863,0.70324737,2.460193785747448e-06
HADH,-0.008059024810791016,0.6223067189241465,0.4595443606376648,-0.12125875,0.48775100367590357
TTYH3,-0.008060574531555176,0.7346317572887376,0.5651942491531372,0.1515667,0.3847635271861362
PPP6C,-0.008073687553405762,0.7240807592125456,0.5277862548828125,0.1452866,0.40498973422811757
NUP205,-0.008078575134277344,0.4426645556477591,0.35697826743125916,0.052591305,0.7641446818145311
OPA3,-0.008085012435913086,0.6591794840494478,0.537352442741394,0.5797637,0.0002622278860421607
ITSN2,-0.008087992668151855,0.48835354079119664,0.3966972529888153,0.66277117,1.438319771986119e-05
DDX39A,-0.00809478759765625,0.6701151621828796,0.552913248538971,0.20146082,0.2458372578777358
CLCC1,-0.008106350898742676,0.7251759907444434,0.5741521716117859,0.5063154,0.0019131755594141192
MRPL40,-0.008112549781799316,0.5047939082069814,0.36716902256011963,-0.08595428,0.6234582531528479
GPX7,-0.008143424987792969,0.5635203537874124,0.44046705961227417,-0.09251922,0.5970765770713489
PHB,-0.008144140243530273,0.4816094480449558,0.38034787774086,0.016879816,0.9233282052585737
STAT1,-0.008150339126586914,0.8713609089032847,0.6956199407577515,0.08166391,0.6409548701926342
STX5,-0.008158206939697266,0.5724535949090369,0.45766791701316833,0.5284244,0.0011022179641096525
EEF1A2,-0.008166670799255371,0.8112135753477571,0.6196914911270142,0.11239155,0.5203465705760839
PFN2,-0.008168578147888184,1.2179934280763165,1.0356831550598145,-0.52515274,0.0011987550835137655
DBR1,-0.008178114891052246,0.5252841146630315,0.4470682740211487,0.23517016,0.17385544853650325
NOL11,-0.0081787109375,0.4396418018086023,0.3555483818054199,0.3050336,0.07478149441832342
TOR2A,-0.008188366889953613,0.440960245228448,0.32791540026664734,0.06385672,0.7155341328769038
MRGBP,-0.008197426795959473,0.40059016768120487,0.3211105763912201,0.13715862,0.43204562334137775
NISCH,-0.008205890655517578,0.40801369684266514,0.32491442561149597,-0.13362096,0.4441260539743132
ATP5MPL,-0.008207917213439941,0.37967303448660183,0.31887713074684143,-0.06631247,0.7050747447383153
RPAP3,-0.008211374282836914,0.5173055254825659,0.38452571630477905,-0.12510052,0.4739627126815753
NASP,-0.008223652839660645,1.4344652733413812,1.2489523887634277,0.21760945,0.20920543056013619
WNK1,-0.008225679397583008,0.7167428227555248,0.5509456396102905,-0.16696541,0.3377305826387364
MRPL18,-0.00825643539428711,0.43948006441407855,0.34631112217903137,-0.4029778,0.016384632686079707
CCDC93,-0.00825798511505127,0.5672051681835262,0.4394952356815338,-0.1771154,0.30874903513878604
PIGT,-0.008260488510131836,0.649702401075173,0.5179251432418823,-0.7092295,1.8486621026674702e-06
DCAF16,-0.00826728343963623,0.38524578361506095,0.31688275933265686,0.29368636,0.0868296589321241
PSMD8,-0.008269786834716797,0.6051727063388831,0.45777463912963867,0.0197573,0.9103068878614206
HGH1,-0.00827014446258545,0.6512652865060023,0.4712672233581543,-0.0075512063,0.9656604123414005
TASOR,-0.008295297622680664,0.4160423807486014,0.3379229009151459,-0.024216874,0.890172464845155
MRPL16,-0.008296012878417969,0.44848872035120024,0.367285817861557,0.48856774,0.0029025621326035787
LAMTOR5,-0.008307456970214844,0.5625184374012836,0.45632877945899963,-0.36715886,0.030031891326890565
TJAP1,-0.008313179016113281,0.5922050956588006,0.45030108094215393,0.09257863,0.5968402352527518
PRDX6,-0.008322596549987793,0.9777995399891455,0.694185197353363,-0.017881464,0.9187927853361383
MAPRE1,-0.008362650871276855,0.9836960524971243,0.757560670375824,-0.100075886,0.5673261397498762
DECR2,-0.00836789608001709,0.8403572464417656,0.7095768451690674,0.4889792,0.0028753576523532164
RIOX1,-0.008372187614440918,0.44210805212922744,0.3476407527923584,-0.09886025,0.5720658992382712
MAPK3,-0.008380889892578125,0.6628410325300611,0.47166672348976135,-0.03921412,0.823026213871801
TYMS,-0.008397817611694336,0.5015696979612286,0.42445603013038635,0.029869245,0.8647515629728937
CDC23,-0.008399009704589844,0.48715053099989275,0.3786357641220093,-0.3968502,0.01825613733193886
ALDOC,-0.008404850959777832,0.7143188383732572,0.5150352716445923,-0.19027773,0.2735796177202998
SAMM50,-0.008419275283813477,0.3501353755620235,0.289604127407074,0.6542249,2.019614852997736e-05
NELFCD,-0.008428454399108887,0.3996588556078115,0.2812594771385193,-0.105003186,0.5482994760518446
DHX38,-0.008445382118225098,0.5604328478163506,0.4361036717891693,-0.07042189,0.6876907010496567
HCCS,-0.008453130722045898,0.5924526899096576,0.5000486969947815,0.2952102,0.0851299960068726
WDR48,-0.008455991744995117,0.46053184827729593,0.38002094626426697,0.25534645,0.13875178886218537
SWAP70,-0.008466243743896484,0.6912122120108473,0.5242355465888977,0.12422009,0.47710420947144044
UTP23,-0.008470535278320312,0.45259620789735805,0.34817636013031006,0.2344795,0.17515950884261292
STT3B,-0.00848233699798584,0.6471867966291215,0.5352792739868164,0.5278924,0.0011174338871911404
TRADD,-0.008498907089233398,0.3511052761214648,0.2892816662788391,0.06270307,0.7204652799398654
KRT80,-0.008514165878295898,0.8545075333443447,0.7164623737335205,0.099556245,0.5693500896469625
MINK1,-0.008516311645507812,0.6652011757774308,0.4943293035030365,-0.22525929,0.1932413692611375
CAMK2D,-0.008527517318725586,0.590557046038873,0.46215760707855225,0.1641532,0.3460454890865999
SCRN1,-0.008530259132385254,1.0423426088038965,0.7817569375038147,-0.47851604,0.003640320870712421
AP2M1,-0.00853109359741211,0.5735494904470055,0.47662097215652466,0.32022998,0.060733696957255716
ERP29,-0.008536934852600098,0.6950137107169094,0.572994589805603,0.4259904,0.010725019637902742
MRPS15,-0.008541226387023926,0.4486828468465123,0.35863974690437317,0.6356928,4.070801067174798e-05
LRRC59,-0.008552312850952148,0.4735728432355356,0.40080100297927856,0.5459641,0.0006924747742607331
NOL10,-0.008552789688110352,0.5243087179693493,0.4407261908054352,-0.2013858,0.24601704340439143
PPP1CB,-0.008572101593017578,0.5086781972223613,0.3698704242706299,-0.28134114,0.10157821708413464
SMG9,-0.00858771800994873,0.5127068218574219,0.40040507912635803,0.21959493,0.2049771036670154
TOE1,-0.008587956428527832,0.45007443408482334,0.36278557777404785,0.35017043,0.03918845707989233
URM1,-0.008593440055847168,0.5030145666106385,0.42280659079551697,0.16094334,0.35568677782691077
CNPY2,-0.008600831031799316,0.5734947207223676,0.47404882311820984,0.42067415,0.011857972766056716
HSPA5,-0.008610367774963379,0.6462073986097457,0.5160693526268005,0.24636981,0.15366365271373564
DPYSL4,-0.00861358642578125,0.9178257932339974,0.722152829170227,0.054886702,0.7541610110993558
CDK6,-0.008619308471679688,0.6577535389914106,0.5100261569023132,-0.34753442,0.04079295441426896
OGFR,-0.008631229400634766,0.7293402374403976,0.5314396023750305,0.1844251,0.2888808990538468
CENPX,-0.00868237018585205,0.33917940910562533,0.26879096031188965,0.22614601,0.19144781757443405
PSME3,-0.008694767951965332,0.8108917973158892,0.6638892292976379,-0.017375154,0.9210852871153764
FUCA2,-0.008698463439941406,0.3564792146629016,0.28819796442985535,-0.108455166,0.5351518779351039
POU2F1,-0.008706927299499512,0.6002495792980063,0.4892188012599945,-0.69086915,4.349634785589534e-06
FNBP4,-0.008731842041015625,0.3980410042911016,0.3180055618286133,-0.18003024,0.3007256249547931
MYH10,-0.008739709854125977,0.8539851662622803,0.6989649534225464,0.40509456,0.015776675722903716
MSN,-0.0087662935256958,0.8992598046178448,0.6412338614463806,0.061649386,0.7249791201298641
NAT14,-0.008780360221862793,0.38045300053578757,0.31097421050071716,0.23299244,0.177991352446119
UTP20,-0.008785247802734375,0.6851834586470658,0.5513967871665955,0.11862334,0.49732740683979015
IAH1,-0.00878608226776123,0.4395493126611388,0.3391534090042114,-0.3791257,0.02469927236053813
ADD3,-0.00879359245300293,0.4956344520850916,0.36944642663002014,0.07657212,0.661967757453384
NDUFB1,-0.008794069290161133,0.48779414485144285,0.40675440430641174,0.08622421,0.6223642512561629
NXF1,-0.00882256031036377,0.4137452547659847,0.3298724889755249,-0.13865077,0.4270052195886797
JPT1,-0.008853554725646973,1.0086499069264503,0.7910342216491699,0.33907726,0.046302348847066514
BZW2,-0.008854031562805176,0.8096514800351305,0.6491918563842773,-0.23691568,0.17059003783354623
FKBP11,-0.008854031562805176,1.052778480186217,0.890612781047821,0.59637856,0.00015629820937165597
GATD1,-0.008856058120727539,0.4642342971925464,0.3688947260379791,-0.103056274,0.5557813099783913
DDX51,-0.008874177932739258,0.33509036752647353,0.2528727352619171,-0.14125858,0.41827506177450585
RPF2,-0.008879542350769043,0.437581054808458,0.3562334477901459,-0.635061,4.165896913434113e-05
CMBL,-0.008882761001586914,0.735773337939955,0.5416576862335205,0.33591253,0.048511512925044374
DNTTIP2,-0.008887171745300293,0.46839486020315746,0.3917734920978546,0.034574647,0.8436894513908229
PDXP,-0.008905172348022461,1.3273487290799233,1.1385324001312256,-0.11258357,0.5196298953548864
ACSL3,-0.008933186531066895,0.678843225993187,0.5988330841064453,0.6141386,8.703023849276808e-05
GRB2,-0.008937239646911621,0.8525873019803714,0.6699399948120117,-0.20109123,0.24672276456371375
DHX9,-0.008947491645812988,0.38673843950181963,0.3015363812446594,-0.25438908,0.14028949451282777
PRPF6,-0.008957505226135254,0.36560623088166044,0.29060813784599304,0.15801686,0.36461623694719203
PIGK,-0.008965015411376953,0.5193293473140121,0.41268590092658997,-0.06407146,0.7146176313741309
TIMM44,-0.008972644805908203,0.37556996343785826,0.3068789541721344,0.16334827,0.3484480999020755
MRPL41,-0.008973836898803711,0.5111147103695444,0.40615352988243103,-0.38299942,0.02315079688436037
STX16,-0.008987784385681152,0.6153848373259089,0.5137388110160828,0.48769954,0.002960693385422385
CD81,-0.00899207592010498,0.5997824403592698,0.46669307351112366,-0.36893904,0.029183608887618475
SCO2,-0.009008526802062988,0.5539281240860067,0.46439459919929504,0.40286097,0.01641874896279677
NDUFS7,-0.009014010429382324,0.4426380456964219,0.3525160253047943,0.15376242,0.3778334756643634
EEF2,-0.00902712345123291,1.001370742223095,0.7677536606788635,-0.3072045,0.07263263971950318
HAUS6,-0.009043455123901367,0.5143097662552327,0.3903161585330963,0.3213821,0.05976030939267417
CUTA,-0.00905001163482666,0.9131099922153154,0.7247673869132996,-0.06062462,0.7293781405538835
TIMMDC1,-0.00905454158782959,0.798685784004697,0.6704558730125427,-0.32009453,0.06084893629358521
ELMO2,-0.009060025215148926,0.527995490948974,0.41567447781562805,0.031047279,0.8594693753053293
DHTKD1,-0.009068131446838379,0.7506362679784777,0.5669020414352417,-0.30379462,0.07602984707397001
DNAJC13,-0.009072542190551758,0.5124225872004021,0.4061714708805084,0.47341433,0.004073366942183876
CACYBP,-0.009083271026611328,1.0957561622879781,0.8615868091583252,0.15514284,0.37351474406441104
SON,-0.009096384048461914,0.28595936696805424,0.196086585521698,0.0037925462,0.9827494268896468
DNAJA3,-0.009113907814025879,0.6212824648734958,0.49856916069984436,-0.39207006,0.01983710876486662
NECAP1,-0.009114384651184082,0.6075949958812432,0.4711024761199951,0.48494005,0.003152231281574474
HADHB,-0.009134531021118164,0.8204424074034489,0.6646623015403748,-0.39065918,0.02032493215901365
GTPBP1,-0.009140849113464355,0.9937408182931582,0.8304089307785034,0.6901314,4.495937841002284e-06
DPF2,-0.00915062427520752,0.49771585871022606,0.39613401889801025,-0.24170832,0.1618505027109311
POLD2,-0.009161591529846191,0.588007487598092,0.4397800862789154,-0.4241221,0.01111222753389574
LTA4H,-0.009168744087219238,0.656307445010066,0.4977353811264038,0.12527196,0.47335226740171044
AURKB,-0.009175419807434082,0.3961847046625469,0.3326081931591034,-0.26386595,0.12560913119250147
CPSF2,-0.009177923202514648,0.34447207256210804,0.2662501931190491,-0.18729617,0.28130736412388807
ARHGEF1,-0.00919044017791748,0.5711974502533281,0.43495798110961914,0.11262193,0.5194866186208736
RILPL1,-0.009203076362609863,0.5612689428382468,0.4559939205646515,-0.07225132,0.6800017464686114
KRT9,-0.009212136268615723,0.6052941593587919,0.4471852481365204,0.11686679,0.5037629892501626
TPBG,-0.009218215942382812,1.0132926569688503,0.8513097763061523,0.13605464,0.4357959401171472
RAC1,-0.009225130081176758,0.36060202560099197,0.2960278391838074,-0.13990909,0.42278040877184114
NRP1,-0.00923311710357666,0.7205313707917327,0.5817915201187134,-0.09261375,0.5967007272187992
GPD2,-0.009246110916137695,0.6951487487676347,0.5355936288833618,0.2367305,0.17093448854348872
S100A16,-0.009246587753295898,1.7148612679735922,1.322426438331604,0.110505514,0.5274153231660649
MRPL22,-0.009275674819946289,0.4396653235237587,0.36537009477615356,0.27331123,0.11214524350395447
RNF7,-0.009292244911193848,0.46140947262639403,0.36843839287757874,-0.13279125,0.44698568597599586
PITRM1,-0.009294271469116211,0.7751941576137191,0.59503573179245,0.36813802,0.029562822315208268
AAAS,-0.009299039840698242,0.44417721774587376,0.34446945786476135,0.33922982,0.04619791117306313
PSMB2,-0.009302496910095215,0.5474163373403284,0.4203904867172241,0.1956692,0.25996028835516205
UBE2Z,-0.009316682815551758,0.5234283901959139,0.3486928343772888,-0.03075112,0.8607965832704831
RPL3,-0.009319543838500977,0.43306954803655323,0.34726858139038086,0.1446182,0.4071775099250305
CNTN1,-0.00932765007019043,0.7338031815162283,0.6097831726074219,0.015750287,0.9284450705316782
FLVCR1,-0.009328961372375488,0.6273548110993905,0.46842148900032043,0.2728597,0.1127631343570917
IGFBP7,-0.009349226951599121,0.8546461914791778,0.6723657846450806,0.30688763,0.07294323809988282
ERGIC1,-0.009388327598571777,1.2171390842117662,1.0158607959747314,0.65345854,2.0809514122124617e-05
PDHB,-0.009389877319335938,0.615792036874334,0.4936125576496124,0.23015171,0.18349082261683522
NEXN,-0.00939631462097168,0.7053530677415562,0.536070704460144,0.056343373,0.7478456394738263
TGM2,-0.009401202201843262,1.7004326354011297,1.4264581203460693,-0.3120406,0.06801905141236099
ALAD,-0.009406328201293945,0.6860093298561201,0.5302152633666992,-0.089608714,0.6087133663967471
PTDSS2,-0.009419679641723633,0.6570718478293794,0.558471143245697,0.014539223,0.9339344532686457
ACSF2,-0.009420275688171387,0.8222385139254599,0.668034017086029,0.17378022,0.3180937685001009
NARS1,-0.009423375129699707,0.8674921411383671,0.6674907803535461,-0.07385583,0.6732837472480867
ZFPL1,-0.009441971778869629,0.7393234808313776,0.6060145497322083,0.40686718,0.015282254936301259
C5orf22,-0.0094527006149292,0.6150425203092303,0.5028877854347229,-0.10546305,0.5465395037879373
CAV2,-0.00946664810180664,0.5449882931720601,0.4020916819572449,0.13276884,0.44706306718876465
LRPPRC,-0.009479999542236328,0.5007912811845728,0.42838647961616516,0.08489355,0.6277655758387858
ZMYND8,-0.009484529495239258,0.5000258379459107,0.36006680130958557,0.31991443,0.06100248437983869
TP53BP1,-0.009491920471191406,0.5529176927004591,0.416958212852478,0.059774242,0.733034509983055
PPA1,-0.009500980377197266,1.0672294038781045,0.8813161253929138,-0.62134504,6.792965627192482e-05
TSSC4,-0.009505152702331543,0.5599499225364677,0.43842044472694397,0.11293818,0.5183068834579765
WDR55,-0.009520649909973145,0.5055068271451378,0.4093710482120514,0.2992904,0.08070529704577616
TRIP13,-0.009522080421447754,0.7012433836449726,0.5605427622795105,0.37091172,0.028266649599104778
STIM2,-0.009522318840026855,0.42146051319870376,0.339204341173172,-0.12078314,0.4894723582112244
SPTLC1,-0.009525299072265625,0.6874796257467967,0.5296591520309448,-0.12639613,0.4693589575968546
RNF149,-0.009534120559692383,0.5466145849084029,0.43551990389823914,0.022214064,0.8992073249071916
SPECC1L,-0.009536504745483398,0.5665978995372108,0.4441951513290405,0.002352724,0.9892980173960284
F11R,-0.009552359580993652,1.0945814514628016,0.8938047885894775,0.2090739,0.2280669450586743
CHMP7,-0.009583711624145508,0.2973674279035015,0.25166505575180054,0.1335093,0.4445104548073059
CKS1B,-0.009648919105529785,0.5521456815194059,0.39411109685897827,-0.08310647,0.6350497505539014
UQCC2,-0.009683370590209961,0.41694521136866,0.3232667148113251,0.37327155,0.02720094062457626
RNF126,-0.009683489799499512,0.611678805941073,0.4939156174659729,0.17691083,0.3093171485659376
TXN2,-0.009687185287475586,0.37365108511113915,0.3116057217121124,-0.24420135,0.1574339573752928
LIN7A,-0.009687662124633789,0.4524925520847742,0.3342711329460144,0.21950163,0.2051745401448732
MRPL43,-0.00968921184539795,0.4470068503650701,0.36146169900894165,0.6459029,2.7827162980272168e-05
MIEF1,-0.009729862213134766,0.3032950101518677,0.2449328899383545,-0.10832788,0.5356340846244219
PSMD2,-0.009730935096740723,0.5724385752063378,0.42454639077186584,0.040936865,0.8153826842146465
THUMPD1,-0.009750723838806152,0.5491247495515644,0.3827882707118988,0.09996229,0.5677683512615952
CHAF1A,-0.009774088859558105,0.5516968009772318,0.4361177682876587,0.38529196,0.02227286642261947
PAK2,-0.009774923324584961,0.945970038619006,0.7974629998207092,0.24368447,0.15834221666700762
THOC5,-0.009778857231140137,0.3105773910787844,0.23899532854557037,-0.05859741,0.7381044185817395
PARP1,-0.009778976440429688,1.0135786715603667,0.8724629282951355,-0.5859946,0.00021668497659892055
GATB,-0.009784340858459473,0.4637595443308959,0.3387974798679352,0.105433226,0.5466534993502351
KIF13B,-0.009791254997253418,0.5093226353227508,0.430405855178833,0.22188939,0.2001652602888842
TFB2M,-0.009791731834411621,0.5314945331338985,0.4181879460811615,0.41495994,0.01318692829241876
DHFR,-0.009808182716369629,0.5695763893187853,0.4723223149776459,-0.4340058,0.009190891430211795
NCAPD2,-0.009814977645874023,0.7034416969001261,0.5426458716392517,-0.108421296,0.5352800848073309
TCP1,-0.009818196296691895,0.8649728694144982,0.6246119141578674,-0.3683128,0.02947974005512513
SDF2L1,-0.009878873825073242,0.7359083279215827,0.5544028282165527,0.16819578,0.3341315169574884
TXLNA,-0.009900689125061035,0.7990795383419611,0.5813398957252502,-0.37296876,0.027335802880879376
NOSIP,-0.009903907775878906,0.6764709833636678,0.5239966511726379,-0.084546156,0.6291788201698054
RFX5,-0.009907364845275879,0.5421622344624581,0.4549882411956787,-0.071237914,0.6842572234683189
SPAG9,-0.009925365447998047,0.5249138409442164,0.3558806777000427,0.029238436,0.8675821268244458
PPIL4,-0.009926080703735352,0.5899173614850645,0.4667268991470337,0.48677436,0.003023751695095915
MAFG,-0.00993645191192627,0.5781861092514946,0.4629671275615692,0.25796962,0.13460193676066853
SETD1A,-0.009940266609191895,0.3746653891840862,0.3067980408668518,0.026972605,0.8777635565645152
UBE2I,-0.009948015213012695,1.043130069215227,0.864441990852356,0.15564726,0.3719435959815017
COMMD4,-0.009952425956726074,0.3604576967658766,0.2792266309261322,0.16297846,0.3495556438818195
RNASEH2C,-0.00995779037475586,0.6819040396124715,0.5203452110290527,0.2740028,0.11120393617380447
SCML2,-0.009963512420654297,0.6347119117899219,0.4932454824447632,0.4033813,0.016267248639464865
PSMB3,-0.009964227676391602,0.5769314688903614,0.4206639230251312,0.16369468,0.3474131573373947
NUP50,-0.010004281997680664,0.5226885718599555,0.39551615715026855,0.40837386,0.014872273242477967
BDH1,-0.010009407997131348,0.5598297050517871,0.44366389513015747,-0.42665353,0.010590353534573974
SUDS3,-0.010020017623901367,0.5900487732932621,0.4763209819793701,-0.21148038,0.22263615095810083
RAB31,-0.010021090507507324,0.5942617519887251,0.49307698011398315,-0.36928892,0.029019217601866612
DHX37,-0.0100327730178833,0.40929631503497005,0.3288213908672333,0.2478336,0.15115596482389693
NDUFS5,-0.01003420352935791,0.5570897482267518,0.4493352770805359,0.20734459,0.2320248082426791
ITPK1,-0.010036587715148926,0.45506864546042325,0.3422665297985077,-0.19222946,0.26859647763929795
POP1,-0.010044693946838379,0.5263975626544847,0.45000484585762024,-0.01487141,0.9324287383803532
SERBP1,-0.010051369667053223,0.7832185738959109,0.592811107635498,-0.34140623,0.044728769323939606
SDF4,-0.010059356689453125,0.6692550498991328,0.5018833875656128,-0.15983927,0.3590401648340531
ITM2C,-0.010076761245727539,0.4671357652476665,0.37923628091812134,-0.13957451,0.4239012712062317
PAPSS2,-0.010079145431518555,0.761716050363305,0.6100074052810669,-0.37718967,0.02550468251291909
NOB1,-0.010109305381774902,0.5340784454643838,0.410736083984375,-0.24428108,0.1572941260490683
BRIX1,-0.010113239288330078,0.5512093307561451,0.4694613814353943,0.38756558,0.02142958996734057
SUZ12,-0.010113835334777832,0.7527464013952757,0.48931774497032166,-0.181278,0.2973318412766044
PLP2,-0.010139822959899902,0.9468385343170973,0.7386074662208557,0.093735285,0.5922434946334064
AHCY,-0.010141849517822266,1.140678561272539,0.932510495185852,0.3416103,0.044592954119116665
PLCB4,-0.010150551795959473,0.6606819046399929,0.5409657955169678,0.040375594,0.8178710706037736
MARS2,-0.010152935981750488,0.5255867687659634,0.4102080464363098,-0.22615544,0.19142883092059265
NF2,-0.010162949562072754,0.5371607530469372,0.4371572732925415,-0.6815104,6.571970480097796e-06
GRSF1,-0.010167717933654785,0.5500551131118406,0.4358401298522949,0.18493597,0.2875239333376017
XPNPEP3,-0.0101701021194458,0.5535912224531279,0.4379408657550812,0.26320678,0.12659178014715003
CTNND1,-0.010170817375183105,1.1094610691262945,0.9313436150550842,0.2450117,0.15601724622514396
NPC1,-0.010171890258789062,0.8735606070958754,0.6957945227622986,0.56011754,0.0004669692927670696
JMJD6,-0.010186195373535156,0.42519905814123043,0.27032899856567383,-0.18991517,0.27451174163186975
SELENBP1,-0.010188579559326172,0.9783891302949907,0.731593906879425,-0.1529827,0.38028604795981635
SMC1A,-0.010190129280090332,0.5889751531463687,0.46703699231147766,-0.6750832,8.651554048618217e-06
UBE2J1,-0.010194182395935059,0.40957586005460006,0.3028019964694977,0.16851914,0.3331893886101894
PEX6,-0.010196685791015625,0.4197853221208776,0.2984851896762848,0.34624165,0.041598994474084834
MGST1,-0.010201096534729004,1.0941274808988246,0.9136543273925781,0.26469514,0.12438115253966081
PPOX,-0.010201573371887207,0.5175792190252294,0.44002676010131836,-0.024482422,0.888975874913671
CPPED1,-0.010213494300842285,0.6998010906240965,0.6012524366378784,-0.36645612,0.030372276495144856
APPL1,-0.010214686393737793,0.5639648965942886,0.3973275423049927,0.23209465,0.17971654975599305
MSLN,-0.010217070579528809,0.9520234480763083,0.6934053301811218,0.15099643,0.3865755303739088
GLTP,-0.010223388671875,0.6209637727828318,0.4816095530986786,-0.14933082,0.39189596561223433
RELL1,-0.010229945182800293,0.5290319758181584,0.38668397068977356,0.25181273,0.1444895996577283
UBXN1,-0.010232686996459961,0.9990535668148828,0.7812200784683228,0.49125093,0.0027291303026053255
LYPLA2,-0.010246634483337402,0.6663815564212467,0.5059141516685486,-0.0688884,0.6941599285977941
NCAPD3,-0.010258197784423828,0.8795484781941367,0.6664844155311584,0.16231635,0.3515433290129172
ILKAP,-0.010268092155456543,1.1482689143374862,0.9415692090988159,-0.6018285,0.0001310757896666478
CCDC124,-0.01027071475982666,0.8555537142431033,0.6574535965919495,-0.2365069,0.1713507511408504
PEPD,-0.010274410247802734,0.9921795401666901,0.7017022371292114,-0.03486353,0.8423998612999228
PGK1,-0.010279297828674316,1.256996885485497,0.963882327079773,-0.57677174,0.00028699245867294215
RPL37A,-0.010293364524841309,0.430235322778398,0.3403549790382385,-0.07358202,0.6744284589621148
APOO,-0.010296940803527832,0.5491780696036216,0.40124833583831787,-0.13464682,0.4406043590873149
POLR2L,-0.010347962379455566,0.2261574676352278,0.1946178674697876,0.025450258,0.884615514896205
TUBB3,-0.010350823402404785,1.6708168174834275,1.4211955070495605,-0.4469254,0.007111370812741029
ADPRS,-0.010362386703491211,0.6416821247773732,0.4304650127887726,0.043927446,0.8021535786516348
QDPR,-0.010389924049377441,0.6532419611045328,0.5029652118682861,0.3431595,0.043572824795502306
TMUB1,-0.01039111614227295,0.4750434083930369,0.3515298664569855,0.33930668,0.04614535608375668
GOLGA3,-0.01039433479309082,0.48031007270969056,0.3822571039199829,0.027519073,0.875306229193806
APEX1,-0.010401487350463867,0.9615425748003499,0.7684944868087769,-0.4406897,0.008058355988573372
CCDC115,-0.010407328605651855,0.4459096852845996,0.3619358241558075,0.23275234,0.17845156246542235
GOLPH3L,-0.010407447814941406,0.5703951632020424,0.45335501432418823,0.15431902,0.3760885157720411
SURF6,-0.010416388511657715,0.545316409777422,0.43518978357315063,-0.3465968,0.041376293875329664
PSMA7,-0.010423660278320312,0.6805348868918598,0.4978123903274536,0.08876955,0.6120859793981515
MVP,-0.01043081283569336,1.2332030902001005,1.0072598457336426,-0.50538725,0.0019564222619559085
HABP4,-0.010432720184326172,0.4597325172917052,0.38118672370910645,-0.4344219,0.009116624619905854
MRPL44,-0.010437965393066406,0.3881376611177124,0.31889814138412476,0.088649236,0.6125700693264974
VTA1,-0.010450601577758789,0.829185921878338,0.5610946416854858,0.43523237,0.008973449096003464
TBCE,-0.010453343391418457,0.638812478363601,0.4694785475730896,0.20516993,0.23706731310993898
IMP4,-0.010457634925842285,0.4514597845237561,0.36612656712532043,0.4030361,0.01636763157629323
ABHD12,-0.010459542274475098,0.5612840490484312,0.45257568359375,0.26379606,0.12571299070321906
CCNA2,-0.010468482971191406,0.4046268130424733,0.33100181818008423,0.46489078,0.004896505607022783
GCAT,-0.010469555854797363,0.4377858045827004,0.36024683713912964,0.0029145516,0.986742563225314
DYNC1H1,-0.010475635528564453,0.7431354291615588,0.5551932454109192,0.10356374,0.5538265692545133
BCKDHB,-0.01048588752746582,0.42832717576901225,0.34038668870925903,0.08694669,0.6194393943217117
TTC4,-0.010494828224182129,0.45915514427285065,0.3663090169429779,-0.22242977,0.199043528712154
ARL3,-0.010548710823059082,1.07344726602479,0.8677584528923035,-0.3135292,0.06664611491652699
HAUS4,-0.010553598403930664,0.3141904646151385,0.26927614212036133,0.6874627,5.063525282393101e-06
ERO1A,-0.010574936866760254,0.7304665468560108,0.6141456365585327,0.36222675,0.03248823297541368
PURA,-0.010578393936157227,0.40672617295504226,0.3315258026123047,-0.354717,0.03654124494484456
TFRC,-0.01058971881866455,0.7273532707009177,0.6243020296096802,-0.03017495,0.8633799399203149
UBXN7,-0.01059114933013916,0.6805060270240151,0.5749518275260925,-0.69739056,3.2329101862195983e-06
P3H3,-0.010598421096801758,0.7331606788116132,0.5801334381103516,-0.4149797,0.013182118014463015
RFC4,-0.010601162910461426,0.7277399592203263,0.5920294523239136,-0.08542276,0.6256152317880128
SCLY,-0.010603547096252441,0.47367943603078094,0.3608095943927765,-0.41507325,0.01315939064488822
NUP85,-0.010606169700622559,0.35845911411479864,0.28074395656585693,0.040419094,0.8176780890194957
COX6C,-0.01060628890991211,0.6471050544437028,0.5063382983207703,0.39924505,0.017504520650284242
TREX1,-0.010608911514282227,0.4420519806473078,0.320108562707901,0.4402015,0.008136830684732716
MSL1,-0.010614275932312012,0.4992860375608352,0.38473132252693176,-0.12864916,0.4614104406035288
DDX39B,-0.01063227653503418,0.7000066058664614,0.5934029817581177,0.19776827,0.2547811932503631
CSTF2,-0.010645627975463867,0.43313529719322963,0.3439966142177582,-0.36017922,0.03355502125280777
CNOT10,-0.010648488998413086,0.4011941987153068,0.32404008507728577,-0.20506334,0.23731631844410148
PPP1R13L,-0.010677218437194824,1.0946543088645988,0.8923100233078003,-0.10266407,0.5572942177675846
TIMM10,-0.010692954063415527,0.4643819261909758,0.3795017600059509,-0.30162317,0.07825689516087628
HMBS,-0.010694384574890137,0.6648672276799407,0.5297095775604248,0.11654036,0.5049638631501365
NUP160,-0.010695219039916992,0.42246655210449097,0.33712467551231384,-0.31118166,0.06882120219570718
CCNB1,-0.010701179504394531,0.46439245098793763,0.37488871812820435,0.016234264,0.9262521565902635
MTCH2,-0.010701775550842285,0.5206605497498307,0.4474509358406067,0.38091448,0.023973937353428752
PITPNA,-0.01070404052734375,0.3803560697161748,0.28428637981414795,-0.29507843,0.08527603115399673
AHNAK2,-0.010714530944824219,0.6588241183298097,0.5110162496566772,0.11039831,0.5278183645665285
EEF1G,-0.010718584060668945,0.6559552711598367,0.4852469861507416,-0.008631866,0.9607497063641083
GALT,-0.010720610618591309,0.41005262246523044,0.3331795334815979,0.14213854,0.4153522714959946
PHF3,-0.01073002815246582,0.3482234592504441,0.2885470688343048,-0.019148417,0.9130600727378033
PPP3CA,-0.010736227035522461,0.45479933749568363,0.3796674311161041,-0.26830736,0.11913595805037312
MYO6,-0.010737895965576172,0.7925489094079374,0.6680812239646912,-0.5924556,0.00017706080795865757
URB1,-0.010741472244262695,0.5207068257869266,0.4488515555858612,-0.33133012,0.05185898713602477
ILVBL,-0.010748863220214844,0.46685651773231895,0.37777331471443176,0.3036769,0.07614935906091397
JPT2,-0.01075136661529541,1.2584842286150393,0.9617706537246704,0.45635086,0.00586123557170561
MAN1B1,-0.010760784149169922,0.6051731741755028,0.48949360847473145,-0.09869473,0.572712918841968
FN3K,-0.01076352596282959,0.6282742090596762,0.4919761121273041,0.05569154,0.7506697994622161
MCU,-0.010768651962280273,0.9252869457360865,0.7762808799743652,0.024297813,0.8898076057768781
RSL24D1,-0.0107957124710083,0.4720319455345911,0.3663688600063324,-0.0152277425,0.9308130267959113
PPID,-0.010796070098876953,0.7771576318343163,0.61124187707901,0.18727896,0.281352261274408
PSMB4,-0.01080024242401123,0.5755937682552077,0.4133177697658539,0.10870108,0.5342210157814162
EPHB4,-0.010803818702697754,0.4485808113594648,0.36204686760902405,-0.2472744,0.15211045358138833
PMF1,-0.010833382606506348,0.516299384713051,0.4285353124141693,-0.27338836,0.11203996126485476
DHRS7,-0.010837674140930176,0.541003340709053,0.41958171129226685,-0.11384832,0.5149191413081803
KIAA2013,-0.01086413860321045,0.5609987411433901,0.43222475051879883,0.31941316,0.06143140850344037
ANAPC7,-0.010889649391174316,0.3883263283549351,0.3077423572540283,-0.098794885,0.5723211273015227
DDX6,-0.01089465618133545,0.734209772555582,0.578109860420227,0.38635388,0.02187565495500187
SORBS2,-0.010913252830505371,0.6578551371477112,0.5569701790809631,0.4819455,0.003372180171606305
RHOC,-0.010922670364379883,1.0517043699608455,0.8869150280952454,-0.42460147,0.01101176907548988
GOLGB1,-0.010922670364379883,0.5791950632813597,0.44240033626556396,0.49673536,0.002402507873919176
SCYL1,-0.01092994213104248,0.46543518075970897,0.3812924921512604,-0.2049988,0.23746708843663514
QPCTL,-0.010944366455078125,0.5909091598920848,0.47373151779174805,-0.57916164,0.00026705157274919364
SARS1,-0.010947227478027344,1.04501353779835,0.8393961191177368,0.45104244,0.006539765263568318
NUB1,-0.010980010032653809,0.42796361345632694,0.3471411466598511,0.074443005,0.6708318040473643
CAND1,-0.010999202728271484,0.8314325390354953,0.625050961971283,-0.18226053,0.2946767369125281
CCAR2,-0.01100766658782959,0.6546606845872132,0.5227861404418945,0.16420299,0.3458974358868535
EIF3K,-0.011015653610229492,0.6911605786434943,0.492667555809021,0.069457725,0.6917555968151259
ELOC,-0.011020660400390625,0.6167207957258719,0.47370126843452454,-0.5948983,0.0001638615855839179
IFI16,-0.011026382446289062,0.7453994316410061,0.6275115013122559,0.5467349,0.0006780765592850973
SLC4A1AP,-0.011027216911315918,0.5601398971064678,0.44169747829437256,0.20197977,0.24459742621989372
AHCTF1,-0.011027336120605469,0.3889060153860853,0.3007237911224365,-0.3023507,0.07750506379545556
SNX5,-0.011034727096557617,0.7457583007862053,0.5366383194923401,0.22125244,0.2014930759272661
GNL3,-0.011040568351745605,0.6578532797525586,0.5365328192710876,0.068207726,0.697038309852576
CPSF4,-0.011064410209655762,0.36430154082836047,0.2980606257915497,-0.31213275,0.06793342869414574
RBM5,-0.011070728302001953,0.41183638005240564,0.29907745122909546,0.19283038,0.26707459276337475
RMDN3,-0.011095643043518066,0.710282663439512,0.6039348244667053,0.3745354,0.02664392104923856
ABI2,-0.01110982894897461,0.6907825566425921,0.5433586239814758,0.03821759,0.8274554175038351
OXSR1,-0.011110782623291016,0.7321564053401743,0.5219478011131287,-0.11529526,0.5095560447345023
PACSIN3,-0.011115789413452148,0.774098354798217,0.671938955783844,-0.230408,0.1829897784070847
HMGB1,-0.011148333549499512,1.1482163300630566,0.9244934916496277,0.660971,1.546303050146443e-05
DCTN1,-0.011158943176269531,0.6968046956885692,0.5409407615661621,0.2830911,0.09937910147635225
LANCL1,-0.011166810989379883,0.7712770593925868,0.5959512591362,0.12783805,0.46426376437330685
ESF1,-0.011185169219970703,0.4670640348513619,0.387708455324173,0.38951278,0.02072864265309652
MAD1L1,-0.011186718940734863,0.36221674342747845,0.2922862768173218,0.46180373,0.005228117041029495
MRC2,-0.01123809814453125,0.8787361828191177,0.7342047095298767,0.48368388,0.0032429349472178795
COPA,-0.011240959167480469,0.6248515906561005,0.4603627324104309,0.042205885,0.8097623814588902
HIKESHI,-0.011263608932495117,0.2844670209709523,0.22350096702575684,-0.11078725,0.5263562051222992
NFS1,-0.011272311210632324,0.6443195110816204,0.5040861368179321,0.726552,7.753987794007808e-07
MAGT1,-0.01132059097290039,0.7328746565951851,0.5674358606338501,0.6872439,5.112829342799655e-06
EMC8,-0.011323690414428711,0.4568423345345422,0.38718441128730774,0.42867872,0.010187932722469054
EVPL,-0.011328697204589844,0.9630368568541156,0.7286434173583984,0.13286054,0.4467465910330742
SNCA,-0.011334419250488281,0.84847104338205,0.7156643271446228,-0.039480843,0.8218419365066871
ATRX,-0.011340737342834473,0.46973634896026834,0.3467532992362976,-0.1596882,0.3595003618161761
TAF4,-0.011348128318786621,0.5234795738505362,0.400328129529953,0.09404284,0.5910243199109314
PMPCA,-0.011354565620422363,0.4865739346718191,0.3751473128795624,-0.26064232,0.13046865960553203
CD9,-0.011384129524230957,0.700754535552857,0.5470837950706482,0.2591033,0.1328370749261346
SEC23B,-0.011395931243896484,0.5575193462949504,0.40723657608032227,0.07915193,0.6512885897441576
HSD17B11,-0.011401891708374023,0.4167579689923035,0.32311582565307617,0.26969635,0.11716359540522005
RPRD1B,-0.0114058256149292,0.6558287040259468,0.5401586890220642,-0.53708774,0.0008788779276802827
TBL3,-0.01140594482421875,0.4841811038139282,0.4112197458744049,-0.03265561,0.8522672657209047
KPNA3,-0.011416912078857422,0.5589089737959886,0.4435979127883911,-0.24299408,0.15956163948516577
BUD31,-0.011436820030212402,0.4786293206118272,0.3823460042476654,0.55301386,0.0005703247774536812
MMAB,-0.011444687843322754,0.8407888727812006,0.6482369899749756,0.3014569,0.07842938585673845
INPP5D,-0.011455535888671875,0.4245405757302363,0.35342803597450256,-0.1376018,0.430545021020484
GIGYF2,-0.011475205421447754,0.6251676334640416,0.4538499414920807,-0.3322312,0.051186575099989265
TIMM8A,-0.011479496955871582,0.6939027832810497,0.5250387191772461,0.23787725,0.1688101394163102
UBE2N,-0.011481642723083496,0.9634545089205184,0.7859262228012085,0.5446172,0.0007182858925591303
GRPEL1,-0.01150047779083252,0.6253239507355937,0.482909232378006,-0.18152994,0.29664938100418176
F5,-0.011504530906677246,0.9308962617353853,0.7265080809593201,-0.44399616,0.007543628768877026
MRPL48,-0.01151585578918457,0.4859651030277966,0.39585253596305847,-0.41649434,0.01281829178169339
GRB7,-0.0115278959274292,0.791642531646116,0.5668589472770691,0.06419686,0.7140824660282332
RPL22,-0.011538982391357422,0.3946466182820485,0.32235684990882874,0.13131168,0.45211006134602455
FMR1,-0.011541008949279785,0.5260407916776223,0.43384960293769836,-0.10786351,0.5373944611605194
SORBS3,-0.011557221412658691,0.6441785598790352,0.4801812767982483,0.32893667,0.053679191883345495
HEXA,-0.011562943458557129,0.9416628286120313,0.7904058694839478,-0.41967216,0.012082450465662526
SRSF2,-0.011576414108276367,0.5896754751106412,0.428884357213974,-0.05363094,0.7596181239875671
PLA2G4A,-0.011576414108276367,0.6314379280147029,0.47614043951034546,-0.13468322,0.44047940691183246
CNOT1,-0.011581778526306152,0.6609073181114853,0.4988878071308136,0.23066795,0.1824824985963304
PLEKHA2,-0.01160740852355957,0.2828414449053097,0.24306336045265198,0.13785416,0.42969228318057895
PM20D2,-0.01161050796508789,0.8577243210682531,0.673891544342041,-0.013807312,0.9372536516780379
EML4,-0.011631131172180176,0.8490999996818315,0.6550226211547852,-0.6326462,4.548145635604505e-05
UGGT1,-0.01164388656616211,0.6640057483432892,0.5646805763244629,-0.46544382,0.004839045384966529
TRPT1,-0.011659741401672363,0.42487972955969683,0.3130246698856354,0.17601946,0.3118005630143676
STX12,-0.011693835258483887,0.4692356931235938,0.37361642718315125,-0.15266813,0.3812781858607562
IFIT5,-0.011696338653564453,0.6158759268956364,0.4662022590637207,0.19873096,0.25242882990393717
IL6ST,-0.011700749397277832,0.6388466971973706,0.5147944688796997,0.15155515,0.38480021794525565
METTL1,-0.011713862419128418,0.36392953925095645,0.298201322555542,-0.055808585,0.7501623716216005
CAD,-0.011719465255737305,0.895052928478355,0.6931957006454468,0.4890281,0.002872141315631084
BPTF,-0.011719703674316406,0.3764777867804855,0.285544753074646,-0.15808547,0.36440557128432355
CTSL,-0.011720657348632812,1.1201806154393383,0.9742817282676697,0.1419742,0.4158970680456359
CCDC12,-0.01172947883605957,0.35945652990587806,0.3014355003833771,0.037326667,0.8314191202404032
TMX4,-0.011749744415283203,0.614937168571382,0.4674944281578064,-0.41261652,0.013767129324448492
ACBD6,-0.011765480041503906,0.4488300466205838,0.38063111901283264,-0.22049654,0.20307684304197066
DHX33,-0.011794209480285645,0.49681808877504,0.41129592061042786,0.044264995,0.8006635020540162
LETM1,-0.011800289154052734,0.5090689154888663,0.3875076472759247,0.3549477,0.03641091332935156
ISCA1,-0.011834502220153809,0.5553476676474306,0.44235512614250183,-0.18212396,0.2950450031160607
NPM1,-0.01183474063873291,0.6138703256660958,0.5098578333854675,0.54284525,0.0007535362937742114
LRRFIP2,-0.011849641799926758,0.46133704568505296,0.3786591589450836,-0.28469974,0.09738977792549416
LUZP1,-0.011866927146911621,0.7659354845422806,0.6414123177528381,0.059953988,0.7322615385406618
OFD1,-0.011872649192810059,0.9431032579467856,0.784862220287323,0.51401436,0.0015855329654550943
APLP2,-0.011876702308654785,0.8481255915168155,0.6781556010246277,0.6339106,4.344213228089573e-05
ACOT8,-0.011887788772583008,0.4524434982768518,0.35389652848243713,-0.24952404,0.1482971948041897
TRUB2,-0.011901140213012695,0.5145206473723815,0.3517311215400696,0.1745355,0.3159622094258829
RPS15,-0.011903643608093262,0.4171732167859936,0.3370238244533539,-0.025264021,0.8854541419243522
DPP4,-0.011904597282409668,1.2563754099787434,1.1150274276733398,0.3728774,0.02737663498683615
STT3A,-0.011912941932678223,0.730001167335622,0.6017881631851196,0.39135918,0.020081663448279986
FNBP1L,-0.011914253234863281,0.5708013816810759,0.4584408402442932,-0.493641,0.002582322583082422
FXR2,-0.011917591094970703,0.6603065635605666,0.5334956645965576,-0.43862978,0.008393946869987476
CENPF,-0.011967778205871582,0.5314604959278179,0.4184897840023041,-0.41120514,0.01412681335297189
ATP1B3,-0.011983513832092285,0.4953518975170029,0.3937399685382843,-0.2948968,0.08547744255302159
TRPM4,-0.011987566947937012,0.8597781882782867,0.7096936106681824,0.14555985,0.40409736041607774
BPGM,-0.01199185848236084,0.6100988002013742,0.4786474406719208,-0.18382882,0.2904701203671728
MMP14,-0.011998295783996582,0.9593811768075122,0.7783728241920471,0.19692281,0.25685889100792253
RPL13A,-0.012004256248474121,0.518551382855304,0.39184626936912537,0.08590854,0.6236438869447363
GNG10,-0.012004852294921875,0.6413586067969997,0.5505644679069519,0.035656493,0.838861557655905
LXN,-0.012005805969238281,0.7895335689218462,0.6258845329284668,0.57028425,0.00034798916096392957
SUN2,-0.012032747268676758,0.6515857381358762,0.4925535023212433,-0.23339067,0.17722977472227602
PEX14,-0.012035489082336426,0.5502459853795808,0.4124789237976074,0.09527673,0.5861421895796017
STING1,-0.012037396430969238,0.8864284157700708,0.6827664971351624,0.51706016,0.0014701891771401457
MYO18A,-0.012043595314025879,0.49791322298601487,0.41978025436401367,-0.4264089,0.010639859406164876
MRPL13,-0.012047886848449707,0.5072767218934818,0.4006228744983673,0.43110466,0.00972305111632413
PTPA,-0.012053370475769043,0.757409529366492,0.5683526992797852,0.5204013,0.0013521991068436226
PMVK,-0.012055039405822754,1.0052148624399189,0.7732828855514526,-0.24638112,0.15364413622140957
MTPN,-0.012056589126586914,1.3552073025925528,1.143969178199768,0.45389855,0.00616676972702511
SLAIN2,-0.012062430381774902,0.5432940544614062,0.4438272714614868,0.33051467,0.052473495588703276
EIF3B,-0.012063860893249512,0.7212369848891832,0.5202876329421997,0.41335994,0.013580792469570255
UXS1,-0.012065768241882324,0.5097632864829024,0.42400258779525757,0.22505367,0.19365900042993628
YEATS4,-0.01207578182220459,0.40778691003247697,0.30612853169441223,0.0074575273,0.9660862665715736
UXT,-0.012082099914550781,0.5063253782221672,0.4041651487350464,0.45838365,0.005617902827690641
HEXB,-0.012082457542419434,0.9283774947603789,0.7550330758094788,0.3178913,0.06274818388449492
SNW1,-0.012087345123291016,0.34588963924442745,0.243153378367424,0.2385579,0.16755819101775954
NUTF2,-0.012093544006347656,0.9454972583139936,0.7306997776031494,0.13978437,0.42319804194036476
RACK1,-0.012097477912902832,0.8134234755688681,0.560389518737793,-0.2978672,0.08222801448426485
ABCC1,-0.012106060981750488,0.9185025550150546,0.7666438221931458,-0.2647013,0.12437200646337275
AAK1,-0.012114286422729492,0.6233732032604649,0.4938419759273529,0.35800603,0.03471834721730055
PPTC7,-0.012117147445678711,0.5306661145981756,0.4087052047252655,0.18810727,0.27919125946185225
UBE2L3,-0.012118697166442871,0.8999325462070912,0.6702191233634949,-0.22929093,0.18518048923187322
SRPK1,-0.012120366096496582,0.5726012459811672,0.44880154728889465,-0.13975607,0.42329270018779025
SEC13,-0.012136459350585938,0.4130594772629997,0.3034457266330719,-0.083768286,0.6323485248056225
ZC3HAV1L,-0.012137413024902344,0.48827536007189803,0.37462854385375977,0.25856695,0.13366985576858456
CCT6B,-0.012149333953857422,0.8736078563650446,0.6939712762832642,-0.3493396,0.03968853176191933
ADD1,-0.012161850929260254,0.649942902661493,0.5557295680046082,-0.4232851,0.011289497056240976
HEATR3,-0.01216435432434082,0.5709225514109151,0.5020946264266968,0.02073016,0.9059094352707194
SMC3,-0.012201309204101562,0.546684940554126,0.4158788323402405,-0.32856718,0.05396471898047953
CRYBG1,-0.012209415435791016,0.5491068122277942,0.4305296838283539,-0.08903089,0.6110348758988279
PRIM1,-0.012213349342346191,0.46135568237687324,0.35111334919929504,-0.50527126,0.001961891998406131
TAF6,-0.012213349342346191,0.36864393616240526,0.299008846282959,0.051389657,0.7693862008333876
SNAPIN,-0.012217402458190918,0.6459342944282972,0.4518658220767975,0.10863122,0.5344853500696939
SUOX,-0.012229204177856445,0.7304700555636728,0.5625818967819214,0.33760798,0.0473176983327152
FNTB,-0.012230992317199707,0.523422724956541,0.4016665816307068,-0.3980455,0.017877684788388474
ISCA2,-0.012244462966918945,0.5434707955179395,0.4261851906776428,-0.20328659,0.24149348913188018
NUP155,-0.0122452974319458,0.4686008533983686,0.3690573275089264,0.09137961,0.6016214267426867
ABI1,-0.012299895286560059,0.6121428791509702,0.49109983444213867,0.2656045,0.12304483218296533
NSL1,-0.012302398681640625,0.4369581647910006,0.36569923162460327,-0.19041105,0.2732371430423199
SH3GLB1,-0.0123213529586792,0.7614814584319467,0.6134662628173828,-0.3448111,0.04250597156196247
SRP72,-0.012327075004577637,0.3505443771507958,0.25263410806655884,0.28949267,0.09164224842992738
BMS1,-0.01234138011932373,0.4217839672631084,0.34661468863487244,0.44496602,0.007398083483616423
UBE3A,-0.012343525886535645,0.7076172902641253,0.5408080816268921,-0.26481888,0.12419867744637424
USP36,-0.012362241744995117,0.4459067612488083,0.3624819219112396,-0.116870046,0.5037511586610979
MX1,-0.012370586395263672,1.2400097741234017,0.9504506587982178,-0.22870852,0.1863301481665217
SURF2,-0.012380719184875488,0.401611977434648,0.276407390832901,-0.14332576,0.4114265291734248
DPYSL5,-0.012389540672302246,1.2848015385563902,1.0238635540008545,0.41896066,0.012244012445075999
MED17,-0.012400388717651367,0.40249871538087545,0.32666316628456116,0.23521054,0.17377935116700877
COPB2,-0.012409090995788574,0.5797537722068014,0.42845115065574646,-0.038325444,0.8269756850472575
CD46,-0.012416958808898926,0.5316957679196271,0.40287256240844727,-0.2569391,0.13622102780409215
RBM33,-0.012421965599060059,0.636417856089528,0.49503228068351746,0.49036604,0.0027853070946620355
CNBP,-0.012433052062988281,0.8496159345000914,0.6578572392463684,-0.55526465,0.0005355714648856782
MRPS35,-0.012435555458068848,0.4995213542169247,0.38313308358192444,-0.30063474,0.07928715139474944
TRIM32,-0.01244819164276123,0.39749047921732716,0.3448677062988281,0.20687552,0.2331060641640626
COX7A2,-0.012452363967895508,0.6148468492519494,0.49522340297698975,-0.08196342,0.6397268628280975
VIM,-0.012454509735107422,3.4112871355193004,2.908457040786743,0.4258515,0.010753404359745119
PNP,-0.012455940246582031,1.0230522886805202,0.8413649201393127,-0.42209476,0.011545721745914748
H4C1,-0.012470245361328125,0.5915952030418139,0.46922197937965393,-0.15787385,0.36505612074296095
ARMC10,-0.01247107982635498,0.745472594526904,0.5720762610435486,0.22926736,0.18522698044136146
PTPRA,-0.012479901313781738,0.6076260189933841,0.4807550609111786,-0.33718798,0.047611185011137404
NT5C,-0.012506723403930664,0.43149398453189364,0.3276832103729248,0.43759903,0.008566283576480321
CBR1,-0.012508869171142578,0.975135217973729,0.7465320825576782,-0.09782853,0.5761029309633601
NDUFB2,-0.012536406517028809,0.5840030016528028,0.44648176431655884,-0.121322624,0.4875200016939171
SRPRB,-0.012538790702819824,0.5654461319661825,0.47002968192100525,-0.4966686,0.0024062687965377945
ESYT2,-0.012542963027954102,1.129736413595847,0.9373583197593689,-0.6865881,5.263296507024697e-06
SNX4,-0.012576937675476074,0.49772021482913986,0.3763715922832489,-0.04920285,0.7789511408459787
COMT,-0.012578725814819336,0.7521893415123427,0.5331790447235107,0.59430915,0.0001669617145440462
POLR3F,-0.012579798698425293,0.5203352708387419,0.4117695987224579,0.08721796,0.6183430255224469
NAPG,-0.012584567070007324,0.5123999916751155,0.42286449670791626,0.06596643,0.7065455433627224
MT-CO2,-0.012590408325195312,0.6687828813472979,0.5369740724563599,-0.042971488,0.8063765391530165
YARS1,-0.012609124183654785,1.0938446004011082,0.8598366379737854,0.008215308,0.962642323042358
F3,-0.012610197067260742,0.9317192508300172,0.7349019050598145,-0.35095957,0.03871816217427378
CLN5,-0.012619495391845703,0.721474872685568,0.568838357925415,-0.42657995,0.010605218497566791
ALG2,-0.012629508972167969,0.5693433443768704,0.46294739842414856,-0.66839904,1.1434250882602066e-05
SUB1,-0.01264035701751709,0.8857721998688064,0.7288964986801147,-0.43411055,0.009172143451287411
NUP58,-0.012642621994018555,0.34984848966535553,0.24207507073879242,-0.39686877,0.018250236635088197
CTR9,-0.012644410133361816,0.33550607346610223,0.28673359751701355,-0.18124649,0.2974171383470744
YTHDF3,-0.01264798641204834,0.492118467303561,0.41544654965400696,-0.3447369,0.04255341044810913
COA7,-0.012666106224060059,0.5452778791570134,0.4556578993797302,-0.15733376,0.3667198967468077
NUDT5,-0.012673616409301758,1.1194751499172944,0.843097984790802,-0.050068576,0.7751603647389563
SPATA5,-0.012684345245361328,0.3983721398992122,0.28997501730918884,0.10149265,0.5618245188616924
ACY1,-0.012684822082519531,0.7019950051782069,0.5376943349838257,0.21299249,0.21926937431916554
ILF2,-0.01270604133605957,0.39867908035456046,0.313885897397995,-0.6910359,4.3171429994994195e-06
CTHRC1,-0.012722611427307129,0.7508162983504776,0.6038294434547424,-0.09579693,0.5840892359930066
SLC7A1,-0.01272439956665039,0.3983063014320451,0.3088337481021881,-0.030385809,0.8624342030777682
OSBPL11,-0.01272571086883545,0.3862487364257588,0.2890440821647644,-0.27503994,0.10980338234494876
ARIH1,-0.012729644775390625,0.4828982607279912,0.3530467748641968,0.10408715,0.5518141262690855
BORCS5,-0.012742161750793457,0.47305388315492186,0.3565112054347992,0.28483728,0.09722107136746136
RBM7,-0.01274263858795166,0.6040508033105475,0.524988055229187,-0.07711862,0.6597000197900263
ATIC,-0.012754678726196289,1.1731848453627651,0.8852809071540833,-0.54794574,0.0006559944848865298
ALDH6A1,-0.012757301330566406,0.5876705987259255,0.44275230169296265,-0.16436477,0.34541555344844665
PPP2R2A,-0.012786269187927246,0.6781742746056562,0.541563093662262,-0.3746646,0.026587553855114274
LRATD2,-0.01279604434967041,0.561819565683065,0.4542737901210785,0.22998254,0.18382204224448048
PTER,-0.012821674346923828,0.4444511180449495,0.33152148127555847,0.106408775,0.5429275862055515
DDX31,-0.012823104858398438,0.5453026374427817,0.4446753263473511,-0.4522235,0.006383235742164998
THYN1,-0.01283276081085205,0.8372089307205721,0.665442705154419,0.49210426,0.0026759030997321022
TBCA,-0.012845754623413086,1.2717905452347436,1.0002385377883911,-0.3333035,0.0503955119857392
NSUN2,-0.012848138809204102,0.6905465897111662,0.5749462246894836,-0.031540513,0.8572592729627839
FAM114A2,-0.012859582901000977,0.5111973559596258,0.41062474250793457,0.229819,0.18414245867992218
DGLUCY,-0.012876033782958984,0.48000927796933834,0.37423983216285706,-0.0632737,0.7180250587604536
KIAA1671,-0.012877106666564941,0.5882261719066472,0.4760502278804779,0.13691989,0.4328552395907319
HMGCL,-0.012879252433776855,0.8102594440478316,0.6497620940208435,0.1692141,0.3311703758534766
EIF4A3,-0.012883543968200684,0.4084597606765654,0.3168875277042389,-0.43939173,0.00826844658582203
URI1,-0.012896537780761719,0.5072658530945223,0.3697144091129303,-0.03667512,0.8343209013623739
RAN,-0.012918949127197266,0.7594256584318585,0.6130651235580444,-0.36703932,0.030089584173644462
CTSD,-0.012929320335388184,1.3498517714468632,1.180317997932434,0.11919651,0.4952365655242724
NAA20,-0.012942790985107422,0.5762458107272642,0.4645482301712036,0.22959667,0.18457919488313868
KIF22,-0.012946367263793945,0.634584442103472,0.5073856711387634,-0.14606713,0.40244329740326334
YWHAB,-0.012954473495483398,0.7808777112845049,0.5999748706817627,-0.1477592,0.39695496663212293
NOP2,-0.012999653816223145,0.743128170394872,0.5875017642974854,-0.45368543,0.006193960438372383
SEPTIN5,-0.013012409210205078,0.4970256283204406,0.4225647449493408,-0.03879282,0.8248979112594906
VPS11,-0.013032197952270508,0.3643498036095739,0.3021511733531952,-0.089003526,0.6111446498243349
STK39,-0.01303398609161377,0.4857326370116377,0.35438576340675354,-0.042781863,0.8072150350334226
RSU1,-0.013049125671386719,0.5323219703762598,0.3908502757549286,0.24955776,0.1482405440886285
EIF4G1,-0.013074040412902832,0.6679404626400282,0.49286434054374695,0.29839358,0.081662224051511
PSMA3,-0.013074159622192383,0.6840766726821041,0.49897047877311707,0.476056,0.003843880679969139
GPC4,-0.013078451156616211,0.6149557784704378,0.475791871547699,0.012245671,0.9443387370665737
TLN1,-0.013078689575195312,1.0163136421724088,0.705923318862915,-0.08042641,0.6460370881361333
IQGAP3,-0.013083577156066895,0.6529972435146764,0.5261132121086121,-0.55179465,0.0005899713672685555
HMGN2,-0.01308596134185791,0.8751570356324968,0.6998656392097473,-0.59169585,0.00018135674421660032
MORF4L1,-0.013140320777893066,0.37527338632500085,0.27488142251968384,-0.05519415,0.7528267373456872
CSDE1,-0.013170242309570312,0.7339187178548621,0.5169280171394348,-0.21102187,0.22366394825526384
COPG1,-0.013178348541259766,0.68546709862626,0.5211926102638245,0.16750342,0.3361539294357451
TOMM70,-0.01318824291229248,0.3582145780606443,0.2844306528568268,0.31804743,0.06261214918708391
ABCC4,-0.013188600540161133,0.5101230873440343,0.39850905537605286,0.15887903,0.36197189792312423
PSMA1,-0.01319873332977295,0.6344351274906157,0.4439353346824646,-0.22425589,0.1952851479858742
DDX41,-0.013250470161437988,0.36401848179014307,0.2978638708591461,-0.2926565,0.08799303470711466
FOSL2,-0.01325380802154541,0.49605573673739617,0.4047713577747345,0.26783866,0.1198069340929675
TRIM27,-0.013282179832458496,0.3958547883326084,0.3178945779800415,0.0064624455,0.9706092113978325
FDX2,-0.013297796249389648,0.5363947049772809,0.4318299889564514,0.40637547,0.015418096947326458
TOP2A,-0.013298630714416504,0.8374186077707227,0.6188052296638489,-0.06953605,0.6914250812957777
C2CD5,-0.013323545455932617,0.4745479748101992,0.38150325417518616,-0.22488536,0.19400132280299798
GALM,-0.013324856758117676,0.540102770394924,0.44764605164527893,-0.10354285,0.553907321738732
KIF11,-0.013325333595275879,0.7412621602288038,0.5807692408561707,-0.053694002,0.7593438020105034
OGFOD1,-0.013326644897460938,0.3141301907711235,0.2677968740463257,0.039095078,0.8235552131103153
GSK3A,-0.013327836990356445,0.5998921178150807,0.48213398456573486,-0.2678366,0.11981001296136988
SNAP29,-0.013329148292541504,0.5596718421419931,0.4316020905971527,-0.14498009,0.40599207046497965
LRIF1,-0.013329505920410156,0.5310719416047183,0.4115273058414459,0.4731373,0.004098106833663398
ATPAF1,-0.013355851173400879,0.5529521876924401,0.42454367876052856,0.607236,0.00010972431508547438
UFL1,-0.013362884521484375,0.5175360320626814,0.43226563930511475,-0.4881589,0.0029298067511148097
GINS1,-0.013365030288696289,0.2930902356352847,0.24599631130695343,0.2268051,0.19012217976788304
EIF4G3,-0.0133744478225708,0.5652587843174008,0.45096293091773987,0.10194979,0.5600545441955714
TPD52L2,-0.013378262519836426,0.6655913089231201,0.5703997611999512,-0.33729982,0.04753290193618899
YIPF4,-0.013434767723083496,0.6367225880887485,0.4978434443473816,0.09323877,0.594214741710392
PELP1,-0.013477444648742676,0.46212102596399546,0.36214715242385864,0.06872321,0.6948582192418868
F8A1,-0.013477563858032227,0.34524403277370574,0.27887898683547974,0.41245916,0.013806846791248021
NOL9,-0.013480544090270996,0.4911519161129514,0.3843667209148407,-0.05515718,0.7529870820778942
NCBP3,-0.013486504554748535,0.3058764661201163,0.25804752111434937,-0.17445228,0.31619659141511075
HTATSF1,-0.01350259780883789,0.7751249535641643,0.6377191543579102,-0.48395148,0.0032234238594530742
SIPA1,-0.01350700855255127,1.0994943995695263,0.9613030552864075,0.5603897,0.00046336288208827974
PAWR,-0.013517260551452637,0.6368683949241254,0.48854294419288635,-0.15070498,0.38750352080409517
KYAT3,-0.013521790504455566,0.5900682691500762,0.43599051237106323,-0.26140013,0.1293139764548383
RIN1,-0.013524413108825684,0.45536201037682417,0.35902267694473267,0.04315149,0.8055809285196637
DCAF1,-0.013538241386413574,0.5454391704003528,0.37395942211151123,0.10957684,0.5309127146991194
RAD51AP1,-0.013539314270019531,0.5136075287755815,0.42654144763946533,-0.26940817,0.11757070372284699
DIS3,-0.013547539710998535,0.777384042893679,0.6449671983718872,0.5270434,0.0011420987412950898
RNPS1,-0.013559937477111816,0.3791579757295248,0.2762107849121094,-0.24787393,0.1510873596385946
TAP2,-0.013575553894042969,0.8097596539554637,0.6096265316009521,-0.060513962,0.7298535024944776
TXNL1,-0.013577699661254883,0.8718497583707367,0.6875308156013489,-0.007354593,0.9665538499666824
CDH2,-0.013594388961791992,0.650351766622588,0.5113534927368164,0.076468416,0.6623984875216735
PGM3,-0.01359856128692627,0.841324605141821,0.5885700583457947,-0.27906582,0.10449237255727586
SUCLA2,-0.01360321044921875,0.6420695834716476,0.5177969932556152,-0.10130824,0.5625392377570753
HSPBP1,-0.013606786727905273,0.8265324159855046,0.655288577079773,-0.51932865,0.0013891379090707786
TSPYL5,-0.013616800308227539,0.5897049140481552,0.464667946100235,-0.13832067,0.42811742880763903
PPME1,-0.013649463653564453,0.6791948747530252,0.5145331621170044,0.3520854,0.038055170182778084
CRLF3,-0.013655543327331543,0.4869948416922365,0.3667134940624237,0.002642301,0.9879809651475763
FZD6,-0.013666272163391113,0.5887625935092444,0.46812084317207336,0.48201314,0.0033670723711131762
CSTA,-0.013671159744262695,1.0165187717699047,0.7761629819869995,0.34131968,0.044786464211195594
GOPC,-0.01367807388305664,0.5935622972638885,0.4473932683467865,0.16719066,0.33706974522081024
MRPL53,-0.013679146766662598,0.45432289226158307,0.35310161113739014,0.32714078,0.055078115006078
EXOSC2,-0.013683915138244629,0.4670221431606206,0.36351636052131653,-0.09892898,0.5717976859443313
ERBB2,-0.013688802719116211,0.9051584378543162,0.7027850151062012,0.25552106,0.13847262385711495
NME2,-0.013696074485778809,0.6289313175110209,0.49339058995246887,-0.41171804,0.013995209420489705
TLK2,-0.013727307319641113,0.45076826133064196,0.3477243185043335,-0.31461403,0.06565943482361497
NUDT1,-0.013729214668273926,0.5366543593782377,0.4431525766849518,0.39135504,0.020083106239650112
RO60,-0.013775467872619629,0.755086301393243,0.6186165809631348,-0.5519483,0.0005874625161449918
ATP6V1A,-0.013800621032714844,0.8374964358125826,0.7121188044548035,-0.49334738,0.002599978724054773
SDE2,-0.013820052146911621,0.38750108903301167,0.29630526900291443,-0.0048378482,0.9779956189388122
RBPJ,-0.013825178146362305,0.6264554005934693,0.5109342336654663,-0.32388127,0.05769107018350434
GNAI1,-0.013833165168762207,0.782462857068697,0.5885015726089478,-0.4027993,0.016436770996888884
WDR36,-0.013870954513549805,0.5649801255840711,0.4491310119628906,0.13642313,0.4345422285929426
PHLDB1,-0.013885855674743652,0.4638095538826218,0.3623252213001251,0.28880018,0.09245605619536329
SNRNP27,-0.013889193534851074,0.37369718341113023,0.2871273458003998,0.057171397,0.7442627622602567
TRMU,-0.013895153999328613,0.426131672977872,0.3437185287475586,0.24426232,0.1573269334091588
MCM7,-0.013906478881835938,0.9647533050029734,0.7719452977180481,-0.6486563,2.505381248641595e-05
TNC,-0.013908743858337402,0.7394115132000676,0.583999514579773,0.4954455,0.0024760891675996953
GET3,-0.013917207717895508,0.5661573455070572,0.4504646956920624,0.3992988,0.01748794826695095
PIH1D1,-0.013920068740844727,0.7279107085451592,0.5332193374633789,-0.1884001,0.2784296543956495
COMMD8,-0.013937234878540039,0.38679852289023314,0.3117080628871918,-0.43909663,0.0083168494512859
UNC13D,-0.013948440551757812,0.5121715086045915,0.4077873229980469,0.0070149023,0.9680980900595395
NCAPH2,-0.013964414596557617,0.5619173476116851,0.4463402330875397,-0.16610138,0.340272193853511
GPNMB,-0.013989686965942383,0.9397057334417285,0.7398407459259033,0.04875876,0.7808972826884257
GTF2F2,-0.014002323150634766,0.5553071496520062,0.42649349570274353,-0.5233201,0.0012560184882170252
PCYOX1,-0.014008641242980957,0.8024260214103389,0.6465418934822083,0.28082636,0.10223204859447924
RAC2,-0.014015674591064453,0.835753910903384,0.6733012795448303,-0.0837683,0.6323485248056225
LPP,-0.014028549194335938,0.8784731327566488,0.7643697261810303,-0.43876067,0.008372273969964537
CD151,-0.014035820960998535,0.8875371038713205,0.7707173228263855,-0.307259,0.07257934151595259
GHDC,-0.014046788215637207,0.5608278161987206,0.47037065029144287,0.3896085,0.020694680626517838
PSMG2,-0.01410830020904541,0.6719826013322258,0.5392758846282959,0.2545504,0.14002937024388887
MFN2,-0.014108777046203613,0.4750645342706628,0.37836727499961853,0.32539108,0.05646882164371524
MAIP1,-0.014124035835266113,0.5599254127200132,0.41669321060180664,0.20769659,0.2312154135083655
SUPT7L,-0.014142870903015137,0.3291893793772711,0.2532997727394104,-0.009076141,0.9587311118916455
SH3BGRL,-0.01414477825164795,0.9079624636512391,0.703522801399231,-0.005325936,0.9757764448131834
ITCH,-0.01414501667022705,0.42841234866495687,0.32319021224975586,0.43713713,0.008644495258614994
HMMR,-0.014155149459838867,0.5525573878453601,0.45182380080223083,-0.6226167,6.498185648533206e-05
ZFYVE16,-0.014188766479492188,0.48888809640987546,0.3756829798221588,0.403372,0.016269945549428587
COPB1,-0.014216065406799316,0.6381335541677684,0.44713544845581055,-0.0957765,0.5841696192801691
CLTB,-0.01422131061553955,0.655549720246086,0.5531480312347412,0.58220863,0.0002434270185620708
AAMDC,-0.01423335075378418,0.575617869785479,0.47537901997566223,0.10259663,0.557554685763058
LARP4,-0.014281153678894043,0.5767242886947286,0.473447322845459,0.013477867,0.9387476336200871
SPTLC2,-0.01428532600402832,0.4147019936128009,0.3304201364517212,0.53279924,0.000983863818196412
TCF25,-0.014287710189819336,0.5973176183829524,0.4760705232620239,0.23644593,0.17146454426420618
SNIP1,-0.01429736614227295,0.4552380849629147,0.31767892837524414,-0.22186977,0.20020617386964365
CKAP2,-0.014310717582702637,0.6093163828900686,0.4561936855316162,0.21026996,0.22535668278978893
GM2A,-0.01438283920288086,0.9627277166818444,0.734409511089325,0.07208997,0.6806788928076969
FLNB,-0.014391064643859863,1.0827117322572715,0.940815269947052,0.52818155,0.0011091400076868156
ASPSCR1,-0.014410257339477539,0.7277907787339494,0.5482792854309082,0.48661909,0.003034444045943682
SORL1,-0.014418601989746094,0.48643521581390653,0.3779459297657013,0.29552647,0.08478048253671698
MGMT,-0.01442420482635498,0.5743626265080296,0.40799713134765625,0.18383688,0.2904484780595223
RAB2B,-0.01442563533782959,0.6367482137591346,0.5432446002960205,0.1271545,0.46667562615892594
CAPRIN1,-0.01442563533782959,0.7129440914640911,0.4829684793949127,-0.17570342,0.3126839504985828
THOP1,-0.014438033103942871,0.7615416883427681,0.6135249733924866,-0.22879824,0.18615264280896465
HAUS8,-0.014445662498474121,0.4933541413163239,0.3750639259815216,-0.21920446,0.2058040376748849
FGF2,-0.014460325241088867,0.7833497250309629,0.5768815279006958,0.27296767,0.11261511720312797
ABHD14B,-0.014465093612670898,0.6424124831772984,0.48861292004585266,0.23192608,0.18004178500714343
GBE1,-0.014481067657470703,0.6020800358331089,0.4305433928966522,-0.09436624,0.5897429885670167
ZNHIT2,-0.014489054679870605,0.3595405487555684,0.2817085385322571,-0.19547866,0.2604337275405719
CAMK2G,-0.014501452445983887,0.5092514485023509,0.40552258491516113,-0.24016917,0.16462126778889286
ITGB2,-0.014511704444885254,0.9027751205274812,0.7373120188713074,-0.03055667,0.8616682352104093
AGPS,-0.014522314071655273,0.4431837465059793,0.3649197816848755,0.802416,6.758927212430743e-09
DARS2,-0.01453554630279541,0.56577626413394,0.43787842988967896,0.0359037,0.8377589960066534
ITM2B,-0.014556646347045898,0.7510368015450943,0.5859844088554382,-0.35197788,0.038118092472144725
PHF10,-0.014601469039916992,0.4337326033673641,0.3329823315143585,0.2335901,0.17684928693048058
NAXD,-0.014602303504943848,0.7258258079097815,0.5855768322944641,0.039181575,0.823170767618942
SQSTM1,-0.014603972434997559,1.6934660951629084,1.3562870025634766,-0.03766002,0.8299356287152457
IARS1,-0.014621853828430176,0.6120642717854469,0.4429672956466675,-0.025122179,0.8860931269016119
PCNP,-0.01464855670928955,1.01287640062518,0.8443230390548706,-0.39963648,0.017384146878410747
USP7,-0.014661550521850586,0.5809459937235505,0.4825308620929718,0.6122181,9.287627243378016e-05
COG5,-0.014663934707641602,0.39011076457713156,0.30306386947631836,-0.15336667,0.379077158345251
ACADSB,-0.0147172212600708,0.7964426251404969,0.6239699125289917,-0.18019342,0.30028035167290046
RAB35,-0.014745712280273438,0.4238183508242557,0.32828283309936523,0.38671592,0.021741584469057315
ADAR,-0.014763116836547852,0.4262173195725494,0.34952816367149353,0.4610958,0.0053068247135317536
HK1,-0.014773964881896973,0.5972817438119876,0.45466041564941406,-0.40246803,0.01653396292147974
RFTN1,-0.014785408973693848,0.657521650661337,0.5281025171279907,0.4631847,0.0050774489629643186
CPD,-0.014797687530517578,0.672014998111079,0.5240131616592407,0.29682517,0.08335686870051136
MPHOSPH6,-0.014815330505371094,0.2968427991971311,0.233760803937912,-0.2282573,0.18722419627401507
LLPH,-0.01483166217803955,0.4658012146303745,0.3688240945339203,-0.04786075,0.7848369211806665
PSMA2,-0.014847278594970703,0.6125908142028836,0.4343849718570709,-0.13954315,0.4240064119849632
TBL2,-0.014848709106445312,0.910195018286453,0.7408239841461182,-0.03350203,0.8484819184305668
MCM6,-0.0148545503616333,1.0503682172093902,0.8332598209381104,0.22737813,0.18897489986347593
LAS1L,-0.014873862266540527,0.3790412937468727,0.3165629208087921,-0.06756874,0.699744048596396
MRPS21,-0.014880776405334473,0.7609639266984728,0.6047365069389343,0.20084226,0.24732068218414693
POLR1C,-0.014881134033203125,0.41648077593099675,0.33958348631858826,-0.15539949,0.37271494466331756
RHOT1,-0.01488339900970459,0.46114477249527863,0.37263864278793335,-0.11268081,0.5192668467765672
SNX9,-0.014917612075805664,0.5277919136491086,0.41910505294799805,-0.11307933,0.5177808093722335
ELP1,-0.014929771423339844,0.4661056476369943,0.36559319496154785,-0.37525105,0.026332716283648968
TOM1L1,-0.014936685562133789,0.4396146350340496,0.33066684007644653,-0.116549894,0.5049287679538356
FUT8,-0.014937758445739746,0.7873651737266756,0.6394972801208496,-0.06242855,0.7216404726587758
RACGAP1,-0.01499640941619873,0.6787066562435227,0.508821427822113,-0.14757586,0.39754756894773813
BUB3,-0.015001296997070312,0.6395913367956285,0.5171149969100952,-0.3333061,0.0503935892467071
UBR5,-0.015018224716186523,0.4510285120830534,0.3679158389568329,-0.3331622,0.05049916434056161
MTHFD2,-0.015021204948425293,0.6489527160703494,0.5029873251914978,0.40292466,0.016400151704430696
APOL2,-0.01505124568939209,1.2765604119534733,1.0310391187667847,0.16634916,0.3395419712521279
TRA2A,-0.015053033828735352,0.5874133533134137,0.49476906657218933,0.17767923,0.30718681987265456
TMEM245,-0.015067100524902344,0.8983915234287283,0.7310345768928528,0.613399,8.924115119166055e-05
HDHD2,-0.015070796012878418,0.7195527942261004,0.5501750111579895,0.33443126,0.04957403820846145
MRPL38,-0.015088915824890137,0.5091243232387257,0.4013907313346863,0.49903858,0.002275850815245879
PLGRKT,-0.015096426010131836,0.5812873951357568,0.4415774643421173,0.10339135,0.5544901872337765
AIP,-0.015117764472961426,0.7665587978219208,0.5950050950050354,0.48466715,0.0031717437400834245
KIAA1522,-0.015169262886047363,0.6751652815465656,0.5512228608131409,0.3399995,0.04567403260224569
HELLS,-0.01517021656036377,0.48072663806265425,0.37017375230789185,0.2678467,0.11979547437991715
ATP6V1H,-0.015226125717163086,0.8672957825286234,0.7127472758293152,-0.6586398,1.6970513555942653e-05
HPCAL1,-0.015231013298034668,0.45524834654150087,0.3535788357257843,-0.062425505,0.7216537437244954
CXorf38,-0.015240311622619629,0.37091216613849126,0.2516590654850006,-0.6231596,6.375900033166208e-05
TP53I3,-0.01526486873626709,0.7241220815064066,0.5350212454795837,0.10984762,0.5298915215508293
MCAM,-0.015278339385986328,1.1590657873202206,0.9262096881866455,0.36617482,0.030509428774647997
TRPV2,-0.015288710594177246,0.5888924664437689,0.41979682445526123,0.39255813,0.019670644855772614
GPD1L,-0.015296578407287598,0.5987283403305577,0.43629127740859985,-0.2471862,0.15226142175898516
ZDHHC5,-0.015305757522583008,0.6668559838741493,0.5039244890213013,-0.39633945,0.018419894661469125
LRPAP1,-0.01531219482421875,0.783340670334835,0.6076346039772034,0.30894265,0.07094711155150331
HIBADH,-0.01531672477722168,1.0492075086546733,0.8640050888061523,0.5727839,0.0003232386352130158
LDLR,-0.015323162078857422,0.9055977809230117,0.7615033984184265,0.1493744,0.39175643974797614
MYDGF,-0.01532900333404541,0.6731456673016377,0.5450176000595093,0.41594318,0.012949703415983718
TSR1,-0.015332698822021484,0.4370845116028785,0.34711217880249023,0.057428166,0.7431527561861371
TRIP6,-0.015339016914367676,0.7433524375507614,0.6314887404441833,0.45566583,0.005945240574607316
BCLAF1,-0.015347123146057129,0.3598234032904992,0.27197688817977905,0.35240984,0.037865797533838355
ATG3,-0.015355229377746582,0.7496720630221979,0.6330302357673645,-0.29799986,0.08208512891866512
UBL4A,-0.015356898307800293,0.6664134875996831,0.49273958802223206,-0.54327923,0.0007447653058136656
NDUFAF4,-0.015359640121459961,0.46519304823830887,0.383649617433548,0.106597446,0.5422087464856882
MSH6,-0.015373468399047852,1.1073264429056782,0.9035654067993164,-0.24233826,0.16072605432183834
NCAM1,-0.015380620956420898,1.267108706883316,1.0631963014602661,-0.6494596,2.4293370398919113e-05
GJA1,-0.015432476997375488,0.6183618888876175,0.4857778251171112,0.22878648,0.18617597335953642
PRKAR1B,-0.015451312065124512,0.4115399227452339,0.33904027938842773,-0.07702754,0.6600777697095889
TMA7,-0.015470623970031738,0.4003884292170164,0.3012917637825012,-0.2370883,0.17026952902534762
RDH11,-0.015474677085876465,0.5082933350236593,0.3911035358905792,0.3309651,0.052133364936083317
SMARCB1,-0.015482306480407715,0.7335473530390135,0.5754575133323669,0.7042024,2.351562805960796e-06
AIMP2,-0.015492916107177734,0.558929742453222,0.4231316149234772,-0.20962057,0.22682537237304515
B3GAT3,-0.015549659729003906,0.49189624040104873,0.3862372934818268,0.085865185,0.6238198733600466
ZFR,-0.015592575073242188,0.29676838265359257,0.21509481966495514,-0.2771572,0.10698548290749134
PALLD,-0.01561880111694336,0.5228564040223842,0.4173004925251007,-0.39095715,0.020221104212810342
FAM234A,-0.015620231628417969,0.5224536930901077,0.43239158391952515,-0.31777033,0.06285382563489833
RNGTT,-0.015620946884155273,0.44427538448684384,0.3676684498786926,-0.35536557,0.036175796384812345
OTUD7B,-0.015621066093444824,0.5180684771842444,0.35588404536247253,-0.19283026,0.26707459276337475
FNTA,-0.015652179718017578,0.5395513336040725,0.409136027097702,-0.08080089,0.644497526316458
UBE2O,-0.015658855438232422,0.8792850949461315,0.7520976066589355,-0.22843388,0.18687401287137712
TIMM21,-0.015670299530029297,0.5592628686282944,0.4549575746059418,0.18515818,0.2869349276428847
ACTR2,-0.015674352645874023,0.43722203484362493,0.36880016326904297,0.120844126,0.48925129832111314
WDR70,-0.01567709445953369,0.5630545002354951,0.4300413131713867,-0.27115458,0.11511929687721703
WAS,-0.015691280364990234,0.385669923604705,0.3026755154132843,0.49103698,0.002742621694612095
SP3,-0.01571810245513916,0.7375065205172636,0.6159318685531616,0.08911958,0.6106782880318398
PSMB1,-0.01571953296661377,0.5805112974610173,0.4160703718662262,-0.012698837,0.9422819833299906
SEC61B,-0.015750646591186523,0.5894676171323103,0.46373164653778076,-0.3285305,0.05399306102203944
ANK3,-0.015756964683532715,0.39892023425874035,0.3211544156074524,-0.040191744,0.8186864677616164
HADHA,-0.0157853364944458,0.8002354320164226,0.651070773601532,0.30856952,0.07130632902642185
U2SURP,-0.01580643653869629,0.31741109868693745,0.2376566231250763,-0.19785978,0.2545568681055316
NEU1,-0.015838980674743652,0.8149885069147897,0.6736354231834412,0.3735213,0.027090118205956686
SEC24D,-0.01584005355834961,0.5754111488965341,0.4548536539077759,-0.18131948,0.29721942805892076
TXNDC12,-0.015853285789489746,0.4573795100268881,0.37616005539894104,-0.33599663,0.048451691145481514
COPS6,-0.01585519313812256,0.5243537626637642,0.41614073514938354,0.16190107,0.352793313589345
LRRC57,-0.0158616304397583,0.5587078058069282,0.4265548586845398,-0.27166048,0.11441652027192034
TOX4,-0.0158768892288208,0.5032685258755637,0.41184282302856445,-0.3929178,0.019548677684571112
CNDP2,-0.01590442657470703,1.2663310871728581,1.0093713998794556,-0.3092445,0.07065756056113263
LACTB,-0.015911459922790527,0.799673812647708,0.6126589179039001,0.21496215,0.21493611147510652
CLIP2,-0.01592433452606201,0.3634419444723444,0.30127039551734924,-0.23810615,0.16838842441720295
NAMPT,-0.01593935489654541,1.0004932855841169,0.8149121999740601,-0.20304969,0.24205437640203936
RAB25,-0.015952110290527344,0.5991169152895244,0.4742780327796936,0.5482483,0.0006505771905876797
JUNB,-0.015964150428771973,0.6199122533309939,0.5126760005950928,-0.20265414,0.24299245050562482
CEP131,-0.015964865684509277,0.4273335045906166,0.3181520104408264,-0.08721816,0.6183420620377211
DYNC1LI1,-0.015993595123291016,0.7366270475464307,0.5781643390655518,-0.42429808,0.011075262185469845
CIB1,-0.01600635051727295,0.8925749530360249,0.7308805584907532,0.4503751,0.006629650336199557
SEPTIN9,-0.016016721725463867,0.7111727566332771,0.5582518577575684,-0.29800394,0.082080767064802
S100A14,-0.016035079956054688,1.601637898973073,1.1763161420822144,0.42281774,0.011389533803173391
ACP1,-0.01605045795440674,1.343386978083235,1.0128732919692993,0.25380272,0.14123729999851575
GDI2,-0.016055941581726074,0.906209879019962,0.6597075462341309,-0.29047358,0.09049862630951988
SLC25A13,-0.016090989112854004,0.624928899535491,0.4627578854560852,0.13099705,0.4532036566547864
POR,-0.016104817390441895,0.8355166008428355,0.7030641436576843,0.30663496,0.07319171104572211
OCIAD1,-0.016144514083862305,0.6530238963087908,0.46031254529953003,-0.040361207,0.8179350476446943
OCLN,-0.01614534854888916,0.8619719713415915,0.7424934506416321,0.38257205,0.02331758505783592
NUP107,-0.01617431640625,0.39373144908377844,0.29658937454223633,-0.18753943,0.28067150802488317
DCAKD,-0.016191959381103516,0.4467203072583814,0.3534659743309021,0.07129392,0.6840216969723222
SNF8,-0.016223669052124023,0.5406055755653718,0.39903339743614197,0.23063356,0.1825496600311652
FKBP1A,-0.016239285469055176,0.8012884627110173,0.6257308125495911,-0.51679933,0.0014797697102672494
KPNB1,-0.016268372535705566,0.6043440678914866,0.5016935467720032,0.34048107,0.04534863774004428
ACAT2,-0.016277790069580078,1.2244662698607143,0.9340441226959229,0.54158586,0.0007795112171934687
ZWILCH,-0.016301512718200684,0.39715429375815275,0.28915685415267944,-0.17410126,0.3171866933062117
KRT8,-0.016344547271728516,3.332962889750002,2.7535037994384766,0.33215928,0.05123995828058302
CCDC88A,-0.01635754108428955,0.38198523761150827,0.3079521954059601,-0.0096255345,0.9562351644129039
PSMA4,-0.016371488571166992,0.6335284574570652,0.459837406873703,-0.18923327,0.2762706280076209
PFDN6,-0.016376256942749023,0.950150428958646,0.7137545347213745,-0.4688144,0.004501320772366812
SMS,-0.016378045082092285,0.9533396619862345,0.7819064259529114,-0.65514624,1.9480373518092785e-05
NECTIN2,-0.01644134521484375,1.1367903224789517,0.9536709189414978,-0.38223177,0.023451121030396736
CBR4,-0.01645064353942871,0.5612763499762923,0.4325391352176666,0.092367865,0.5976794798774954
PSMD11,-0.016452908515930176,0.5835660884485779,0.3979529142379761,0.16190171,0.352791517261738
CRNKL1,-0.016455888748168945,0.3809512492163769,0.29247981309890747,0.36859858,0.029344308014609338
DBNL,-0.016463160514831543,0.8397827836020089,0.6481384634971619,-0.116475254,0.5052034205950118
CLGN,-0.016466856002807617,0.6094581840666043,0.5122868418693542,-0.08914653,0.6105699871093565
PHIP,-0.01647365093231201,0.7220126611148943,0.5819689035415649,0.5227093,0.0012756288406054965
ACYP1,-0.016475677490234375,1.2693251222383628,1.0799484252929688,-0.8480003,1.2801486331475626e-10
LDHB,-0.016486644744873047,1.1680985700741096,0.9421231150627136,-0.1469299,0.39963959752652345
DPP3,-0.01650261878967285,0.8177247420363427,0.6541488170623779,0.5119973,0.0016662231148698592
MCM4,-0.01653444766998291,0.9109656864470816,0.7326215505599976,-0.11624549,0.5060493477493289
UQCC3,-0.01654505729675293,0.46376950490296404,0.3677382171154022,-0.42703468,0.010513612969069176
SLFN5,-0.016571521759033203,0.5906639711955002,0.4636915922164917,0.06692648,0.702467590705213
GPATCH4,-0.016579747200012207,0.889375613407398,0.7126736044883728,-0.3201525,0.060799613834502136
ALDH16A1,-0.01658797264099121,0.5088694210622807,0.4204097092151642,-0.054615546,0.7553385885671349
BTF3,-0.016605496406555176,0.8387209817042313,0.654093325138092,-0.30646828,0.07335592344549656
FAS,-0.016611933708190918,0.38358515013088335,0.30861711502075195,-0.3195003,0.06135667356559614
IDH1,-0.016651153564453125,1.2135821105155258,0.8806580901145935,0.12888648,0.46057726603425136
SRXN1,-0.016652345657348633,1.1703417602466737,0.8652044534683228,0.09359374,0.5928054697305463
NDUFA4,-0.016658663749694824,0.6318048295583649,0.4874420166015625,0.17669085,0.3099290359104018
DERPC,-0.016682982444763184,0.49950646838638524,0.3871697783470154,0.055449933,0.7517170172087918
INPPL1,-0.01669001579284668,0.7627695123232844,0.5976508855819702,0.16860786,0.3329313098627688
GIT2,-0.016708970069885254,0.38570083203328603,0.2976803183555603,-0.19494396,0.26176583275198734
TM9SF3,-0.016716957092285156,0.7544288602752529,0.6217693090438843,-0.14798136,0.3962374359092439
PSMD14,-0.01675248146057129,0.6356808915597836,0.451256662607193,-0.45005298,0.006673412879454179
BCAM,-0.016756176948547363,0.8690242389375701,0.7022536396980286,0.2042794,0.2391533434689611
ZYX,-0.016776204109191895,1.4525481689134843,1.2736705541610718,-0.15582502,0.3713909882131732
MRPL30,-0.016780495643615723,0.4375885635381359,0.34011325240135193,0.062841214,0.7198746043785071
BRI3BP,-0.016782045364379883,0.6217795370622538,0.4492050111293793,0.14701994,0.3993473620052283
SH3KBP1,-0.016787171363830566,0.6187603862931105,0.5099323987960815,0.3314969,0.0517339211424097
FTO,-0.016787290573120117,1.0000445236784683,0.7921025156974792,-0.34107226,0.04495169353433269
CD44,-0.016789793968200684,1.3000338128167506,1.1447396278381348,0.61902845,7.36108109206734e-05
AACS,-0.016803264617919922,0.47968973413997107,0.3730523884296417,0.265641,0.12299144917224156
PKP4,-0.016817688941955566,0.3751088024291868,0.29721638560295105,-0.03838495,0.8267111959081023
PLIN2,-0.01688218116760254,0.6707893960397259,0.5463077425956726,-0.03711825,0.832347389974653
KRT18,-0.0168837308883667,3.6033385690750444,3.0074667930603027,-0.6360495,4.017987455138203e-05
DCTN2,-0.016890525817871094,0.7922939567589662,0.606722891330719,0.22710416,0.18952275147356243
HMGCS1,-0.016898751258850098,0.8874213506208594,0.7147577404975891,0.04199114,0.8107130550888046
TOR1AIP1,-0.01690196990966797,0.6779764715925592,0.5188277363777161,0.20413242,0.23949884759292808
FKBP7,-0.016921639442443848,0.6567394157314783,0.5170795917510986,-0.048491187,0.7820703027806056
BCKDHA,-0.01696479320526123,0.3923960211179301,0.3076861500740051,0.034305252,0.8448926486157665
JAM3,-0.016974806785583496,0.5281660097891921,0.4186708629131317,0.3780857,0.02512925355620254
VAPB,-0.01698005199432373,0.4933207801105586,0.3773154318332672,0.27168807,0.11437818669789084
SERPINB5,-0.016994237899780273,0.8625371842039747,0.6509758830070496,0.013474643,0.9387622338149262
RAP2B,-0.017009854316711426,0.5285634664125461,0.4372313320636749,0.3431438,0.043583013910426835
TMA16,-0.017016291618347168,0.4738429910791704,0.3750739097595215,0.07412801,0.6721467272194099
COA4,-0.01703321933746338,0.4828478982288131,0.38778284192085266,-0.24117634,0.1628042473955884
PHKA2,-0.01703619956970215,0.4501203197319616,0.36014965176582336,0.15821952,0.3639936092258621
GNPNAT1,-0.017041444778442383,0.6160539768740502,0.4764304459095001,0.080790795,0.6445391699842468
RFC5,-0.017054080963134766,0.4636297481588906,0.3596937358379364,0.30891448,0.07097426148066502
DAG1,-0.017099380493164062,0.8823323252083333,0.7070124745368958,0.31023976,0.06970934035118956
HDAC7,-0.017114996910095215,0.3740442733339533,0.30572015047073364,0.22711414,0.18950270593383134
KPNA2,-0.017127156257629395,1.0441130457873913,0.8414981365203857,0.24854253,0.1499521798190628
SHPK,-0.017129898071289062,0.4200280521027861,0.33441945910453796,0.039002586,0.8239661802177962
RABGAP1,-0.01713573932647705,0.42822133393556533,0.3389197885990143,-0.16915895,0.33133044298489744
HSCB,-0.01714169979095459,0.4825812628608352,0.38451340794563293,-0.15510073,0.37364597359028995
NUP188,-0.017145872116088867,0.45183189632349546,0.3305114805698395,-0.22079328,0.2024541476175726
SRP19,-0.01714622974395752,0.5029494494657294,0.4071205258369446,-0.32926214,0.05342874091750304
NACA2,-0.01714646816253662,0.4060825773186825,0.31906792521476746,0.32797828,0.054422216586666614
ATL3,-0.0171586275100708,1.2370255418081777,1.0374053716659546,0.056958657,0.7451824826446322
MSH2,-0.017172932624816895,1.025366559427416,0.8605890870094299,-0.3451527,0.042287937239899404
POLR1G,-0.017191410064697266,0.7489308843415184,0.5848103761672974,-0.057981905,0.740760815087211
N6AMT1,-0.017236948013305664,0.3897008645489319,0.29216957092285156,0.24013655,0.16468043630553778
PCIF1,-0.017244935035705566,0.4603266790605619,0.3381299674510956,-0.22214872,0.19962648897552607
ATAD3B,-0.017245769500732422,0.6170390469639749,0.48266884684562683,-0.47855186,0.0036374320054836794
RPS18,-0.017255306243896484,0.5308566320038273,0.4030598998069763,0.21858586,0.20711857956653612
RNASET2,-0.017263054847717285,0.8597188435106198,0.6709401607513428,-0.011034821,0.9498350316258534
SAAL1,-0.0172957181930542,0.5925619385934614,0.4955120086669922,-0.40478027,0.01586574581829885
ZNF609,-0.017319917678833008,0.3302252176502835,0.2721312344074249,-0.37642008,0.025830802674767894
RETSAT,-0.01732039451599121,0.8634247121233264,0.7426497936248779,0.23340411,0.17720405701239741
CDH13,-0.017345786094665527,1.0510907479588245,0.8981520533561707,0.16735508,0.33658807928106077
KIRREL1,-0.017377138137817383,0.5835421109109876,0.4530470073223114,0.40056723,0.01710072362127726
BTF3L4,-0.01745617389678955,1.0513926149170962,0.8125966191291809,-0.21037064,0.2251294247425289
PSMB7,-0.017456531524658203,0.691438922002372,0.5284760594367981,-0.03796867,0.8285624817607876
SHMT2,-0.017459750175476074,0.47451010399744065,0.40223708748817444,0.28111824,0.10186083022321687
FCF1,-0.01747572422027588,0.4160629926050842,0.32444503903388977,0.33936003,0.04610896235349799
RPL18,-0.01748371124267578,0.5111302784968801,0.41232234239578247,0.07785864,0.6566336289327428
YEATS2,-0.01748943328857422,0.5076748588065512,0.41976678371429443,-0.3878283,0.02133387596308084
XPO1,-0.017519235610961914,0.9135048298094738,0.6884406208992004,-0.029214926,0.8676875488078342
PDIA3,-0.01752007007598877,0.5809377857226018,0.45731544494628906,0.42572173,0.010779970476990424
RRBP1,-0.017525196075439453,1.421477293629526,1.2000513076782227,-0.55180186,0.0005898524257485933
TMEM33,-0.017525911331176758,0.48234810825031105,0.37494078278541565,0.35119382,0.038579449015221055
LAMB1,-0.017554879188537598,0.7541986402474555,0.6067624688148499,0.11321378,0.5172798623528572
LARP1,-0.017559528350830078,0.6419826867793519,0.491699755191803,-0.04052405,0.8172128617027465
SLC27A3,-0.01756429672241211,0.6779656359198151,0.5572076439857483,0.3857777,0.022090424791704467
NOL6,-0.01756453514099121,0.5748981945470653,0.4785851538181305,0.45226818,0.006377390675099735
CNNM4,-0.0175933837890625,0.6664825100660811,0.4863082766532898,0.43277228,0.009414042246251818
GDE1,-0.017597556114196777,0.5326324874756304,0.4209801256656647,0.40869516,0.01478602711234115
BAX,-0.01759934425354004,0.7737794755858552,0.6240500211715698,0.29850307,0.08154498631202235
CALD1,-0.017618298530578613,1.2901855200798662,1.0480154752731323,-0.072431035,0.6792478731181357
CBL,-0.017623186111450195,0.5028254725061273,0.3741326332092285,-0.036060482,0.8370600844906183
ITGB6,-0.017630457878112793,0.8255005401780541,0.6692161560058594,0.24595132,0.154386202393552
ELAC2,-0.017673492431640625,0.4106854430875586,0.34516775608062744,-0.016710393,0.9240954121764033
TMOD3,-0.017692923545837402,0.7694784233434286,0.6752915382385254,-0.45994672,0.005436760898754208
POLR2A,-0.017708539962768555,0.44877639220045534,0.3530605733394623,-0.22522402,0.19331298747157483
ASCC2,-0.0177154541015625,0.4885902495178002,0.3716415464878082,-0.10209334,0.5594993920862785
UBQLN2,-0.01773357391357422,0.8870615695584839,0.7191037535667419,-0.47071436,0.004320070828149498
UBE2K,-0.017748236656188965,1.1168081533176741,0.9363542795181274,-0.65831923,1.7187922307838192e-05
ARID3A,-0.017754077911376953,0.4763708198161762,0.4050033688545227,0.47788054,0.003691998418650662
EXOSC7,-0.01776111125946045,0.33403688430709405,0.2512933015823364,-0.044575557,0.7992934735465704
CRABP2,-0.017785191535949707,1.1405098216810017,0.8892855048179626,0.10330451,0.5548248904083138
NOA1,-0.01778995990753174,0.3463964245288463,0.28045713901519775,0.28454864,0.09757526115859137
CDKN2C,-0.01779043674468994,0.6324933507064693,0.517784595489502,0.5031521,0.0020640948620205715
EIF3M,-0.017791748046875,0.8046449816683429,0.5975020527839661,-0.4062467,0.015453829737688107
PHF6,-0.01779615879058838,0.6620438579901032,0.5502171516418457,-0.8329324,5.408731320671735e-10
BNIP1,-0.017802834510803223,0.4741709375552272,0.3760177195072174,-0.17426893,0.31671342168933353
CSNK1E,-0.01781332492828369,0.5580551912450965,0.44697460532188416,-0.2567656,0.1364951530383465
SUCLG2,-0.01782858371734619,1.4219811368461055,1.1424933671951294,0.729743,6.560307260705584e-07
MDH1,-0.01782989501953125,1.1171019194575804,0.8733322620391846,0.53646857,0.000893396590261227
RALB,-0.017847776412963867,1.0536896683152293,0.8492522239685059,0.60348874,0.00012415499085606676
MAPRE3,-0.017926812171936035,0.7242245950637871,0.5693163275718689,-0.31957838,0.06128976960162488
SNX6,-0.017930269241333008,0.5468867981864198,0.375022828578949,-0.10950583,0.5311803059063067
FOXP1,-0.01793527603149414,0.3791854066025452,0.3159048557281494,-0.2075338,0.23158931151148238
MGAT1,-0.017940998077392578,0.7248962328084232,0.6215217709541321,0.2112031,0.22325736047657832
AHNAK,-0.01794421672821045,1.8986649239662474,1.7063705921173096,0.4922885,0.0026645338000902447
SPTBN1,-0.01795017719268799,0.6197421884956194,0.5054536461830139,0.3719513,0.027793007203043046
RPL38,-0.01795172691345215,0.9025753434134307,0.675617516040802,0.15244427,0.381985145991247
SLC39A11,-0.017968177795410156,0.4466866489763641,0.33545538783073425,0.20880647,0.22867587295267838
DHX8,-0.01798248291015625,0.3540282352900668,0.288190633058548,0.27947187,0.10396773836247122
HPF1,-0.017987489700317383,0.4516596283780699,0.38944104313850403,0.58945566,0.00019457081899417253
NOTCH1,-0.01799023151397705,0.4312999641112417,0.3586324453353882,0.10288975,0.5564234873607359
COL18A1,-0.017993927001953125,0.8065364668796872,0.6485161781311035,-0.12473906,0.4752511779412751
TCIRG1,-0.018007636070251465,0.7797213285213263,0.6523573994636536,-0.05566068,0.7508031326082618
ZBTB7A,-0.018009662628173828,0.5510276351565246,0.43951669335365295,0.45989165,0.005443056925425168
SMPDL3B,-0.018046140670776367,0.7692561553470779,0.605579137802124,0.36789143,0.02968040485442056
COL4A2,-0.018055200576782227,0.6636658998863674,0.5403708815574646,-0.5055608,0.0019482706159923051
TIA1,-0.018055438995361328,0.9958854008607072,0.8649475574493408,-0.65657127,1.841854898914757e-05
UTP6,-0.018062829971313477,0.5042539180836022,0.41041049361228943,0.08039182,0.6461797951860396
ATXN2,-0.018074750900268555,0.8270081600423184,0.5346410870552063,-0.21743701,0.20957533612030504
ISY1,-0.01809525489807129,0.4252712099660471,0.36163437366485596,0.14161018,0.41710590929849695
LLGL2,-0.01813673973083496,0.6583606746484665,0.5315673351287842,0.34250948,0.04399850318258955
SUMO2,-0.018146514892578125,1.071738247169173,0.8228795528411865,-0.5753453,0.00029951817166875444
TIMM8B,-0.018157124519348145,0.5675909609304727,0.4274543225765228,-0.09952963,0.5694537202555308
GSR,-0.01816272735595703,1.0486956464756936,0.7380874752998352,0.22873643,0.18627497437005575
SSH3,-0.01816880702972412,0.6781802510900752,0.5245356559753418,0.14721449,0.39871692260634023
HP1BP3,-0.018183112144470215,0.7378071064733721,0.5831465125083923,-0.13208476,0.4494287458738109
CYC1,-0.01818370819091797,0.7829239269148014,0.6373686194419861,-0.20917164,0.22784460732652267
HTATIP2,-0.01822519302368164,0.8756029912345961,0.7211833596229553,0.6751626,8.62257646668814e-06
MYO9B,-0.018233299255371094,0.4284416169595501,0.33889010548591614,0.5441524,0.0007273882865710003
PEX1,-0.018235445022583008,0.49315122077765267,0.3970666527748108,-0.06294962,0.7194105411539164
RALYL,-0.018241405487060547,0.5597545859611986,0.4206264913082123,-0.10890439,0.5334522784690501
MATR3,-0.01824331283569336,0.3667653477518648,0.2443104386329651,-0.50579274,0.0019374275999719157
METAP1,-0.018253445625305176,0.5310520757096754,0.4143262505531311,-0.053680833,0.7594013605618072
GINS4,-0.018257737159729004,0.7460993022612247,0.5736689567565918,-0.26548627,0.12321800947477489
ELOB,-0.018267154693603516,0.6484834815578171,0.5015798807144165,-0.6006406,0.00013623913087866302
KRT10,-0.01829540729522705,0.5036292386666026,0.392119437456131,0.039357662,0.8223887631744358
CPQ,-0.018308043479919434,0.8397953463068183,0.6419459581375122,0.21583733,0.21302964277748446
C9orf78,-0.01833939552307129,0.5064284316315805,0.37575262784957886,0.14941035,0.3916410181654357
CORO7,-0.018385767936706543,0.9084105224067975,0.6963496208190918,-0.5645965,0.0004107039777366545
EXOSC9,-0.018412470817565918,0.4331249245592632,0.3598141372203827,-0.49023136,0.0027939377180641522
NXN,-0.01841604709625244,0.5527866190560585,0.47078144550323486,0.12465161,0.4755629452501907
MARS1,-0.018431901931762695,0.6418192362125832,0.47740837931632996,-0.51137954,0.0016916438183078458
PSMC6,-0.0184323787689209,0.5816733264632925,0.40295055508613586,0.25739786,0.13549850502535174
DDX54,-0.01844608783721924,0.7281291028345126,0.5767589807510376,-0.5946167,0.00016533677782863075
DUS3L,-0.01845574378967285,0.4305996489848537,0.312509149312973,-0.049467444,0.7777919200318401
TBCD,-0.018457770347595215,0.6585714515178311,0.5065793991088867,0.5101612,0.001742777027119703
TRIT1,-0.018471956253051758,1.2532447662579054,0.925416111946106,0.1920294,0.26910472925463996
CSNK2B,-0.01847708225250244,0.4431951445518842,0.36730581521987915,-0.14884895,0.3934429924747561
TUBB,-0.018498659133911133,1.138785145590951,0.9002991914749146,-0.43184167,0.0095854478873546
APOB,-0.018507003784179688,0.6849518935512303,0.5339457988739014,0.5884565,0.0002007371646642913
SMTN,-0.01852250099182129,0.658964243402148,0.5048450827598572,0.22137403,0.20123911876284536
MCM2,-0.01860177516937256,1.0167077968178013,0.8214831352233887,-0.5507708,0.0006069326332570966
HSD17B12,-0.018633723258972168,0.5555859126962869,0.44209906458854675,0.34390405,0.04308923584171125
EIF4A1,-0.0186384916305542,0.8890426700572851,0.6407296061515808,-0.076306924,0.6630695493494668
MTIF2,-0.018649935722351074,0.5618194595909066,0.45319682359695435,-0.09247399,0.5972569455236035
TARS1,-0.018704533576965332,0.9526548320352402,0.712708055973053,-0.12172051,0.48608267949993195
ZMYM2,-0.018708467483520508,0.5923379369806194,0.467483252286911,-0.33907238,0.04630569724625908
HOOK1,-0.018726110458374023,0.4238743031742687,0.327810138463974,-0.05885604,0.7369895571168443
HDHD5,-0.018769145011901855,0.5501744329670342,0.43779972195625305,0.3967482,0.018288753093038367
RBM17,-0.01878035068511963,0.34734284279413535,0.262821227312088,0.41628534,0.012868006490921109
TOP2B,-0.0187838077545166,0.6589678388600045,0.4928683042526245,-0.24930859,0.14865929046932744
OSBP,-0.018810391426086426,0.6756945868693776,0.4916563928127289,-0.41766566,0.012542773593248926
RBM3,-0.01883518695831299,0.6000947509893948,0.4628983736038208,-0.05015445,0.774784851992438
RANBP3,-0.018863797187805176,1.1287567145231316,0.9496316909790039,-0.5134517,0.0016076886258559744
CHERP,-0.018871784210205078,0.35611607225929404,0.2574080228805542,-0.17070895,0.3268535727763917
SLC4A7,-0.018880009651184082,0.6891669741295063,0.5831626057624817,-0.41093305,0.01419707516914183
SLC38A2,-0.018892526626586914,0.6744374712768243,0.5463908314704895,0.03913855,0.823361926232448
CEP44,-0.01891624927520752,0.4944919498249269,0.39045241475105286,-0.26685962,0.12121790037023275
JPH1,-0.01893162727355957,0.7035755409427595,0.5870952606201172,0.3473052,0.04093496397692662
AKAP13,-0.018933534622192383,0.474990032743984,0.37681302428245544,0.043702208,0.8031478711929051
MIDEAS,-0.018961787223815918,0.3858792411600783,0.3051915168762207,0.40527672,0.015725256514783088
CCT8,-0.018974781036376953,0.918649137241351,0.6940698027610779,-0.16655073,0.3389487361346713
PDXK,-0.018976569175720215,0.7685344068088332,0.5674269199371338,0.28907043,0.0921378921055253
EXD2,-0.018987298011779785,0.36265438097431496,0.28602492809295654,0.14661096,0.4006746163984433
NES,-0.019002914428710938,1.204081365782564,0.9897021651268005,-0.17723334,0.30842190752571375
CDV3,-0.019004344940185547,1.03009355610879,0.7756509780883789,-0.26208535,0.12827644302398544
ARAP1,-0.019011735916137695,0.37503246325803685,0.2971978187561035,-0.34204203,0.04430678814828474
CD74,-0.0190507173538208,0.7621912737725971,0.6105534434318542,-0.37187743,0.027826462893439187
RPS11,-0.019054651260375977,0.522218537472628,0.4014267921447754,0.21704252,0.21042351992044683
PHLDA1,-0.01905667781829834,0.5969404534207032,0.4575749635696411,0.14912893,0.39254389480634716
PRPS1,-0.019069552421569824,1.0720429736498391,0.8608959913253784,0.5029319,0.0020749823430434773
APPL2,-0.019073128700256348,0.42038678005681235,0.36232489347457886,-0.10663287,0.5420738441308264
POLDIP2,-0.0190809965133667,0.4730889255220489,0.3946353793144226,0.6307401,4.871924643071832e-05
MAGED2,-0.019109725952148438,0.5421164980083822,0.4227391183376312,-0.03165369,0.8567525626481689
LIG3,-0.01912534236907959,0.5993582730947576,0.511445164680481,0.40350556,0.016231256590632827
HNRNPA1,-0.01913297176361084,0.506495337437505,0.3493390381336212,-0.11827758,0.4985911216661722
FAM50A,-0.019166231155395508,0.7363889957432538,0.573463499546051,-0.13080792,0.45386199067839317
KLC4,-0.019168496131896973,0.4795279557508648,0.3835398554801941,-0.22754532,0.18864120533296067
FYCO1,-0.01917564868927002,0.4533950559967033,0.3601877987384796,-0.26198912,0.1284217356952259
EIPR1,-0.01920902729034424,0.45997828554130415,0.3110812306404114,0.33047983,0.052499857608020735
UBL5,-0.019245505332946777,0.49227258158800663,0.3901299834251404,0.14852135,0.39449715135616625
CD70,-0.019261479377746582,1.0791297322044335,0.8979554772377014,-0.12003109,0.49220008778120433
EIF1AD,-0.019271492958068848,0.5701493068950789,0.45419609546661377,-0.0991095,0.5710925014561
PNKP,-0.0192873477935791,0.5584033561561964,0.4660117030143738,-0.1270668,0.46698526393571155
IER3IP1,-0.019300103187561035,0.4538624123498493,0.37514352798461914,-0.30571255,0.0741041256447904
ELF1,-0.019317030906677246,0.6889457672960303,0.5767835378646851,0.28807414,0.09331545017947647
MRPS16,-0.019318699836730957,0.5910722683969326,0.4540505111217499,-0.48866886,0.0028958506655447098
YTHDC1,-0.019329428672790527,0.26005847456754216,0.218776673078537,0.19159663,0.2702057204644273
LAMTOR1,-0.01934075355529785,0.6876168368502854,0.5137006640434265,-0.496157,0.0024352645104100154
FAF2,-0.019346237182617188,0.6669226368601101,0.5711483359336853,0.0036599417,0.9833523040540563
SRP68,-0.01935291290283203,0.46511629273205285,0.3131375312805176,0.27754855,0.10647065191748069
CLTC,-0.01938319206237793,0.43986612198681646,0.35971081256866455,-0.102439314,0.5581623570994955
LZTFL1,-0.019405007362365723,0.3599132570427749,0.283463716506958,0.4613011,0.005283895429600219
GNS,-0.01941967010498047,0.9238782550525781,0.7739337086677551,0.3837955,0.02284274349090256
HNRNPH2,-0.01943075656890869,0.5348397035749368,0.40734806656837463,-0.080867514,0.6442236844698773
ALDH3B1,-0.01946091651916504,0.7295410058208118,0.587474524974823,-0.41153392,0.014042323254592183
DNPH1,-0.01949787139892578,0.9144203594062166,0.698700487613678,-0.057246428,0.74393805613119
TMEM63A,-0.01952493190765381,0.5771563895721737,0.44287845492362976,-0.20421386,0.23930741983999415
ME1,-0.01955866813659668,0.846309770251084,0.673787534236908,0.2525958,0.14320336930334213
SPG7,-0.019565463066101074,0.37874438574378516,0.30509528517723083,-0.34565344,0.04197004778484485
PPM1G,-0.019569039344787598,0.9257726870112621,0.7662541270256042,0.16210149,0.3521896992221539
MACO1,-0.0196303129196167,0.3499079234056045,0.2813446819782257,-0.48725823,0.0029906281079202144
SPTBN2,-0.019665002822875977,0.7117888415061947,0.5576727390289307,-0.3666244,0.030290517206335923
SRR,-0.019699931144714355,0.543641339329963,0.41716310381889343,0.0004935118,0.997754994966777
LCP1,-0.019731760025024414,1.1541726808815898,0.9084650278091431,-0.01974821,0.9103478520299736
UAP1,-0.01973259449005127,0.8697788252805788,0.609756588935852,-0.09797713,0.5755204912904691
EIF3L,-0.019734859466552734,0.6719249218868837,0.44932496547698975,-0.33653894,0.048067654051375155
RAB11FIP5,-0.019745469093322754,0.7371281898899155,0.6084389686584473,0.5743276,0.00030875031495135086
ACTR1A,-0.01974630355834961,0.6693058351104203,0.4920906722545624,-0.249973,0.14754441085066075
PSMB6,-0.019752025604248047,0.6771775962552519,0.531546950340271,-0.21619056,0.21226355950247183
PSMD1,-0.019774436950683594,0.5735929023904754,0.4091811180114746,-0.028339831,0.8716175740693254
COMMD2,-0.019785404205322266,0.6199538609041509,0.4092169404029846,-0.22439355,0.19500380492718897
DNM1L,-0.019812345504760742,0.9616755310809217,0.7210466861724854,0.47503734,0.003931009568903093
HSPD1,-0.019837021827697754,0.6396035913951665,0.5202609300613403,-0.17408335,0.31723717477732094
PSME3IP1,-0.019844889640808105,0.4184354155576152,0.3135329782962799,-0.109812796,0.5300231624258973
PSMC4,-0.019893169403076172,0.5403011851673165,0.3583137094974518,0.2417277,0.16181573806065666
DLAT,-0.019918441772460938,0.6383219702442153,0.46402379870414734,0.0057139094,0.974012181831108
PLEC,-0.019944071769714355,2.5549030737958924,2.2979047298431396,0.5924093,0.00017731968184838662
GTF2F1,-0.019950151443481445,0.6384824185994082,0.5157060623168945,-0.27866697,0.10500971444072041
NOM1,-0.019985675811767578,0.5716932122468642,0.4406987726688385,0.4004291,0.017142548353017668
UBQLN1,-0.019991159439086914,0.6052328080718001,0.4822646677494049,0.09006918,0.6068658383921791
EARS2,-0.019999980926513672,0.47829178226193836,0.4079446792602539,-0.31535655,0.06499079963131131
FADD,-0.02000594139099121,0.3868461360548111,0.3133903443813324,-0.027890809,0.8736354284280006
ARHGEF2,-0.02001941204071045,0.8554928223171147,0.6524092555046082,0.12645748,0.4691418295611633
CYP27A1,-0.020035147666931152,0.7806694162283977,0.6204255819320679,-0.17183566,0.323622684201049
UBE2L6,-0.020055294036865234,0.7350331461821845,0.6369518637657166,0.3485818,0.04014918237253785
FARP1,-0.020084619522094727,0.49524702066529575,0.39718517661094666,0.087616935,0.6167315107240202
TSPAN3,-0.020102500915527344,0.6055144754186796,0.46797680854797363,0.1401599,0.4219410488660503
GTPBP3,-0.020102858543395996,0.40198979039061783,0.33380281925201416,-0.06868671,0.6950124206109454
ABCD1,-0.020102858543395996,0.42111041402311733,0.34064310789108276,-0.4068813,0.015278351056100052
QSOX1,-0.020103096961975098,0.8268107656151714,0.6357483863830566,-0.615553,8.293873056970437e-05
RAI14,-0.02011120319366455,0.8844685508394355,0.732967734336853,-0.54087955,0.0007944262377636062
GNL2,-0.020111560821533203,0.5164580118666379,0.4216248691082001,0.22914803,0.18546214536207237
ATP6V0A1,-0.020117878913879395,0.5219090479177391,0.40315839648246765,0.40749428,0.015110461693728703
EIF4G2,-0.02012646198272705,0.5871866770480217,0.436534583568573,0.451899,0.006425915162222641
MRPL17,-0.02014338970184326,0.46553790730870137,0.3753141462802887,0.19829199,0.2534995196558411
RBM12B,-0.02016925811767578,0.5006922459770868,0.4040207862854004,0.07951278,0.6497996623059735
UCK2,-0.020214319229125977,0.9988046296496296,0.8040000796318054,-0.52025944,0.0013570342374548002
MED4,-0.020222067832946777,0.3423921795971071,0.2706514000892639,-0.34859118,0.040143431339831046
SRA1,-0.0202409029006958,0.40968599154778784,0.3279946446418762,-0.33720672,0.04759807499786159
CTDSPL2,-0.020249247550964355,0.6298168532264703,0.47498440742492676,0.34402663,0.04301006028072265
PDCD10,-0.020295262336730957,0.6621508064923023,0.5281610488891602,-0.28806272,0.09332904380296742
TGFB1I1,-0.020310401916503906,0.7976631306230998,0.6029580235481262,-0.093955696,0.5913693022581101
GOT1,-0.02033090591430664,0.8865136400863458,0.6758521199226379,-0.38540837,0.022229011764989825
DPH5,-0.020337224006652832,0.5051284576142862,0.418043851852417,-0.2475174,0.15169524085166103
G6PD,-0.020342588424682617,0.989730646646154,0.784728467464447,0.21121056,0.2232405193740406
JUN,-0.020344853401184082,0.5972734359719456,0.4428492486476898,-0.1159414,0.5071702947255718
ITGB1,-0.020352602005004883,1.6419966277344582,1.3839499950408936,0.64022404,3.444283671533891e-05
RPL27A,-0.0203554630279541,0.39962248272620543,0.32792314887046814,0.1684379,0.33342572182207453
GOT2,-0.020405173301696777,0.6880863680203402,0.4962819814682007,-0.036997017,0.8328872583652791
TRMT2A,-0.020430445671081543,0.47210595119105325,0.37886062264442444,-0.06353556,0.7169057983718462
PSMA6,-0.02044391632080078,0.6870694546274235,0.4891456067562103,-0.23901935,0.1667132447911068
RUNX1,-0.020444512367248535,0.42386231526232393,0.33824393153190613,0.40346524,0.016242924237030137
SLC35F6,-0.020445823669433594,0.8211599423108863,0.6948160529136658,-0.5944945,0.0001659800097050058
PNO1,-0.020445942878723145,0.38538848498987743,0.32092973589897156,-0.032084625,0.854822882176443
OARD1,-0.02045416831970215,0.4243929215637295,0.3265781104564667,0.035902638,0.8377637798527957
MTMR1,-0.020464181900024414,0.359824956253241,0.27428868412971497,-0.233721,0.17659988617411249
EWSR1,-0.02053511142730713,0.6463836868106676,0.5353556871414185,-0.047128,0.7880556087529169
NUP35,-0.02059650421142578,0.4190746543424533,0.3156672418117523,-0.020018121,0.9091276489288279
TWF1,-0.020604729652404785,0.750210335165706,0.597686767578125,0.036698267,0.8342178738852274
TSG101,-0.020637989044189453,0.5487719741279777,0.40522006154060364,-0.09427941,0.5900866981003458
LNPEP,-0.020643234252929688,0.7047880003793655,0.5446844100952148,0.21997206,0.20418088195066791
GCC2,-0.020722389221191406,0.2958225492853507,0.22698841989040375,0.27360076,0.1117503719389624
TECR,-0.020731449127197266,0.4081373207312238,0.27983778715133667,0.5929562,0.00017428081311601153
PI4K2A,-0.020735859870910645,0.7342531630721003,0.586833119392395,0.66573083,1.2755948993162787e-05
SCAMP2,-0.020742416381835938,0.8436131542989003,0.7121237516403198,0.15133627,0.38549507929992116
ADO,-0.02074730396270752,0.6011868084000245,0.5022184252738953,-0.44874144,0.006854170744189013
NEDD8,-0.020787954330444336,1.1159632984641483,0.8671452403068542,0.42612118,0.010698325496129053
PTRHD1,-0.020793676376342773,0.4902670496048122,0.3734795153141022,0.28240377,0.100238507516342
SEC61G,-0.020797371864318848,0.5754800295857195,0.4835025370121002,-0.19756582,0.25527762740545773
TARS2,-0.020797371864318848,0.5954621374743547,0.42027971148490906,-0.073998205,0.6726890012297709
RPL7A,-0.020802855491638184,0.40781172098253465,0.32422131299972534,0.037613787,0.8301414579198944
PGK2,-0.020820975303649902,0.7163692518891253,0.5257680416107178,-0.43694174,0.008677758905659335
RCL1,-0.020833492279052734,0.4887042845202353,0.4073215425014496,-0.2741886,0.11095197965079935
CD99,-0.020842552185058594,0.9088022204458451,0.7090520262718201,0.08714327,0.6186446269896213
IPO9,-0.020847678184509277,0.529140857632838,0.4358077347278595,-0.4050634,0.01578550651025182
ETHE1,-0.02089715003967285,1.4411815271712456,1.264887809753418,0.35064498,0.03890508970049751
SMNDC1,-0.02093517780303955,0.5284650960311722,0.36795371770858765,-0.27963576,0.10375651022811198
ANKFY1,-0.020941734313964844,0.5308633406984302,0.3997359573841095,0.034230623,0.8452259847593625
CDK5RAP1,-0.020943760871887207,0.41967634963095063,0.320578932762146,0.082961775,0.6356411263426165
EIF2B3,-0.020956873893737793,0.7944528381605228,0.6419351100921631,-0.09983427,0.5682664334555388
UBE2H,-0.02096688747406006,0.6103538085896172,0.44047877192497253,-0.09081454,0.6038803397856641
ARHGEF16,-0.021036267280578613,0.4249966768527539,0.31666797399520874,-0.24967939,0.14803649209375752
DYNC2H1,-0.0210568904876709,0.23298401531196578,0.17308077216148376,0.116691716,0.5044068716835982
TRIR,-0.02106153964996338,0.71577230711461,0.5050972104072571,0.46707684,0.00467279330099569
PYCR1,-0.0210726261138916,0.7430611537908641,0.6083188056945801,-0.23432262,0.1754567207562722
COX5A,-0.02107715606689453,0.48403488031129654,0.395133912563324,0.33366877,0.050128290718610004
OPTN,-0.02108132839202881,0.4456359792643545,0.35799670219421387,0.10530793,0.5471328595044771
PPP2R5D,-0.021091341972351074,0.5765958874554138,0.43255582451820374,0.27479443,0.11013363971873547
GMPR2,-0.021096348762512207,0.4451622123760821,0.32916173338890076,-0.004879603,0.9778058930255561
MYOF,-0.02110147476196289,1.7963832016350796,1.5159529447555542,-0.08642255,0.621560685862211
ALDH7A1,-0.021110892295837402,0.6422532718511257,0.45121487975120544,-0.090064794,0.6068835227668843
MIF,-0.02117013931274414,1.2309899089315959,0.9515854120254517,-0.49334323,0.002600230379468048
GRPEL2,-0.02118706703186035,0.39603548994603843,0.30979374051094055,-0.17313595,0.31991886567424505
YBX3,-0.021187782287597656,1.024479983002506,0.883272647857666,0.24761106,0.15153532497618594
WDFY1,-0.021203994750976562,0.49732588397650157,0.3802701532840729,0.12548271,0.47260229953174715
RCN1,-0.02125716209411621,0.596286800416466,0.4985598027706146,-0.22917722,0.185404568063147
EEA1,-0.02127361297607422,0.6673403008831175,0.5179757475852966,-0.028994352,0.8686781967050411
BPHL,-0.021307945251464844,0.4943053834079477,0.3659195601940155,0.1737039,0.31830957591600184
XRCC5,-0.021309852600097656,0.564994262227319,0.4902251660823822,-0.5142681,0.0015756274279999604
RPSA,-0.021314501762390137,0.775153135736719,0.5256350040435791,-0.4329015,0.009390449951783418
RAD23B,-0.021331191062927246,0.7180666785133952,0.49520039558410645,0.07100883,0.6852206811122906
RB1,-0.021340370178222656,0.44308296695639315,0.326620876789093,-0.25826818,0.1341355782254111
ATP2A3,-0.021364212036132812,0.5533837591408234,0.45413464307785034,-0.20061502,0.24786706465822908
NOP10,-0.02136814594268799,0.458698638280748,0.3769466280937195,0.015882159,0.9278476384873862
LAMP2,-0.02142965793609619,0.9335634234622338,0.7809271216392517,-0.21898738,0.20626469599496122
ABHD10,-0.021457791328430176,0.5047362537278803,0.3782522678375244,0.10857365,0.5347032701850419
ARMCX2,-0.02146291732788086,0.4612473400163323,0.3792756199836731,-0.15646125,0.36941692633578865
MGME1,-0.021484375,0.39057128536936525,0.3067478835582733,0.07267751,0.6782150437531185
ITGA2,-0.02149343490600586,1.4440403468817071,1.2440471649169922,0.25653324,0.13686273191793727
ANXA2,-0.021500110626220703,2.508300733724085,2.1571638584136963,0.025507223,0.8843589045853314
ARSB,-0.021507978439331055,0.4119947192619833,0.29919520020484924,0.2030541,0.24204392937802705
EXOC2,-0.021525979042053223,0.3998727193626054,0.31019747257232666,0.035236962,0.8407329867517322
PDLIM2,-0.021526217460632324,0.5372299891207045,0.42041251063346863,0.38753057,0.02144238452991529
ANP32A,-0.02152860164642334,1.1063255521330742,0.877089262008667,0.043567304,0.8037438555631722
FXR1,-0.021568655967712402,0.5971010159680142,0.5027034282684326,-0.01604525,0.9271087346465041
IMPDH2,-0.021573424339294434,0.9023572582208089,0.6474700570106506,0.027798932,0.8740485241075312
PDIA4,-0.02159106731414795,0.6387103007944902,0.5142425894737244,0.42825997,0.010270063942891365
QSOX2,-0.021606802940368652,0.5143560632253572,0.37845340371131897,0.13530311,0.43835900160438557
RALY,-0.021613121032714844,0.5672432338770045,0.463264524936676,0.056227006,0.7483494970240488
TMPO,-0.021629691123962402,0.6332507793890083,0.5296725630760193,-0.17918196,0.3030468898290159
IFT27,-0.021678566932678223,0.6328639256809829,0.49744197726249695,0.15499242,0.37398365215998103
PPL,-0.021682024002075195,1.3094734992440562,1.0804351568222046,0.54955584,0.0006276193813603875
SPIN1,-0.0216982364654541,0.6752545724408194,0.5410732626914978,-0.11958411,0.493825354388841
PCBP3,-0.02173471450805664,0.603936526981783,0.4889948070049286,0.47545308,0.003895239943437186
MAD2L1,-0.021748781204223633,0.6535372979582853,0.5279862284660339,0.25013894,0.1472669444614697
CWF19L1,-0.021757006645202637,0.4646958989536831,0.35979557037353516,-0.50033975,0.0022069078028771026
STK10,-0.02179121971130371,0.6087475015639903,0.48770931363105774,-0.1936855,0.264918095117902
TOLLIP,-0.021811604499816895,0.536238751949262,0.4190923273563385,-0.108312696,0.5356914395666781
LMO7,-0.02181541919708252,0.9627166343242481,0.7660059928894043,0.056408897,0.7475617485896451
FHL2,-0.021887779235839844,0.918643849267593,0.7690038681030273,0.35122856,0.03855887057621022
CCDC134,-0.021909117698669434,0.368855098521016,0.3047002851963043,0.09264074,0.5965930215179902
FTH1,-0.02192246913909912,0.6676544654727712,0.5103450417518616,-0.1651483,0.3430892692979138
NSD3,-0.02192366123199463,0.5367817937480986,0.4323786199092865,0.1066991,0.5418213425877695
FAM169A,-0.021930575370788574,0.4619126592054282,0.3541257679462433,0.001454633,0.9933832641475121
NAP1L1,-0.02193319797515869,0.9097894412404324,0.7138059735298157,-0.15701531,0.3677027924186214
PGD,-0.021967530250549316,1.2964941637589704,0.9420410990715027,0.19484058,0.2620238028284888
CHD2,-0.0219954252243042,0.4151098033980213,0.3139917254447937,0.41239458,0.013823182933892527
SRSF4,-0.022006869316101074,0.6324315042687461,0.5106862187385559,-0.4222856,0.01150433628637722
MYCBP,-0.02201545238494873,0.5147918269786125,0.418901652097702,-0.08266328,0.636861599599343
KMT2D,-0.022028207778930664,0.4055749713627988,0.3310152292251587,-0.073270366,0.6757325214260643
LAMC1,-0.022051334381103516,0.9881067234981489,0.7592647075653076,-0.29079583,0.09012537656789528
STRAP,-0.022058725357055664,0.8869861754078724,0.7095860242843628,-0.5176568,0.001448478479116493
SLC25A24,-0.022080421447753906,1.1276243647057795,0.9161164164543152,-0.52311575,0.0012625497808562468
UBE2A,-0.022104263305664062,0.577923430279696,0.42909878492355347,0.3131179,0.06702332465507993
MAEA,-0.02216172218322754,0.4242024328982178,0.3452582359313965,0.13284442,0.44680214046611655
FIP1L1,-0.022162318229675293,0.4466455984514293,0.33291739225387573,-0.34015802,0.045566703590092225
PPIA,-0.0222012996673584,1.1064351848196021,0.8172088861465454,-0.38185638,0.023599094279653073
MMUT,-0.022255539894104004,0.5187847826683294,0.38000723719596863,0.052070457,0.7664152763491519
SGPL1,-0.0223391056060791,0.7985085965209165,0.5507255792617798,-0.3751679,0.02636874710090601
VPS26B,-0.02239060401916504,0.46893688291244445,0.3496779203414917,-0.29982412,0.0801399569265441
CDCA8,-0.02239251136779785,0.5132337376916375,0.41046589612960815,-0.2900669,0.09097133282358211
ALB,-0.02239823341369629,0.7102956284660371,0.5426292419433594,-0.2699394,0.11682097710220134
PCYOX1L,-0.022406339645385742,0.32941386858503435,0.25641345977783203,0.21372804,0.2176440471730871
VDAC2,-0.0224531888961792,0.611702094697819,0.46218761801719666,-0.12912615,0.4597365372676918
CHCHD3,-0.022469043731689453,0.536972722095947,0.4059775173664093,0.28927368,0.09189891025135286
PGM2,-0.022475481033325195,0.47274492551156916,0.37585484981536865,-0.36961302,0.028867603427352458
ZNF185,-0.02249586582183838,1.027418764805983,0.8668471574783325,0.20894766,0.22835430413993402
CANX,-0.02251267433166504,0.6821258916221636,0.5661867260932922,-0.3859421,0.022028966996792635
DYNC1I2,-0.02255547046661377,0.6847116974629381,0.4945155084133148,-0.29536715,0.08495648396982938
TMED8,-0.022559404373168945,0.4925024901728924,0.3840731382369995,0.5420346,0.0007701668202911457
EML3,-0.022570490837097168,0.4534604705208233,0.34801754355430603,0.13016401,0.45610633281708596
NFYB,-0.022586464881896973,0.5035857430726091,0.3981515169143677,-0.5889292,0.00019779843490825953
BAZ1A,-0.02259039878845215,0.47004051581720546,0.3417426645755768,0.33492607,0.04921701450084103
BLVRB,-0.022619009017944336,1.1715970027520577,0.9614072442054749,-0.32912913,0.053531010390279805
SRFBP1,-0.022652268409729004,0.5203454943668863,0.44778698682785034,0.6357996,4.054919793676436e-05
PSMB9,-0.022655010223388672,0.9227643653001549,0.7279084324836731,-0.17075756,0.32671369878863676
BCL10,-0.022656798362731934,0.32557148984308465,0.26411136984825134,0.18888897,0.27716145891402066
TPX2,-0.022721171379089355,0.8517894967284511,0.6902472376823425,0.11983582,0.4929096674711977
PON2,-0.0227353572845459,1.3733435970836412,1.1173558235168457,0.7683255,7.093664495801617e-08
UBR4,-0.022740840911865234,0.6111798822716402,0.43060019612312317,0.3211816,0.05992883283122816
PPP4C,-0.022747039794921875,0.4568500974889891,0.35452449321746826,-0.10203194,0.559736822161682
TMEM167A,-0.022770166397094727,0.3649169848373105,0.2874331474304199,0.16795227,0.33484171026423193
SPRY4,-0.02277398109436035,0.7168577828372665,0.5696665644645691,0.31164888,0.06838397585973306
PPIL2,-0.02279484272003174,0.5548534413734506,0.3945488929748535,-0.15583548,0.3713583880541709
UNC45A,-0.022809267044067383,0.5503988900251063,0.4022882878780365,0.076998286,0.6601994188229514
H2AX,-0.022813081741333008,0.7283516461523794,0.49953538179397583,0.18255222,0.29389137916494784
HMGN5,-0.022818446159362793,0.887144381505588,0.7542384266853333,-0.1158127,0.507645237137166
RAPH1,-0.022848844528198242,0.619570609883251,0.48774638772010803,0.40292463,0.016400151704430696
XRCC1,-0.022856712341308594,0.6911668309057535,0.5731849670410156,-0.14191309,0.41609998690626754
CROCC,-0.022869110107421875,0.49311278425975935,0.35047128796577454,0.0821125,0.6391158973158649
LCLAT1,-0.022890090942382812,0.5050247553621455,0.3585544228553772,0.30660042,0.07322563413850496
ZRANB2,-0.022951483726501465,0.5927937486867213,0.44921165704727173,0.57663274,0.0002881920932577519
VTI1B,-0.022951602935791016,0.5471494258616504,0.4667198061943054,0.52653784,0.0011570093108906995
STUB1,-0.02296459674835205,0.5469471475148971,0.4176904857158661,-0.04237667,0.8090070979721316
BCAR1,-0.022979736328125,0.31453658708193477,0.23843811452388763,0.405593,0.01563631340145531
EEF1AKNMT,-0.022980093955993652,0.5783437624283235,0.4443321228027344,0.16804187,0.3345804099578913
NCLN,-0.02302396297454834,0.5187891485769808,0.43960148096084595,-0.19776021,0.2548007694986503
CFAP298,-0.023037195205688477,0.6394631619793,0.48990413546562195,0.047740202,0.7853660607217331
GOLGA2,-0.02304816246032715,0.6776162080234867,0.5260817408561707,-0.073237516,0.675869713949768
KCTD12,-0.023054003715515137,0.8480669775661961,0.6767899394035339,-0.22377892,0.19626193397949251
WDR76,-0.023060202598571777,0.5817696668384938,0.43164923787117004,0.11606279,0.5067228214282357
ZWINT,-0.023085951805114746,0.36640467287549744,0.27497953176498413,0.018903218,0.914169284910049
IFIT3,-0.02316606044769287,0.8140889915797874,0.6093898415565491,0.09001415,0.6070866698413667
PREB,-0.02317941188812256,0.4405718149051974,0.34213459491729736,-0.27476513,0.11017314736518367
ITGAV,-0.023181796073913574,1.523885338322089,1.3093245029449463,0.70910203,1.8600871115028489e-06
GLUD1,-0.02321910858154297,0.879502056353639,0.7301151156425476,0.31239474,0.06769042512180373
STXBP1,-0.023229002952575684,1.407347356944747,1.2207186222076416,0.49907222,0.002274046214221112
HSBP1,-0.02323329448699951,0.5045048905921009,0.43050676584243774,-0.30241388,0.07744004920847888
CPNE1,-0.023244738578796387,0.8843133709465331,0.6952105760574341,0.3400142,0.045664017411082496
ZNRF2,-0.02329075336456299,0.6458041251150931,0.5108758807182312,-0.15037721,0.3885484384562218
ABCC3,-0.023310542106628418,0.4945051785989569,0.3702678978443146,-0.09614259,0.5827272287289537
RBM12,-0.023321032524108887,0.7787445711708963,0.6366409063339233,-0.20669702,0.23351868235556145
NUDT19,-0.02332437038421631,0.6803275416213501,0.5672120451927185,-0.30119357,0.07870332701917253
NDUFB11,-0.02335214614868164,0.42455977472165984,0.35189202427864075,0.13511154,0.4390136901412248
SEPHS2,-0.02335512638092041,0.3439083384927493,0.26847004890441895,0.10635607,0.5431289606134961
IRF2BP1,-0.02340996265411377,0.6352936881038984,0.5167956948280334,-0.18683451,0.28251621276602595
PC,-0.023411035537719727,0.9789829927336828,0.7340059280395508,-0.06393528,0.7151987323582427
CHD8,-0.023450732231140137,0.40391308540743576,0.32561224699020386,0.09662263,0.5808376139928109
SPEN,-0.02352166175842285,0.41443252224637367,0.31563180685043335,-0.04799331,0.7842550295418715
ADAM10,-0.02356123924255371,0.519017905260858,0.4112892150878906,0.58270824,0.00023973694929373533
CTSC,-0.023580551147460938,1.0443794339883166,0.8251377940177917,0.37740034,0.025415968073602684
COL5A2,-0.023587822914123535,0.6619563193071385,0.5481445789337158,0.5204613,0.001350155856542536
AKAP8,-0.023602843284606934,0.3358707250721264,0.2791809141635895,0.4116386,0.014015515499795612
POLR2D,-0.023646831512451172,0.37161074313144604,0.298112690448761,-0.35828692,0.03456617946603956
CAPZA1,-0.0236508846282959,0.5110854095179627,0.4116677939891815,0.06892729,0.6939957201264944
SUMO1,-0.02366483211517334,0.4274815199577585,0.34342607855796814,0.17210749,0.32284631476842907
NGLY1,-0.023665428161621094,0.3921900676932002,0.32618293166160583,-0.15150934,0.3849458663346264
POGLUT2,-0.02367269992828369,0.5195645199785415,0.3987896740436554,-0.2561523,0.1374670688098737
PHF2,-0.02368021011352539,0.5451587722645624,0.4734775125980377,-0.08875656,0.6121382667671418
GLB1,-0.023710250854492188,1.1163056634606365,0.9095810055732727,0.46809167,0.004571962682566538
SDC1,-0.02373039722442627,0.6523389302149909,0.5250902771949768,-0.2911934,0.0896664849708784
HMG20A,-0.023761630058288574,0.4131037931438488,0.3287203311920166,0.3947888,0.01892453946578883
ZCCHC3,-0.02379155158996582,0.5129870066326463,0.4278358519077301,0.51776445,0.0014445915759897544
PCK2,-0.02381718158721924,0.775782450111283,0.6890175938606262,0.13997124,0.42257207759466087
ACTN1,-0.0238264799118042,1.1269618518299729,0.9661091566085815,0.25443825,0.14021011330922878
ZNF512B,-0.023859262466430664,0.4040533613217379,0.3305559754371643,-0.030985208,0.8597471815091229
TES,-0.023874878883361816,0.691199557341935,0.4992346167564392,-0.20038089,0.24843091582756666
RPS4X,-0.02391219139099121,0.5193342538083986,0.41543829441070557,0.039667882,0.8210115319972092
UPF1,-0.023926138877868652,0.6465173119397752,0.49097180366516113,-0.050668076,0.7725385652236455
IPO7,-0.023947834968566895,0.7501429977787879,0.5528931617736816,0.29243016,0.08825036402824445
ACTN4,-0.023948311805725098,1.1406837343744562,0.9868744015693665,-0.30621335,0.07360761357900962
H1-0,-0.023949146270751953,1.09925969528146,0.8089825510978699,-0.36243355,0.0323820316199802
FUBP1,-0.023958206176757812,0.7495714791296935,0.5899022221565247,-0.48590326,0.003084185101614167
PDLIM7,-0.023966550827026367,1.369660152412075,1.1357401609420776,-0.43693385,0.008679100662137836
MRPL1,-0.02402341365814209,0.5320870032765188,0.42019128799438477,0.278526,0.10519293202726607
FKBP3,-0.02402973175048828,1.1152978134150258,0.8456503748893738,-0.41105178,0.014166386122378147
FCGRT,-0.024034976959228516,0.6714010341158492,0.5198090672492981,-0.047871955,0.7847877280559461
NHP2,-0.02406454086303711,0.40438511940441496,0.3131893575191498,-0.217857,0.20867489655024601
GSDMD,-0.024065494537353516,0.6567476746975757,0.5357677340507507,0.30011606,0.07983200655574274
CCDC137,-0.024078011512756348,0.4529163274731575,0.3597058057785034,-0.08707327,0.618927494255613
TAX1BP1,-0.02409064769744873,0.48407302180085343,0.37767767906188965,0.06742926,0.7003351520222515
RBM27,-0.024159550666809082,0.441142062231502,0.3423903286457062,0.12465524,0.47555018323373877
PFKL,-0.024173855781555176,0.4777072228164952,0.4021845757961273,0.081388384,0.6420849957823024
ISCU,-0.024194717407226562,0.753620271352491,0.6255486011505127,0.49571633,0.002460477531419761
GPHN,-0.02420651912689209,1.279374168332365,1.0484336614608765,-0.45593467,0.005912150594977906
DBN1,-0.02422356605529785,0.9278732998881335,0.7662157416343689,-0.0174658,0.9206745546614694
DYNLT1,-0.02423226833343506,0.6405909924668541,0.47558996081352234,-0.20360225,0.2407477477648105
PCMT1,-0.024261116981506348,0.8445387438530734,0.6602391004562378,0.50586635,0.0019339989893112375
RREB1,-0.024280667304992676,0.42618889499317963,0.32412055134773254,0.31317464,0.06697119632456684
RAB13,-0.024283409118652344,0.767431541210347,0.6237770915031433,-0.26886034,0.11834775173814058
AIMP1,-0.024300098419189453,0.5327533040206038,0.40313807129859924,-0.08702684,0.6191154596898336
GINS2,-0.02437412738800049,0.4224522667787327,0.3044165372848511,-0.08862338,0.6126742009286497
EPRS1,-0.024411678314208984,0.5775474550310175,0.4131038188934326,-0.049992632,0.775492631028645
BRD1,-0.024431228637695312,0.6143832904881095,0.4886762201786041,-0.3527046,0.03769441135230079
HARS2,-0.02449512481689453,0.5388709018049715,0.4289158284664154,0.51803637,0.0014348139367906093
MTA1,-0.024508953094482422,0.8624440271763768,0.7181717753410339,-0.38231668,0.02341771298097408
G3BP1,-0.024531960487365723,0.6435281287864921,0.4893629848957062,-0.27609548,0.10839156851223426
SPC25,-0.0245438814163208,0.6497224692089185,0.4912073314189911,-0.041786823,0.8116175500962348
CRAT,-0.02454555034637451,0.8598514969823527,0.6986293196678162,-0.29780766,0.082292137890396
TBC1D10A,-0.02456343173980713,0.4842310199247739,0.3896036446094513,-0.07793525,0.6563168316693011
PRKCA,-0.024583101272583008,0.6302572157846587,0.4618416428565979,-0.13829832,0.4281929999915705
LMNA,-0.02459585666656494,2.4284259427995463,2.04233455657959,-0.3506514,0.038901257422430495
UBA3,-0.02459704875946045,0.5971827906767737,0.41979414224624634,0.09271209,0.5963093262145598
GOLM1,-0.024599313735961914,0.5946466802558427,0.4658251106739044,0.2840686,0.09816658413576668
YJU2,-0.024608969688415527,0.5180339605326437,0.408987820148468,0.27352926,0.11184781381572644
ECI2,-0.0246124267578125,0.8750047683585893,0.7382351160049438,0.18275473,0.2933468781029728
REL,-0.024619698524475098,0.5647710676903255,0.46207085251808167,0.12514171,0.4738157945564494
RTCB,-0.024642586708068848,0.7130549411311183,0.5632579326629639,0.1844636,0.28877846884637864
TUBA4A,-0.024645090103149414,0.9927658137798557,0.7587385177612305,-0.15841146,0.3634045291026974
HINT1,-0.024674415588378906,1.2676052566704614,0.9286559820175171,-0.49135658,0.0027224923693917303
PFDN1,-0.024729609489440918,0.8386286261982345,0.5489485859870911,-0.0002651238,0.9987939865546144
LAMB2,-0.024765372276306152,0.8086721409931839,0.6183561682701111,-0.19113556,0.27138213502566566
COQ6,-0.024780631065368652,0.4916492425395803,0.3614414632320404,0.24696378,0.15264258923052987
ANXA4,-0.024791836738586426,1.4665410901987483,1.2254530191421509,0.3518066,0.038218439879903074
CCS,-0.024811744689941406,0.5023642908052577,0.38437411189079285,0.19808596,0.25400304339877483
WDR5,-0.02481365203857422,0.5153843578254218,0.4090472161769867,-0.20235811,0.24369604330074868
NEK9,-0.024831295013427734,0.5846910315712274,0.4583708643913269,-0.34739447,0.040879604468976365
ZC3H13,-0.024852752685546875,0.42917382140198596,0.3035448491573334,0.40116727,0.016920086922280905
FAR1,-0.024871468544006348,0.5501421202925558,0.4529857933521271,0.68646646,5.291630773487281e-06
BCAT1,-0.024900197982788086,0.6682866996166552,0.4629366099834442,0.07221965,0.6801347558120112
REPS1,-0.024927735328674316,0.49193343916893717,0.39089301228523254,0.46795502,0.00458543606792051
HNRNPA2B1,-0.024960756301879883,0.39576659978535456,0.2945706248283386,-0.21154636,0.22248836722052887
DHX36,-0.02496469020843506,0.5013504269231446,0.3945584297180176,-0.04164161,0.8122604467714504
FXN,-0.02496659755706787,0.47777025987873517,0.393433153629303,0.34036374,0.045427720187220334
PLS3,-0.024994492530822754,0.9416363383503925,0.7778610587120056,0.3957482,0.018610976729155057
AAGAB,-0.024995088577270508,0.3522333420448673,0.2810429036617279,-0.04460305,0.7991720137855476
RNF114,-0.024997353553771973,0.6511746512332676,0.5143919587135315,0.105376065,0.5468724023060295
NONO,-0.025020241737365723,0.4792252553144419,0.3632389307022095,-0.07600296,0.6643331324061793
ZNF346,-0.025050640106201172,0.39015375322147233,0.3265129029750824,-0.114147,0.5138100378917764
DCK,-0.02507328987121582,0.9294513755154055,0.7522280812263489,0.517274,0.001462374526122427
AGAP3,-0.02509284019470215,0.5632558618503792,0.46886199712753296,0.13538016,0.438095973438129
CRK,-0.025121569633483887,0.776538259024257,0.5717549324035645,0.11861454,0.4973596220059343
NUMBL,-0.02513730525970459,0.43778629812706216,0.3509577512741089,0.14895926,0.39308864897791135
GOLIM4,-0.02514064311981201,0.6011932032162238,0.5037879943847656,0.10132903,0.5624583662073225
LSS,-0.025142312049865723,0.575972001920168,0.4381369650363922,-0.020145953,0.9085499560641612
LRRC1,-0.02516031265258789,0.6016297488584924,0.49536246061325073,0.19391517,0.2643410953665893
SLC27A1,-0.025179743766784668,0.46451940360363003,0.3480404019355774,0.26672718,0.12140971420356816
RPS6KA1,-0.025211215019226074,0.47105154224803697,0.3725159764289856,0.3481547,0.040410718382869595
SLC25A12,-0.02527475357055664,0.5230988218167703,0.43776950240135193,0.38832176,0.021155089025751427
NT5DC1,-0.025294065475463867,0.4388875755392348,0.3465310335159302,-0.36729595,0.029965854576279975
PLEKHA5,-0.025306224822998047,0.3775308954467574,0.3109842836856842,0.14205581,0.4156265962607131
CDCA2,-0.02534306049346924,0.6448339271767805,0.48396992683410645,0.48793733,0.0029446699363318046
TRAPPC6B,-0.025348901748657227,0.4320382405658833,0.354679673910141,-0.11767249,0.5008062062653191
CCT5,-0.02535378932952881,0.8116616912848578,0.5977429151535034,-0.17528689,0.3138506480720441
XXYLT1,-0.025372982025146484,0.5917047863308137,0.4722359776496887,-0.26269847,0.12735335625563188
ZNF207,-0.0253756046295166,0.5187736379454331,0.4119506776332855,0.08619024,0.6225019242355515
FNDC3B,-0.025385260581970215,0.8838080472645842,0.75227952003479,0.27425328,0.11086448551175387
RELCH,-0.025388479232788086,0.5164303126189903,0.39402180910110474,-0.18856326,0.2780061954500189
SOD1,-0.025441408157348633,0.6275027233991758,0.43524032831192017,0.28400272,0.09824785182394304
TMEM126A,-0.02549278736114502,0.5500824465512137,0.45265257358551025,0.6579261,1.7458019131743523e-05
COASY,-0.02550184726715088,0.4953671638818091,0.39429712295532227,-0.09097169,0.6032518638257908
MAP3K7,-0.025506973266601562,0.35843435829867704,0.28231337666511536,0.2448965,0.1562179975284507
ELOA,-0.025508522987365723,0.41272804863388574,0.315458744764328,0.4631277,0.0050835907404100196
EFNB1,-0.025520801544189453,0.6518979862362848,0.4944978952407837,-0.2388462,0.1670300409539296
SIGMAR1,-0.025523781776428223,0.43876021965601264,0.34838637709617615,0.1062102,0.543685083518985
GALNT1,-0.025556445121765137,0.4469038153741373,0.37030333280563354,-0.19607772,0.25894688842417163
EMC4,-0.02560281753540039,0.5148967744557694,0.38917627930641174,-0.5761064,0.00029277511231699875
BCL2L13,-0.025618433952331543,0.5904681204282458,0.46535834670066833,0.60107857,0.00013431478247049054
PRDX3,-0.025640368461608887,0.7163050156746439,0.5747442245483398,-0.027282134,0.8763717893185601
CDC34,-0.02566385269165039,0.43438421829651225,0.3507271707057953,0.3702579,0.02856792514259425
RAD21,-0.0257108211517334,0.5408602880580127,0.43040111660957336,0.20518696,0.2370274997387969
BAIAP2L1,-0.025717616081237793,0.8219934951009721,0.6629500985145569,0.1465439,0.40089264947918296
ZNF687,-0.025734424591064453,0.3648763115216659,0.2672869563102722,0.09371248,0.592334303095059
NAGA,-0.02574002742767334,0.5357204998882095,0.4115227162837982,-0.18762831,0.28043964171843794
LEMD3,-0.025780320167541504,0.6943109993406337,0.5080808997154236,0.42549214,0.010827134743654328
RBM14,-0.025821924209594727,0.39212663033766365,0.29041972756385803,-0.12354228,0.47953035583048476
UBE2V1,-0.025822997093200684,0.8616874447044576,0.6227039694786072,-0.19209167,0.26894634398718853
COPS7A,-0.02583944797515869,0.3998696822730755,0.32243794202804565,0.30190322,0.07796677773867572
FTSJ3,-0.025879859924316406,0.6269957150642932,0.49062150716781616,0.5728145,0.0003229464285225724
GNB1,-0.02588176727294922,0.6399090185167459,0.5102821588516235,0.14722167,0.3986937555845875
ARPC4,-0.025922656059265137,0.5740024392777294,0.498033732175827,0.03711181,0.8323760536592397
POLE3,-0.025928378105163574,0.6228043613390156,0.49894917011260986,-0.3828484,0.023209629454544793
SCFD2,-0.026007533073425293,0.32810189529090694,0.27549150586128235,0.07626652,0.6632374789786863
FAM91A1,-0.026027679443359375,0.41183326836833395,0.3165140450000763,-0.17717022,0.3085968555568899
HNRNPH3,-0.026036739349365234,0.497090652139615,0.3626982867717743,-0.36662033,0.0302924851877352
C1orf198,-0.02604198455810547,0.9163929176498967,0.7016372680664062,-0.020107811,0.9087218579955652
RCN2,-0.026069283485412598,0.5080104735413653,0.4007319211959839,-0.3933802,0.01939288027349139
TOR4A,-0.02610456943511963,0.4538335686171827,0.3406907618045807,0.0830313,0.6353571018827986
CHMP2A,-0.026203513145446777,0.6231481057324436,0.5070298910140991,-0.07171004,0.6822737057177911
PDSS2,-0.02622079849243164,0.4540738333162612,0.37232479453086853,0.079466574,0.6499903752395374
PEA15,-0.02622079849243164,0.9995133884939643,0.7434598803520203,-0.38494015,0.022405763845886627
STRN4,-0.026232600212097168,0.4567942045344791,0.35599464178085327,0.018895691,0.9142032594190713
ZMPSTE24,-0.026234984397888184,0.7231281286384603,0.4748963415622711,-0.14247172,0.41424849540718023
NUDCD2,-0.026266813278198242,0.9976543692359732,0.7345708012580872,0.40385222,0.0161311631687576
KRT1,-0.02626955509185791,0.5407227367189557,0.39955127239227295,-0.3404376,0.04537787891239287
NPEPPS,-0.026270747184753418,0.9287251211661713,0.6677526235580444,0.023637258,0.8927856930112703
ANKHD1,-0.026327967643737793,0.4509299484223359,0.3005855679512024,-0.115314536,0.5094850958587253
TIMELESS,-0.026334524154663086,0.4729612643125551,0.378512442111969,-0.2643998,0.12481757846438345
MRPL58,-0.026362299919128418,0.48355942944837044,0.39304444193840027,-0.18342069,0.2915612120458062
RIC8A,-0.026369690895080566,0.6739820000582446,0.48655298352241516,0.051135674,0.7704956005081937
CIAPIN1,-0.026372671127319336,0.8722811419502956,0.7131865620613098,0.29174656,0.08903087717175376
HMCES,-0.02638113498687744,0.3066149901347472,0.23922206461429596,0.12939768,0.45878559318373596
COL6A3,-0.026413321495056152,0.8317556148531013,0.6499662399291992,0.23209375,0.17971815880516637
PSMD7,-0.026427388191223145,0.6003364851298918,0.4177699685096741,0.029168874,0.8678946533486518
MCM5,-0.026429295539855957,0.8514401759212211,0.6541944146156311,-0.24455002,0.1568232489288488
RPL36A,-0.026438355445861816,0.3976128777494228,0.3110620677471161,0.0044566654,0.9797292254095499
PRDX1,-0.02645552158355713,0.9737834909480081,0.7159913182258606,0.07928565,0.6507367250766176
TUBB4A,-0.02646958827972412,0.7431350281265757,0.5921211242675781,-0.12291113,0.48179542642898227
YARS2,-0.026470661163330078,0.5775542405900879,0.46937358379364014,0.09642199,0.5816270059612144
PALM,-0.02647995948791504,0.5146810387377797,0.4311957359313965,0.4095367,0.014562195025755146
POLR1B,-0.02647995948791504,0.314622075440489,0.25568851828575134,-0.2845294,0.09759885011580692
SLC20A1,-0.026485919952392578,0.7229356380322252,0.5960598587989807,-0.5774444,0.0002812504419361631
DYNLL1,-0.02649235725402832,0.3773902374759621,0.27625399827957153,-0.428834,0.01015763487873819
PCNA,-0.026509761810302734,1.1128411744988744,0.8927826881408691,-0.17743137,0.30787299722238076
ZC3H15,-0.02651834487915039,0.8271302060186383,0.583311140537262,0.33992147,0.045726883858625555
LPGAT1,-0.02655029296875,0.4593955288406633,0.3510957956314087,-0.29994088,0.08001674199842317
PLXNA1,-0.026644349098205566,0.4401317358316798,0.36493024230003357,0.2883398,0.09300024896537079
PACSIN2,-0.026649951934814453,0.7778840224233052,0.5647062659263611,0.34575424,0.04190624967910763
TTC1,-0.026660680770874023,0.7349537942596496,0.5844312906265259,0.19118343,0.2712597150938857
CUL4A,-0.02666163444519043,0.5813488384012448,0.4618871510028839,0.34295392,0.04370707026052883
MED20,-0.02666938304901123,0.5302668337472233,0.4057936370372772,0.393312,0.019415794951039185
OSTF1,-0.02667367458343506,0.6504868215725792,0.5127027630805969,0.46313277,0.00508305082994526
GFER,-0.026710987091064453,0.5509830673250287,0.45471474528312683,0.4697049,0.004415569084601727
DMAC2,-0.026723265647888184,0.39925189095313873,0.31567874550819397,0.065202825,0.709794314918624
HMGB2,-0.026731491088867188,1.3744734709654076,1.1419066190719604,-0.49991333,0.0022292976553399905
MRPL49,-0.02677297592163086,0.5018602277831095,0.41876792907714844,0.3042028,0.07561679654261402
BCS1L,-0.026789307594299316,0.3961682492231109,0.33874836564064026,0.36956164,0.02889159296563521
MAPK13,-0.026831865310668945,0.5025624239755114,0.41767868399620056,-0.46781382,0.004599380016563435
CAT,-0.02689528465270996,0.8648125716105517,0.7456576228141785,-0.07568367,0.6656611226120237
PPFIBP1,-0.026927828788757324,0.48718012438972463,0.3840065598487854,-0.33918846,0.04622620487019305
MOCS2,-0.026952743530273438,0.43657136180405687,0.3247157633304596,0.021805253,0.9010528637271398
AP3D1,-0.026955246925354004,0.49525081178174024,0.3455096185207367,0.31867555,0.06206693124562446
BRD8,-0.026958584785461426,0.484704505454842,0.4046258330345154,0.18423495,0.2893870499400442
TRIP12,-0.02696526050567627,0.36073101296954335,0.2807522416114807,-0.18889132,0.27715559209260054
SRRT,-0.026965975761413574,0.3845875323050179,0.29365256428718567,0.12324891,0.48058242120647926
PPP1R7,-0.026979565620422363,0.7658774290648688,0.5870885252952576,0.39385617,0.019233544905893733
CASP6,-0.026979565620422363,0.4966911413602409,0.3822205364704132,-0.35570872,0.0359835961341808
THEM6,-0.026998281478881836,0.5379924104414027,0.4409500062465668,0.5549327,0.0005405761754605252
FAM3C,-0.026999831199645996,0.7559224183753162,0.6161720156669617,0.1268379,0.46779504784303577
KCMF1,-0.02701413631439209,0.44027571936740234,0.3231787085533142,0.037938572,0.8286961149739347
CPM,-0.027027010917663574,0.6952624142212995,0.5246036648750305,0.090033844,0.6070073195371095
DNAJC19,-0.027048110961914062,0.42432920658307904,0.33591026067733765,-0.10592168,0.5447867575328718
EIF3H,-0.027050375938415527,0.5866781004781305,0.41893845796585083,-0.4586692,0.005584433831194197
STRBP,-0.027068495750427246,0.511674893662027,0.4447997510433197,0.17538421,0.31357792963724324
OTUD6B,-0.027078628540039062,0.6540526204609247,0.5018008351325989,0.03836182,0.8268140211229111
THY1,-0.027142763137817383,1.2512117234814975,0.9845334887504578,0.29740396,0.08272840263459515
IDI1,-0.027156591415405273,0.5579397467790936,0.47858282923698425,0.14572296,0.4035648858572284
NSUN4,-0.02716851234436035,0.4537733306876759,0.39430442452430725,0.25099295,0.14584496398344096
RFC2,-0.027205824851989746,0.7306769171315399,0.5959674119949341,-0.4163429,0.012854271959938924
POMP,-0.027210235595703125,0.4596427578290302,0.3576943278312683,-0.18884186,0.2772837541900583
RPLP1,-0.02724456787109375,0.4676500129729887,0.41149386763572693,0.19544622,0.2605143695580943
WIZ,-0.027247190475463867,0.4550832985514332,0.35434454679489136,-0.24693412,0.1526933002229086
ISG15,-0.027317285537719727,0.7952102025761038,0.6117144823074341,0.01048925,0.9523125595945412
MCM3,-0.02733755111694336,0.8889409255320025,0.6907767653465271,0.6270741,5.553796014719727e-05
MPI,-0.027338743209838867,0.3716618656410015,0.29609227180480957,-0.0010805656,0.995084872347077
NDUFAF5,-0.02736485004425049,0.30670942761658243,0.2503722012042999,0.06678435,0.7030706202638054
OTUB1,-0.027474522590637207,0.9533109327220994,0.7343217730522156,0.27823496,0.10557222375544603
LEMD2,-0.027541637420654297,0.7828879162062318,0.595017671585083,-0.6810351,6.708544374323012e-06
POGLUT1,-0.02761077880859375,0.5153252857627737,0.3834828734397888,0.32285064,0.05853733816578673
ZNF280C,-0.027620673179626465,0.6027915091886724,0.46747109293937683,0.07798358,0.6561165198885398
SPC24,-0.027628540992736816,0.5998860817291249,0.4952235519886017,0.11686461,0.5037713145633467
CAPZB,-0.027666330337524414,0.3934310264448721,0.33152395486831665,0.061949305,0.7236938413630266
DYNC1LI2,-0.027677178382873535,0.5307607361223798,0.3826858103275299,-0.06078322,0.7286965176826147
HNRNPUL2,-0.027701258659362793,0.5688836999042279,0.4423729479312897,-0.082593665,0.6371463820499349
EED,-0.02772200107574463,0.35328680610252516,0.2894497215747833,0.17608526,0.3116168187103239
MRPL55,-0.027733683586120605,0.5137412020818675,0.3954034447669983,0.04592576,0.7933437705150467
TARDBP,-0.02775275707244873,0.47207953207713915,0.3845616579055786,-0.1926883,0.26743371727679965
GARS1,-0.027797222137451172,0.7079020664564833,0.5518721342086792,0.18718953,0.28158617557513715
CDKN2A,-0.027841806411743164,1.2564522632588664,1.0196410417556763,-0.3868959,0.021675178647337947
UTP3,-0.027851581573486328,0.5947055405783463,0.4733983278274536,0.09244208,0.5973841669554696
SCOC,-0.027852654457092285,0.45010356837118626,0.34382364153862,-0.19905648,0.2516366260437312
NUP54,-0.027855634689331055,0.39127438926242075,0.2599185109138489,0.12051029,0.4904608459057261
UBR7,-0.027899861335754395,0.9084221688555856,0.7067776322364807,-0.19977541,0.24989302748837092
HARS1,-0.02791273593902588,0.7579885062098664,0.5740086436271667,-0.20062123,0.24785214742485046
RPS25,-0.027915596961975098,0.5079655930025861,0.3550106883049011,0.11416637,0.5137379097918604
SF3B6,-0.02792966365814209,0.2791661043066557,0.20931364595890045,0.4253559,0.010855207337863371
STOML2,-0.02794170379638672,0.44355015284153243,0.3423474431037903,0.08205666,0.6393449209979786
TRNT1,-0.027952909469604492,0.47910478095533765,0.3936377465724945,-0.38668185,0.021754180989416012
DGKA,-0.027961373329162598,0.48807599140366087,0.37696561217308044,0.16153292,0.35390413943693816
ARHGAP35,-0.027970075607299805,0.5561033902212932,0.4515957236289978,-0.11891608,0.49625924809755895
PFKP,-0.027989983558654785,0.7305896271430576,0.5723282694816589,-0.2904372,0.0905408172481858
CAMSAP3,-0.028013229370117188,0.40704239081367377,0.3313237726688385,-0.17244644,0.3218795210585434
TIPRL,-0.028059005737304688,0.8012716884921067,0.6023501753807068,-0.35841224,0.03449840923725294
USP14,-0.028069138526916504,0.8455270491412251,0.6019123792648315,-0.43382028,0.009224158921714612
SART3,-0.02807462215423584,0.4527975247357164,0.35214918851852417,0.5565919,0.0005159718822320917
EHBP1L1,-0.028124094009399414,0.3919098323265601,0.2837066054344177,0.097187325,0.57861835033263
BABAM2,-0.028131723403930664,0.45136214038465117,0.3195596933364868,0.45489076,0.006041543344590552
RBM19,-0.028186559677124023,0.45213940737051134,0.36148199439048767,0.0716744,0.6824233984855692
RPL34,-0.028258323669433594,0.4320254444470351,0.3445141613483429,0.3227734,0.058601165474668884
BRAT1,-0.028259634971618652,0.40693504089727983,0.3118436336517334,-0.20867364,0.22897898267918004
NUCKS1,-0.02829909324645996,0.8950176332644053,0.6929759979248047,0.60876834,0.00010427140156762914
TRRAP,-0.028301477432250977,0.3857814527397504,0.3018127679824829,0.19577973,0.25968590677695763
UBFD1,-0.0283128023147583,0.45306570388602024,0.36654865741729736,0.09433407,0.589869980876827
ENO1,-0.028322815895080566,1.0789003762893947,0.7369255423545837,0.004244067,0.9806958135042506
KCTD5,-0.028349757194519043,0.3442467762866091,0.29225191473960876,-0.0020575244,0.9906405825866916
TXNDC15,-0.028425216674804688,0.5860585151318024,0.48450765013694763,0.00253829,0.9884537775245755
AP3S1,-0.0284423828125,0.5144731487296287,0.38424253463745117,0.10804098,0.5367216205060815
NT5DC3,-0.028468012809753418,0.455517094632617,0.3644116520881653,-0.11170681,0.5229074066513869
ACAD10,-0.028486967086791992,0.4971290508706631,0.4094463884830475,0.5546183,0.0005453531479345209
NCEH1,-0.028522253036499023,2.0420498650540315,1.7762445211410522,0.5592817,0.0004781959420670531
GMEB2,-0.028565168380737305,0.4074295416281624,0.3042188882827759,0.23314905,0.1776915507580355
RAVER1,-0.028603315353393555,0.67979934473716,0.5541096329689026,0.4563414,0.005862383579364625
GCLM,-0.02871847152709961,1.013327832353451,0.8056161999702454,0.4185286,0.012343034052775988
PLBD1,-0.02875959873199463,0.7396873929241636,0.5788017511367798,0.010279046,0.9532669892071395
PLEKHA7,-0.028788208961486816,0.6468130008269094,0.5415449142456055,-0.47034782,0.004354529569818828
SEC24B,-0.02881801128387451,0.48707552243875163,0.40832120180130005,-0.5503769,0.0006135715400999189
HLA-B,-0.028824329376220703,1.2583088813494379,1.01138436794281,-0.16448192,0.34506734794357397
AP1B1,-0.028833985328674316,0.4304486901789635,0.31521934270858765,-0.13205945,0.4495162640618254
ZNF318,-0.028877735137939453,0.3107842431900011,0.23323306441307068,0.15267842,0.38124583010626073
PRPF38B,-0.028898000717163086,0.27702384282605336,0.20472554862499237,-0.5619614,0.0004430253183459264
TMEM87A,-0.028905749320983887,0.3576921785439573,0.24075643718242645,0.23109518,0.1816510552901332
KIF5B,-0.028926610946655273,0.7410772351285329,0.5314080119132996,0.19473357,0.2622908754482018
SEC24A,-0.02894604206085205,0.5142590897627927,0.4115324318408966,-0.09239131,0.597586416245908
HSF1,-0.02894759178161621,0.5099290023265864,0.4282584488391876,0.061897006,0.7239176258597061
EZR,-0.02895045280456543,0.9886182730563207,0.8053308129310608,0.21656018,0.21146408873182812
KRR1,-0.02897334098815918,0.4469415081656886,0.3686695694923401,0.38901722,0.020905199974756514
SART1,-0.029009699821472168,0.40265926470976876,0.28784480690956116,-0.04348291,0.8041166643819128
PUM3,-0.02902984619140625,0.5047041320422267,0.429470419883728,-0.09027175,0.6060540276849403
FERMT2,-0.029049992561340332,0.7194188364627279,0.5757544636726379,-0.16804156,0.33458110566438504
VPS4A,-0.02909684181213379,0.664033956475249,0.5293732285499573,-0.29801965,0.0820638345072935
DNM2,-0.029108881950378418,0.6761887705260594,0.4975276291370392,-0.45096007,0.006550803570919109
PAFAH1B3,-0.029117345809936523,1.5271058348506696,1.2320103645324707,0.16776761,0.33538105982790783
EIF4E,-0.029163241386413574,0.7971583218021769,0.6038500070571899,-0.6154636,8.319213791077529e-05
CCT7,-0.029213786125183105,0.8726037797717905,0.6339713335037231,0.13760218,0.4305438113723004
PRKAA1,-0.029219388961791992,0.4725762606946787,0.35470670461654663,-0.24450816,0.15689644336920944
HNRNPH1,-0.029242634773254395,0.48224917884468027,0.3730449080467224,-0.62768924,5.433692798838173e-05
PHC3,-0.029245615005493164,0.5455608928026134,0.42638495564460754,-0.015215859,0.9308670596131043
ARFGAP3,-0.029288172721862793,0.5215999175238398,0.4090564250946045,0.09607231,0.583003838085982
TSEN34,-0.029291510581970215,0.47629742989440355,0.37174785137176514,0.20300369,0.24216338231520104
LYN,-0.029328227043151855,0.4662620641052691,0.36642515659332275,0.4095392,0.014561533415071829
PPAN,-0.029333949089050293,0.5361335629317238,0.437106728553772,0.3310287,0.052085431437051966
AFG3L2,-0.029341936111450195,0.49820145844648434,0.3859032094478607,0.4865721,0.0030376943765513817
GFPT1,-0.029345273971557617,0.830864065253,0.6038450002670288,0.17914638,0.30314434564688225
CLU,-0.02935051918029785,1.3098746336579596,0.9628311991691589,0.582767,0.00023930617889860822
NEO1,-0.029350876808166504,0.528573107923874,0.32622745633125305,0.17765853,0.3072438819381258
MBNL1,-0.029364943504333496,0.2925004649769926,0.252961665391922,0.059407793,0.7346120281110092
RBPMS,-0.029385805130004883,0.6944858051274767,0.586149275302887,-0.18575048,0.28536857077434663
APEH,-0.029398679733276367,0.8741372828155892,0.6866940855979919,-0.22826402,0.1872109466382675
CCT2,-0.02940046787261963,0.7908684487648043,0.5824441313743591,-0.48698238,0.003009472692304964
UBA5,-0.029448509216308594,0.5351323310351669,0.449972540140152,0.37365884,0.027029232174742013
FLNA,-0.02946925163269043,1.2501198234347943,1.0291802883148193,0.16847727,0.3333111862410249
PREPL,-0.029477953910827637,0.38044714504052596,0.30320608615875244,-0.31352076,0.06665385870248922
POLG,-0.02953660488128662,0.44093770503655094,0.3709860146045685,-0.18043548,0.29962085716866715
HSP90AB4P,-0.02953946590423584,0.3442680075505911,0.2825475335121155,-0.6582765,1.721705688533022e-05
GDF15,-0.02959442138671875,0.6500025556587449,0.5357316732406616,0.06871428,0.6948960125814554
TIMM10B,-0.029598116874694824,0.566033971053475,0.4604916274547577,-0.12751234,0.46541208480008306
AKAP9,-0.029674053192138672,0.4824184618377408,0.383076012134552,0.26138908,0.12933081420398526
SNTB1,-0.029686450958251953,0.6806884936377201,0.5132411122322083,0.26257184,0.12754356345278506
PTK7,-0.02968919277191162,0.8408339939045525,0.6725601553916931,0.22399306,0.19582304533995756
PTMS,-0.029691100120544434,1.4088327214647245,1.1845403909683228,0.12452545,0.47601355919042987
SP100,-0.029738545417785645,0.5392061954209574,0.4462621510028839,0.26147845,0.12919507214786655
COX20,-0.029747962951660156,0.9257459030163726,0.734684407711029,-0.3658719,0.030657666522381676
NCOR1,-0.029756546020507812,0.31651923434703266,0.2529567778110504,-0.15196405,0.38350404226070256
SIAE,-0.029758572578430176,0.7126064622545862,0.5518959164619446,0.044118755,0.8013090120771241
KRT4,-0.02976381778717041,0.9597440612382672,0.7912263870239258,0.16861707,0.3329046071297485
DCTN3,-0.029764771461486816,0.6491608090028277,0.4688657522201538,0.16701663,0.3375801636737956
TMED2,-0.02977609634399414,0.5626891400979501,0.4507363438606262,-0.44055226,0.008080385945852512
CRIP1,-0.029776334762573242,1.0249698029698837,0.7172409892082214,0.11295527,0.5182428874016566
VPS36,-0.02980518341064453,0.5425700363533965,0.4085932672023773,0.24386004,0.15803338337193665
DSC2,-0.02984750270843506,0.6941209935217444,0.5750133395195007,0.40277874,0.01644280527872641
BZW1,-0.029856085777282715,0.5082105983504238,0.37145963311195374,0.038937308,0.824255897330848
RPL10A,-0.02998530864715576,0.3742282993635269,0.30402421951293945,0.20795423,0.23062431342258546
NT5C2,-0.030000805854797363,0.5549480202536186,0.4241020083427429,0.48611465,0.003069425664035341
DUSP3,-0.03001415729522705,0.8176391272608142,0.6034732460975647,0.06986211,0.690049794086164
MYO19,-0.030053019523620605,0.4114275349385635,0.3296375870704651,0.040700614,0.816429515473312
LGMN,-0.030059814453125,0.48756675324322635,0.3888462483882904,0.15663503,0.3688787219065863
WAC,-0.03013920783996582,0.7212004147679156,0.5477052330970764,0.05964476,0.733592215122877
MAP7D1,-0.030192852020263672,0.6570910559252633,0.5095033645629883,-0.18908134,0.27666368399003416
NMI,-0.03021526336669922,0.47718687273545124,0.38630232214927673,-0.24418114,0.15746929519116992
HSPB8,-0.030220985412597656,0.6221030329987383,0.5103756785392761,-0.27586976,0.10869238433867567
PPP4R1,-0.03022778034210205,0.45675507376556146,0.3437528610229492,-0.19739927,0.25568654049048395
MRPL11,-0.030238866806030273,0.41897869199433463,0.3497738838195801,0.5038605,0.0020294253367553502
ALDH1A1,-0.030239105224609375,1.2439410709854433,0.9976701140403748,-0.19902614,0.2517105259347577
LMAN2L,-0.030254602432250977,0.7830031370316922,0.6595786809921265,-0.22930944,0.18514410034277468
PSMC2,-0.030272245407104492,0.4990293349423338,0.34115663170814514,-0.1964439,0.25804068737355756
TNS3,-0.03027522563934326,0.49948580945967364,0.3953670263290405,0.26014325,0.13123315724987036
AURKAIP1,-0.03028249740600586,0.5241661124941631,0.4585143029689789,0.16981559,0.32942932408519326
AKAP17A,-0.030292749404907227,0.5059561029398814,0.4007593095302582,-0.33632657,0.04821771867401133
RPS5,-0.0303652286529541,0.4925572807626988,0.3603045344352722,0.012336421,0.9439270329884961
ESYT1,-0.030393481254577637,1.0402416336430882,0.8540706634521484,-0.37881634,0.024826532853763777
SH3GL1,-0.03041982650756836,0.8033585546486188,0.6323752999305725,0.41033557,0.01435235641261553
NUP88,-0.030420899391174316,0.3366138060167937,0.25519442558288574,0.007688768,0.9650351929355288
CD2AP,-0.030450940132141113,0.8758209328419331,0.6883895397186279,0.14276415,0.4132811438347063
NSFL1C,-0.030512213706970215,0.8805087590710684,0.5778869390487671,-0.06296677,0.7193371160070382
COL1A2,-0.030514001846313477,1.1553536110771578,0.9091222286224365,0.11726322,0.5023071267765149
AK3,-0.03058147430419922,0.5824110596827604,0.46868792176246643,0.29003656,0.09100674739264702
KNSTRN,-0.030594706535339355,0.3906319236141785,0.3111362159252167,0.119913906,0.4926258595240722
HSPA13,-0.03059518337249756,0.4266033460462592,0.34053176641464233,0.3089477,0.07094230101871607
SMARCA2,-0.030596494674682617,0.46448982613511647,0.36748039722442627,-0.0884688,0.6132967466695421
FKBP15,-0.030653834342956543,0.5342276654499507,0.3998942971229553,-0.021226553,0.9036667674073996
CRYZ,-0.030684590339660645,0.7503604420157336,0.5822435021400452,-0.072284736,0.6798617468923152
BLM,-0.030719399452209473,0.4427172678625571,0.333707332611084,-0.4373953,0.008600702798904292
IGSF3,-0.030736565589904785,0.5795038122458214,0.45573288202285767,0.2889386,0.0922929378053807
PROSER2,-0.030762910842895508,0.4796789702859286,0.3921428322792053,0.3106055,0.06936341221311361
ANXA3,-0.030783534049987793,1.3931925783671026,1.1854239702224731,0.2980479,0.0820334396488305
GFM1,-0.03080892562866211,0.5178992085213808,0.4068026840686798,0.39466318,0.018965889918859696
TGFB1,-0.030823707580566406,0.4499506916741113,0.37581291794776917,0.06032957,0.7306461631926628
RPS14,-0.030835270881652832,0.5058948695864268,0.36566561460494995,-0.10399234,0.5521783122224625
HNRNPA3,-0.030846595764160156,0.43727792485045003,0.3393513262271881,-0.27063268,0.11584782232694071
CCT3,-0.030857205390930176,0.9106116731253656,0.6657419204711914,-0.25764802,0.13510576345885733
AHSG,-0.030889034271240234,1.0071488198603369,0.8096751570701599,-0.5589737,0.00048239215100266285
DDX49,-0.030896663665771484,0.45138632231577697,0.35540860891342163,-0.22338349,0.19707456044876107
COL5A1,-0.030925750732421875,0.7776638502930311,0.5321165919303894,-0.24746615,0.1517827784824695
APRT,-0.03092944622039795,0.8961168587190168,0.6722255945205688,-0.0041478286,0.9811333079410238
HEBP1,-0.030990242958068848,0.8074057508684788,0.6549444198608398,-0.7041672,2.355496820959128e-06
HGS,-0.031000852584838867,0.5340650529616281,0.3819928765296936,0.18435325,0.28907218572248794
FN3KRP,-0.03101348876953125,0.4890946898667977,0.3607783913612366,-0.23170227,0.1804741591908303
IGF2BP1,-0.031019210815429688,1.0032605421290455,0.7965084910392761,-0.24932322,0.14863462271671948
WTAP,-0.03105640411376953,0.39292645539637194,0.2776191830635071,-0.42615852,0.010690726286707364
LSM14B,-0.031111478805541992,0.6890147817615055,0.5475703477859497,-0.42444524,0.011044412575074975
SIRT1,-0.03115832805633545,0.5102516575813938,0.4265149235725403,-0.03799606,0.8284405190694049
CDK5RAP3,-0.031261444091796875,0.47538137246674717,0.360535204410553,0.1800677,0.30062345801085416
RUFY1,-0.03128254413604736,0.5922258792408024,0.47758498787879944,0.19555579,0.26024197246587066
SLTM,-0.03130209445953369,0.355735867084868,0.2947487533092499,0.03210838,0.8547161466038603
TCOF1,-0.03138375282287598,0.5813928725916226,0.4799604117870331,0.4817144,0.003389698440274785
NUDT9,-0.0314173698425293,0.42693351428338633,0.34467920660972595,-0.07173243,0.6821795906169481
GTF3C3,-0.031511545181274414,0.4378749739123921,0.33052492141723633,-0.31305698,0.06707932139202422
BCAS2,-0.03152132034301758,0.3313738204650147,0.24493977427482605,-0.43936703,0.0082724855974618
SLC39A14,-0.031545281410217285,0.40076455124241184,0.2882936894893646,-0.23762259,0.16928018473208628
HEXIM1,-0.031550049781799316,0.7304665876550339,0.5528660416603088,-0.13647816,0.4343550119218864
HMOX1,-0.03159642219543457,0.9776374089085504,0.7819992899894714,0.3653752,0.030902038522991563
CHID1,-0.03161156177520752,0.4088310996511789,0.33336910605430603,0.12547095,0.47264385380706464
DHRS11,-0.03161358833312988,0.44532560028081114,0.34550005197525024,-0.26611802,0.12229487018971244
COPE,-0.031645774841308594,0.5894915811521548,0.4142352044582367,-0.04116209,0.8143842334708344
EMC6,-0.031676411628723145,0.4332520968908688,0.3468362092971802,0.063898705,0.7153549746381469
NRBP1,-0.031684279441833496,0.6366282673768199,0.47392332553863525,0.19769502,0.2549606308153455
SNRPA1,-0.03168678283691406,0.32850094103569516,0.24888946115970612,-0.012291376,0.9441309897343898
HDGF,-0.03169810771942139,1.048062917364059,0.795952558517456,-0.47525984,0.003911838434576318
SUPV3L1,-0.03173339366912842,0.5957737615011158,0.48498520255088806,0.49150178,0.0027133900340588265
PCM1,-0.031791090965270996,0.4228890911125922,0.332573264837265,-0.32236314,0.05894112313470946
RABGGTA,-0.03179275989532471,0.49233531246140483,0.385012149810791,0.27241692,0.11337143528885774
ITIH3,-0.031829833984375,0.699824491705584,0.5645596385002136,-0.25639787,0.13707731570505227
UCHL1,-0.03184711933135986,1.621408381435423,1.2973567247390747,-0.5279661,0.00111531593142207
XRCC6,-0.03185701370239258,0.5448615201388386,0.4686375856399536,-0.63240725,4.587652013912048e-05
ATP2A2,-0.031896233558654785,0.48587111175979447,0.4041891396045685,0.5398024,0.0008176547190080968
SELENOH,-0.03189969062805176,0.6952551700231095,0.5688142776489258,-0.211089,0.22351329143923185
LONP1,-0.031922340393066406,0.49416232155674167,0.405629962682724,-0.0068318564,0.9689298599834871
RPL4,-0.03198647499084473,0.5286121796167136,0.41856148838996887,0.15714647,0.36729781637467845
ARMC1,-0.03201448917388916,0.48360615900785886,0.3679560720920563,-0.50527835,0.0019615546673742235
DEF6,-0.03209030628204346,0.5317109576474572,0.4241603910923004,0.17145927,0.32469959706223556
ARMCX3,-0.032152771949768066,0.4514571439864977,0.3384142220020294,0.22840135,0.18693852918814982
CRTC2,-0.03216278553009033,0.49078648090459315,0.41336721181869507,0.049771436,0.7764609646002228
CHMP3,-0.03216707706451416,0.4890780394647813,0.38766247034072876,0.43901697,0.008329974300875741
PAK4,-0.032195091247558594,0.5904000292820651,0.44586944580078125,0.3622444,0.03247916264145414
CDCA7L,-0.03220033645629883,0.40106360470436997,0.35065117478370667,-0.23297799,0.1780189777979544
FHL1,-0.032257080078125,0.9032809192212774,0.7672691941261292,-0.52570915,0.001181828217375882
PLCB3,-0.0322643518447876,0.5643240441165981,0.4596899747848511,-0.17306054,0.3201330757100427
SLC16A1,-0.03230714797973633,0.6499692909615925,0.5345048308372498,-0.16558196,0.3418056456757831
GAPDH,-0.03244316577911377,0.9827825290009686,0.755229651927948,0.10752976,0.5386616539110027
ARHGAP4,-0.032456398010253906,0.42558429257275004,0.3147406280040741,0.023732312,0.8923572445599761
PRPF4,-0.03247678279876709,0.4169856479676947,0.32062187790870667,0.4067632,0.01531088707277883
NUDT16L1,-0.03248929977416992,0.6036259078214308,0.5034575462341309,0.6313521,4.7657616971165795e-05
GCA,-0.03254365921020508,0.8256106082144168,0.6592692136764526,0.29876742,0.0812622630385633
RPS8,-0.03254401683807373,0.5757898130776491,0.4528762400150299,-0.016612833,0.9245370861527791
RAB9A,-0.03254437446594238,0.6784851357259172,0.5123999714851379,-0.3050147,0.07480035229038462
HGFAC,-0.032673001289367676,0.6370500977876207,0.5095202922821045,-0.11713317,0.5027845907376949
AP1S2,-0.03271353244781494,0.4115897061473187,0.29241570830345154,0.12657155,0.46873770708674395
SPTY2D1,-0.0327301025390625,0.4689764747291006,0.3615930378437042,-0.32809564,0.05433074951992326
PTTG1IP,-0.03277885913848877,0.7917823748773475,0.6156046986579895,-0.24257183,0.1603106864742909
ADAM9,-0.03280210494995117,0.9868154398343858,0.8072526454925537,0.54411906,0.0007280435221118685
LARP7,-0.0328139066696167,0.3108556759583769,0.2504934072494507,0.18682718,0.2825355966057837
SF3A1,-0.03282153606414795,0.34756696819046184,0.2625539302825928,-0.31803417,0.06262367556576486
LYRM2,-0.03286337852478027,0.30490358955119506,0.2529003620147705,-0.17179029,0.3237525326566695
TRMT61A,-0.032865166664123535,0.4356574700731586,0.3577413260936737,-0.21185255,0.221804208397523
TRAPPC8,-0.032871365547180176,0.4374687149578663,0.3362104296684265,0.06661563,0.7037872023953907
ARMC8,-0.032882094383239746,0.2957635830309894,0.23727384209632874,0.13459055,0.44079713377347957
TMEM109,-0.032883405685424805,1.003092929885982,0.8263240456581116,0.16209482,0.35220979768643434
ALDH4A1,-0.03289008140563965,0.6863090212860334,0.5385635495185852,0.1097734,0.5301714458646022
BRK1,-0.03289222717285156,0.42703679653101184,0.3200613856315613,-0.20785567,0.23085012882050304
PSMG1,-0.032903194427490234,0.8262523855385558,0.6229522228240967,-0.250867,0.1460541349323805
ANTXR1,-0.03292703628540039,0.7350393901701977,0.6215043663978577,0.048769817,0.780848678460662
UBE2T,-0.03293943405151367,1.093704876650119,0.9216539859771729,0.2248241,0.19412604100231212
EDIL3,-0.03295183181762695,0.7443009651834877,0.5095368027687073,0.011558279,0.947458619707669
DYNLRB1,-0.032955169677734375,0.7016171499941684,0.5503033399581909,0.40867242,0.01479212341842589
ADRM1,-0.032976508140563965,0.5737120020714898,0.380485475063324,0.39286757,0.019565694104152716
RAB23,-0.03298187255859375,0.6889383269032248,0.5222617983818054,-0.3373472,0.047499717069541064
CDS2,-0.0329967737197876,0.5345594322092477,0.42905354499816895,0.16699877,0.3376326307423566
RPUSD2,-0.0329974889755249,0.3295744150577144,0.2557813823223114,-0.3008438,0.07906832351759673
GULP1,-0.032999515533447266,0.46324842442853426,0.3292255103588104,-0.06296779,0.7193330369046309
PGRMC1,-0.033013105392456055,0.4362742248137859,0.3536108732223511,0.19638065,0.25819717552664834
PLRG1,-0.033060669898986816,0.4555441798832223,0.35359692573547363,-0.17585534,0.31225888874012303
TNKS1BP1,-0.03306543827056885,0.6709543840605231,0.5712619423866272,-0.037741248,0.8295738631277546
MAP7D3,-0.03314661979675293,0.4871759798940256,0.41445308923721313,-0.20900543,0.22822266914382508
MAN2B1,-0.033179640769958496,0.7254788100173427,0.5770196318626404,0.24411075,0.1575929180648454
SET,-0.03319144248962402,0.5503925277427992,0.4240155518054962,-0.18273646,0.29339620590209137
PUS7,-0.03322148323059082,0.7327888484952773,0.565499484539032,-0.14546925,0.40439313653630327
SKIV2L,-0.03323793411254883,0.5012352407570391,0.3621981739997864,0.1738843,0.31779954113486775
TACO1,-0.0332489013671875,0.4498406127947494,0.34678035974502563,-0.082141265,0.6389982241341361
PTGR1,-0.03327929973602295,0.9743581077183152,0.7729214429855347,-0.1609713,0.3556023009005103
UBP1,-0.03328216075897217,0.3604697883832417,0.2863234281539917,-0.06294627,0.7194248185525993
CBX2,-0.033301711082458496,0.6290152792871495,0.4647344946861267,-0.08865238,0.6125575932295018
SYF2,-0.03331458568572998,0.5853543240440989,0.4702308177947998,0.34801325,0.04049759154055079
POGLUT3,-0.0333479642868042,0.7314590025003911,0.5624502897262573,-0.015260018,0.9306671397093117
PRDX5,-0.03338027000427246,0.6821935209392157,0.5305269360542297,-0.06733667,0.7007278010170803
EIF4E2,-0.03338170051574707,0.5444188411065263,0.4299158751964569,-0.47486177,0.003946200438738394
LCN2,-0.033393025398254395,0.9265425244087067,0.7044285535812378,0.0635194,0.7169750666878807
RPS3A,-0.033426642417907715,0.5308164341999857,0.3850688934326172,-0.20214748,0.24419757789461563
KRT7,-0.03347432613372803,3.7485573854789798,3.294868230819702,-0.047461495,0.7865900906033737
PYCR3,-0.033499717712402344,0.5861668964201507,0.46418267488479614,-0.18345384,0.29147252671972484
AKAP1,-0.033510804176330566,0.5093630666446592,0.3621911406517029,0.24035984,0.16427627862536967
FBXL20,-0.0335160493850708,0.5937557973076739,0.4505985677242279,0.14451449,0.4075175734754693
UFC1,-0.03352773189544678,0.8455404076623646,0.6517375111579895,-0.25292778,0.14266059390221955
OCRL,-0.033536553382873535,0.3292190500519648,0.26166054606437683,-0.2860986,0.09568457384233994
TMEM123,-0.033544063568115234,0.912639423065682,0.7539044618606567,-0.63214964,4.630559109511851e-05
PSMC1,-0.03355693817138672,0.5226042363810086,0.3479484021663666,0.0004695393,0.9978639913332799
SEPTIN2,-0.033566832542419434,0.7655329356991155,0.4970891773700714,0.07365832,0.6741094421062035
LAD1,-0.033619046211242676,1.009349980944768,0.8441831469535828,0.32328746,0.058177473081491245
CCDC90B,-0.03363454341888428,0.5668574410592739,0.4528963267803192,-0.19981,0.24980939006839917
ZW10,-0.03366744518280029,0.35628470368924275,0.264493465423584,-0.1648234,0.34405267359030073
PXN,-0.03373146057128906,1.007236819005159,0.8345491886138916,-0.44123146,0.00797201483388302
WASF2,-0.03374016284942627,0.5746765647208723,0.4077500104904175,-0.27713728,0.10701172156556181
URB2,-0.03374195098876953,0.30816173493111587,0.24796923995018005,-0.029819647,0.8649740539767534
PRPF19,-0.033742666244506836,0.35429860443736183,0.25168633460998535,0.25093862,0.14593517551440555
KRT5,-0.03375244140625,2.383254913782792,1.4744402170181274,0.29320076,0.08737680224846964
STAMBPL1,-0.03382694721221924,0.4520738181711098,0.3465825617313385,-0.044537906,0.7994596337934821
ATP6V1C1,-0.03387022018432617,0.35222831831400625,0.25561410188674927,0.16775122,0.3354291362079814
MACROH2A2,-0.033897995948791504,0.8647844854240643,0.7045228481292725,0.36505336,0.031061169284207366
MRPS14,-0.03390157222747803,0.5342522385335676,0.3950224816799164,-0.48138705,0.003414642795415129
TAP1,-0.03396439552307129,0.9263975771817955,0.764154314994812,-0.4459632,0.007250969089613411
ADGRL2,-0.033992648124694824,0.6256238922886755,0.5255639553070068,0.33027673,0.05265390686931327
CGAS,-0.03399479389190674,0.3917290534728852,0.32380467653274536,-0.13019149,0.45601063698935435
C19orf53,-0.03399670124053955,0.5181691088612255,0.37459275126457214,-0.0063822083,0.9709739274901872
SPDL1,-0.034009456634521484,0.4873241963428001,0.38909682631492615,0.1391989,0.425161918085814
ATP1A3,-0.034090280532836914,0.6394892137675146,0.48193371295928955,-0.014793482,0.9327816366973758
AUH,-0.0341113805770874,0.6625125973781351,0.5254755616188049,0.4259001,0.010743456380656326
ZNF384,-0.03411865234375,0.6224155156895322,0.49736863374710083,0.30120775,0.07868855077164852
BICD2,-0.03413259983062744,0.5131913755282379,0.39653071761131287,-0.30954215,0.07037291793053356
FAM120A,-0.03414273262023926,0.47402231776636106,0.36043310165405273,0.32624826,0.055784049268805785
ARIH2,-0.03421914577484131,0.3405107551562211,0.2496168613433838,0.114371054,0.5129784363608926
MYO5A,-0.03427112102508545,0.5254297915469849,0.42796602845191956,-0.1035104,0.5540321318452938
NAE1,-0.03427731990814209,0.7097023515310537,0.5240649580955505,0.30736282,0.07247784457686722
DENND4C,-0.03429722785949707,0.5281260304187,0.35462868213653564,-0.012054607,0.9452060128198577
EEF1B2,-0.03433120250701904,0.7837485224270315,0.5574573278427124,0.14270064,0.41349083200769937
MEA1,-0.03436100482940674,0.5743395619880278,0.4736407697200775,0.14227992,0.41488370487172094
HNRNPD,-0.034389615058898926,0.5434113215085266,0.4317742884159088,-0.3983885,0.017770314965312495
HSPA8,-0.034400224685668945,0.5415870045501643,0.4238731563091278,0.32299012,0.05842223385957798
MRPS18A,-0.03442513942718506,0.44858665776932777,0.3447206914424896,-0.34070706,0.045196571347793514
PSMG3,-0.034501075744628906,0.7974313028338289,0.6033343076705933,0.25686345,0.13634053117559966
VPS35,-0.03455400466918945,0.6732691339733656,0.466272234916687,0.23291025,0.17814869781067286
SEC23IP,-0.034609317779541016,0.474496239258361,0.37458813190460205,0.0831119,0.6350278339698207
NECAP2,-0.03460979461669922,0.8120838346589057,0.592540979385376,-0.036751993,0.8339783720466204
NDUFAF7,-0.03465890884399414,0.5008716436206536,0.39840102195739746,-0.32103202,0.06005471830752435
MACF1,-0.034687042236328125,0.6800498873278402,0.5494813919067383,0.113379955,0.5166611150025491
UQCC1,-0.03469991683959961,0.5214356246049432,0.4173998534679413,0.54427236,0.0007250276724348005
PRPF3,-0.034762024879455566,0.3589655367917575,0.2745755910873413,-0.2972255,0.08292179332353126
SBDS,-0.03477025032043457,0.5675459609136558,0.38638073205947876,-0.087943,0.6154159675664086
ZNF598,-0.034798622131347656,0.6755837609464727,0.4965396821498871,0.14819844,0.3955371794024703
COL12A1,-0.03480696678161621,0.9132201723375448,0.6376090049743652,0.31564835,0.0647294544872192
TMEM192,-0.03488564491271973,0.6265502062802002,0.521581768989563,-0.110156685,0.5287276621397224
BIRC5,-0.03496289253234863,0.39980867474258447,0.3201620578765869,0.14647292,0.4011231490527282
TRIM24,-0.03498554229736328,0.7529964194801586,0.6120843887329102,-0.6726726,9.574700046554793e-06
UBLCP1,-0.03499794006347656,0.6322259892934534,0.48623958230018616,-0.00070132315,0.9968098194035335
AXL,-0.03505063056945801,1.0372709159259301,0.8625790476799011,-0.13387261,0.44326068744845953
NSMCE2,-0.03507590293884277,0.48805574932063184,0.38149967789649963,0.06971052,0.6906892946715715
WDR12,-0.035109519958496094,0.3831602580040775,0.3214132487773895,-0.18228628,0.29460735840004254
LUC7L3,-0.035153865814208984,0.6195928564624613,0.49109524488449097,0.053542998,0.7600008746655849
SF3A3,-0.035154104232788086,0.4228312287055838,0.3314673900604248,-0.119685106,0.4934580215374128
PSAP,-0.03516101837158203,0.9973465166108827,0.8089399337768555,0.46952936,0.004432354333001226
CARD19,-0.0351637601852417,0.6299815728883494,0.5234222412109375,0.32732582,0.05493267246656639
RPS27,-0.03524339199066162,0.4728898661185288,0.3618987500667572,0.19455999,0.2627247662602713
MELTF,-0.03524649143218994,0.963348929571554,0.7731876969337463,0.40207818,0.016648901222984708
SEC24C,-0.03525495529174805,0.4822700045220081,0.3588125705718994,0.15212746,0.3829866639933473
CAST,-0.03526914119720459,1.0158882973571526,0.8363819122314453,-0.59659755,0.0001552063433973234
PYGB,-0.035280823707580566,0.5339130524203926,0.4097873270511627,0.41734403,0.01261792219171004
UBAP2L,-0.03531241416931152,0.841872988488188,0.6005532145500183,-0.34232667,0.044118875507947804
ARHGAP1,-0.03536343574523926,0.6095991456003284,0.5015875101089478,-0.11075801,0.5264659217419767
DNAJC11,-0.03537595272064209,0.38615237289227167,0.29917383193969727,-0.32580745,0.05613536765146123
UBE2Q1,-0.0353853702545166,0.44808227412525653,0.35274139046669006,-0.14609763,0.4023439284963004
MCM3AP,-0.03542888164520264,0.5742468794595499,0.43669140338897705,-0.22449516,0.19479645051981764
JAK1,-0.035439133644104004,0.5603190899624697,0.3848648965358734,0.16025305,0.35778124574155573
HIBCH,-0.03545200824737549,0.6061087148755767,0.4751027822494507,-0.084307514,0.6301505104193617
PSMC3,-0.035495877265930176,0.5470495218005547,0.36967554688453674,-0.43933886,0.008277092513727359
MIPEP,-0.035509467124938965,0.5972797229966672,0.509719729423523,0.36126745,0.032984524740039226
ATP6V0A2,-0.035515785217285156,0.43407392977008247,0.34969407320022583,-0.26038107,0.13086839433203962
ANAPC5,-0.03557133674621582,0.38373147857652745,0.2958817481994629,0.19516289,0.2612197988452676
TMED9,-0.035590410232543945,0.7210630433063258,0.5974270701408386,-0.108474046,0.5350805579690264
CTSZ,-0.03559136390686035,1.1453611210056378,0.9781574606895447,-0.56295335,0.0004306017756653249
DDX17,-0.035643577575683594,0.5535191064050742,0.4495849013328552,-0.76917547,6.722615967493682e-08
UBE2D3,-0.03572714328765869,0.2500334210706219,0.2090941220521927,0.06936151,0.6921621523632339
MRPS10,-0.03575778007507324,0.5495449285944269,0.3971799612045288,0.11369463,0.5154903154486202
MTA3,-0.03575873374938965,0.5170003581221058,0.4104609191417694,0.4460519,0.0072380049337187
MED10,-0.035774827003479004,0.4033117778327656,0.3179643452167511,-0.13710815,0.43221693507475084
TCF12,-0.035796403884887695,0.64893023602038,0.4859663248062134,-0.24119236,0.16277554638764896
EIF5A,-0.03581809997558594,0.6503192301103594,0.47361716628074646,0.35041606,0.039041547312843206
MBLAC2,-0.035839080810546875,0.4508589117364746,0.33281663060188293,0.22079511,0.20245014905102293
SLC38A10,-0.03584301471710205,0.5996534598481079,0.47697171568870544,0.22754271,0.18864620055133452
MTX3,-0.03590691089630127,0.3699601980336287,0.27451908588409424,-0.047465377,0.7865733340116136
UAP1L1,-0.036025404930114746,0.5137125151479968,0.4342592656612396,0.11668572,0.5044287946366458
COL6A2,-0.03602921962738037,0.7254962686039186,0.5687737464904785,0.046565033,0.7905304881812748
TRMT10C,-0.03610038757324219,0.4191031525455761,0.3444201946258545,-0.17757104,0.3074860578543083
TK1,-0.0361328125,0.7028463447261367,0.5722810626029968,-0.07584096,0.6650069199971435
XRN1,-0.03613543510437012,0.30767861615779923,0.22387224435806274,-0.056552786,0.7469388516383445
NFKB1,-0.03614389896392822,0.5116783009623976,0.4087966978549957,0.0004853052,0.9977924116254988
TGOLN2,-0.03617370128631592,0.7967127840574727,0.6016025543212891,0.5463412,0.0006853980597950585
ARRB1,-0.0361865758895874,0.5734839376413567,0.4695729911327362,-0.021803541,0.901060938078136
NDC80,-0.036196112632751465,0.4825260652162643,0.3497389256954193,0.32843995,0.0540632746921396
USP5,-0.036209821701049805,0.9518105244732199,0.7206799387931824,-0.1301696,0.4560867767071131
DBI,-0.036234378814697266,1.0735220574581228,0.854721188545227,-0.25714007,0.13590429421030134
PPHLN1,-0.036265015602111816,0.5128560422814564,0.41032081842422485,0.28757757,0.09390660940551
ANP32B,-0.03629183769226074,0.8013104434729699,0.619922935962677,0.519001,0.0014005944298776378
RPS2,-0.036298155784606934,0.685902755830598,0.5052180886268616,-0.3364712,0.04811547226413012
WASHC3,-0.03634297847747803,0.6737731247721576,0.5347241759300232,-0.2634562,0.1262191971911886
DHODH,-0.03636765480041504,0.7157362072755237,0.560333788394928,-0.10599237,0.5445168156234358
DDX46,-0.03653717041015625,0.4952894885376653,0.40498030185699463,0.31230587,0.06777271334070784
APOE,-0.03653919696807861,0.7013332850591597,0.51099693775177,0.16180159,0.3530933777084081
RAB5B,-0.0365985631942749,0.8648482724892517,0.6204833984375,0.5012103,0.002161810650878796
RPS17,-0.03663229942321777,0.5168012438623323,0.3560878336429596,0.24167863,0.16190361982579915
SRRM2,-0.03664565086364746,0.44309080282487984,0.32757633924484253,-0.1223312,0.4838814356402367
MYG1,-0.0366898775100708,0.8724702642013585,0.6540951728820801,-0.45987022,0.005445511620574458
NOL7,-0.0366973876953125,0.4591146406006701,0.34863555431365967,-0.21483262,0.21521910119148518
TOMM5,-0.036701202392578125,0.35754690432797415,0.29308727383613586,-0.24890867,0.14933328859446132
MEMO1,-0.036722660064697266,0.4937078971053863,0.3864634931087494,0.27752087,0.10650697190857121
RNF113A,-0.036776065826416016,0.4609327154396145,0.3592682480812073,0.0966524,0.5807203951605966
VAMP3,-0.03678584098815918,0.694919260673044,0.5628755688667297,0.74107647,3.553674653569577e-07
ECHDC1,-0.0368044376373291,0.594485956138429,0.484934002161026,0.10420714,0.5513529856709423
OGA,-0.03687465190887451,0.6491926690657249,0.4884898066520691,0.11716342,0.5026734100477627
DCUN1D5,-0.03687596321105957,0.6105896020193238,0.49879613518714905,-0.2787696,0.10487640603833716
RRS1,-0.03692913055419922,0.6529882068752084,0.5450650453567505,0.4480925,0.006945153152422272
STOM,-0.03696250915527344,1.194038759628019,1.031530499458313,0.3945588,0.019000347091586604
ASPH,-0.037058115005493164,1.5167109737980902,1.2799752950668335,0.8609383,3.263528960544054e-11
RTCA,-0.03710126876831055,0.7453293404585946,0.5640314221382141,-0.35339424,0.03729595063427584
SHC1,-0.037117719650268555,0.6078383805518933,0.47392240166664124,0.509305,0.0017795158998902116
SFPQ,-0.03712880611419678,0.4063366100714019,0.2834146320819855,-0.5634826,0.00042410178752355063
TRIM2,-0.03713250160217285,0.4061050890183089,0.3187738358974457,0.18117617,0.2976078207521415
SAP30BP,-0.03718292713165283,0.48600928644150165,0.39032429456710815,0.11834346,0.49835010185427686
VPS33B,-0.037187933921813965,0.4334433354849212,0.3410482704639435,0.042860556,0.8068671732044408
FADS1,-0.03721129894256592,0.5413866113841314,0.38710108399391174,0.19410984,0.2638525216504039
AARS1,-0.037240028381347656,0.8328713129687065,0.5562132596969604,-0.31076276,0.06921510399472364
ARL8B,-0.03724551200866699,0.7873190702252179,0.6387302875518799,0.5840846,0.00022982907110044408
TACC1,-0.03725326061248779,0.7890909019872939,0.6706364154815674,0.25084987,0.14608264819459363
ELMO1,-0.03727877140045166,0.4286909511486754,0.35149335861206055,0.5670031,0.00038303588777070953
RANGAP1,-0.03730177879333496,0.4844110537000971,0.3851587474346161,0.4981312,0.0023250369479973876
EXOC6B,-0.0373382568359375,0.3827287426619967,0.2988924980163574,-0.430092,0.009914873782935913
PPP1R12A,-0.03734111785888672,0.6395219983648673,0.47135844826698303,0.17058809,0.3272010182980775
WDR26,-0.03737843036651611,0.4013971285082466,0.33541324734687805,0.030532558,0.8617762008547534
COPZ1,-0.03741323947906494,0.703020003214625,0.4994734227657318,-0.14962895,0.3909405032712092
CTBP2,-0.03741943836212158,0.5187515775817415,0.4388634264469147,-0.28562993,0.09625322639997126
CYB5R1,-0.0374295711517334,0.6633492847142899,0.5096243619918823,0.13276201,0.447086941582774
TMED1,-0.03745710849761963,0.6345027907620523,0.5375336408615112,-0.45827135,0.005631114018374468
MAP1B,-0.03746366500854492,1.6174100271256382,1.3721835613250732,-0.5962573,0.00015690564556115183
USO1,-0.03748476505279541,0.5845796237029387,0.44362857937812805,0.47241092,0.004163587209031162
MAGEA4,-0.03750312328338623,1.086579441819467,0.7880873084068298,0.25936675,0.13242940189506647
ZC3HAV1,-0.037535667419433594,0.6341325625482441,0.4908352494239807,0.06746871,0.7001679077500016
DDX10,-0.037593722343444824,0.4596603934298184,0.3750532567501068,-0.18081973,0.2985753580633805
CCDC51,-0.03761732578277588,0.6244697705840704,0.4904746413230896,-0.3058069,0.07401043922336918
EPS8L2,-0.03764152526855469,1.0328195361014585,0.8844220042228699,-0.19339104,0.2656592792577669
MRPL14,-0.03764200210571289,0.4852931181260728,0.38613995909690857,0.18962778,0.2752522270387733
WASL,-0.03774857521057129,0.6644963586232436,0.4929649829864502,-0.0026822165,0.9877993238397275
NR2C2AP,-0.03775346279144287,0.5215490922524444,0.36177170276641846,-0.24443331,0.15702746256185077
RCC1,-0.03776049613952637,0.6030730318993509,0.4336489140987396,0.3263943,0.05566805732808619
MAP1S,-0.03776276111602783,0.6759245174887782,0.5207223892211914,0.099673435,0.5688933808644038
UFD1,-0.03783011436462402,0.6388169570064219,0.4701201319694519,-0.31924725,0.06157392052722637
PAK1,-0.03783071041107178,0.7093388535621188,0.5662721991539001,-0.07561987,0.6659270393193876
CCT4,-0.03787267208099365,0.8193357192574575,0.5968721508979797,-0.20234181,0.2437349038558825
SLC25A5,-0.037897348403930664,0.4449973078442694,0.3700220584869385,-0.11497049,0.5107576353819469
HSD17B4,-0.037954092025756836,0.6628747527920332,0.5726105570793152,0.39391094,0.0192152992237681
HPDL,-0.037964701652526855,0.7597544063730298,0.615176260471344,0.09197078,0.5992620461178089
RAB18,-0.03799319267272949,0.9446670598662138,0.7127549052238464,0.34930864,0.03970728802502208
GMEB1,-0.03803408145904541,0.35063886110171416,0.27737563848495483,0.39217207,0.019802206807730753
STRN,-0.03803825378417969,0.3369870093060449,0.24591024219989777,-0.017421685,0.9208742512378865
BAD,-0.038045287132263184,0.6025107205493713,0.4148575961589813,0.09716571,0.5787030781592056
NFKB2,-0.03806614875793457,0.5685163982344686,0.42121267318725586,0.14791764,0.3964433030884313
RGS19,-0.038068175315856934,0.6016317550625515,0.5157931447029114,0.17379864,0.3180415163961711
DNAJC1,-0.03809309005737305,0.8406002806818927,0.6706011891365051,-0.28665066,0.09501795483319214
VASP,-0.03815042972564697,0.653152444253749,0.5549428462982178,0.10667324,0.5419198841915961
PABPN1,-0.0381697416305542,0.4345175035943553,0.3355046808719635,-0.023724634,0.8923916483495437
HSP90AB1,-0.038259267807006836,0.9275738065200274,0.6790358424186707,-0.4791792,0.0035870834158962146
PXDN,-0.038297176361083984,0.6651191607173973,0.5184087753295898,-0.08310516,0.6350551079875125
DNPEP,-0.0383220911026001,0.5300160832034106,0.42116332054138184,0.24059948,0.16384313688579133
FAH,-0.03838789463043213,0.7792087208691637,0.6627762913703918,-0.18691704,0.28229992245321356
DDX23,-0.03840780258178711,0.4189069503613273,0.3359682559967041,-0.19717604,0.25623546336606196
SDHA,-0.03843796253204346,0.5245238745031368,0.42211851477622986,0.41379386,0.013473011316468825
AKT1S1,-0.03858506679534912,0.6624344559401693,0.5352923274040222,0.29864082,0.08139753889068164
NMT1,-0.03869187831878662,0.8017931987280831,0.5556255578994751,-0.21149841,0.22259586391169384
KIDINS220,-0.03872942924499512,0.5174565874309817,0.40428563952445984,-0.1010652,0.5634819012194504
MRPS18C,-0.038756608963012695,0.3695211316390836,0.3010469675064087,0.07884893,0.6525390743948812
FMNL2,-0.0388031005859375,0.5002891181471472,0.39490774273872375,0.46272242,0.005127462002276702
PYM1,-0.03883087635040283,0.5902254751507703,0.46577349305152893,0.096797794,0.5801485188845391
ADGRE5,-0.03884625434875488,1.1362995016899786,0.9239750504493713,0.07655515,0.6620385482928721
ANXA5,-0.03884685039520264,1.0752241388903707,0.8020291328430176,-0.60087925,0.00013518748800869407
PPP1R9B,-0.03885841369628906,0.5825632211651864,0.4731602370738983,0.17242187,0.32194948840789495
PHF5A,-0.03892850875854492,0.33425027178779687,0.2517937123775482,-0.18277095,0.29330332030390655
SELENOF,-0.03895080089569092,0.6235867974054548,0.4999489486217499,-0.21484289,0.21519668199488537
TTC17,-0.03898787498474121,0.4156122535529297,0.3408718705177307,0.12656419,0.46876388291288945
HNRNPU,-0.03899741172790527,0.40508067131161823,0.29355257749557495,-0.36277786,0.032205882749318626
CKMT1A,-0.03907895088195801,1.3695688924713794,1.191620945930481,-0.16543485,0.3422407185976241
TLN2,-0.03909587860107422,0.5275015135829236,0.42166340351104736,-0.2866904,0.0949700140184284
CSNK2A2,-0.03913462162017822,0.3827319547035887,0.30783310532569885,-0.124401614,0.47645587978554527
TCERG1,-0.03913688659667969,0.45035890929090794,0.3559073209762573,-0.37875137,0.024853328682550434
CCT6A,-0.03914523124694824,0.8064818145111184,0.6048505306243896,-0.4283059,0.010261035618892075
NUSAP1,-0.03921175003051758,0.5996921991558744,0.48574960231781006,-0.053528998,0.760061559801251
OAS3,-0.03932619094848633,0.8209521751413561,0.6348607540130615,-0.35605732,0.03578924222704396
EIF2S2,-0.039354681968688965,0.5281874512534841,0.3896947205066681,-0.16486561,0.3439274264291541
VTN,-0.03935658931732178,1.2652555326722597,1.0141019821166992,-0.5548159,0.0005423471080223181
AP1S1,-0.03943514823913574,0.644810540924986,0.48045212030410767,-0.46224692,0.005179348758154602
MAP2K4,-0.03946816921234131,0.48346162633484796,0.3841553330421448,0.010187589,0.9536822375505835
OXCT1,-0.0394892692565918,0.9191807963051021,0.7419538497924805,-0.19385992,0.26447972748872606
XIAP,-0.039496541023254395,0.4443498043369787,0.3359881639480591,0.22369848,0.196427061312288
PLEKHG3,-0.03956806659698486,0.326224853872915,0.2788398563861847,-0.39347023,0.019362629007572792
SMAP2,-0.03957390785217285,0.5603628354884878,0.42493632435798645,-0.37316808,0.027246965703355427
RING1,-0.039592742919921875,0.6330165534047149,0.4994506239891052,0.67004114,1.0684086266995612e-05
NPC2,-0.03959310054779053,0.986499431577075,0.8210182785987854,0.2240529,0.195700494323672
SH3BGRL3,-0.03965151309967041,0.7908372465974108,0.5951172113418579,-0.0042637372,0.9806063636465916
WFS1,-0.03966987133026123,0.9868114533599729,0.8258010745048523,0.3060018,0.07381708167214293
RAB8B,-0.03967416286468506,0.6254795618811898,0.4771548807621002,-0.075961374,0.6645061407603059
MRTFB,-0.039674997329711914,0.4822165480818001,0.3729812800884247,0.024172531,0.890372367589767
ATP7A,-0.039777398109436035,0.758480917713828,0.6079613566398621,0.08555718,0.6250692878382049
RARS2,-0.03980135917663574,0.5963145635745274,0.5173470973968506,0.3531736,0.037423070646678026
RPL21,-0.0398101806640625,0.47517858523629264,0.3701392412185669,0.16768074,0.33563507640352297
MRPL10,-0.03982949256896973,0.5200197604899729,0.41905415058135986,0.06704214,0.7019770020973264
DNAJC8,-0.039955973625183105,0.8007850460799887,0.6265037655830383,0.04383128,0.802578313246574
HNRNPA0,-0.03997600078582764,0.45099889238204616,0.34823620319366455,-0.11096686,0.5256815810606688
RAB3D,-0.039980411529541016,0.3681357496793726,0.2655755281448364,0.44258025,0.007760505709676286
PSME2,-0.04001903533935547,0.7583194099098242,0.6303151249885559,-0.04742633,0.7867445698726102
HSPA4,-0.04006850719451904,0.693494477340117,0.4967074394226074,0.15913182,0.3611989100131058
UGDH,-0.0400700569152832,1.580216409976497,1.2400836944580078,-0.1645151,0.34496845682168037
ACAP2,-0.04009604454040527,0.3744143442740895,0.32550179958343506,-0.23156941,0.18073135167522594
FAM83B,-0.04015171527862549,0.529088165688128,0.41066113114356995,0.45248,0.006349681475661267
LRSAM1,-0.04022371768951416,0.43194141523165125,0.34160515666007996,-0.42504197,0.010920134458266045
RUFY3,-0.04026448726654053,0.8194273032714249,0.6405901312828064,-0.14410645,0.4088571140927849
HNRNPL,-0.04028201103210449,0.38843642344367807,0.28070759773254395,0.13232225,0.4486064430616394
DMAC2L,-0.040282249450683594,0.4506234803617253,0.3682813346385956,0.055981226,0.7494138196775421
ANTXR2,-0.04031050205230713,0.5378678393887975,0.4100426137447357,0.29138687,0.08944381223863253
EZH2,-0.04037821292877197,0.6012116437006524,0.4827346205711365,0.17876118,0.30420226444583953
MTA2,-0.04044449329376221,0.5617993017172624,0.43393734097480774,-0.3041885,0.07563124302295675
NUP214,-0.04052889347076416,0.29228057143990016,0.21911469101905823,-0.08374059,0.6324613272499892
SDHB,-0.04053997993469238,0.4502519253367128,0.38385847210884094,-0.29124686,0.08960484042649981
SHTN1,-0.04055213928222656,0.872541516034962,0.6785253286361694,0.11369893,0.5154743590827605
MBD1,-0.04062628746032715,0.46181098158794925,0.34681984782218933,-0.1492475,0.39216324744014824
ADI1,-0.040641069412231445,0.6216047332285825,0.5121392607688904,0.13143381,0.45168568768084094
INTS9,-0.04079174995422363,0.4941001694595009,0.3516252934932709,-0.08741568,0.6175440301229849
RAD18,-0.04083442687988281,0.5367608621614899,0.42776086926460266,-0.023541752,0.8932163218392056
BTAF1,-0.040842294692993164,0.38003715380560743,0.2920251786708832,0.4817714,0.003385363494294843
CTBP1,-0.04091322422027588,0.7977643753281953,0.6326201558113098,-0.038133893,0.8278275837663879
POLR3C,-0.040923237800598145,0.4784907120428049,0.3666694164276123,0.083078906,0.6351627475600669
ISG20L2,-0.04095804691314697,0.5403916103237688,0.4333443343639374,0.3002664,0.07967379974775388
STXBP2,-0.041022419929504395,0.6671210593167404,0.539910078048706,0.3756478,0.02616148190495512
MYCBP2,-0.04104936122894287,0.37626325897604584,0.31635233759880066,-0.4300049,0.009931529370100924
EIF3D,-0.0410994291305542,0.6340207233456645,0.44967982172966003,-0.025274483,0.8854068920696522
NDRG1,-0.04110860824584961,0.770979588182748,0.6433274149894714,-0.53755516,0.0008680533788222629
VRK1,-0.041137099266052246,0.6964110793198106,0.5260034203529358,0.18300568,0.2926731568272418
KRT19,-0.04115438461303711,3.4462518427874675,3.0551400184631348,0.3911754,0.020145310566362165
SGTB,-0.04122006893157959,0.40777492423160633,0.32412973046302795,-0.09995806,0.5677845949731426
RBM22,-0.04127240180969238,0.3096774785203542,0.22787603735923767,0.117700666,0.5007026727006367
REXO2,-0.04128265380859375,0.5922680480448556,0.44077110290527344,0.078114875,0.6555734285693791
YWHAQ,-0.041313767433166504,1.0812762549415516,0.8779942393302917,0.67092955,1.0297107524608195e-05
BCAP31,-0.04133868217468262,0.7614256466078582,0.6474153399467468,-0.13664626,0.4337839112203126
CACNA2D1,-0.04134047031402588,0.9760905536851474,0.7579201459884644,-0.561768,0.00044548381163566584
TRAFD1,-0.04139721393585205,0.41983487314679113,0.3495236039161682,-0.3230924,0.05833793801841177
PTPRC,-0.04144930839538574,0.6562292004876747,0.5514150261878967,-0.5667511,0.00038585188545805084
C2orf49,-0.041504621505737305,0.45904292281067444,0.36617687344551086,-0.2807456,0.10233484885333716
TPD52,-0.04168832302093506,1.2429756687050872,1.0074900388717651,-0.4011216,0.016933776614289905
CCDC47,-0.04169344902038574,0.40581538721088894,0.3121453523635864,-0.11060115,0.5270554472992312
IRF2BPL,-0.041726112365722656,0.6017659078744991,0.5011616945266724,-0.031973787,0.8553187021004532
RAB3GAP2,-0.041738271713256836,0.5633003845351003,0.4501101076602936,0.2979068,0.08218537262310761
GCSH,-0.04186081886291504,0.7068641633772328,0.5909667611122131,0.118649416,0.49723250886252784
UBE2V2,-0.04191446304321289,0.742221590564209,0.6001604199409485,-0.18098393,0.2981295246433091
UBQLN4,-0.04204249382019043,0.6898556795741199,0.5269356966018677,-0.6392726,3.568086807118706e-05
ELL,-0.0420454740524292,0.3520165372534701,0.2693500816822052,0.21924351,0.20572113934225783
NACA,-0.04205596446990967,1.1338217087414757,0.8125138878822327,-0.46568617,0.004814053176422581
ADH5,-0.04216122627258301,0.7487907993364765,0.5334379076957703,-0.34746373,0.04083670371896358
TERF2IP,-0.042185306549072266,0.7655112123596371,0.6088534593582153,-0.64364,3.031123369012174e-05
GPN1,-0.04218852519989014,0.4167195127671151,0.3514711558818817,0.2805941,0.10252805791072502
NMNAT1,-0.042195796966552734,0.5507485129725485,0.4221057891845703,-0.4266038,0.010600398096659394
CCNB2,-0.04228043556213379,0.4471066454734585,0.3831753432750702,0.09567973,0.5845513893803805
SAFB,-0.04238283634185791,0.4108541092187906,0.3124324679374695,-0.060814917,0.7285608320417442
RPS19,-0.042394399642944336,0.5335944559698615,0.3793514668941498,-0.06835777,0.696403295315539
CDCA3,-0.04240727424621582,0.4822232381861371,0.38732263445854187,0.06674926,0.7032198874860949
LMTK2,-0.04241538047790527,0.41221803434933174,0.30734413862228394,0.022090161,0.8997664757215857
CAP1,-0.04243767261505127,1.064267595553855,0.8145868182182312,-0.44189292,0.007867691131928166
POLR1D,-0.042598605155944824,0.38164699006409875,0.3074824810028076,0.022345379,0.8986143220032232
TPMT,-0.0426173210144043,0.5464299161878435,0.42760181427001953,0.09492037,0.5875501418895911
COG2,-0.04261767864227295,0.4888709360391221,0.3750220835208893,0.15599796,0.37085367227470056
FAHD2A,-0.042646050453186035,0.6385283936017675,0.5107473731040955,-0.40347254,0.016240818018088965
DNASE2,-0.04275715351104736,0.7806016138756479,0.648908793926239,-0.19178316,0.2697306900273126
ERI1,-0.04275918006896973,0.47386564843648993,0.3873899579048157,-0.38766295,0.02139411173016265
ZNF622,-0.0427778959274292,0.40605916529503483,0.2863205373287201,0.05858173,0.7381722832924082
THUMPD3,-0.04279780387878418,0.40521638767439044,0.32003894448280334,0.026118927,0.8816051038731351
RPL11,-0.042804837226867676,0.4120448636007382,0.3229151666164398,0.08012431,0.6472806745719767
RABEP2,-0.04293704032897949,0.48465131753714674,0.3325868546962738,-0.051244453,0.7700202372732354
RPL31,-0.04300057888031006,0.3903558375944164,0.31815165281295776,0.16339695,0.34830263213036894
DFFA,-0.04302024841308594,0.7844666446477768,0.6523410081863403,-0.4686108,0.004521128473935342
RRM1,-0.043082237243652344,0.8891229846941696,0.6908227205276489,-0.3963913,0.01840321482422607
CENPC,-0.0430828332901001,0.6206343529295165,0.4798617660999298,0.11723902,0.5023959501355285
PGAM1,-0.043184518814086914,0.7557346526949562,0.5273003578186035,0.082149416,0.638965023310178
EIF3I,-0.043213605880737305,0.8526525258071542,0.5981311798095703,-0.022079103,0.8998165271496391
P3H4,-0.043283820152282715,1.0365731960017346,0.8599973917007446,-0.16871414,0.3326220551521188
SREK1,-0.0433119535446167,0.6028542706546083,0.4315595328807831,0.10184826,0.5604475464976798
LMAN2,-0.04333198070526123,0.7991483088649863,0.6687630414962769,0.76684606,7.784881307341234e-08
SYK,-0.04334747791290283,0.4022704492851262,0.31625697016716003,-0.07657498,0.6619558767556908
ENY2,-0.043373703956604004,0.47333205594250866,0.38267073035240173,0.33224976,0.051172771757091694
RPL32,-0.0433955192565918,0.554056318908053,0.4198594093322754,0.13528368,0.43842538306911005
STIP1,-0.04340994358062744,0.862812933612564,0.6451836228370667,-0.23272379,0.17850623126054305
RGS10,-0.04342162609100342,0.6103827140487827,0.44776150584220886,0.03716902,0.8321212728090893
LHPP,-0.04342544078826904,0.5637283159471342,0.4103928506374359,-0.3942327,0.019108263379293562
OLA1,-0.043500423431396484,1.0033915346845048,0.769542396068573,-0.46074006,0.005346761007012019
PPP1R12C,-0.0435183048248291,0.4306269173378746,0.35104110836982727,0.5261934,0.0011672704113960654
SSR1,-0.04354393482208252,0.6391824903440111,0.5011749267578125,0.7454454,2.7821418413152546e-07
RPL9,-0.04356837272644043,0.42194881499868,0.3241207003593445,0.10376045,0.5530697822091194
ALG5,-0.04367721080780029,0.6086486742653116,0.4476739764213562,-0.26583502,0.12270772755809908
COL17A1,-0.043684959411621094,0.7911727560827021,0.6100400686264038,-0.30141434,0.07847360772302167
MRE11,-0.04377603530883789,0.5473680453471726,0.45477095246315,-0.30629203,0.07352984516450577
IL1RAP,-0.04379236698150635,0.3908667769828206,0.31749483942985535,0.22458825,0.1946065111838798
PRKRA,-0.043792724609375,0.7706014482003887,0.6060976386070251,0.2672497,0.1206543037075603
FLNC,-0.0438845157623291,1.4002524165395036,1.1623592376708984,0.4073553,0.015148395855344351
ATL2,-0.0438920259475708,0.42248067822939883,0.3260931968688965,0.34565562,0.041968614107106055
TDRKH,-0.04390549659729004,0.6196237117468436,0.5002017617225647,-0.2904315,0.09054745850751089
API5,-0.04391121864318848,0.6234899637428631,0.5068953633308411,-0.30181858,0.07805434206444857
LUC7L2,-0.04403388500213623,0.6420896580917032,0.5312712788581848,-0.07662162,0.6617623318233051
PROM2,-0.04408705234527588,0.576421858011873,0.4503515660762787,0.21857376,0.20714422365341642
FRG1,-0.044100284576416016,0.561662660008109,0.430158406496048,0.35743922,0.035027056233375466
ERH,-0.04413163661956787,0.3937127527149108,0.30098047852516174,-0.3131087,0.06703176017092762
MKI67,-0.04414653778076172,0.5930094869539877,0.4473719000816345,-0.12613554,0.47028297704599026
TJP3,-0.044161200523376465,0.46853007879666114,0.4096420705318451,0.28818277,0.09318652774048511
XPC,-0.04419577121734619,0.4988573398862216,0.3769151270389557,0.5693241,0.0003579368997344262
QKI,-0.04422879219055176,0.7356277494290033,0.6090856790542603,0.25087807,0.14603572227595635
CDK9,-0.04424560070037842,0.35775786903145484,0.28340503573417664,-0.07234295,0.6796172728783193
SPATS2,-0.04425692558288574,0.4971584848920423,0.3831230401992798,-0.33498207,0.049176805920048444
KHDRBS3,-0.04427659511566162,0.590724893226115,0.4837547838687897,0.4325879,0.00944779859772583
FUS,-0.04428696632385254,0.7172483846380978,0.5828183889389038,0.15362656,0.37826025278200576
GPX8,-0.04429614543914795,1.1397956550392165,0.9443129301071167,0.48555484,0.003108652459014817
FBLIM1,-0.04434370994567871,0.592490692830121,0.4695108234882355,-0.116209134,0.5061833037762736
SOAT1,-0.04435157775878906,0.7183387657972052,0.602848470211029,-0.48367998,0.0032432137959398834
IMMT,-0.04435622692108154,0.45206577542338133,0.3540876507759094,0.07185876,0.6816490299087787
MED21,-0.04437839984893799,0.44934375516372954,0.3734147548675537,0.03425816,0.8451029774477006
GAMT,-0.04443037509918213,0.45027333739852027,0.35614824295043945,-0.03239827,0.8534189789782342
NPEPL1,-0.04450869560241699,0.41630694438008947,0.32429683208465576,-0.29355383,0.08697873953855206
NCDN,-0.04452991485595703,0.33863118773165324,0.2457454949617386,0.22362714,0.1965736777829228
MRPL9,-0.044545769691467285,0.39221846773600777,0.30172199010849,-0.6010817,0.00013430073132151676
CYBRD1,-0.04458725452423096,1.0171683689082145,0.8368620872497559,0.24156313,0.16211044802882785
DNAJB4,-0.04463338851928711,0.7801656063656391,0.6297345757484436,0.07867499,0.6532575033101405
KIF21A,-0.044634222984313965,0.7302980274468925,0.5332543253898621,-0.2915123,0.08929970667176561
HSD17B10,-0.044658541679382324,0.6161232960035644,0.4584522843360901,-0.08783305,0.6158593208724477
NT5C3A,-0.044701218605041504,0.4723224880166447,0.3955231308937073,0.23757443,0.16936919359740044
AMACR,-0.04472529888153076,0.6160620072633642,0.44420546293258667,0.006427329,0.9707690788041958
MINPP1,-0.04473137855529785,0.4227730940325971,0.3272404670715332,-0.14730394,0.3984273903965162
INTS1,-0.044745683670043945,0.3547930321001683,0.28148311376571655,0.0632947,0.7179353743570492
VPS28,-0.04476785659790039,0.5748983759846014,0.44891151785850525,-0.14147614,0.4175513103870506
NKRF,-0.044783949851989746,0.3813302674767709,0.2976781129837036,0.08401502,0.6313424161056272
YTHDF1,-0.044834136962890625,0.44956381440179327,0.3160061836242676,0.10829121,0.5357731867483055
MTFR1,-0.044861793518066406,0.5150617933700116,0.38434234261512756,-0.25772434,0.13498612381893116
EIF4B,-0.04488563537597656,0.7907491729688586,0.5223954916000366,-0.32217708,0.05909581278898251
CBX1,-0.04488825798034668,0.9085674580569107,0.7271942496299744,-0.40310183,0.01634849261260145
GOLGA7,-0.0449066162109375,0.5984524428690732,0.4818865656852722,-0.13113871,0.4527111761491169
PAM,-0.04492950439453125,0.5384025680625995,0.43101930618286133,0.4354539,0.00893465740076756
PBDC1,-0.044953346252441406,0.79493023542277,0.5847617387771606,-0.26424468,0.1250471661987676
NELFB,-0.044968605041503906,0.4992131210511265,0.4093286097049713,-0.2932276,0.08734638084125808
SRP14,-0.04505336284637451,0.5576067120157667,0.4684174060821533,0.6945708,3.678917130272066e-06
ITIH2,-0.04515266418457031,0.8925217625291468,0.7165848016738892,-0.107538834,0.5386272398220612
SFN,-0.045206427574157715,0.6775177271307941,0.5258166193962097,0.13068202,0.45430033521206475
SNU13,-0.045340895652770996,0.41395583668291724,0.32677513360977173,-0.21098123,0.22375523232406108
SLC4A2,-0.04534590244293213,0.6588386388062133,0.5425119996070862,-0.20200326,0.24454141540144522
RBM42,-0.0453641414642334,0.4886365132150159,0.36576056480407715,-0.16436206,0.34542371153379536
SF3B1,-0.04537844657897949,0.2520293482728219,0.18109537661075592,0.16964439,0.3299243172316171
VAT1,-0.04543948173522949,1.007568034011866,0.7845937609672546,-0.19695243,0.25678575365292644
SORT1,-0.04545247554779053,0.5168331038390365,0.37509897351264954,0.042424172,0.8087966825583481
POLR3D,-0.045473456382751465,0.5399643361712447,0.45358482003211975,-0.13932502,0.42473840251325556
BAG6,-0.0454869270324707,0.6393665653615831,0.4589472711086273,-0.5413639,0.0007841707309463458
DR1,-0.045488953590393066,0.5269288585552876,0.4140465557575226,0.07495147,0.6687111425848953
DHRS1,-0.04555463790893555,0.4812822665507287,0.37553584575653076,0.21945187,0.20527974208972646
SPAG7,-0.04556715488433838,0.3800227047386341,0.2925257682800293,-0.004110937,0.9813013679683054
CLPP,-0.04557371139526367,0.35961089477615715,0.29874327778816223,-0.3544959,0.03666654371827717
GLE1,-0.04580998420715332,0.36856399386916494,0.29544535279273987,-0.37462226,0.026606019806884977
ERGIC2,-0.04586505889892578,0.651862715205801,0.5187440514564514,0.1676366,0.33576404632069196
CASP3,-0.0459139347076416,0.8352634885647071,0.6467292904853821,-0.5032217,0.002060664631094931
NIBAN1,-0.04608726501464844,0.944401925117812,0.7216259241104126,0.5308326,0.0010356055136000895
SKP1,-0.046163082122802734,0.46027978751075627,0.3369733989238739,-0.21481214,0.21526394439918828
PSME1,-0.04621398448944092,0.8586365387991335,0.6850080490112305,-0.0016961358,0.992284662548544
ATG5,-0.04630911350250244,0.3612544216558585,0.29071083664894104,0.0956444,0.5846910546051969
ARL15,-0.046353697776794434,0.47957218846855815,0.3652447462081909,0.114988856,0.5106896913443364
PKP2,-0.046366214752197266,1.0324347077754588,0.8346019983291626,0.36701202,0.03010276904468864
NQO1,-0.046375393867492676,1.3993185240988886,1.1717236042022705,0.5461369,0.0006892248729799225
PRPF4B,-0.046392202377319336,0.3509620943733331,0.2750251889228821,0.33690155,0.04781220476777649
POLD3,-0.04645967483520508,0.5379778135468528,0.40752896666526794,-0.092425115,0.5974515800879153
FKBP8,-0.04649829864501953,0.47333156798038006,0.38678932189941406,0.26542735,0.12330431663416742
TUBB4B,-0.046576857566833496,0.9552136970516413,0.7228937745094299,-0.16849001,0.3332740541456983
RPL14,-0.046581387519836426,0.552031106697796,0.44599270820617676,-0.086061746,0.6230227800967912
PTBP1,-0.04673886299133301,0.29791260390857077,0.22110311686992645,0.22801907,0.18769735647937333
NUBPL,-0.04673933982849121,0.42160942407490476,0.3623778820037842,0.49925008,0.0022645192424353366
ROBO1,-0.04680204391479492,0.4279480491887878,0.3284291625022888,-0.013490496,0.938690855271326
PAFAH1B2,-0.04683828353881836,1.0144574423409105,0.8026382327079773,0.29313,0.08745666354736562
PDZD11,-0.04687762260437012,0.6440209420394654,0.49356505274772644,0.17565845,0.3128097050130651
KRI1,-0.046890854835510254,0.3747030115297201,0.31546300649642944,-0.0029162942,0.9867344302104454
RTN4,-0.04697751998901367,0.7614117517239274,0.6715878248214722,0.07617461,0.6636194675107621
RPL5,-0.04698348045349121,0.47436427628228484,0.36659950017929077,-0.048416387,0.7823986659271703
ARCN1,-0.04698503017425537,0.6298328468554394,0.43201926350593567,-0.033512387,0.8484355550815215
MAP1A,-0.046990275382995605,0.8258888354995196,0.6822729706764221,-0.3076783,0.07217007165313472
RBM8A,-0.047051072120666504,0.3191043585688521,0.2392234057188034,-0.53043586,0.0010463290174923662
QRICH1,-0.04734325408935547,0.41513335110615984,0.3144227862358093,-0.16218339,0.3519431904870688
PARN,-0.04740452766418457,0.3488472458061878,0.2776471674442291,-0.14059192,0.42049749409597936
HTRA2,-0.04741096496582031,0.42013425557372674,0.3042584955692291,0.077486396,0.658175523775998
RPS23,-0.04753291606903076,0.4691447820804839,0.35579392313957214,0.009164657,0.9583287226443012
RPS28,-0.0475771427154541,0.6604067310303883,0.4700706899166107,-0.40717375,0.015198064891289704
NDRG3,-0.04758727550506592,0.5966564367481128,0.42855992913246155,-0.28486553,0.09718645125236852
BORCS7,-0.047605276107788086,0.4814279023092446,0.3482747972011566,0.16007365,0.3583267780692984
BCL2L1,-0.047721147537231445,0.6739801649972745,0.5081219673156738,-0.6182526,7.560726071108953e-05
CTDP1,-0.047762274742126465,0.3265342184532944,0.25110864639282227,0.18929124,0.276120899951412
UPF2,-0.04779660701751709,0.41075533756496,0.32446566224098206,-0.32937554,0.053341714764018416
FLII,-0.04783833026885986,0.6610867866035779,0.5710017085075378,-0.38195017,0.023562075817670957
TACSTD2,-0.04790830612182617,1.1322146186244695,0.8906347751617432,0.1682391,0.33400501765343393
CWC15,-0.04791116714477539,0.3237291453983192,0.2425696849822998,-0.2635975,0.12600861217889361
MED29,-0.04812204837799072,0.3754588340056303,0.29043278098106384,0.15146373,0.38509041156424073
RPE,-0.048163652420043945,0.4201300349060103,0.27966126799583435,0.1752632,0.31391717917565043
SRSF6,-0.048197150230407715,0.34782028614524857,0.2741311192512512,-0.076690584,0.6614762614069606
RDX,-0.048200130462646484,0.647333860512855,0.4834682047367096,0.121253066,0.4877716931683602
WBP11,-0.04831242561340332,0.5259708193165491,0.38250961899757385,-0.31038654,0.06957037877435858
DECR1,-0.04834473133087158,1.1803699060710084,0.9336618781089783,0.546035,0.0006911386351604545
PTRH1,-0.04845082759857178,0.4516884294888022,0.3564039170742035,-0.21239103,0.22060429310553875
PCBP2,-0.048473477363586426,0.6285066223448116,0.5285192131996155,-0.4196587,0.012085492717473025
PSMG4,-0.04847872257232666,0.35410969173065604,0.27411383390426636,-0.16627812,0.3397512106932316
PRKCD,-0.04849672317504883,0.4731043748378765,0.378867506980896,0.078830376,0.6526158759853462
UROS,-0.04851365089416504,0.3670890148465032,0.27796670794487,-0.23567863,0.17289956293283895
NUMA1,-0.048557162284851074,0.6507223846813278,0.5107272267341614,0.20079876,0.24742525240278598
HIP1,-0.04856288433074951,0.49353107355143994,0.392904669046402,0.039980922,0.8196221310492467
ATP2B4,-0.048596978187561035,0.7642957085744128,0.6037132143974304,0.045586962,0.794835648388859
PHLDB2,-0.048598527908325195,0.631670710614461,0.4731179475784302,0.46077105,0.005343271045494
DDB2,-0.04860734939575195,0.44917013485772106,0.37219974398612976,0.1694277,0.33055164526631753
DEK,-0.04867446422576904,0.7887974284401928,0.6195293068885803,0.47475463,0.0039554966627861924
PRKAR2A,-0.04867982864379883,0.5700592889819757,0.42039957642555237,0.08899256,0.6111887534862971
NUCB2,-0.04872238636016846,0.6801443209085106,0.49045035243034363,0.4649778,0.004887426722255499
POLR2G,-0.04889094829559326,0.3346602533328803,0.2644898593425751,0.23743021,0.16963597978956543
FUCA1,-0.04892277717590332,0.5194060382680781,0.4383981227874756,-0.245942,0.15440228238113404
KRT15,-0.04892301559448242,1.4491503923031346,1.1087496280670166,-0.080427565,0.6460326747140522
TIMM13,-0.04895174503326416,0.6868970784812016,0.5469893217086792,-0.1007584,0.5646724770416417
LPCAT1,-0.048963069915771484,0.5968714279547253,0.4478738009929657,0.18572934,0.2854242708544794
SRSF11,-0.04898810386657715,0.6509438072408136,0.5210737586021423,0.07323867,0.6758652238501089
ASMTL,-0.04899287223815918,0.3628867478671697,0.28024157881736755,0.37181497,0.027854764153622518
H1-1,-0.049016714096069336,1.1349729259975754,0.9094096422195435,0.5327779,0.0009844127318715881
CAPG,-0.04907834529876709,1.3254188343467284,1.0627893209457397,-0.37905717,0.024727424174008264
DIP2B,-0.0491480827331543,0.38610643017894625,0.32055145502090454,0.15231004,0.38240938833598426
EIF4H,-0.04927694797515869,0.7386451914066368,0.5125542879104614,0.010192791,0.9536589573381812
S100A6,-0.04927968978881836,1.5552295909058178,1.301721453666687,0.36518088,0.03099806194053079
MFGE8,-0.04932963848114014,0.9205205957345431,0.7365596294403076,-0.09491282,0.5875803050565547
RBMX,-0.04937148094177246,0.358134845811336,0.25922632217407227,-0.026738793,0.8788156631674714
ARFGEF1,-0.04938018321990967,0.44037756431692726,0.3492755889892578,0.32010126,0.06084325143661405
C1orf122,-0.049439191818237305,0.5150992863510363,0.3795475959777832,0.08678431,0.6200961565520151
TMEM132A,-0.04945480823516846,0.31499732652165446,0.2583498954772949,-0.093033835,0.5950296319674152
PARK7,-0.04946482181549072,1.0080884215689088,0.7731011509895325,-0.38469285,0.02249955855663413
NEDD4L,-0.04957246780395508,0.5303111475678318,0.399308443069458,0.3090623,0.07083230110082643
AIF1L,-0.049660563468933105,0.441803727910515,0.31939998269081116,0.06001567,0.731995905408491
SRP54,-0.04967629909515381,0.5619428577543167,0.40410593152046204,0.28815615,0.09321807353697988
MIOS,-0.049754977226257324,0.30617473222314817,0.25197798013687134,0.023137227,0.8950413155385104
RDH13,-0.04975581169128418,0.631065594771637,0.5277025103569031,-0.5311927,0.0010259520855388205
ARPC2,-0.049835801124572754,0.49196375953650134,0.413399338722229,0.049439214,0.7779156522462515
MTDH,-0.04990577697753906,0.5255115469145771,0.4028621017932892,0.33708706,0.04768196221413252
GAR1,-0.04993247985839844,0.4489073959744913,0.35498708486557007,0.06263725,0.720747411739649
RPL13,-0.049980878829956055,0.41375368226132847,0.34030553698539734,-0.09400137,0.591188293664585
TAF10,-0.050029635429382324,0.4408880415821591,0.3443700969219208,-0.1111373,0.5250422642728835
VWA8,-0.050038933753967285,0.6521515934431653,0.5058003664016724,0.32479125,0.056951955440722096
RPS6,-0.05007636547088623,0.47047825740657706,0.37585270404815674,0.09003524,0.6070020615405003
GORASP2,-0.05008065700531006,0.3545632409381034,0.2894155979156494,0.08748579,0.6172609453846746
ECHS1,-0.05017447471618652,1.1134916407901305,0.8540533781051636,0.026718926,0.8789046887134193
CHMP4B,-0.05027461051940918,0.6686872889625993,0.5315611362457275,-0.45667052,0.005822375860345795
GALK2,-0.05031538009643555,0.36521793267269664,0.2896663546562195,0.25995582,0.13152110854448432
SMPD1,-0.05032515525817871,0.5617930154955629,0.46425661444664,0.10902289,0.5330043575785777
AUP1,-0.050433993339538574,0.5128465992378451,0.36294040083885193,0.2878416,0.09359200984153786
IL18,-0.05051219463348389,0.7921888528244235,0.5966657400131226,0.0737038,0.6739195539132203
MANF,-0.050516486167907715,0.33911505217186066,0.2561724781990051,0.42469674,0.010991899181831384
ABHD11,-0.05054831504821777,0.8821582564217241,0.7558438777923584,-0.103210434,0.5551872472791434
POLR2I,-0.05056130886077881,0.4139754905690405,0.32464903593063354,0.4396297,0.0082295865911314
CPS1,-0.050698041915893555,1.56363514674343,1.065940499305725,0.31974396,0.06114808293998125
CNOT2,-0.050707459449768066,0.53195186140314,0.368673175573349,-0.05338046,0.7607079178712511
RPL23,-0.050742268562316895,0.4621218965821899,0.3630499839782715,0.100007966,0.567590148473517
LRWD1,-0.050820112228393555,0.5844280891986601,0.45076626539230347,0.36173853,0.03274002094724513
GCDH,-0.05083024501800537,0.457779264057369,0.35086843371391296,0.32121652,0.059899349227129965
ATPAF2,-0.05083143711090088,0.3409928155810628,0.2772151231765747,0.004570365,0.9792120608484174
PPIH,-0.05086326599121094,0.4842464984133058,0.4010337293148041,-0.36624318,0.030476082135045504
CTNNBL1,-0.050882697105407715,0.5595897518063485,0.46473267674446106,-0.22581813,0.19210956905450305
LMCD1,-0.05098426342010498,0.5367931475431508,0.38400229811668396,0.05099426,0.7711132268931913
ARHGAP18,-0.05108308792114258,0.3983826131975968,0.2987726330757141,-0.3178249,0.06280624348855268
IBA57,-0.05109846591949463,0.4468993473756267,0.3830820322036743,0.16604325,0.3404433851110801
NUP37,-0.051119208335876465,0.3629882204939879,0.29915279150009155,0.30196828,0.07789949143021345
HDAC1,-0.0511699914932251,0.34184617913088644,0.27655190229415894,0.004830536,0.9780292276532343
PSMC5,-0.051210880279541016,0.5429685578929094,0.36972394585609436,-0.35442546,0.03670653692519256
COIL,-0.05126500129699707,0.40404725776948386,0.3114752173423767,0.04652439,0.7907092903331505
EIF3F,-0.051270127296447754,0.6682536538192237,0.4635818600654602,-0.3138678,0.06633694232564062
PICALM,-0.05129706859588623,0.6567696375965807,0.5683285593986511,0.10639291,0.5429884948124725
CD109,-0.05138885974884033,0.7578678307537858,0.6225602626800537,-0.084647216,0.6287679045971315
ATP11C,-0.05145740509033203,0.5320365916696785,0.42037826776504517,-0.09330632,0.5939466924275337
PCBP1,-0.05148005485534668,0.6353006074526906,0.479057639837265,-0.052666005,0.7638195038727048
RPL26,-0.05148720741271973,0.46388133780329205,0.3705204725265503,-0.10264288,0.5573761256394092
PPIL1,-0.05149364471435547,0.33441980320249914,0.28759369254112244,-0.29350212,0.08703697729536039
TSTA3,-0.05151665210723877,0.820254478219134,0.6533440351486206,-0.17031917,0.32797561771739825
NDUFA6,-0.05153393745422363,0.48649379865059766,0.37548890709877014,-0.14846331,0.3946840709708722
FABP5,-0.05174529552459717,1.2053763887594597,1.0423786640167236,0.19599962,0.2591403767442891
SERINC1,-0.05180966854095459,0.46080375606074797,0.36416202783584595,0.4822285,0.003350838842354908
CIAO2A,-0.051856160163879395,0.5176847527990752,0.40988072752952576,0.03735535,0.8312917593584919
TRIM16,-0.05196833610534668,0.5547996461356285,0.4405547082424164,-0.21714954,0.21019336155965004
KIN,-0.051980018615722656,0.44859130826821675,0.3259815275669098,-0.25978994,0.13177647794554004
SARM1,-0.05198466777801514,0.6285284578045791,0.5110712647438049,0.36947563,0.028931816278458256
CAPN1,-0.05203533172607422,0.8743812894015538,0.6888156533241272,-0.14441112,0.40785662496948366
CBR3,-0.05204439163208008,0.87910211711833,0.5894837975502014,0.094573446,0.5889223135530034
DCTD,-0.052149415016174316,0.5633631811990737,0.4398397207260132,0.116138205,0.5064446790219803
EPS15L1,-0.05219900608062744,0.45389013803483447,0.34124937653541565,0.039933152,0.8198337339134503
AKR1B10,-0.052207231521606445,1.641004463998696,1.2025433778762817,-0.17024922,0.328177350499613
ATAD2,-0.05233883857727051,0.6488490349915789,0.4974185526371002,0.1483614,0.3950119752887355
LIMCH1,-0.05235493183135986,0.5283281815766067,0.38284850120544434,-0.18102634,0.2980143310004204
EIF3A,-0.052437782287597656,0.6036890268437813,0.4041746258735657,-0.29697895,0.08318952327491752
KIFC1,-0.05244863033294678,0.73936330629648,0.553488552570343,-0.15936558,0.36048477590106937
PKN1,-0.05245184898376465,0.7062771606286417,0.5756062269210815,0.3668037,0.030203567693990834
OXSM,-0.05249142646789551,0.5186190520318079,0.4137091636657715,0.23427276,0.17555142503010449
NOP9,-0.05256354808807373,0.3948282313797534,0.3036828935146332,-0.02395405,0.8913574690805642
GRHL2,-0.05257833003997803,0.4270660195291455,0.3518182933330536,-0.043361913,0.8046512031152787
ZNF330,-0.05264937877655029,0.33269115393891435,0.2508606016635895,0.18061519,0.2991315438736176
CWC27,-0.05267202854156494,0.4842500217774504,0.3462202250957489,0.46602148,0.004779655851553177
SIPA1L3,-0.05267667770385742,0.44949499841290025,0.3537679612636566,-0.060084067,0.7317015909535091
COX16,-0.05280172824859619,0.22180976076442024,0.173788383603096,0.33879662,0.0464949109860825
INCENP,-0.052895188331604004,0.5478549079996866,0.42046308517456055,-0.21656637,0.2114506959819848
RWDD1,-0.052947402000427246,0.3162268023784625,0.23723450303077698,0.1537224,0.3779592331884367
SDCBP,-0.05298757553100586,0.7362385905341912,0.5877177715301514,0.4249915,0.010930591847196103
DCBLD2,-0.05298960208892822,0.9119379180578874,0.7422429323196411,0.4452958,0.007349152424796703
ASL,-0.0530015230178833,0.5556071810445035,0.45331722497940063,0.5591593,0.0004798604524847149
CMPK1,-0.053001999855041504,0.9805172304120817,0.7314751744270325,-0.36646834,0.030366360130707173
NUP43,-0.05301225185394287,0.43590604401997274,0.3410404622554779,-0.30953845,0.07037644623231488
HMGA2,-0.05303013324737549,1.0953899622801513,0.9299622774124146,0.056496095,0.7471839662819199
CDC37,-0.05306971073150635,0.7369402862824858,0.5275883078575134,-0.3208998,0.06016622176590724
ASS1,-0.053254008293151855,1.1594504833069248,0.9168849587440491,0.17990206,0.3010755673648061
CHMP5,-0.053429245948791504,0.4812427427314398,0.36984437704086304,0.02155374,0.9021887513172866
GEMIN4,-0.05346107482910156,0.5463932913077237,0.41704535484313965,0.04945545,0.7778446491371971
DPP7,-0.05347704887390137,0.5879155910931794,0.483102023601532,-0.16582058,0.34110051631422855
PYCR2,-0.05352449417114258,0.5500597726246943,0.4088295102119446,-0.09644484,0.5815369263816741
ADAM15,-0.05364429950714111,0.5267234544931513,0.40233612060546875,-0.14766307,0.3972654607431859
RAB1A,-0.05365025997161865,0.4793133839295539,0.39661964774131775,-0.46628127,0.004753156982322651
GSTZ1,-0.05365145206451416,0.4418188209378329,0.3222740590572357,-0.08316679,0.6348033283126513
LRRFIP1,-0.05372035503387451,0.6917338915025704,0.6020996570587158,-0.029359385,0.8670395335050255
PIP4K2B,-0.05377006530761719,0.631310363753832,0.4831185042858124,0.15515937,0.37346307758201014
RTN4IP1,-0.05377161502838135,0.5389785977734212,0.43132391571998596,0.31875286,0.062000034879137744
UQCRH,-0.05377531051635742,0.894905012247438,0.7079435586929321,-0.29849324,0.08155545322894567
PACS1,-0.05380070209503174,0.5142808212887652,0.44985148310661316,0.29996145,0.07999498384348251
HDGFL3,-0.05383598804473877,0.8535749471549724,0.6724366545677185,0.54177207,0.0007756213375634605
FDX1,-0.05384528636932373,0.7128529577885947,0.5718050003051758,0.25877705,0.13334324569779238
MRM1,-0.05392754077911377,0.5114531082331857,0.4531775414943695,0.20757659,0.23149093530664736
JAGN1,-0.05394327640533447,0.6358595123084643,0.5389748811721802,-0.37933946,0.024611657564499578
L2HGDH,-0.0539630651473999,0.4917665528273612,0.383057564496994,0.5368352,0.0008847729585527845
MLH1,-0.05397999286651611,0.42759160485287484,0.353247731924057,-0.1422137,0.41510293798119535
SARNP,-0.05408120155334473,0.8042614003121394,0.6179057359695435,0.06889871,0.6941166084686261
ITGB5,-0.05408930778503418,0.5017388624961355,0.3877485692501068,-0.17485909,0.31505190725945825
REEP6,-0.05417370796203613,0.6477559655966388,0.53858882188797,-0.2504812,0.14669607040194768
POLR3A,-0.054232239723205566,0.3169576173595153,0.254271537065506,-0.060737737,0.7288921240790013
NECTIN1,-0.054262757301330566,0.5704925723131444,0.4498995542526245,-0.19135456,0.2708230128623475
SLC25A46,-0.0542757511138916,0.47469393443906766,0.38798436522483826,-0.52101886,0.0013313240613983986
MAPK14,-0.05429983139038086,0.5266723880376577,0.40434983372688293,0.04921532,0.7788963022458062
SRSF7,-0.0543898344039917,0.4034098232594777,0.277269184589386,0.26693594,0.12110750721759717
RARS1,-0.0544353723526001,0.49123751073593774,0.377043217420578,0.0363647,0.8357040681717385
IQGAP2,-0.05452227592468262,0.6034364370596487,0.5409468412399292,0.44431713,0.0074952029265112395
MAP3K20,-0.0545506477355957,0.4278831571547537,0.3024587333202362,0.2759454,0.10859145994234132
PSMD5,-0.05460655689239502,0.6805164718974761,0.5085492134094238,-0.20519036,0.23701942624812425
PAXX,-0.05463409423828125,0.6451231117450034,0.5020436644554138,0.22392273,0.1959671479546275
RBM47,-0.054696083068847656,0.7186520551205852,0.5925288200378418,0.10594463,0.5446988942702614
GDAP1,-0.054756760597229004,0.6036509636789044,0.4546058475971222,0.50209624,0.0021167394756526994
DCP1A,-0.05482757091522217,0.37131604011850117,0.29271283745765686,-0.4014092,0.01684771809119073
LAP3,-0.054865121841430664,0.5704877923667354,0.463242769241333,-0.16808736,0.3344475463216475
PPWD1,-0.05491232872009277,0.32488032714436155,0.26217401027679443,0.026686132,0.8790521740053535
YAP1,-0.05494248867034912,0.753259331843839,0.6082403659820557,-0.100713,0.5648488710138627
EHD4,-0.05506253242492676,0.7041120594527874,0.5659257173538208,-0.6042383,0.00012113901265644492
GNPAT,-0.05517852306365967,0.6067931671834768,0.4526304304599762,0.12663752,0.46850426973463144
PDCD2L,-0.055196166038513184,0.6689649815695818,0.49229949712753296,0.115190454,0.5099434861230929
DCPS,-0.055245041847229004,0.7442938379069797,0.5439842343330383,-0.35071164,0.03886543332281404
RPS20,-0.05529201030731201,0.6686809156510659,0.4627918303012848,0.28803653,0.09336005992684127
RPL8,-0.05529642105102539,0.45621510529004566,0.36172589659690857,-0.10399305,0.5521755632278169
TFAP4,-0.0554203987121582,0.46147576924171113,0.34395483136177063,0.29355842,0.08697364180847296
PLCH1,-0.055480360984802246,0.36418865048390614,0.2734090983867645,0.16154267,0.3538746244626937
TASOR2,-0.05567288398742676,0.5826439161112824,0.47963622212409973,0.2841326,0.098087573950463
PTMA,-0.055681705474853516,1.3645983348148032,1.102579951286316,-0.5512385,0.000599130736248581
EIF3E,-0.05592644214630127,0.6723659850532282,0.4934034049510956,0.08300358,0.6354706080960911
SLC25A3,-0.055977582931518555,0.6389658773263172,0.5471210479736328,0.2388993,0.1669327541618593
RPL23A,-0.05613839626312256,0.3980056441855738,0.31818678975105286,0.09584938,0.5838824243816934
GXYLT1,-0.05614829063415527,0.6966722030815122,0.4521002769470215,0.051565837,0.7686170174932531
BDH2,-0.05625033378601074,0.5824244918099251,0.4805538058280945,0.51169425,0.0016786509294140842
TLE5,-0.05631566047668457,0.718748382898253,0.627977192401886,-0.51513255,0.0015422970914610332
CEP290,-0.05638778209686279,1.1650569175765328,0.9732248783111572,0.3543905,0.03672637748462445
KIF20B,-0.05658888816833496,0.6259649457166042,0.5107151865959167,0.34952646,0.03957564095246651
TOM1L2,-0.056722044944763184,0.4047739098692596,0.3203199803829193,0.3302831,0.05264901950546264
UBA6,-0.05675828456878662,0.7897537527306138,0.5884606242179871,-0.38971698,0.020656249064574406
ACTBL2,-0.056815147399902344,0.5025845130147969,0.4210887551307678,0.17622459,0.3112279183661106
EFL1,-0.05689239501953125,0.3892528466627123,0.3074147403240204,0.008004157,0.9636017089270008
CISD1,-0.05707287788391113,0.5014446963949595,0.3969727158546448,0.18315375,0.2922761104147583
ATP6AP1,-0.057088255882263184,0.41578664432826706,0.34191763401031494,0.14158957,0.41717444562470074
C11orf98,-0.05709517002105713,0.663088049906314,0.5594282746315002,0.48754483,0.002971159335729247
VPS26A,-0.05711793899536133,0.4655952309686617,0.36111393570899963,0.37936607,0.02460077865919231
TAGLN2,-0.05718541145324707,1.0704154640290982,0.8370590806007385,0.055746473,0.7504315745865248
KDM3B,-0.05726945400238037,0.3665951353799249,0.2931106984615326,0.68115383,6.674195072883365e-06
TMEM201,-0.05736541748046875,0.5444465396180137,0.4219895899295807,0.09361228,0.592731661725808
MAP2K2,-0.05738067626953125,0.5967743793776604,0.43164530396461487,-0.16179992,0.35309841003529363
TXNRD1,-0.05741751194000244,0.9535900919839553,0.6904875040054321,-0.14235452,0.414636504075589
METTL16,-0.0574955940246582,0.4872482664665595,0.37766993045806885,-0.3442023,0.04289673884741708
PELO,-0.057515501976013184,0.480214757386748,0.3437362313270569,-0.0049395245,0.9775332318841725
GNAO1,-0.05769073963165283,1.057940179283836,0.8131325244903564,0.47804758,0.0036783490639960732
NAV1,-0.05775010585784912,0.5205639778452403,0.43352243304252625,0.0380572,0.828168503454785
RBM15B,-0.05788218975067139,0.3831483185409773,0.31006669998168945,-0.40114436,0.016926948482056316
SRP9,-0.05792558193206787,0.6580304335263792,0.5745437741279602,-0.062263608,0.7223470127005237
HSDL1,-0.05816841125488281,0.47140619788139543,0.3581830561161041,-0.20156465,0.24558884197286107
SFXN2,-0.0581890344619751,0.5183355583233114,0.41245195269584656,0.15030213,0.38878813692753733
ZNF22,-0.05819976329803467,0.5580909440093776,0.3845962584018707,-0.06712949,0.7016063574959408
CNPY3,-0.05836200714111328,0.6903242923736123,0.5332210063934326,0.0533017,0.7610508739850885
PTBP2,-0.05840587615966797,0.4103775698859916,0.3065904974937439,-0.2908014,0.09011889693431642
BAG2,-0.0584416389465332,1.230730059291512,1.0009195804595947,0.5515024,0.0005947681120403349
NSUN5,-0.05854165554046631,0.35620610820024556,0.2902306914329529,0.18870698,0.27763322992636413
GLDC,-0.058619141578674316,0.5853847694078653,0.4405282735824585,0.20951256,0.22707028959139408
IFT122,-0.058652639389038086,0.48053041698172494,0.37901321053504944,0.3201819,0.06077466018761205
CARS1,-0.05871284008026123,0.6521437561104765,0.47839125990867615,0.5593205,0.00047767026819661723
PCNT,-0.058786749839782715,0.4936710584283309,0.39025741815567017,-0.15276127,0.3809844094501711
SCAMP1,-0.058919548988342285,0.28241947537111073,0.2341308891773224,-0.17745356,0.3078115682516058
PRKAR1A,-0.05893266201019287,0.7609206101816648,0.5274678468704224,0.320041,0.06089463341439116
MOV10,-0.05900406837463379,0.3992236366644759,0.330742746591568,-0.1713348,0.32505655593209876
GGA3,-0.0590512752532959,0.44323802749377345,0.3238627016544342,-0.26242077,0.12777076228989923
MYH9,-0.05915391445159912,1.0143448023787538,0.8325628042221069,0.070379145,0.6878709471183901
EIF6,-0.05915629863739014,0.45239259459428094,0.342088520526886,0.12468866,0.4754310797196612
PAIP1,-0.05917215347290039,0.9387420056608411,0.6605284214019775,-0.034254443,0.8451194847132593
SLC25A4,-0.059186577796936035,0.3743668814528725,0.2926199436187744,0.11062081,0.526981515008273
S100A13,-0.05939221382141113,0.9204012194940809,0.7737387418746948,-0.018326785,0.9167776634359809
ECSIT,-0.059424757957458496,0.4498632700144221,0.35748276114463806,-0.12610611,0.47038744384679915
NARS2,-0.05964219570159912,0.6045466631129577,0.46057838201522827,-0.22772497,0.18828274422957308
RPLP2,-0.0597609281539917,0.4166473284843217,0.32350513339042664,0.40713793,0.015207897454201999
BSDC1,-0.059945106506347656,0.5448198940873322,0.404268354177475,0.27218634,0.11368933609340102
BUD13,-0.05997061729431152,0.40207057308380184,0.3271218240261078,0.073084794,0.6765089169026512
ARHGEF12,-0.059973716735839844,0.49810822052975756,0.4001264274120331,-0.3019203,0.07794915077433655
NIF3L1,-0.059987783432006836,0.434357237281151,0.31523290276527405,-0.21308713,0.21905978489818678
BCAP29,-0.06001091003417969,0.5322627344001187,0.3879086971282959,-0.3526647,0.03771759092554505
PTPN2,-0.06005358695983887,0.39343678338771093,0.31484684348106384,0.111013815,0.5255057199183811
TPM4,-0.060172438621520996,1.1415340511307808,0.9109359979629517,0.45485646,0.0060458397843431684
MRPS12,-0.060208916664123535,0.5785918284113098,0.4396602213382721,0.51092815,0.001710430649321755
KRT13,-0.06024003028869629,1.5484341556886343,1.3048388957977295,-0.27761304,0.10638599382571681
PTGFRN,-0.06025862693786621,0.9469734921234838,0.7722760438919067,0.16781557,0.33524103536410793
EEF1D,-0.06027102470397949,0.9062925197229064,0.7382643818855286,0.58321553,0.00023604176018333242
ARPC3,-0.06037759780883789,0.49075220123473606,0.4125733971595764,-0.2685774,0.11875062625702867
PDCD6IP,-0.06043195724487305,0.7056286002338424,0.5271888971328735,0.13584939,0.43649524625516817
KRT16,-0.0604405403137207,1.3839240052108321,1.121758222579956,-0.25950742,0.1322121090990692
KRT2,-0.06056976318359375,0.4770122188416642,0.3610936999320984,0.44480556,0.007421995056756974
PUM1,-0.06066298484802246,0.6253830689468776,0.478700190782547,0.34413475,0.04294022455248258
ALYREF,-0.06070852279663086,0.4324389363879902,0.31073975563049316,0.30309793,0.0767388833014758
CAB39,-0.06076765060424805,0.471981102338818,0.3552318215370178,0.04439362,0.8000959603101313
MAT2B,-0.06082022190093994,0.8737348197196804,0.6384838223457336,-0.05016215,0.7747509540072093
COPG2,-0.06100952625274658,0.6055594837744728,0.47556987404823303,0.15673463,0.3685707005755818
CFL1,-0.06106436252593994,1.0356081569961855,0.7809293866157532,-0.13505107,0.43922075968034363
GABARAPL2,-0.061087727546691895,0.9618124351454345,0.7719984650611877,0.5786678,0.0002710669402846758
TPI1,-0.06127512454986572,1.2412752844625672,0.9384517073631287,0.15269995,0.3811777377816196
BET1L,-0.06130969524383545,0.399376846482332,0.2996845841407776,0.32093057,0.060140266779225744
GUF1,-0.06131160259246826,0.36694677050560204,0.29801619052886963,-0.514521,0.001565813146582287
SEPTIN10,-0.06141090393066406,0.7028451150575018,0.5998370051383972,0.085411355,0.6256617041504102
EDF1,-0.061434388160705566,0.9045676367750977,0.6190341114997864,0.12508854,0.4740051790151863
SUMF2,-0.061441779136657715,0.7212177703108953,0.5346722602844238,0.4308963,0.00976226232375707
MECP2,-0.06166422367095947,0.5223322914959503,0.40458133816719055,0.21278591,0.21972704062903736
NUDT4,-0.06173086166381836,0.36096366853516587,0.2910539209842682,-0.2520335,0.14412612093014904
TACC3,-0.06176102161407471,0.4792231564463792,0.3845103085041046,0.18137677,0.29706409693432084
PA2G4,-0.06183278560638428,0.7682695453614141,0.590495228767395,0.11111734,0.5251169583995756
EIF3G,-0.06185126304626465,0.6996289334100562,0.523211658000946,0.041477486,0.8129874137492321
NUBP2,-0.06220877170562744,0.5552268294163469,0.4335084557533264,0.38703877,0.02162261357507696
NOL8,-0.06234467029571533,0.3658917676526054,0.29415231943130493,0.19253848,0.26781308613920124
SSB,-0.06247234344482422,0.7314331298139528,0.5098255276679993,-0.30927318,0.07063004885178509
CGGBP1,-0.06250143051147461,0.6050721623205112,0.49109235405921936,-0.37020695,0.02859148924215036
SPTAN1,-0.06258273124694824,0.5880853830953802,0.46262437105178833,0.30780485,0.07204699357776173
PLCD3,-0.06269049644470215,0.5599544997122953,0.43781745433807373,-0.43696725,0.008673409577304808
VCL,-0.06269872188568115,1.1174973278312397,0.8949437737464905,0.57242084,0.00032673357482093635
ERBIN,-0.06274926662445068,0.8665411662664808,0.7158947587013245,-0.41574782,0.012996526188889254
RPL35,-0.06318426132202148,0.5127583492218645,0.4191642105579376,-0.20372307,0.24046287178421671
SRC,-0.06321537494659424,0.4258209350010285,0.340351939201355,0.044093635,0.8014200297037908
PDRG1,-0.06336283683776855,0.393950629966756,0.333102822303772,-0.21065524,0.22448829786507302
CASP2,-0.06344878673553467,0.406768229871454,0.3347412347793579,-0.018720295,0.9149971189528908
MCAT,-0.06351399421691895,0.33102982914411816,0.2618192434310913,0.054378014,0.7563701260833617
MARK2,-0.06377291679382324,0.3591633463674371,0.27601534128189087,0.033434685,0.8487830259028308
ZFAND1,-0.06385350227355957,0.5469226816371565,0.41633835434913635,0.082078844,0.6392540889176108
LAMB3,-0.06390595436096191,0.8787709110751015,0.6524432301521301,0.14111996,0.41873664701460656
CSPG4,-0.06394505500793457,0.6747752954731483,0.561712920665741,0.20956846,0.22694348329380154
SRI,-0.0639498233795166,0.7106322167532516,0.5258855223655701,-0.04801828,0.784145152836102
ASH2L,-0.06406509876251221,0.4968041867352336,0.3798450827598572,0.43888944,0.008350983253811423
NDUFS8,-0.06435132026672363,0.40555070331833726,0.321037232875824,-0.20015314,0.24898037174436727
EXOC1,-0.06450855731964111,0.452694260644312,0.3570459187030792,0.301909,0.07796086065038532
KMT2A,-0.06451690196990967,0.4023343612908761,0.3089725077152252,-0.27332076,0.11213222157798954
PDP1,-0.06459486484527588,0.8463708650946864,0.6926190853118896,0.5207187,0.0013414338082600732
L1RE1,-0.06463706493377686,0.9392971615194787,0.7512587904930115,-0.18151508,0.2966897067965389
GUSB,-0.06474161148071289,0.4692120817652549,0.36646342277526855,0.0797164,0.648960392473015
NPLOC4,-0.06488597393035889,0.5301989648836926,0.36718010902404785,0.35182694,0.038206549149162626
FASTKD5,-0.06493747234344482,0.40151468059047063,0.32406333088874817,-0.24599774,0.15430582065502377
IKBKG,-0.06501257419586182,0.3542150670059085,0.27866366505622864,0.1727037,0.3211471311454362
PNISR,-0.06503260135650635,0.5465209359733475,0.43405118584632874,0.32594526,0.05602535681403937
PXMP2,-0.06510639190673828,0.5005371665340543,0.4007221460342407,0.065693855,0.7077044765219936
NME4,-0.06516766548156738,0.5903214295147586,0.4508041739463806,0.008745156,0.9602346083828059
EXOC3,-0.06521570682525635,0.4975216358598399,0.3383724093437195,0.029819075,0.8649761933629083
INTS7,-0.06524848937988281,0.3410846810701425,0.2776395082473755,-0.36235604,0.03242178560483775
PSME4,-0.06535327434539795,0.7858435056991462,0.6014901995658875,-0.4501753,0.006656766358424577
NT5E,-0.06542110443115234,1.8963957430933576,1.5857067108154297,0.018110324,0.9177573759799812
GIPC1,-0.0656806230545044,0.5048237808514321,0.41804298758506775,-0.19884919,0.2521408807414079
SLC20A2,-0.06588149070739746,0.4957373532862155,0.42823904752731323,0.17763112,0.3073197551634578
RAD50,-0.06599080562591553,0.4378054438151038,0.35143357515335083,0.36629933,0.030448635775204493
IARS2,-0.06603538990020752,0.7795082130782454,0.6227164268493652,0.65567553,1.90796726145666e-05
TGFB2,-0.06623530387878418,0.5930042351721045,0.4551572799682617,0.15617178,0.3703142279924705
ATP5MG,-0.06627094745635986,0.5354204013214283,0.4017890989780426,-0.09546189,0.5854112470382535
FHOD1,-0.06628775596618652,0.6861162782539706,0.4911328852176666,0.109236285,0.5321981972840922
SDR39U1,-0.06653785705566406,0.42621850825905,0.344036340713501,0.39731404,0.01810849166105412
SETD7,-0.06666028499603271,0.6995385360423537,0.5041400194168091,-0.06329331,0.7179409795236747
RDH14,-0.0667194128036499,0.428421722388709,0.3377865254878998,-0.15775412,0.3654243996120859
RPL36,-0.06687462329864502,0.5079257545357062,0.40988588333129883,0.03531425,0.8403883109629819
TALDO1,-0.06688523292541504,0.9782260915660298,0.7061838507652283,0.22964936,0.18447567903096906
SUN1,-0.06702971458435059,0.6722087474747555,0.5775300860404968,-0.006518742,0.9703534258929761
PTGES3,-0.06711792945861816,1.0674012959966142,0.8143104910850525,-0.46243012,0.005159302988829904
ILF3,-0.06713545322418213,0.4256760528519619,0.3408929109573364,-0.68219924,6.378586100251207e-06
NUP153,-0.06719422340393066,0.41639971128558173,0.3389343321323395,0.19684945,0.2570395905496951
TRAP1,-0.06723546981811523,0.6364167087968339,0.5367476344108582,-0.15311174,0.3798797053879297
TOR1B,-0.06732833385467529,0.6296009704733232,0.5188853144645691,-0.3331821,0.050484546492207176
EEFSEC,-0.06740188598632812,0.553770623867125,0.45633000135421753,-0.1286261,0.46149124805914743
PARD3,-0.06751859188079834,0.5537557432423653,0.4527170956134796,0.17299028,0.3203324762568295
HINT3,-0.06763947010040283,0.45463992784318646,0.35674619674682617,0.15525733,0.37315762536072467
DTX3L,-0.06765234470367432,0.5092409437270391,0.4215672016143799,0.3982041,0.017827981952800703
RPS29,-0.06787717342376709,0.6849821759083805,0.4892147183418274,-0.16414522,0.34606928060016423
GNG2,-0.06789302825927734,0.7761056135487009,0.6068044304847717,0.22548638,0.19278089270358773
CENPH,-0.06802189350128174,0.3985758148668357,0.317599356174469,0.16744861,0.3363140781403695
NNMT,-0.06806588172912598,0.6413404609868332,0.5330568552017212,-0.07586053,0.6649255956465014
TRIM4,-0.06820523738861084,0.3948193810464023,0.3228328824043274,0.44487727,0.007411310191535254
SNRPD3,-0.0684363842010498,0.2620837669540805,0.1841108798980713,0.014331677,0.9348755047509378
MNAT1,-0.06843745708465576,0.7269378840895031,0.6170749068260193,0.016669717,0.9242795302854906
RPS21,-0.06844913959503174,0.8291020657343511,0.5971320867538452,-0.092553854,0.5969389433637506
ALG1,-0.06847655773162842,0.5787297513892397,0.48144346475601196,-0.5435359,0.0007396176609295455
COQ8A,-0.06851327419281006,0.6094602623003127,0.49179932475090027,-0.4391057,0.008315359553095703
LGALS1,-0.06872963905334473,2.9452352741347037,2.385930299758911,0.6002413,0.00013801477088610755
RPLP0,-0.06877624988555908,0.39873534645013947,0.28052547574043274,0.11589765,0.507331662218616
RPL17,-0.06886279582977295,0.482706935539192,0.381501704454422,-0.036484897,0.835168059848113
SCAF8,-0.06894803047180176,0.6209427272075536,0.4614083468914032,0.29906726,0.08094260028821368
SH3BP4,-0.069000244140625,0.4487775709401058,0.36713647842407227,0.3544549,0.036689818029103094
AFDN,-0.06922149658203125,0.5513767783465577,0.46286851167678833,0.3549652,0.036401027624017535
HDLBP,-0.0695563554763794,0.6423107854930314,0.4808599054813385,-0.00027788058,0.9987359634709558
RAB11FIP1,-0.06957638263702393,0.7290239376067831,0.620184600353241,-0.22941574,0.18493478619606368
AGFG1,-0.06968522071838379,0.7572847868874911,0.5184603929519653,0.10846115,0.5351293078312589
PNPLA6,-0.06971335411071777,0.49380367083925175,0.4116457402706146,-0.4688478,0.004498080768016408
SLC19A1,-0.06976175308227539,0.3535103244278735,0.2726193070411682,-0.47162196,0.004235732816713745
DRAP1,-0.0699232816696167,0.6326109011680175,0.4961637258529663,0.27085572,0.11553622151068242
VPS16,-0.0699843168258667,0.4853644417295452,0.34252992272377014,-0.11695184,0.5034506209926021
RAB12,-0.07010889053344727,0.5405663783754329,0.3876827657222748,0.19294932,0.2667739075753797
CPVL,-0.07054102420806885,0.6920055227693226,0.5706660747528076,0.14724444,0.3986200123790104
GMIP,-0.07067084312438965,0.4140019642465406,0.3127554655075073,0.044020917,0.8017410026396394
ATRN,-0.07078683376312256,0.35216863090855277,0.29213109612464905,0.2772354,0.10688246073404507
SLC25A22,-0.07092154026031494,0.5842884764646008,0.45722270011901855,-0.02241345,0.8983070794624676
VCPIP1,-0.07102072238922119,0.49152033865730255,0.38768959045410156,0.18067892,0.2989580702633141
CDC5L,-0.07115864753723145,0.36050587479887686,0.25757619738578796,0.08707948,0.6189024339932425
LSM8,-0.07117223739624023,0.3478579311226938,0.2470199018716812,-0.15441394,0.375791498321323
CPSF6,-0.07120871543884277,0.46581618589096885,0.3597073554992676,0.17039439,0.32775884915820336
HSP90AB2P,-0.07120943069458008,0.9339820979851217,0.6860283017158508,-0.2868246,0.09480867265150629
PAK1IP1,-0.07123661041259766,0.33008145437875136,0.2481151521205902,-0.13361055,0.4441621479512693
ZNF706,-0.07130265235900879,0.890458241963139,0.6434844732284546,-0.09948044,0.5696456686741185
DIABLO,-0.0713423490524292,0.5368462212679606,0.3929913640022278,0.027871773,0.8737211524600159
STEAP3,-0.07146942615509033,0.5377332081658073,0.43366801738739014,0.005470548,0.9751189654162573
CDC40,-0.07157957553863525,0.32922490013254874,0.24430084228515625,-0.13417059,0.442237456230852
WRAP73,-0.07159960269927979,0.38137780142411315,0.302684485912323,0.23154204,0.1807844371086828
PYGL,-0.07202363014221191,0.5446294731532542,0.40514475107192993,-0.041133516,0.8145110049622405
ICAM1,-0.07206475734710693,1.781504629573968,1.4651806354522705,-0.39246488,0.019702351156953415
RPS6KA4,-0.0720672607421875,0.6364529060552756,0.4823063015937805,-0.30423883,0.07558044906930084
RBM6,-0.07223010063171387,0.4436963686972211,0.35216784477233887,0.19434603,0.2632603298497181
MECR,-0.07226014137268066,0.6395369570897106,0.5014181733131409,0.7687702,6.897262509986772e-08
RSF1,-0.07226121425628662,0.6590658810177462,0.4842483401298523,0.27914596,0.10438870439913948
SRSF3,-0.07239985466003418,0.43669481774883273,0.3295598030090332,0.29002053,0.09102550056122422
TUBB6,-0.07247316837310791,0.9056982794495235,0.7133703827857971,0.2308823,0.18206504931372913
AKAP2,-0.07253491878509521,0.9208364293893633,0.7273690104484558,-0.35904896,0.03415600753638781
ARPC1B,-0.07257330417633057,0.8568988499567259,0.7128426432609558,0.28227985,0.1003939664408423
LONP2,-0.07271444797515869,0.54763716312076,0.43829479813575745,-0.53316575,0.0009744792723405294
C5orf24,-0.07289886474609375,0.46816471435603346,0.36558184027671814,0.2905524,0.09040724131646924
CUSTOS,-0.0729379653930664,0.4737731568356241,0.35092389583587646,0.11455684,0.512289775819407
CYP51A1,-0.07339310646057129,0.3966924562939453,0.302864670753479,-0.09771404,0.5765515014338904
KHSRP,-0.0734630823135376,0.6378058765596404,0.5141611099243164,0.54773945,0.0006597099961170321
RFC1,-0.07357501983642578,0.40574150172798407,0.3100602328777313,-0.2718881,0.11410121612665806
SMYD5,-0.07358551025390625,0.4346533363843069,0.3382319509983063,0.0073771738,0.966451446634401
RAB34,-0.07391750812530518,0.679263783066194,0.5593550801277161,-0.6324001,4.588839011677154e-05
LSM7,-0.0739363431930542,0.5153725323892085,0.4167039692401886,-0.520338,0.0013543506946740262
PCYT1A,-0.07413995265960693,0.48878283868407957,0.3439570367336273,0.36138284,0.032924498792872875
GLUL,-0.07433712482452393,0.817153333310731,0.6407516598701477,-0.4552794,0.005993092540516821
GAA,-0.07437789440155029,0.7837764705708287,0.6010439991950989,-0.074708015,0.6697261612346923
PDAP1,-0.07475388050079346,0.6951793371693776,0.5105871558189392,0.41530448,0.013103394106393504
GGA2,-0.07478797435760498,0.4195386512998554,0.3129589855670929,-0.09352958,0.5930600435381932
KHDRBS1,-0.0747983455657959,0.49694435907101003,0.3948928713798523,0.2121995,0.22103067367803955
ATP5MF,-0.07485353946685791,0.5063490688263806,0.4113534688949585,-0.16257504,0.35076591050881545
ACIN1,-0.07487618923187256,0.3791537705348787,0.2763444185256958,-0.09696563,0.5794888305202553
SRGAP2,-0.0749291181564331,0.5383875117729079,0.4185217618942261,0.103079155,0.55569307778684
BROX,-0.07495236396789551,0.6743130473192048,0.5237693190574646,0.38473436,0.022483797903595327
AP1G2,-0.07505691051483154,0.44121209659905436,0.34330785274505615,-0.029393364,0.8668870402106619
ABAT,-0.07509684562683105,0.5330192332653456,0.40612319111824036,-0.016367737,0.9256473081531787
SSNA1,-0.07547259330749512,0.5596634552613381,0.45846065878868103,0.42932692,0.010061919037866756
SRSF1,-0.07557451725006104,0.4399741072784771,0.35608014464378357,-0.5220268,0.0012978657370418599
LSM3,-0.07558345794677734,0.4413359088045836,0.33270400762557983,-0.30755576,0.07228947819927863
RIOX2,-0.07562804222106934,0.5387658671368063,0.42495453357696533,0.32987824,0.05295717566771122
UPP1,-0.07577204704284668,0.692955974301965,0.5593061447143555,0.32642332,0.0556450711021378
MYLK,-0.07584142684936523,0.6409691374738845,0.5147494673728943,0.065084234,0.7102994566101225
COTL1,-0.07584357261657715,1.0763370781738153,0.8490121364593506,0.52493304,0.0012054929516017577
SLC25A6,-0.07586061954498291,0.5962700319423946,0.4881558418273926,-0.2410973,0.16294630668684124
PATL1,-0.07592129707336426,0.46470330625125017,0.3399374485015869,-0.1147086,0.5117269896747824
EIF2AK2,-0.07595336437225342,0.571990301671873,0.4362156093120575,-0.022183076,0.8993472426856655
APP,-0.07597565650939941,0.45244530969027286,0.32905900478363037,-0.058046088,0.7404834114321944
TJP1,-0.07603955268859863,0.5588364240727944,0.4907899498939514,0.13328004,0.4452999253004978
ERGIC3,-0.07606959342956543,0.8430085986797332,0.7041882276535034,0.5260345,0.0011720302457041377
FTL,-0.07615339756011963,0.6515974012582404,0.495002418756485,0.24031071,0.16436511918206467
PRKCSH,-0.07621407508850098,0.4885860407373268,0.3778460919857025,0.17866787,0.30445899184147285
PHRF1,-0.07634294033050537,0.45816753018296563,0.36128470301628113,0.20801732,0.23047949864793912
KIF20A,-0.07651615142822266,0.6420326816657066,0.536761999130249,0.07703355,0.6600530453277904
HEBP2,-0.07654809951782227,0.7967903989874113,0.5991190075874329,0.25882688,0.1332658503565049
RWDD4,-0.07658088207244873,0.39784319816864505,0.3185790777206421,-0.060439333,0.7301742228459893
ESRP1,-0.07667744159698486,0.3778404505056126,0.3272058963775635,-0.11508061,0.5103500387511192
GMFG,-0.07693743705749512,0.4895472631626734,0.4131578505039215,-0.09941644,0.5698948272204349
RPL36AL,-0.07716703414916992,0.4933715081856067,0.4044076204299927,0.24890257,0.14934355129901034
CHP1,-0.07737278938293457,1.0684095855574238,0.8774166107177734,0.25948733,0.13224302961046697
MAX,-0.07741022109985352,0.556730055735711,0.4370766282081604,-0.45987853,0.00544455690374315
HOOK3,-0.07749688625335693,0.6743139975447453,0.5173090696334839,0.17763843,0.30729963111191494
GPX4,-0.07758843898773193,0.6582595167142161,0.5073049664497375,-0.010499226,0.9522670864036835
RPL24,-0.0776979923248291,0.5732844790401271,0.43251708149909973,-0.007468433,0.9660364205593397
SMARCC2,-0.07774627208709717,0.5425312008213627,0.4220905303955078,-0.039607227,0.8212803737451008
CCDC9,-0.0777585506439209,0.4734572094884348,0.37282708287239075,0.21571001,0.21330624015432445
UNC119B,-0.07780981063842773,0.5440342006959403,0.39339882135391235,-0.21596894,0.21274398154890214
KIF5C,-0.07796061038970947,0.7408692950934476,0.5686952471733093,0.19223551,0.26858135174003717
PATJ,-0.07803523540496826,0.37630818591949844,0.3301473557949066,0.55512935,0.0005376078942437148
SIN3A,-0.07811856269836426,0.5373255624047495,0.40818116068840027,-0.25601807,0.1376804527324045
TMEM205,-0.07861387729644775,0.5652308666275907,0.4863089919090271,0.11779534,0.5003558922873702
TRIO,-0.07879364490509033,0.5216629922552571,0.38058051466941833,0.26881018,0.1184191219673081
DDX42,-0.07881593704223633,0.47966848578029697,0.34784597158432007,-0.26527354,0.12352990585364138
NLN,-0.07899701595306396,0.4785154848682432,0.4060896933078766,0.112223156,0.5209759533123126
ARMCX4,-0.07916343212127686,0.45546938076597215,0.36025118827819824,-0.097810805,0.5761725425385679
NUP62,-0.079215407371521,0.3358315700034301,0.227808877825737,-0.09164692,0.6005542385304498
BAG5,-0.0794374942779541,0.3716374279539866,0.2815193831920624,0.2292334,0.18529391406006648
P3H2,-0.07951712608337402,0.7147735394460687,0.5011711120605469,0.17707506,0.30886121515397447
ARL2BP,-0.07954883575439453,0.6559360070868119,0.5211915373802185,-0.4906257,0.0027687153607920414
RIDA,-0.07957255840301514,0.7077163412026425,0.47962838411331177,0.10834025,0.5355871189950837
DENR,-0.07958388328552246,0.816101163231201,0.5942113995552063,-0.6130743,9.022776814936721e-05
PTPN23,-0.07988214492797852,0.513794771874892,0.3716399371623993,0.28892726,0.09230627684779254
ACTR3,-0.07989501953125,0.5030065977676298,0.41988101601600647,0.3599197,0.03369224950222341
OCIAD2,-0.07989811897277832,1.089567033099949,0.8264394998550415,-0.35323817,0.03738588040780842
RPL35A,-0.08016097545623779,0.38784581489311454,0.2996954917907715,0.38722292,0.021554979291683294
RPL19,-0.08017861843109131,0.5505100691893977,0.4270223379135132,-0.082146496,0.6389767411692556
RPP25L,-0.08047175407409668,0.3856347622555391,0.3122747838497162,0.03661263,0.8345991953183652
WASHC5,-0.08050978183746338,0.4666770877128713,0.3539108633995056,0.08422587,0.6304831221327047
ARGLU1,-0.08060526847839355,0.5776361254240006,0.4242524802684784,0.21835017,0.207620942997881
ITGA4,-0.08065152168273926,0.6447336514882631,0.4915008544921875,0.22122784,0.20154439235526048
PIEZO1,-0.08070337772369385,0.4446394502062777,0.3635139465332031,-0.2605915,0.13054630990315433
MEAK7,-0.08071553707122803,0.6103528564439409,0.5069678425788879,-0.12666139,0.4684194370110573
KIFBP,-0.08088672161102295,0.46473479396471695,0.3308326303958893,-0.21349744,0.21815279873553914
CC2D1A,-0.08089137077331543,0.527287487278229,0.3970203697681427,-0.13099031,0.4532272930182888
POLR1E,-0.08093035221099854,0.4517729582270049,0.36455562710762024,-0.15506275,0.37376421498619933
ATXN3,-0.08131611347198486,0.5610190871471463,0.4244815409183502,0.06512578,0.710122262423207
PHPT1,-0.08158135414123535,0.8851649581063336,0.6960643529891968,-0.33440247,0.04959491613031061
COQ3,-0.08158981800079346,0.39665293751259656,0.297105997800827,0.0736766,0.6740331854126135
PCBD1,-0.0816107988357544,1.2190727882371604,1.0070604085922241,0.08405839,0.6311655637674969
ERLIN2,-0.08193767070770264,0.9538482048501287,0.7009837627410889,-0.58695084,0.00021036118581449072
GNB4,-0.08194553852081299,0.4694509669263972,0.3744969069957733,-0.28669637,0.09496283884015243
U2AF2,-0.08211839199066162,0.3759316752007103,0.30869588255882263,-0.62699044,5.570319424926089e-05
ATP6V0D1,-0.08212447166442871,0.5389353560730535,0.4320361614227295,-0.34389254,0.04309663566033263
GPATCH8,-0.08212506771087646,0.36893033289551497,0.25782307982444763,-0.13439292,0.44147425218727965
LPCAT4,-0.08213484287261963,0.5122963070229438,0.4110874533653259,0.45393205,0.006162505796138326
JUND,-0.08228623867034912,0.7267223305409981,0.5849705934524536,0.27782983,0.10610172174780669
HSPG2,-0.0823373794555664,0.5591030866497808,0.4372956454753876,0.041435327,0.8131737997052725
HSPB1,-0.08243668079376221,1.8424333946994689,1.3158845901489258,0.36840394,0.029436518025165122
EIF5B,-0.08257150650024414,0.7132602517253321,0.5213075280189514,-0.16877657,0.3324408143453606
MTCH1,-0.08309602737426758,0.472662255745556,0.3995179831981659,-0.0006062086,0.9972425499306805
RAB8A,-0.08313322067260742,0.43136499848069876,0.3240140378475189,0.58474517,0.00022520432681283405
SNX3,-0.08347809314727783,0.8311515419953578,0.5395947098731995,0.15292044,0.3804821748868719
VCP,-0.08358848094940186,0.42324731292930656,0.31774309277534485,0.07549476,0.6664475780305443
LAMA3,-0.08365345001220703,0.6282610456495267,0.5277287364006042,-0.43243605,0.009475675166542333
TWF2,-0.08395695686340332,0.6207247423617245,0.48624446988105774,0.09859332,0.5731090264891048
PRORP,-0.08398103713989258,0.47440993274636056,0.3701656758785248,-0.3991791,0.01752485902365444
TAF15,-0.08400344848632812,0.4782791954926085,0.37157005071640015,0.039744064,0.8206733914255513
ERCC6L,-0.08407199382781982,0.3666045654694161,0.27404195070266724,0.30344772,0.07638226954805709
COX19,-0.08416080474853516,0.6068846850894276,0.4947350025177002,-0.26854905,0.11879090204240474
MGAT2,-0.08440220355987549,0.6806199703958995,0.5775123834609985,-0.22614072,0.19145839299243683
THRAP3,-0.08443260192871094,0.3328143701814213,0.22560535371303558,0.16362363,0.34762533757686653
CYRIB,-0.08445382118225098,0.5706204144898395,0.4225882291793823,-0.35853767,0.034430747270096165
KPNA4,-0.08500373363494873,0.4604368723956569,0.37759023904800415,-0.0032516979,0.9852092429509773
PRKDC,-0.08504438400268555,0.5342778982090919,0.41919729113578796,-0.32192677,0.059304322657991446
SIRT6,-0.08507537841796875,0.6069919008833321,0.4751802682876587,0.287148,0.0944204504819687
DPP9,-0.08508646488189697,0.537728968355775,0.42211613059043884,-0.042801898,0.8071264849332345
HNRNPC,-0.08514857292175293,0.3466426453478857,0.2800462245941162,-0.21440685,0.21615169788940844
RPL22L1,-0.08574855327606201,0.7596834819880455,0.5538923740386963,0.017021988,0.922684149486139
CAPN2,-0.08576488494873047,1.0368346804183044,0.8963716626167297,0.49997133,0.0022262377121554057
LARP4B,-0.08582043647766113,0.430269263650301,0.32754722237586975,0.11290292,0.5184384431417242
RBM39,-0.08594286441802979,0.46544129568872483,0.34481096267700195,0.49236125,0.0026600492155346637
MZT1,-0.08596813678741455,0.3142701084346501,0.2551077604293823,-0.08786902,0.6157140862915988
NELFA,-0.08600091934204102,0.6477278767587501,0.5109748244285583,0.065344706,0.7091903353220977
COQ9,-0.08611619472503662,0.6703238879750316,0.55598384141922,-0.021061355,0.9044131656691602
SEPTIN3,-0.08640694618225098,1.0646637034577004,0.8368202447891235,-0.6611431,1.535668745429014e-05
EFHD2,-0.08689260482788086,0.6343241403421062,0.48328694701194763,0.0190306,0.9135933588983772
INA,-0.08705461025238037,0.8785836878252429,0.7216357588768005,-0.030882891,0.8602061322406799
TPR,-0.08728504180908203,0.3885080576960733,0.30088528990745544,0.1041502,0.5515718560985214
DPH2,-0.08744096755981445,0.33471033046939735,0.24630951881408691,-0.04786404,0.7848222678237416
PTPRF,-0.08746063709259033,0.46869498565816564,0.36372023820877075,0.18078478,0.29867027787306916
GLRX3,-0.08766829967498779,0.7194360692859455,0.5310136079788208,0.40152064,0.016814456504187596
RABGEF1,-0.08778512477874756,0.33523101595153837,0.2806388735771179,-0.09307118,0.5948808308141567
TTC9C,-0.08779752254486084,0.661172479653806,0.5280079245567322,0.013577983,0.9382939558937546
BRD4,-0.08788394927978516,0.5145838369400505,0.3887762427330017,-0.49364194,0.0025822654053492605
TFAM,-0.08791494369506836,0.5284361650573003,0.46702274680137634,0.20192671,0.24472397972601742
TRIQK,-0.08801901340484619,0.3569451576791474,0.27037572860717773,-0.044032875,0.8016878557344261
LMNB1,-0.08813321590423584,0.5283307481676427,0.3832609951496124,0.45100808,0.006544363950004418
TRIM25,-0.0885077714920044,0.6346067963476973,0.53363436460495,0.30154514,0.07833778307468064
PURB,-0.08862876892089844,0.4866047727269638,0.40559273958206177,0.15882105,0.36214924093661216
ETV6,-0.08896350860595703,0.4788285302826269,0.3105989694595337,0.15701568,0.3677016875779528
SAFB2,-0.08917951583862305,0.42138671875,0.3243989646434784,-0.39865988,0.017685719544941705
S100A11,-0.08921706676483154,1.718156816251096,1.4071907997131348,0.35262877,0.03773849704603906
DAGLB,-0.08923029899597168,0.7042202155125691,0.5815057158470154,-0.161919,0.3527394261616605
TP53I11,-0.08923971652984619,0.8126234180908579,0.6260786056518555,-0.14425504,0.40836882985933937
RPS12,-0.0893087387084961,0.8525884554997485,0.6167454123497009,0.2619855,0.12842713926020122
SF1,-0.08977806568145752,0.4450301730984889,0.32614681124687195,0.068922766,0.6940148602859719
GSTP1,-0.0898360013961792,0.9894095753491895,0.753603994846344,-0.08554921,0.6251017098842058
DLG1,-0.08998775482177734,0.4552417510079774,0.37941479682922363,0.39621118,0.018461207492404298
SRRM1,-0.09001541137695312,0.4659102890798552,0.3804952800273895,-0.036766168,0.8339151799966882
APBB1IP,-0.09013843536376953,0.44093958061370825,0.3438926339149475,0.15866193,0.3626366539569561
GLCCI1,-0.09024405479431152,0.5088337825517434,0.3902198076248169,-0.011536501,0.9475576506594017
STX8,-0.09030389785766602,0.37885356812127846,0.2901346981525421,-0.027332427,0.8761455810577409
IQGAP1,-0.09055769443511963,0.8282398648043471,0.7190495133399963,0.50289935,0.00207658906046951
IGF2BP2,-0.09073364734649658,0.8449622029535795,0.6411213278770447,-0.19643562,0.2580613131070654
GID8,-0.09084212779998779,0.3395807300752581,0.28691455721855164,0.038819026,0.8247813657663995
ITGB3,-0.09089016914367676,0.7953790947813065,0.6621173024177551,-0.37144363,0.028023494211850717
GPATCH11,-0.0911329984664917,0.5327253052185149,0.46435344219207764,0.058103383,0.740236400014893
HNRNPLL,-0.0911637544631958,0.35094126808881454,0.2507683038711548,0.13077419,0.4539794413729221
TATDN1,-0.09122836589813232,0.6227587568845806,0.4886167347431183,-0.29762998,0.082483967438751
PSMD9,-0.09133028984069824,0.7007288050935335,0.46315622329711914,-0.24131736,0.16255099036646717
RPL29,-0.09150123596191406,0.4959955643938142,0.4031117558479309,-0.030072946,0.8638376388916957
CCNK,-0.09168779850006104,0.3287493465148755,0.2592647969722748,-0.056764126,0.7460241447561508
SF3B5,-0.0921863317489624,0.46473250139771505,0.35022154450416565,-0.23646498,0.17142897811973665
NHLRC2,-0.09231400489807129,0.4473996856872945,0.3360782563686371,0.22125985,0.20147763295623453
RSRC2,-0.092399001121521,0.3562213559932579,0.27206239104270935,0.23294675,0.17807880510458404
CNN2,-0.09244763851165771,1.150985330897498,0.9969413876533508,0.22109707,0.20181781785884548
BRCC3,-0.09250032901763916,0.33900091737085747,0.28665608167648315,0.048065115,0.7839400606337917
CARMIL2,-0.0925060510635376,0.504139217964123,0.39347633719444275,-0.021460472,0.9026103166063763
UGP2,-0.09251773357391357,0.946685393079938,0.6230489611625671,-0.1417831,0.4165313250087467
GPT2,-0.09252274036407471,0.6042323871471439,0.4732670485973358,-0.09402104,0.5911103209486088
LASP1,-0.09259426593780518,1.2454296004354515,0.9979476928710938,0.42354387,0.011234428780589634
DAZAP1,-0.0925971269607544,0.38063737316722646,0.27599847316741943,-0.2600524,0.131372678428583
TXNDC9,-0.0925978422164917,0.49853174879084655,0.3918417692184448,0.041410085,0.813285741731209
ISYNA1,-0.09286582469940186,0.7624006300416246,0.5498810410499573,-0.17974974,0.3014919283314543
MPG,-0.09302198886871338,0.3989761115346886,0.3104402720928192,0.23920754,0.16636968312270475
SF3B4,-0.09303820133209229,0.28362508448317486,0.20937293767929077,-0.03250188,0.8529548436277353
RNH1,-0.09340524673461914,0.7658024796285109,0.5850774645805359,-0.009555249,0.9565546493342012
RPL10,-0.09366810321807861,0.5648540406193263,0.41663405299186707,0.11862495,0.49732174752816827
ZNF638,-0.09374451637268066,0.4489021678437549,0.355478972196579,-0.45304587,0.006276166225126653
MYL6,-0.0937812328338623,0.8167923739732064,0.6928834319114685,-0.5071165,0.0018765249079252346
TRIP10,-0.09379196166992188,0.6292704362956942,0.5194535851478577,-0.10360712,0.5536595758801589
SLBP,-0.0941774845123291,0.550107936671646,0.4549764394760132,0.58965963,0.00019333227114360052
VPS13C,-0.0942152738571167,0.35505744697616015,0.26726555824279785,0.10478513,0.5491354488753716
ATP2B1,-0.09424138069152832,0.5527194934364832,0.4479466676712036,0.3546637,0.03657140637831105
HSPE1,-0.09424841403961182,0.6951254689558533,0.5844647884368896,-0.0514619,0.7690707990303787
DIAPH1,-0.09427762031555176,0.5917592807826851,0.45446470379829407,0.086300835,0.6220536879633475
GSS,-0.09445846080780029,0.7313037934038888,0.5023528933525085,-0.030782767,0.8606544407530334
MTHFD1L,-0.09463834762573242,0.4480755065975551,0.3572080135345459,-0.064969525,0.7107879603040664
MRPL54,-0.09477770328521729,0.4388357445760118,0.3587431311607361,0.39171353,0.019959464024886225
BCCIP,-0.0948481559753418,0.748462372368553,0.6071635484695435,0.0934949,0.5931977604282807
CPSF1,-0.09503376483917236,0.37645639293798977,0.27720752358436584,0.14623348,0.40190198461852544
NACC1,-0.09554493427276611,0.38849010722011695,0.29985055327415466,0.03944726,0.82199067790289
DTYMK,-0.09562039375305176,0.6335946888569791,0.4509652853012085,-0.17186034,0.3235521501847778
RANBP2,-0.09576654434204102,0.2947769314123948,0.2290729582309723,-0.026092386,0.8817242229564582
CTSB,-0.09588396549224854,1.6270149649674484,1.3222471475601196,0.13729933,0.43156905707697324
HSPA2,-0.09600675106048584,1.0627893727003448,0.8330487608909607,0.076995574,0.6602102984292944
FUBP3,-0.09605813026428223,0.34626726145357845,0.28257396817207336,-0.024650976,0.8882162432556167
PRPF40A,-0.09622573852539062,0.28968902941385455,0.21556134521961212,-0.0735026,0.6747609937488553
SP1,-0.09673511981964111,0.3416741832142827,0.24340449273586273,-0.06039139,0.7303802043797346
PFKM,-0.09715235233306885,0.7054904355658633,0.5625794529914856,-0.49131456,0.002725135367126262
CMAS,-0.09729421138763428,0.684400159120792,0.526178777217865,-0.1247784,0.4751108537766773
CADM1,-0.09732949733734131,0.5182057156520333,0.3812084496021271,-0.086083606,0.6229338643144151
GTF2E2,-0.09738469123840332,0.4346651295295159,0.31027111411094666,0.17943478,0.30235382685400974
STARD9,-0.09744274616241455,0.24148346490111533,0.18404924869537354,0.40135947,0.016862570146596454
HNRNPK,-0.09769558906555176,0.4529387814890684,0.3840872347354889,-0.14755845,0.39760385020594596
TMSB4X,-0.09791946411132812,1.1827404106072312,0.9501470327377319,-0.08281423,0.6362444215385249
USP47,-0.09817743301391602,0.33924540100058553,0.26871687173843384,0.12160872,0.4864863555579827
NBN,-0.09849071502685547,0.39338547923988554,0.2892746925354004,-0.14925501,0.39213915333914107
GLO1,-0.09896814823150635,1.2861803606494073,0.9373316168785095,0.27519897,0.10958981153404825
HDHD3,-0.09933888912200928,0.6580600299989928,0.5309985876083374,0.54144996,0.0007823610646535166
PLPBP,-0.09948277473449707,0.885446820961085,0.6896226406097412,0.29210255,0.08862376327373746
PWWP2A,-0.0996478796005249,0.4762501552911941,0.35303038358688354,-0.4106031,0.01428265739691798
CHD1L,-0.10000646114349365,0.48225702720256436,0.33451730012893677,-0.21064213,0.22451781550314437
RAB11B,-0.10028886795043945,0.49891604706905374,0.3912102282047272,0.34105137,0.04496573068395587
NEDD1,-0.10035622119903564,0.39783789827068755,0.30564406514167786,0.025657507,0.8836820028439858
COQ7,-0.10051441192626953,0.5825363118391901,0.4661369323730469,0.18917824,0.2764130110264263
LSM2,-0.10055208206176758,0.38264303933046734,0.2816767394542694,-0.015122008,0.9312923084726059
CHMP6,-0.10065805912017822,0.6493843243896017,0.5069278478622437,-0.17230286,0.32228893034627976
PTBP3,-0.10077226161956787,0.569661095028716,0.4497455358505249,-0.020117117,0.9086798251715742
CA2,-0.10078096389770508,0.9715085286204393,0.7020946741104126,0.2610858,0.12979203805118059
NRP2,-0.1014472246170044,0.6110104597775936,0.49028435349464417,0.0073509105,0.9665706463307041
HMGN1,-0.10156750679016113,0.5595211786398638,0.4762139320373535,0.48795983,0.002943155843824174
ARHGEF6,-0.10186398029327393,0.36746746915095585,0.27732864022254944,-0.033218704,0.84974831024454
ZCCHC8,-0.10202693939208984,0.4805842315090397,0.3903883397579193,0.36272293,0.032233948070722114
USP39,-0.10214519500732422,0.3419674474981937,0.24972479045391083,0.35260183,0.03775414817146354
TJP2,-0.10236382484436035,0.7367899936115627,0.5628047585487366,0.24949057,0.1483532604995079
CD320,-0.10255026817321777,0.3621113922161716,0.31438419222831726,0.04175573,0.8117553034867475
SYNCRIP,-0.10263931751251221,0.40606580740127896,0.32996276021003723,0.5289459,0.0010874795801165762
TXNDC17,-0.10283350944519043,1.1199405600749046,0.8418554663658142,-0.40358835,0.01620732195161296
PHF23,-0.1029130220413208,0.5259873642292145,0.4219302237033844,0.05115624,0.7704055198841707
RMDN1,-0.10314798355102539,0.6792779104909971,0.5299436450004578,0.56985974,0.0003523561150771799
TTC38,-0.10343432426452637,0.5838830407041629,0.4679083824157715,0.25766107,0.13508519483732162
SNRPD2,-0.10344243049621582,0.34189726308969554,0.26511484384536743,0.3270305,0.05516494498059148
SNRPA,-0.10388302803039551,0.33524252841398117,0.25680047273635864,-0.24171506,0.1618383451360733
ANXA1,-0.10406267642974854,1.9474728396557677,1.599951982498169,0.018781355,0.9147209846865427
FOXRED1,-0.10419058799743652,0.3121063972302447,0.21545594930648804,-0.34735674,0.04090295303509339
PLIN3,-0.10419929027557373,1.4739591870344766,1.1960296630859375,0.7581815,1.3242968467805852e-07
PRR11,-0.10451400279998779,0.47650185183478466,0.4104059040546417,-0.06678266,0.703077703885293
CYP2S1,-0.10457825660705566,0.4010694564339688,0.3217746317386627,0.07103334,0.6851173943047504
TSC2,-0.10474586486816406,0.4766457750698412,0.34094637632369995,0.11212965,0.5213253261545988
NUDCD1,-0.10478639602661133,0.6634974600190657,0.5037145018577576,0.08457432,0.629064315561562
HNRNPUL1,-0.10484933853149414,0.5254737192690864,0.44126957654953003,-0.07904109,0.651745663781188
TXLNG,-0.10543692111968994,0.4333972141821067,0.3268890678882599,0.1559368,0.37104358732251846
IGF2R,-0.10547316074371338,0.7974051039987581,0.6294407248497009,0.45757416,0.005713743430188472
ANLN,-0.10582220554351807,0.6886615477602814,0.56526780128479,-0.035560165,0.8392911812998587
NR2C2,-0.10669755935668945,0.4300704290132802,0.3394400179386139,-0.1241764,0.4772606101506504
RECQL,-0.10755264759063721,0.5310927887717356,0.40076813101768494,-0.35199723,0.03810671557493465
KRT17,-0.10756886005401611,1.7934182129358083,1.4458361864089966,-0.08231365,0.6382923671288869
CCAR1,-0.10767853260040283,0.34631037853577723,0.2758302390575409,-0.14091863,0.41940750615112743
CLDN3,-0.10785198211669922,0.43748784048349,0.3277398347854614,-0.33888903,0.046431443522663284
MTO1,-0.10821640491485596,0.6067032564922439,0.5051183104515076,0.24732862,0.15201768251881176
PPFIA1,-0.10822606086730957,0.608999405553681,0.45869874954223633,0.08255908,0.6372878169887436
ITGA1,-0.10858523845672607,0.7472748520037696,0.5705152153968811,-0.49378744,0.002573558703935829
PDE4DIP,-0.10877001285552979,0.4693669233122503,0.36121994256973267,-0.15410537,0.3767576837286729
ZFP91,-0.10980284214019775,0.36162655852265796,0.2721114158630371,-0.32839996,0.05409433967772087
SHOC2,-0.10998022556304932,0.45691421836217033,0.3438332676887512,-0.03539808,0.8400138814546831
TTC19,-0.11002302169799805,0.3600412081604534,0.266203910112381,0.022669971,0.8971492666023785
EPCAM,-0.1100391149520874,0.726624147814637,0.5591040253639221,-0.015858553,0.9279545900264989
RAP2C,-0.11018359661102295,0.44612233659906375,0.3720055818557739,-0.34291425,0.04373303883934447
LACTB2,-0.11027932167053223,0.7473246222585842,0.5994511246681213,-0.55941653,0.0004763688125480375
RBIS,-0.11052727699279785,0.5600295919876243,0.4097634553909302,-0.5208204,0.0013380014874895185
RHOA,-0.11087489128112793,0.4047814565749485,0.3291870653629303,0.30805668,0.07180236976843431
FOXK1,-0.11099410057067871,0.3736398587557002,0.2906303405761719,0.33236474,0.0510874517239778
PRDX4,-0.11108434200286865,0.50399862226419,0.4055911600589752,-0.06918347,0.692913596989472
EPB41L1,-0.11142337322235107,0.8159329077986983,0.6670172810554504,-0.08359825,0.6330419998219672
CTTN,-0.1116018295288086,0.7233798554031585,0.6220782995223999,0.21182944,0.22185584304869801
PABPC1,-0.11164748668670654,0.5654230463300076,0.42393189668655396,-0.09971691,0.5687238417796814
CPNE3,-0.11187708377838135,0.6387862823394104,0.4656287133693695,0.15372933,0.3779375232885482
EXOC7,-0.11213362216949463,0.47179491993043754,0.3676355183124542,-0.20306906,0.24200835529522466
MAP4,-0.11239838600158691,0.9340236105150352,0.6678617000579834,-0.062415972,0.7216945782740688
LYSMD2,-0.11242246627807617,0.36230330968219526,0.2635071277618408,0.102091156,0.5595076898271509
EPB41L3,-0.11259353160858154,0.6372988346075431,0.5369520783424377,-0.19080198,0.2722352017800952
GTF2H1,-0.11286818981170654,0.5952061816016285,0.48307135701179504,-0.7301454,6.422379256823999e-07
CASK,-0.11312353610992432,0.4110503669039712,0.3679657578468323,-0.09222429,0.5982517692310693
TRAF2,-0.11327040195465088,0.47091806023564275,0.3663271367549896,0.35281524,0.03763026080857134
SF3B2,-0.11328995227813721,0.2742896833267451,0.19861151278018951,-0.4302753,0.00987990841655054
ATOX1,-0.11407089233398438,0.8331260105364452,0.6631411910057068,0.06005535,0.7318251574227365
PCID2,-0.11420631408691406,0.425266111732499,0.34083592891693115,-0.23430184,0.17549627062634274
SPNS1,-0.11421859264373779,0.44518348431118315,0.35543352365493774,0.29180714,0.08896151477500064
M6PR,-0.1143878698348999,0.5880653653938087,0.48835209012031555,0.34779778,0.04063031591332719
NRCAM,-0.11438858509063721,0.6159511205830706,0.4424973130226135,-0.044405032,0.8000459962063435
RPL12,-0.11442983150482178,0.3863708781007388,0.3073223829269409,-0.030225964,0.8631511068231588
PPP1CA,-0.11458313465118408,0.5277277360861383,0.44485488533973694,0.2672319,0.12067992613797493
FHL3,-0.11461460590362549,0.62528050803608,0.5407952666282654,0.115573734,0.5085271087028183
DYSF,-0.11486649513244629,0.5995350645658278,0.46788814663887024,0.25495166,0.13938424330069016
LYPLA1,-0.11510705947875977,0.7678191216772875,0.6569393277168274,0.49582428,0.002454276098157063
MCL1,-0.11511754989624023,0.6769085560702964,0.5145294070243835,0.19643989,0.2580507054508141
KNOP1,-0.11562573909759521,0.4800144001171626,0.393197625875473,-0.07414693,0.6720675658272263
MED30,-0.11630654335021973,0.3942456675383955,0.3107461631298065,-0.096433446,0.5815819653937758
BANF1,-0.11718320846557617,0.5349179872148961,0.45300960540771484,-0.19534424,0.26076826223164673
PSMB10,-0.11775624752044678,0.614216352801132,0.5390244722366333,-0.16476053,0.34423918054005115
CHMP2B,-0.11777544021606445,0.3998617820057628,0.30194130539894104,0.07981616,0.6485497571422423
TXN,-0.11779093742370605,0.9866179993962382,0.7721588015556335,0.07815886,0.6553914504260795
GGH,-0.11804842948913574,0.6401805731724409,0.521793782711029,-0.12320954,0.4807235857166624
NIBAN2,-0.11841845512390137,0.753277531290044,0.6236969232559204,0.5150653,0.0015448672253176561
LLGL1,-0.11884701251983643,0.5432931493553683,0.4511701166629791,-0.06714809,0.7015274841595521
MLF2,-0.11888837814331055,0.6643666636678742,0.4788663685321808,0.13254434,0.44783892689181337
LSM1,-0.1198432445526123,0.8170234136156372,0.5781758427619934,0.30455846,0.07525825085694135
C7orf50,-0.1198645830154419,0.4897649272670939,0.40942949056625366,0.053162236,0.7616580316224905
MIER1,-0.12024569511413574,0.4286852852830463,0.3400859236717224,-0.12241026,0.4835964514255759
POLR2K,-0.12028980255126953,0.7008529617888712,0.5409380197525024,-0.39893264,0.01760105462673053
ZFC3H1,-0.1203608512878418,0.5034466207141004,0.4187132716178894,0.5736592,0.00031495116661597075
WDR1,-0.12089753150939941,0.8830326109747195,0.610042154788971,0.2321419,0.17962554017233126
CAPNS1,-0.12102329730987549,0.9597988049955375,0.7746498584747314,0.5500952,0.0006183590576447278
DDX24,-0.12102580070495605,0.6817194939486221,0.5544949769973755,-0.38485286,0.02243883078685027
NAPA,-0.12135791778564453,0.6149530403305218,0.5269120931625366,-0.032169256,0.8544439823745952
SLC12A2,-0.12148332595825195,0.8473075465888816,0.6060044169425964,-0.10677534,0.5415312166193379
PFN1,-0.12160849571228027,0.9871588202087433,0.6299104690551758,0.21522734,0.21435712031056842
NRAS,-0.12172043323516846,0.46549259709905727,0.3498924672603607,0.0070407502,0.9679805069943157
CHTOP,-0.12258446216583252,0.48027709301786414,0.370301753282547,-0.29516125,0.08518424151018608
UBE2G2,-0.12275314331054688,0.3207393918457398,0.24569080770015717,-0.06297952,0.7192830685188899
ANXA11,-0.12290465831756592,1.1040901781376198,0.8915686011314392,0.019949904,0.9094359142654356
RABEPK,-0.12311649322509766,0.5136195108970315,0.39474403858184814,0.08168713,0.6408595475197326
LSM6,-0.1239091157913208,0.41931042178257755,0.3401821553707123,0.30702534,0.07280814446158856
AKAP8L,-0.12500345706939697,0.44733060339804365,0.3299904465675354,-0.057089165,0.7446179270202551
ROCK1,-0.12503445148468018,0.42408712884817734,0.3386075496673584,0.37385857,0.026941058135051144
TPM3,-0.12659740447998047,0.6738010566913747,0.5555623173713684,0.16011791,0.3581922516888577
CDC42,-0.12685692310333252,0.4112539407431144,0.34473690390586853,-0.0052691996,0.9760344542307756
C11orf68,-0.1269599199295044,0.4848587327880186,0.3839096426963806,0.3626066,0.032293371130581165
STAG1,-0.1272343397140503,0.5472807060521727,0.3796713948249817,0.12656327,0.46876683829656485
LIN7C,-0.1272413730621338,0.44659978955144747,0.3641747534275055,0.30124485,0.07864994401849766
CLN6,-0.1273665428161621,0.35120190034851295,0.27640500664711,-0.022977892,0.8957598443170193
HMGA1,-0.12831377983093262,0.8943227333348729,0.7166750431060791,0.10578044,0.545325920492834
HNRNPAB,-0.1283634901046753,0.4706095843937639,0.3226644992828369,-0.2573907,0.13550974926496376
LRRC20,-0.12892603874206543,0.5008504013426266,0.42193228006362915,0.19628957,0.25842243992414504
DNAJC10,-0.12896811962127686,0.560054842230447,0.40199771523475647,0.20410973,0.2395523985170973
STARD7,-0.1292717456817627,0.4745976638918907,0.37180018424987793,-0.094981626,0.587307918739135
C8orf82,-0.12936770915985107,0.5657012761568777,0.4284352958202362,-0.48253033,0.0033282064354705526
GSKIP,-0.1297363042831421,0.4495302198581872,0.368480384349823,-0.35967147,0.033823917121192294
GSN,-0.12988317012786865,0.945113421198291,0.7539559602737427,0.16952692,0.33026411486660506
PGLS,-0.13088905811309814,0.9206107571102881,0.6891816258430481,0.4579635,0.0056674767506927305
ELAVL1,-0.13110554218292236,0.4248841836143873,0.307017982006073,0.017805817,0.9191354328616238
ZMAT2,-0.13161218166351318,0.3607634797806307,0.2847294509410858,0.16493866,0.34371060930032127
NFU1,-0.13238763809204102,0.6548027474289816,0.512104332447052,-0.29013094,0.09089678846637346
VRK3,-0.1326993703842163,0.552672581537865,0.48403963446617126,-0.41664365,0.012782904752411178
TTK,-0.132881760597229,0.3884470687264598,0.29186901450157166,0.14701925,0.39934968085191624
PUDP,-0.13306403160095215,0.36350989580917364,0.3048707842826843,-0.3614764,0.03287588622151959
STX7,-0.13388311862945557,0.8552028294958084,0.7085778713226318,-0.569435,0.0003567743307764902
HLA-E,-0.13517224788665771,0.2816673996217961,0.20937880873680115,0.18824153,0.27884206168797543
IWS1,-0.13541793823242188,0.41324917068444383,0.3112865686416626,0.030882336,0.8602082694857549
PPIG,-0.13704347610473633,0.38304022418913497,0.2994791269302368,-0.34175625,0.04449605610334745
MRFAP1,-0.13719427585601807,0.6482317034915761,0.5032519102096558,0.15930712,0.3606631391373474
SERPINB6,-0.1380540132522583,1.0349950125016643,0.7954188585281372,0.17930593,0.3027069312148015
KRT14,-0.13881456851959229,2.005072598177533,1.4011495113372803,0.017256942,0.92162018692105
HDGFL2,-0.1398857831954956,0.628442439245298,0.5031290054321289,0.43453118,0.009097201455844786
POLB,-0.14023137092590332,0.4500524000282911,0.33633506298065186,0.029680572,0.8655977249437341
NUP210,-0.14031732082366943,0.6818038613809561,0.5499436259269714,-0.08487104,0.6278571984749707
WDR11,-0.1406339406967163,0.37039451978462606,0.2974605858325958,0.14950705,0.3913311589421334
SMARCD2,-0.1417306661605835,0.5498171816773221,0.4345003366470337,-0.18609664,0.28445571265028724
EPHB2,-0.1436903476715088,0.4905148649821331,0.3855852782726288,0.06756615,0.6997551617625171
DNAJB1,-0.14402973651885986,0.7607897840308367,0.5369815826416016,-0.46716827,0.0046636198734026635
SNRPF,-0.14551281929016113,0.40250591602479513,0.30331382155418396,0.047691353,0.7855806744538861
NAGK,-0.14594173431396484,0.8055281830847036,0.5999078750610352,0.46453017,0.004934269627049535
RPAP1,-0.14609944820404053,0.4287288896629689,0.3396119475364685,-0.17830496,0.3054586797866275
GAK,-0.14620721340179443,0.41966211135660375,0.3159598112106323,0.056113515,0.7488410634020981
INTS4,-0.14699113368988037,0.29645217097390325,0.24055595695972443,-0.03602702,0.8372088918938994
RPUSD3,-0.14721715450286865,0.31523767774475475,0.25318920612335205,0.17397924,0.31753107664244207
OVCA2,-0.14764511585235596,0.4977143018749748,0.3721400499343872,-0.14521064,0.40523794499828
ARPC5L,-0.148476243019104,0.523429358120126,0.4609580934047699,-0.03716527,0.8321377268978363
TCEA1,-0.14911174774169922,0.9230756860886746,0.709538459777832,0.24648438,0.1534663108373184
SERPINB9,-0.15004336833953857,0.8745951056327976,0.7388615608215332,-0.011908876,0.9458671966956137
CSTB,-0.15047621726989746,1.0063791061884282,0.8083561658859253,0.101952925,0.560042553171221
UBAC1,-0.15055012702941895,0.3807785143967244,0.30094894766807556,0.34541994,0.042118079727416456
OAT,-0.15060317516326904,0.8175627625430487,0.6166952848434448,0.16148528,0.3540477761530401
HNRNPM,-0.15066993236541748,0.33991046776784617,0.2402927130460739,0.44331813,0.007646829065400796
CASP8,-0.15087485313415527,0.4399221672229206,0.3295484781265259,-0.015661985,0.9288453607389578
ALCAM,-0.15127527713775635,1.0413011227407423,0.8380158543586731,-0.04050558,0.8172948006994397
PKN2,-0.15226173400878906,0.43818811389214657,0.35703858733177185,-0.053251848,0.7612677740406177
TRIP4,-0.15261244773864746,0.32977129427282603,0.2629087567329407,-0.15668829,0.3687138100615185
UBXN6,-0.15299534797668457,0.49932707266528503,0.3792477548122406,0.04511731,0.7969050929729068
TSPYL1,-0.15384924411773682,0.4768968566145422,0.3759641945362091,-0.23239113,0.17914552363739025
RAB33B,-0.15573155879974365,0.5854811098959019,0.4649513363838196,0.23378105,0.17648549087898394
EIF1,-0.15618383884429932,0.5002221865511816,0.3660658597946167,-0.028878434,0.869198486113209
CLTA,-0.15723848342895508,0.46149824269829115,0.34395888447761536,0.038786076,0.8249281077377988
HMGB3,-0.1572500467300415,1.3651624232202046,1.07512629032135,-0.47481573,0.003950189601707397
PUF60,-0.1574239730834961,0.44128902532890213,0.3235606551170349,-0.2955296,0.08477706271074331
TKT,-0.15942120552062988,1.0747360371163812,0.8240849375724792,-0.045162953,0.7967038661441995
PDS5A,-0.15946877002716064,0.4015206556375053,0.2988889515399933,0.259464,0.13227911029140077
ATF2,-0.1596660614013672,0.4271742057266482,0.3265485465526581,0.25137895,0.1452055534329933
SNRPC,-0.16032159328460693,0.37898884689029816,0.2930496335029602,0.45216015,0.006391558031995023
CAVIN2,-0.16364789009094238,1.0075768483578211,0.8135673403739929,0.21209374,0.22126625990928436
VASN,-0.16592681407928467,0.7605109395852375,0.5816304087638855,0.09604947,0.5830940187818943
RAB24,-0.16642892360687256,0.46715944965064743,0.39250025153160095,0.23658235,0.1712101400489872
TRIM29,-0.16760194301605225,1.1250409542682536,0.8838431239128113,0.24831097,0.1503447102184235
PLEKHA6,-0.1683807373046875,0.38010362812037884,0.31863299012184143,-0.28425825,0.0979326370815217
NELFE,-0.16914212703704834,0.5294488780096329,0.38241901993751526,-0.1356752,0.43708904318790875
BAG4,-0.17174947261810303,0.5201546220418768,0.40975603461265564,0.007268913,0.9669434208760803
YWHAZ,-0.1721872091293335,0.7712024801443907,0.584997832775116,-0.14089598,0.41948301053320985
VDAC3,-0.17404890060424805,0.44693022233374646,0.36386898159980774,-0.3544763,0.036677638114489694
TUBA1C,-0.17459332942962646,0.8290701816402833,0.6183497905731201,0.27585164,0.10871655311174681
ACOT13,-0.17466259002685547,0.9283038830722876,0.7852625250816345,0.17600293,0.3118465097307635
EPB41L2,-0.1768871545791626,0.8364643682608152,0.6829020977020264,0.097748,0.5764183156805843
TMSB10,-0.1770244836807251,0.9762918631336771,0.7421227693557739,0.28612968,0.09564690896948382
LMNB2,-0.1772099733352661,0.551908165355288,0.449503093957901,-0.24915795,0.1489129594645553
SPR,-0.17990314960479736,0.7004741289152234,0.547340989112854,0.189756,0.27492159692255486
DUS2,-0.1799412965774536,0.3315923145634488,0.25556454062461853,-0.173919,0.31770150315757895
DST,-0.17995929718017578,0.41350898093026944,0.31410762667655945,0.35223848,0.03796574538334511
RAB2A,-0.18112075328826904,0.607683450487818,0.459807813167572,0.118282884,0.498571506633545
SNRNP70,-0.18189167976379395,0.3304279550213148,0.23579975962638855,-0.26608112,0.1223487228006787
FAM136A,-0.18268930912017822,0.6433268535943237,0.5125391483306885,0.13241217,0.44829555858565884
TIAL1,-0.18407118320465088,0.3837131687283122,0.30682873725891113,0.039184913,0.8231559413301327
CORO2A,-0.1844550371170044,0.41241351651542885,0.33303678035736084,0.07501759,0.6684353679578775
SCG2,-0.18755090236663818,0.5320822703899301,0.39793506264686584,-0.19846562,0.2530757691491676
NDUFB5,-0.18914306163787842,0.4566376287069967,0.37957489490509033,0.155681,0.3718386706222503
LSM4,-0.19053304195404053,0.34676365439945206,0.2582520842552185,0.35410902,0.03688657117750927
MTG2,-0.19354212284088135,0.3580599649572299,0.2875421643257141,-0.24887264,0.1493940673827285
AARS2,-0.200461745262146,0.4444014448567739,0.3528729975223541,-0.22004482,0.20402732262186765
GSTO1,-0.2062913179397583,0.8422838824718629,0.6337776184082031,0.017942358,0.9185175985222659
LYRM7,-0.21193230152130127,0.4854891637629971,0.3904295563697815,-0.23812509,0.16835353498423042
PRXL2A,-0.2137587070465088,0.6779162248150074,0.525388240814209,0.30100542,0.07889959553404481
CELF2,-0.21403121948242188,0.5256266010817955,0.4112609922885895,-0.17574552,0.3125662303681124
DDAH2,-0.21550893783569336,1.1391166224134464,0.9008330702781677,-0.13649577,0.43429504714950157
TP53,-0.2184286117553711,0.7436059748219235,0.537188708782196,-0.047134966,0.7880246987130515
CORO1B,-0.2185760736465454,0.7101777177341907,0.5639738440513611,-0.15337959,0.3790366634392364
IKBKB,-0.22188150882720947,0.3622158383728067,0.2731890082359314,0.15526646,0.3731290199990989
SPATS2L,-0.22527682781219482,0.7987891003466313,0.6637247204780579,0.43652955,0.008748297192328992
PTK2,-0.23062348365783691,0.6706073690409448,0.4913528859615326,0.34964517,0.03950402166175974
CLIC1,-0.23361146450042725,1.103041069144629,0.8630008101463318,-0.4106117,0.014280425786388445
ANXA7,-0.23514342308044434,0.6445932763049338,0.4881869852542877,0.046312388,0.7916422729116847
DNAJC9,-0.2404155731201172,0.7090323355770379,0.5111627578735352,0.46463686,0.004923079211018832
INTS5,-0.2433861494064331,0.4070520919179071,0.3268806040287018,-0.39402083,0.01917869243510872
PIP4K2C,-0.24621474742889404,0.541841503194754,0.4127824902534485,-0.21432519,0.21633085787457915
FANCI,-0.2533026933670044,0.44537793063608255,0.3794901669025421,-0.2966247,0.08357545674793933
STAU2,-0.258022665977478,0.5467111887140481,0.4327870309352875,-0.19976242,0.24992446844510735
WAPL,-0.2631840705871582,0.3307726511065084,0.2867248058319092,0.057526246,0.7427287795061368
C17orf75,-0.26508212089538574,0.28185962463787406,0.23061567544937134,0.3285568,0.05397274956177
HNRNPF,-0.2874739170074463,0.4130670710013631,0.34935489296913147,0.033846326,0.8469426037536608
SCRIB,-0.288105845451355,0.4860687330105562,0.366798996925354,-0.11184056,0.5224067030559257
CCN1,-0.29299163818359375,0.6593522135697908,0.5417154431343079,-0.34268233,0.04388496547147566
DPY30,-0.29319190979003906,0.4324863313433391,0.3578999638557434,-0.37721166,0.025495387662481418
PSPH,-0.30213499069213867,0.9370186523689857,0.6824914216995239,0.18956639,0.27541056626670124
ABRACL,-0.3519401550292969,0.8016939126127978,0.6206153035163879,-0.3227644,0.05860865500287588
RHOB,-0.35312938690185547,0.649467798748934,0.5409693717956543,0.111522414,0.5235981558781143
CRYZL1,-0.37818360328674316,0.40981620134616836,0.3205234110355377,0.14273651,0.41337218526854214
BAP18,-0.480269193649292,0.6655009678003165,0.47456425428390503,0.34185013,0.044433763721719574
