Feature,R2,RMSE,MAE,Correlation,P_value
PTCD3,0.014175832271575928,0.4269217867924289,0.30892008543014526,0.56280947,0.0004323844302015302
BCAP31,0.012268900871276855,0.7415677745838879,0.6417397856712341,0.7813184,3.041567981416505e-08
ANK3,0.01186901330947876,0.3934580492587352,0.3134223520755768,0.48201394,0.00336700935382961
CHD2,0.010368406772613525,0.4084842389251747,0.3143119513988495,0.4975004,0.0023597697995549963
EMC2,0.010286867618560791,0.45514763559085386,0.3734125792980194,0.63031703,4.9465768525126664e-05
RIPOR1,0.010134577751159668,0.4637756096639775,0.375123530626297,0.58184695,0.0002461299690804758
EMC7,0.010079026222229004,0.5246834799889156,0.41741397976875305,0.71621007,1.3125125997013602e-06
TMEM209,0.010066568851470947,0.33221017840855604,0.27476346492767334,0.53859276,0.0008444505080044901
PICALM,0.009822309017181396,0.6373924248754848,0.569880485534668,0.7174835,1.2316780759811725e-06
MRPS14,0.009376227855682373,0.5229511563704183,0.39653217792510986,0.738975,3.9908345083125777e-07
SINHCAF,0.0092695951461792,0.5342855958714438,0.44000181555747986,0.6880301,4.937644351837113e-06
ZFPL1,0.009102463722229004,0.7325009722914769,0.6177994608879089,0.81003267,3.755195848709194e-09
SAR1A,0.009072184562683105,0.4922381783688939,0.4159022867679596,0.37778312,0.02525554785976345
RPN2,0.009038329124450684,0.7301002021500856,0.61174476146698,0.720213,1.0735528685256008e-06
MYL6,0.008966028690338135,0.7774826769110219,0.6656360030174255,0.57073706,0.0003433835786643684
FAM20B,0.008814990520477295,0.49445012166869157,0.3410070836544037,0.4518666,0.006430193385945071
CTTN,0.008655309677124023,0.6831312304227476,0.5538593530654907,0.63526106,4.135574265813932e-05
COMT,0.008589446544647217,0.7442855093176193,0.5281888842582703,0.63216597,4.6278468971451286e-05
MRPL24,0.008410930633544922,0.4839970282993435,0.3658199906349182,0.7947666,1.1896066945785166e-08
RCC1L,0.0084075927734375,0.5201888547506386,0.41343003511428833,0.61636287,8.067499105720467e-05
DHCR7,0.008233487606048584,0.5968064143934909,0.45785582065582275,0.55822515,0.0004927311145629306
THEM6,0.00800389051437378,0.5287449905031948,0.4350499212741852,0.61794806,7.640385786214861e-05
MRPL4,0.00788182020187378,0.4242977054807669,0.34491077065467834,0.4800613,0.0035173005179625584
SEC11A,0.007818341255187988,0.771584921936329,0.6397903561592102,0.65737224,1.784504980036373e-05
ATAD1,0.007815062999725342,0.47581950881047086,0.35389190912246704,0.59766287,0.00014999137421618208
SIPA1,0.007706403732299805,1.0879269496256918,0.9785532355308533,0.8932497,5.337605379425002e-13
STAT2,0.007433831691741943,0.4835899667175899,0.4244935214519501,0.42299858,0.011350741871708933
BAIAP2,0.007431507110595703,0.612813224305732,0.493470698595047,0.5478445,0.0006578155539532762
CSK,0.007407844066619873,0.659839238000755,0.5160460472106934,0.59092385,0.00018581680664616937
NSMCE3,0.007384240627288818,0.3447387520253268,0.280458927154541,0.7562417,1.487105817648671e-07
NFYC,0.007071077823638916,0.6279632891597634,0.514959454536438,0.76462805,8.938061818534416e-08
CLPB,0.006852090358734131,0.3830982231876609,0.30574101209640503,0.48492253,0.0031534812340974485
HABP4,0.006801128387451172,0.4557950671550055,0.37839624285697937,0.45591223,0.005914903257559139
CTNNA1,0.0067498087882995605,1.1545144019767113,0.9964418411254883,0.8259593,1.0049986061714687e-09
LAMTOR1,0.006733417510986328,0.6787654278514008,0.5411860942840576,0.62857616,5.2646451137193267e-05
PHLDA2,0.006716489791870117,0.3894744140254769,0.29627442359924316,0.29872817,0.08130415191521784
SUCLG1,0.006551861763000488,0.7502331371350788,0.5926868319511414,0.6568395,1.822466503022707e-05
PDCL,0.006401360034942627,0.5375468466548349,0.43160390853881836,0.6355616,4.090392863103545e-05
ZNF787,0.006389737129211426,0.5124165676404496,0.3616844713687897,0.48069093,0.0034682135416294114
CPSF4,0.006102263927459717,0.36119557604298363,0.30082809925079346,0.32208356,0.05917362556947421
HSDL2,0.006073892116546631,0.8157498582003369,0.6891468167304993,0.63530725,4.1285912876301e-05
ECM1,0.006063640117645264,0.5957005735248894,0.4753742218017578,0.57609284,0.000292894307307025
TIMM10,0.006035447120666504,0.46052280456954026,0.3677259087562561,0.30210328,0.07776013305841716
RAI14,0.00592195987701416,0.8731098195028112,0.7411715984344482,0.5672088,0.0003807492410360871
SUPV3L1,0.005919158458709717,0.5848015263913896,0.48564857244491577,0.6733401,9.310513627705184e-06
NDUFB6,0.00589144229888916,0.45299343961634725,0.3745236098766327,0.43803373,0.008493245391090308
NME3,0.005822181701660156,0.8217204046441273,0.6686801314353943,0.5598776,0.0004701668671267056
FAM3C,0.0058155059814453125,0.7437475172370055,0.5901864767074585,0.749748,2.1756935504148246e-07
TPD52L2,0.0057852864265441895,0.6592679113053181,0.5578373670578003,0.40009427,0.01724427155347865
LRRC57,0.0057416558265686035,0.5527351568101941,0.39941486716270447,0.5487778,0.000641191208566249
AHNAK,0.005737423896789551,1.8764495968106172,1.736565351486206,0.8250785,1.0847015962946571e-09
ZNF281,0.005683779716491699,0.2758208357197286,0.246884286403656,0.28305846,0.09941981311514311
ALG1,0.005599081516265869,0.5583082683355465,0.4501191973686218,0.6823797,6.3287785434618964e-06
MRPL55,0.005590081214904785,0.5053436419268855,0.3901628851890564,0.56539756,0.0004013027790001227
ZNF24,0.0055089592933654785,0.5715804441043176,0.43492090702056885,0.7813191,3.041421446115384e-08
MRPL45,0.005503952503204346,0.41634581451144664,0.31998053193092346,0.5691632,0.0003596274273269381
LMAN2,0.005478262901306152,0.7802310784101146,0.6727227568626404,0.7956623,1.114784141834003e-08
NDUFS4,0.005425751209259033,0.5901814687611182,0.4808388948440552,0.38289708,0.02319062421342197
PCBD2,0.005405604839324951,0.4127379590813408,0.3268698453903198,0.32232454,0.05897320401677431
TFB2M,0.005280911922454834,0.5275129541279934,0.4114416241645813,0.5880781,0.00020311848169834805
SLC2A1,0.005263984203338623,1.126682824257857,0.9536503553390503,0.7776171,3.893565969619194e-08
FBXO2,0.005225002765655518,1.0638307764424129,0.8642935156822205,0.67181706,9.923312789199972e-06
S100A10,0.005193471908569336,1.55384980449698,1.368277668952942,0.8565199,5.282744389330623e-11
IQGAP1,0.005172610282897949,0.791053187102474,0.6629607081413269,0.63225687,4.612657176780224e-05
RRBP1,0.005171298980712891,1.4055344350498717,1.2422372102737427,0.8022468,6.84581884212117e-09
GSTZ1,0.005124032497406006,0.4293191024121525,0.31647688150405884,0.4613017,0.005283828976511945
LRP1,0.005108296871185303,1.0643065745411475,0.8333825469017029,0.6403191,3.432121139114634e-05
TSNAX,0.005088329315185547,0.5883597596404951,0.4057225286960602,0.5375844,0.0008673811155963765
S100A11,0.005044996738433838,1.6421291177609005,1.4110383987426758,0.8398391,2.8457759876945373e-10
KDM2A,0.004958987236022949,0.7024539924638457,0.5809611082077026,0.4214634,0.01168363327797542
CTSA,0.004885852336883545,0.9195848564396908,0.7857065200805664,0.68495774,5.654955651903823e-06
SYNPO,0.004847824573516846,0.6231973161506768,0.48295164108276367,0.6429,3.116616632112003e-05
HEXB,0.004801452159881592,0.920601174848438,0.7624601125717163,0.62541777,5.8892164324874594e-05
STX3,0.004763662815093994,0.5728234446427416,0.46076124906539917,0.5387739,0.0008403900457194974
EHHADH,0.004593312740325928,0.5621783608525485,0.46554598212242126,0.6859749,5.407613530769173e-06
MTDH,0.004583418369293213,0.5116930947897762,0.3974698781967163,0.6174026,7.785004853648455e-05
NIP7,0.004546999931335449,0.5665531362610884,0.456478089094162,0.5139619,0.0015875869398400378
ACAA1,0.004364371299743652,1.1475413971957147,1.0150469541549683,0.88753814,1.2072134135738822e-12
PALLD,0.004317760467529297,0.5176991447180819,0.4115818738937378,0.2700707,0.11663628553212183
GOSR1,0.004292845726013184,0.6299587706668565,0.5390565991401672,0.7166455,1.284345821234872e-06
PHC2,0.004287123680114746,0.6108346476894183,0.49787890911102295,0.66474754,1.3277041619249178e-05
NDC1,0.004280030727386475,0.4237831021491987,0.3334399163722992,0.5707241,0.000343514960122316
CLPTM1,0.004237115383148193,0.8655108490191775,0.6753385066986084,0.7561745,1.4930549272112874e-07
NNMT,0.004229187965393066,0.619254694397635,0.489891916513443,0.35462013,0.036596117372446516
NFATC2IP,0.004206538200378418,0.5449508878032671,0.41613104939460754,0.37841174,0.024993793463719438
PPM1A,0.004157721996307373,0.6757288565198095,0.552044153213501,0.8048099,5.634470588631605e-09
SH3KBP1,0.004156231880187988,0.612354696321486,0.5016382932662964,0.3792165,0.024662054748878597
MRPL13,0.004142880439758301,0.5032026420535273,0.3971829414367676,0.7440402,3.0116001749137275e-07
GNG12,0.004104733467102051,1.3686892300009588,1.1799938678741455,0.79887944,8.804296983410555e-09
YWHAH,0.004085183143615723,0.8844315864603054,0.7115658521652222,0.578128,0.00027551910642540565
HS2ST1,0.004081547260284424,0.5854692495449308,0.41395291686058044,0.37510473,0.026396132862331324
TFAM,0.0040569305419921875,0.5056061276472709,0.4399683475494385,0.2987114,0.08132210940538716
CRNKL1,0.003999829292297363,0.37709851006092393,0.2921856939792633,0.3805892,0.024104481565874587
MRPS18B,0.0039994120597839355,0.597865398437554,0.46517932415008545,0.6846913,5.721430414649895e-06
GFM2,0.0039640069007873535,0.48490441523359273,0.37971749901771545,0.38495374,0.02240061771295755
HNRNPF,0.003950357437133789,0.36332212238703804,0.3090825080871582,0.19428244,0.2634197948587964
POLR2I,0.0039403438568115234,0.4030942675978081,0.3190673291683197,0.45702645,0.005779372121942503
IGF1R,0.0039244890213012695,0.7219259747759342,0.5998582243919373,0.59047693,0.0001884427192498896
SLC44A2,0.0038357973098754883,0.6581746669695852,0.5620527267456055,0.5396102,0.0008218611504907321
PSMG4,0.003798544406890869,0.3451688592868908,0.26046642661094666,0.30888188,0.0710055455157514
NUDT19,0.0037909746170043945,0.6712535823250482,0.5682178139686584,0.5839303,0.0002309210540806667
NDUFB8,0.0037773847579956055,0.4892123081266843,0.39641204476356506,0.5581695,0.0004935077582676449
CSNK1E,0.003763914108276367,0.5521082212728362,0.44522547721862793,0.644185,2.9695238075206955e-05
NFATC2,0.003722548484802246,0.5187186289114426,0.43458014726638794,0.51871455,0.0014106805907030742
CGAS,0.0036737918853759766,0.3845274909625103,0.31304314732551575,0.14066212,0.42026313822136935
DDR1,0.003631770610809326,0.5871902044699908,0.47393035888671875,0.6634542,1.3991812468680862e-05
SYNE2,0.003538787364959717,0.6853575050963887,0.568847119808197,0.5423359,0.0007639466416290528
EI24,0.003524482250213623,0.6156191394739962,0.4706457555294037,0.50382096,0.0020313489236076054
HLA-C,0.0035205483436584473,1.3469043790440904,1.144528865814209,0.7964159,1.0552197652007246e-08
POR,0.0035170316696166992,0.827410011411758,0.7099789381027222,0.6928137,3.984539937765969e-06
SLC25A10,0.0035095810890197754,0.5989139761601797,0.4996335208415985,0.57790554,0.0002773723622213469
NDUFA7,0.003462851047515869,0.6488883048574586,0.5437167882919312,0.3864656,0.021834217479284657
GTF3C3,0.003453969955444336,0.4303895936386816,0.32753947377204895,0.26868483,0.11859743371274685
PON2,0.0034474730491638184,1.3556503042389352,1.1105707883834839,0.8852525,1.6531949335128266e-12
MRPL2,0.0033640265464782715,0.44981807037864857,0.35489901900291443,0.5095522,0.0017688375065627684
PPOX,0.0033589601516723633,0.5140936102917661,0.4356757402420044,0.28522542,0.09674626843811446
SLC35B2,0.0033272504806518555,0.6388262407597664,0.5488044619560242,0.67603296,8.310609793191316e-06
CEP97,0.00331038236618042,0.43291828019677037,0.34380456805229187,0.48759535,0.0029677370335943745
MCCC1,0.0033066272735595703,0.8076433871723341,0.6888583302497864,0.6197099,7.189659807890855e-05
ANK2,0.003300189971923828,0.5171766919623079,0.4192389249801636,0.5001967,0.002214397081956535
SNAP23,0.0032485127449035645,0.9390185137966008,0.7941455841064453,0.70459425,2.3082784853854917e-06
MRPS31,0.0032455921173095703,0.46414783219843464,0.37344828248023987,0.5552027,0.0005365027817374984
LRPAP1,0.00324094295501709,0.7761505400476074,0.6365448236465454,0.7957923,1.1042880106252193e-08
EGFR,0.0032387375831604004,1.5150244398002755,1.2864044904708862,0.74163145,3.445796656987346e-07
CKAP2,0.0032147765159606934,0.6040294891589109,0.4429519772529602,0.47211275,0.004190725764417404
MRPL54,0.003152608871459961,0.41874857375628005,0.33934512734413147,0.41768426,0.012538440033381872
PLCG1,0.0031443238258361816,0.6118950454576789,0.4736725389957428,0.43682566,0.008697577928306022
CRIP1,0.003124833106994629,1.0084630359954585,0.6719410419464111,0.2159159,0.2128590940432087
MRPS15,0.003108799457550049,0.44608387309829856,0.3556895852088928,0.633036,4.484372688449998e-05
GTF3C4,0.003067910671234131,0.3179455976000557,0.2415168732404709,0.39433217,0.019075301818562432
STAM2,0.003056049346923828,0.64047458092296,0.515003502368927,0.2836934,0.09863058508995723
YBX3,0.003045380115509033,1.0122513124208241,0.8891494274139404,0.63034713,4.9412225866012444e-05
SNIP1,0.0029897689819335938,0.45134200154202025,0.31434059143066406,0.39330494,0.019418159810488573
SSR3,0.002960681915283203,0.6850902851846947,0.5662519335746765,0.7509619,2.0280810971155812e-07
EHD2,0.0029456019401550293,0.7175204499417384,0.5218697786331177,0.2815943,0.10125776834385243
CLIP1,0.0029351115226745605,0.5761369856276497,0.48264122009277344,0.63254184,4.565348623967372e-05
MORC2,0.0029111504554748535,0.6267586284571514,0.5104450583457947,0.537796,0.0008625243605225386
TIMM29,0.0028899312019348145,0.6395071324941655,0.5379647016525269,0.39082995,0.020265381611849154
CEP290,0.0028699636459350586,1.1319085559473407,0.9783347249031067,0.4895747,0.0028363859348944495
TPM3,0.002850651741027832,0.6339097106553288,0.515769898891449,0.28625908,0.09549045409248878
ARHGAP35,0.002841770648956299,0.5477057822298536,0.4341556131839752,0.45705062,0.005776472844937808
STX17,0.002831101417541504,0.4048885126076085,0.32440194487571716,0.42722112,0.010476242921724235
MEN1,0.0027868151664733887,0.4362331679794188,0.35238489508628845,0.48560366,0.0031052103622763896
PEX11B,0.0027582645416259766,0.49805212579091024,0.40775710344314575,0.39850014,0.017735462572088113
COASY,0.0027486085891723633,0.48849635154665766,0.3914698362350464,0.54562175,0.0006989563954414206
LGMN,0.0027440786361694336,0.4797402573441588,0.38766393065452576,0.601214,0.0001337247321603058
TBC1D10A,0.0027324557304382324,0.47773716723794973,0.3878483474254608,0.33492708,0.04921632841975465
ETFA,0.0027294158935546875,1.2033033857995548,0.979464590549469,0.7979123,9.455746703128959e-09
THYN1,0.002727687358856201,0.8307528995643545,0.6605110168457031,0.73248714,5.671213743517899e-07
BCKDHA,0.002721548080444336,0.38857948700391076,0.3024477958679199,0.2355477,0.17314545751605295
SLC25A24,0.002633988857269287,1.1139077013498313,0.9313881993293762,0.7213458,1.0135667585709591e-06
SEPTIN6,0.0025973916053771973,0.4457942799222596,0.32187092304229736,0.29782698,0.0822713160348173
POLRMT,0.0025753378868103027,0.3501344392784959,0.2828079164028168,0.421762,0.01161824101321387
GOLGA1,0.0025655627250671387,0.7743188864487449,0.6732594966888428,0.58166593,0.0002474923759957303
TMCO1,0.0025313496589660645,0.7565868336901586,0.6273623704910278,0.72095174,1.0340714974167237e-06
CTSD,0.002524256706237793,1.3395153121329366,1.1638827323913574,0.77412003,4.8958753879593806e-08
CLTB,0.0024889707565307617,0.650126864817328,0.552689254283905,0.68341255,6.0505027846539965e-06
RAB6B,0.0024497509002685547,0.5061647237374693,0.40735119581222534,0.27045324,0.11609922685491426
PTGES2,0.0024366378784179688,0.4696640004708876,0.3761897087097168,0.4909235,0.0027498005552155152
MISP,0.002382338047027588,1.3062948958425027,1.1367671489715576,0.8656617,1.9143815727988435e-11
CST3,0.002373814582824707,0.7945661944091386,0.5626110434532166,0.5493373,0.000631403356992918
RAD21,0.0023661255836486816,0.5334063970418204,0.41856884956359863,0.39517546,0.01879762237258257
PPIL2,0.00235903263092041,0.5479881130046527,0.4027300179004669,0.31551978,0.06484443822648112
DDI2,0.002357661724090576,0.9601061566588032,0.7874453067779541,0.6589896,1.6736066568523446e-05
GULP1,0.00234377384185791,0.455254598298959,0.32468366622924805,0.36614186,0.030525559937122537
ELOA,0.002331972122192383,0.4070871237920321,0.30915093421936035,0.4400029,0.008168943227961072
AARS2,0.0023163557052612305,0.405133105881061,0.3414019048213959,0.27880585,0.10482936841239696
JAM3,0.0023040771484375,0.5231357957553204,0.41891834139823914,0.2791911,0.10433027115475425
P4HA1,0.0022926926612854004,1.0733874624436648,0.8701450228691101,0.5620822,0.00044149602507933215
RBM12B,0.002274751663208008,0.49515391858732605,0.40585771203041077,0.20032193,0.24857316188449863
GATAD2B,0.002266228199005127,0.7733373480793998,0.6561018228530884,0.5186407,0.0014132890463774718
USP9X,0.0022652745246887207,0.5754272563225994,0.4470464885234833,0.31915525,0.06165306979238278
NDUFS6,0.002264261245727539,0.6681058865588613,0.5485746264457703,0.41356266,0.013530335471824018
USP11,0.0022587180137634277,0.9036242824186957,0.7024432420730591,0.54249597,0.000760662726188464
ADA,0.002253293991088867,0.5746597879935554,0.4291655421257019,0.14844325,0.3947485643298654
SMPD4,0.0022521018981933594,0.34809336881567904,0.2971644699573517,0.1815496,0.29659647886781504
RAB25,0.0022433996200561523,0.5937276384258632,0.4680054187774658,0.66155434,1.5105296201593457e-05
STAU1,0.0022397637367248535,0.5548007204799883,0.46284767985343933,0.17430457,0.31661290421816457
PRKACA,0.002238929271697998,0.5702836016296534,0.48404425382614136,0.25500852,0.1392931896065295
ARL6IP4,0.0022273659706115723,0.5199394916670986,0.4169735312461853,0.6211048,6.850007250578169e-05
GMDS,0.002189457416534424,0.8727670174073042,0.7186529040336609,0.65179676,2.2198103509630978e-05
MRPL52,0.00218808650970459,0.635269598800038,0.5199792385101318,0.6779188,7.669709920926618e-06
MRPS26,0.0021776556968688965,0.43180234822420566,0.34125539660453796,0.34785903,0.040592547717069154
JPT2,0.002163410186767578,1.2504182592625672,0.9849938750267029,0.6267691,5.614242874874345e-05
PBRM1,0.0021445155143737793,0.7424255792332105,0.5819204449653625,0.5730135,0.0003210460100712677
GPN1,0.0021368861198425293,0.4077614580564137,0.3437452018260956,0.33865955,0.04658921680456002
DCUN1D1,0.0021339058876037598,0.48756611143451206,0.3772636353969574,0.18586044,0.28507854019907297
PSMB8,0.0021038055419921875,0.8176155078140406,0.6858645677566528,0.33314645,0.05051072096050302
NUCB2,0.002102673053741455,0.6634584484485553,0.46698543429374695,0.35542879,0.03614028454205353
LSR,0.0021025538444519043,0.7465459441899734,0.607474148273468,0.4378707,0.008520567258302057
LMNA,0.0021009445190429688,2.3965796814662137,2.1349825859069824,0.71861863,1.163492704753454e-06
EIF3A,0.00206679105758667,0.5878490293875226,0.43133020401000977,0.2727527,0.11290982514381358
ANXA2,0.0020207762718200684,2.4792545741120686,2.2107160091400146,0.70392275,2.382908072154919e-06
TAF15,0.002017080783843994,0.458910201552162,0.3595225214958191,0.20356241,0.2408420063645049
MLEC,0.0020120739936828613,0.7943823480753943,0.6375884413719177,0.64054096,3.4039079498494136e-05
PLXNB2,0.0020083189010620117,0.7300448896375655,0.6138779520988464,0.383547,0.022938510964421843
COG5,0.0019817352294921875,0.38689763334190835,0.30317503213882446,0.41491956,0.01319672728710459
ACSL4,0.0019608139991760254,0.6379812396992373,0.5266122221946716,0.5622862,0.00043892364366697435
PPIC,0.0019332170486450195,1.39042130596487,1.1316529512405396,0.6311783,4.7956963493609325e-05
FDXR,0.0019270777702331543,0.8848298241100276,0.6871741414070129,0.24742588,0.1518514091912783
QKI,0.0019177794456481934,0.7191896752367435,0.604163646697998,0.21354674,0.21804388109031764
EEFSEC,0.0018839240074157715,0.53549629044873,0.43722406029701233,0.56310076,0.00042878159997648585
ITGA5,0.001883864402770996,1.2936176158603236,1.030871868133545,0.44306827,0.007685160816200205
RRS1,0.0018756985664367676,0.6406533769975095,0.5312249064445496,0.23692313,0.17057630556415418
CHDH,0.0018732547760009766,0.5554679162385373,0.3943924605846405,0.31274438,0.06736722492897386
HLA-A,0.0018704533576965332,1.595813836093983,1.359998106956482,0.7635648,9.544902756728546e-08
GTF2E1,0.0018618106842041016,0.28085573695430277,0.21671472489833832,0.27178103,0.11424954232628715
ITGA3,0.001826941967010498,2.200886231431519,1.9763340950012207,0.5362144,0.000899417176803183
S100A6,0.0018256306648254395,1.5168830133893663,1.2513715028762817,0.72509855,8.361067693218098e-07
ENDOD1,0.0018249750137329102,1.2392973476443399,1.0324610471725464,0.5893722,0.00019507927718075772
CTNNB1,0.0018048286437988281,1.0336335697130212,0.8349804282188416,0.7489106,2.283203463951459e-07
WDR3,0.0017982125282287598,0.3585276357833833,0.27032676339149475,0.25829786,0.13408908237702308
RAB1A,0.001786649227142334,0.4665336824576389,0.3760947287082672,0.45316118,0.006261265107023264
ERLIN1,0.0017597079277038574,0.8489338260850015,0.7280810475349426,0.6821119,6.402795273311558e-06
TTN,0.0017493367195129395,0.3064940278309992,0.23160572350025177,0.09780873,0.5761804850394201
KRT8,0.0017348527908325195,3.3031853763255694,2.773270845413208,0.87015396,1.1309748391189791e-11
RAB6A,0.0017310380935668945,0.4749742055464553,0.3631141781806946,0.33589786,0.048521856389926094
MSRB2,0.0017246603965759277,0.7438375100977197,0.6032768487930298,0.19633664,0.2583059584768067
AURKB,0.0017178058624267578,0.3940406808704008,0.3336489498615265,0.07659777,0.6618613290966618
APOOL,0.0017167925834655762,0.49054747533905774,0.3864680826663971,0.42294568,0.011362058460195388
MRI1,0.0017163753509521484,0.6742292233180757,0.5348259806632996,0.4645996,0.0049269821031067695
SPINT1,0.001698315143585205,0.9725076033287643,0.7747513651847839,0.41529784,0.01310497968322608
DNAJC3,0.0016805529594421387,0.6473504572029883,0.5091465711593628,0.53657794,0.0008908152190458469
MYO1B,0.0016540884971618652,0.6086231141357914,0.4880477786064148,0.56018955,0.00046601316490182417
MSI2,0.0016025304794311523,0.6801371566858249,0.5403684377670288,0.6424304,3.171987995641396e-05
VPS26A,0.0015885233879089355,0.452482293873217,0.3533663749694824,0.14035392,0.4212922220744319
GRB2,0.0015838146209716797,0.8481303352744748,0.6795787215232849,0.38035616,0.024198396035766512
UQCC3,0.0015772581100463867,0.4596170326281021,0.37044674158096313,0.2900291,0.09101549850263113
TPM1,0.001558840274810791,1.1828752105496632,0.9685547947883606,0.6153788,8.34330114469876e-05
MTHFD1L,0.0015338659286499023,0.4279396748911637,0.34002402424812317,0.20662835,0.2336774706376723
GPRC5A,0.0015291571617126465,1.0151365426023475,0.8733011484146118,0.44757947,0.007017796488790445
ANXA5,0.0015202760696411133,1.0541268447973826,0.7866581678390503,0.34118962,0.04487327800738152
CHCHD6,0.0015201568603515625,0.6964060081941982,0.503937840461731,0.4084745,0.01484522802234434
TST,0.0015066266059875488,1.0135897270535614,0.8537678718566895,0.61622643,8.10522844891315e-05
LEO1,0.0015049576759338379,0.34597141824967736,0.26042091846466064,0.33419442,0.049745669712261215
TAGLN2,0.0014829039573669434,1.0402902792255966,0.8558158278465271,0.08366129,0.6327847070307046
SRPK1,0.0014777779579162598,0.568741686204783,0.4458495080471039,0.18418671,0.2895156616383845
EPPK1,0.0014697909355163574,1.0574052621236094,0.8269752860069275,0.6062411,0.00011340070691673804
ALG5,0.00145643949508667,0.5953427584910544,0.461652547121048,0.34516233,0.04228178820250842
RANGRF,0.001449286937713623,0.3445514850340048,0.2717604637145996,0.17618003,0.3113523066350852
FKBP9,0.0014439225196838379,0.8478855930292584,0.6693408489227295,0.46120477,0.0052946437065793
UCHL5,0.0014265775680541992,0.6834746338742471,0.5422959327697754,0.5843497,0.00022796306113431698
FN3KRP,0.0013810992240905762,0.48134964926847457,0.36796221137046814,0.28128475,0.1016495323651073
HDAC7,0.0013582110404968262,0.37063194451733317,0.30103275179862976,0.119664624,0.49353217076338113
SYNGR2,0.0013506412506103516,0.6373353558525544,0.5428808927536011,0.68337464,6.060516098382393e-06
KIAA1522,0.0013099908828735352,0.6696628703805207,0.5544518828392029,0.5756178,0.00029708821747824194
LEMD2,0.0013018250465393066,0.7718217715547407,0.6135697364807129,0.53654605,0.0008915681401774131
HTATIP2,0.0012957453727722168,0.867169010549478,0.7234554886817932,0.61482704,8.501664105624608e-05
RCC1,0.0012783408164978027,0.5916209950975455,0.4745778739452362,0.2032111,0.2416722688096267
SHMT1,0.0012607574462890625,0.5651267496920211,0.44886061549186707,0.12605055,0.4705845683321392
ZEB2,0.0012524724006652832,0.5447028755736079,0.4268917143344879,0.24766816,0.15143792994887717
MRPL15,0.0012331008911132812,0.4144898314764513,0.3401918411254883,0.2540831,0.14078343469020868
THOC6,0.0012281537055969238,0.3684632075095674,0.28601592779159546,0.3900283,0.02054630920045994
KDSR,0.0012128949165344238,0.5969405782334843,0.4607023596763611,0.41015774,0.014398856295405682
TTC4,0.0012090206146240234,0.4564883439131252,0.36746713519096375,0.20083821,0.24733042172498043
NIPSNAP3A,0.0011864900588989258,0.586305299399752,0.45197027921676636,0.18315658,0.2922684414201082
CDCA3,0.0011832118034362793,0.4720329714973826,0.39755845069885254,0.16839471,0.33355173893127515
SMAP1,0.0011803507804870605,0.4196787285473972,0.3210039436817169,0.27325964,0.11221574441408147
CISD2,0.0011740922927856445,0.5724870949752429,0.42571133375167847,0.4454622,0.007324562188718746
DNTTIP1,0.0011705756187438965,0.4449171184925234,0.35241344571113586,0.314654,0.06562333233295871
CAMSAP3,0.0011646747589111328,0.4012243011896367,0.3231574296951294,0.30690134,0.07292977845755585
YY1,0.0011625885963439941,0.5817802451205423,0.43093574047088623,0.2837062,0.09861478139199202
PTPRJ,0.0011573433876037598,0.7768722330966329,0.6296587586402893,0.7787228,3.6184542381207e-08
DCAF7,0.0011400580406188965,0.7020574518710099,0.5572792887687683,0.7101684,1.7664453876483111e-06
SEC24A,0.0011321306228637695,0.5066869439545146,0.3939807116985321,0.28874794,0.09251779238062063
ACADSB,0.001084446907043457,0.7902169799398672,0.6068095564842224,0.39574564,0.01861178924730104
ARFIP1,0.0010793209075927734,0.5883113838168191,0.45492127537727356,0.4152365,0.013119834297653203
GPC6,0.0010733604431152344,0.7457162191481287,0.6114882826805115,0.58191633,0.00024560940343215903
STT3B,0.0010311603546142578,0.6441269733747401,0.5359576344490051,0.67641366,8.177450943065303e-06
COG1,0.0010303854942321777,0.3825263880995747,0.30383020639419556,0.40681252,0.015297287766809166
COG6,0.0010182857513427734,0.44935350470139174,0.3613424599170685,0.15973976,0.3593434120264971
AGRN,0.0010065436363220215,0.9154149345053976,0.7698674201965332,0.7443503,2.9595204370093353e-07
MRPL21,0.001000523567199707,0.4692957085788152,0.38104167580604553,0.22540747,0.1929408240695257
AHCTF1,0.001000046730041504,0.38658584854183237,0.2973327338695526,0.2102795,0.2253351605424125
CLASP2,0.000981152057647705,0.5072401783040719,0.34288355708122253,0.2444359,0.15702287138117133
FAF2,0.0009711384773254395,0.6602426957633135,0.5784801840782166,0.84060264,2.645855132038839e-10
TPM2,0.000957489013671875,1.0554043629487988,0.9004491567611694,0.31655136,0.06392599262334737
HDAC1,0.0009474754333496094,0.3332640034379811,0.2663152515888214,0.073100194,0.6764445374427491
HACD3,0.0009440779685974121,0.4575797319245613,0.37448516488075256,0.20833309,0.22975662210081538
SDF4,0.0009301304817199707,0.6656043385267422,0.507110595703125,0.21189722,0.2217044224226021
HCCS,0.0009261369705200195,0.5896911423676303,0.4984555244445801,0.3715862,0.027958611475691366
NME7,0.0009093880653381348,0.560671775805743,0.38731786608695984,0.12915404,0.4596387632995095
NOP14,0.0009093284606933594,0.49708876360090587,0.4207436144351959,0.30093998,0.078967800194922
SAR1B,0.000899195671081543,0.43926105964515466,0.3498893976211548,0.5144107,0.0015700866868085318
MPP1,0.0008953213691711426,0.5929449295265267,0.45709437131881714,0.14827615,0.3952870137415295
LENG1,0.0008946061134338379,0.5281144338600416,0.4285953938961029,0.39898202,0.01758577125797987
NAA30,0.0008870363235473633,0.37142800786950253,0.32060176134109497,0.15855686,0.3629588899384554
SDC4,0.0008842349052429199,0.9414056168550127,0.7689152359962463,0.6663043,1.2460685724821988e-05
WIPF1,0.0008503198623657227,0.8065774075395243,0.6270182728767395,0.5180154,0.0014355662957735624
TGFB1I1,0.0008473992347717285,0.7893493810681101,0.6014981269836426,0.46947762,0.004437313752898413
LYRM2,0.0008434057235717773,0.29988715811280586,0.24665634334087372,0.37498352,0.026448696355030877
LPCAT1,0.0008101463317871094,0.5825385884367649,0.43511128425598145,0.24541278,0.15531939928610608
NUP205,0.0007978677749633789,0.4407113437058674,0.357284814119339,0.09580105,0.5840732539364011
RBM45,0.0007923245429992676,0.47678040384903975,0.35401302576065063,0.16068065,0.3564830415823277
HK2,0.0007919073104858398,0.6646812921834073,0.4909810721874237,0.4385202,0.00841212332894439
EIPR1,0.0007903575897216797,0.45544297814454365,0.3198968768119812,0.09226389,0.5980935941805801
THNSL1,0.0007868409156799316,0.4669791468287655,0.3564341068267822,0.36438146,0.031395685068289395
SRP9,0.0007694363594055176,0.6395158004106218,0.54962158203125,0.12606384,0.4705376098415178
ARPC5L,0.0006957054138183594,0.4882541496385691,0.4085785746574402,0.39991778,0.017298069963852008
GNAI1,0.0006691217422485352,0.7768463383587038,0.5756843090057373,0.24414834,0.15752680980503617
CDH13,0.0006683468818664551,1.0417433837614611,0.8841805458068848,0.39170536,0.019962253040634446
SLC12A7,0.0006578564643859863,0.5481436319783872,0.45921653509140015,0.33457235,0.04947207909558716
DENND4C,0.0006384849548339844,0.5191300929991057,0.34498634934425354,0.2248289,0.1941160906042644
MBOAT7,0.0006287097930908203,1.1723510283974186,0.9627613425254822,0.40176257,0.016742430645755563
PDF,0.0006279945373535156,0.6576705498567037,0.5367874503135681,0.42759493,0.010401650967935886
SURF4,0.0006256699562072754,0.7323271423110566,0.597915768623352,0.1589767,0.36167315954773815
GOLGA3,0.0006226301193237305,0.4776843265446502,0.3655867874622345,0.47078624,0.004313339072169041
ENOPH1,0.0006111860275268555,0.8029915798999946,0.6795178055763245,0.58480865,0.0002247647863469574
CLINT1,0.0006071329116821289,0.5122419987207691,0.41987136006355286,0.3725704,0.027514085105721342
EIF3B,0.0005959868431091309,0.7167118448241245,0.5263649821281433,0.15600263,0.37083923664271295
MRPS7,0.0005742907524108887,0.47457161898413125,0.38467392325401306,0.13062356,0.45450381099340564
LETM1,0.0005478858947753906,0.5059530105239627,0.39333871006965637,0.5114118,0.0016903060306541235
MMTAG2,0.0005377531051635742,0.5088201648775377,0.3927900791168213,0.11362874,0.5157354536801911
PFDN1,0.000536501407623291,0.828225327658261,0.5670044422149658,0.16352484,0.3479202418876921
RTN3,0.0005241632461547852,0.5864877787143555,0.46326690912246704,0.2086641,0.22900074094306827
EIF4G3,0.0005195736885070801,0.5613703776194524,0.4451599419116974,0.32055706,0.06045604837309008
FERMT3,0.0005093812942504883,0.4259800752952309,0.3437163233757019,0.050807763,0.7719284346967832
GPRIN1,0.000504910945892334,0.8070684596122091,0.653425931930542,0.18288165,0.29300621286511397
REXO2,0.0005042552947998047,0.5802624342217664,0.4453849196434021,0.10804591,0.5367026349013875
SDSL,0.0004780292510986328,0.5513634006263448,0.4179767370223999,0.24300799,0.15953693997256557
ATP6V1H,0.00047272443771362305,0.8605639815740599,0.7110771536827087,0.67125714,1.0157671819973263e-05
PAF1,0.0004677772521972656,0.38487197645461074,0.2844572365283966,0.5076118,0.0018541778330910866
ATAD3B,0.0004347562789916992,0.6116532506259672,0.48820430040359497,0.35125366,0.0385440765128894
COMMD9,0.0004317760467529297,0.46591156839401376,0.37181854248046875,0.040940113,0.8153678902609506
SAMM50,0.00043010711669921875,0.34859568935181406,0.2892235815525055,0.5381736,0.000853915767322665
WASF1,0.00042247772216796875,0.5973147744413578,0.46565279364585876,0.25016123,0.147229898041878
LAMTOR3,0.00041937828063964844,0.47153214700135593,0.3837977349758148,0.094477944,0.5893007337588969
PCK2,0.00041812658309936523,0.7665455014085435,0.6700708866119385,0.38788575,0.021312991322568867
PANK4,0.0004131793975830078,0.41082911929638194,0.3318723738193512,0.45369998,0.00619210187849274
TOR1A,0.00039333105087280273,0.7719514615879025,0.6169888973236084,0.19542447,0.26056863430317034
GATC,0.0003911256790161133,0.4689695797654434,0.36655139923095703,0.14113823,0.4186759062341654
LYAR,0.0003876686096191406,0.765381482381126,0.6202386021614075,0.08259626,0.6371356530171727
CARHSP1,0.00037676095962524414,1.1419844168954352,0.8912891149520874,0.7501592,2.1246107714423558e-07
CDKAL1,0.0003756284713745117,0.41729976915037276,0.3151463568210602,0.0850311,0.6272062632515946
NUDT9,0.00037229061126708984,0.42030271072049047,0.34051114320755005,0.32829836,0.05417317527917986
CREB1,0.0003688335418701172,0.5741789667789496,0.4712497591972351,0.48014635,0.0035106301158800797
RELL1,0.0003666877746582031,0.5262500866235222,0.3772229254245758,0.19138859,0.2707360316851045
AGA,0.0003649592399597168,0.9206179113691375,0.7087581157684326,0.26032314,0.13095718470755177
MYO6,0.00036066770553588867,0.7881855387658367,0.6508941650390625,0.21146753,0.22266496858729506
PDCD6,0.00034946203231811523,0.7943692922799792,0.634624183177948,0.1078251,0.5375405679771917
CD59,0.00034677982330322266,0.9565285432827044,0.813335120677948,0.7841774,2.505169962971229e-08
TXN,0.000340878963470459,0.933028077689448,0.7482516765594482,0.10040496,0.5660458682803848
ALDH3B1,0.0003247261047363281,0.7224268781229465,0.5802665948867798,0.23910412,0.16655838319914898
ANP32E,0.0003217458724975586,1.089170240986414,0.9007779359817505,0.6959466,3.454731274449394e-06
MME,0.0003051161766052246,1.2061099391126997,1.0204064846038818,0.2934433,0.08710316856934215
FLVCR1,0.00030052661895751953,0.6243549833249005,0.46455496549606323,0.2333742,0.17726118578665576
PMM2,0.0002949833869934082,0.7176733245579168,0.5741041302680969,0.073875524,0.6732015471143666
GAPVD1,0.00029414892196655273,0.6378060634648987,0.4924832880496979,0.054437853,0.7561101312375097
ARAP1,0.00028330087661743164,0.3714648549499943,0.2972125709056854,0.083140425,0.6349114376689465
CD109,0.0002754330635070801,0.7390128250041604,0.6019774675369263,0.24827133,0.1504118564683411
RABEP1,0.00025516748428344727,0.4213384112165778,0.3181031346321106,0.32744405,0.05483986925467418
HECTD3,0.0002504587173461914,0.5819027137917268,0.4654877781867981,0.37681335,0.025663678678821775
DCAKD,0.0002403855323791504,0.4430937286286551,0.3564927577972412,0.080498025,0.645742886013205
JAK1,0.00023734569549560547,0.5505814697257565,0.3721960484981537,0.5528257,0.0005733177975618089
RAB9A,0.00023186206817626953,0.6676296689674291,0.5023713111877441,0.49038175,0.002784299539537352
RPS6KA1,0.0002301335334777832,0.4651700805770913,0.35880720615386963,0.19822243,0.25366961782668324
NDUFA12,0.00022846460342407227,0.5604100342775244,0.4606657922267914,0.30437812,0.07543988121607802
H6PD,0.00022518634796142578,0.5522198118504335,0.42703521251678467,0.10331147,0.5547982576261156
SP3,0.00022488832473754883,0.7316956034552364,0.606992781162262,0.22518286,0.1933964848595041
SLC9A3R2,0.00022286176681518555,0.8335905909813582,0.6679721474647522,0.40554187,0.0156506671705733
ESYT1,0.00022155046463012695,1.0246712622674932,0.8428589105606079,0.5625911,0.0004351027112476184
PCID2,0.0002098679542541504,0.4028398362761865,0.3311545252799988,0.12173994,0.4860125487271621
SEPTIN5,0.0001938343048095703,0.49377522886984687,0.4180997908115387,0.530362,0.0010483343264612078
CD44,0.00019246339797973633,1.289131625084936,1.1017746925354004,0.39403355,0.019174447907786798
AP1M2,0.00018292665481567383,0.6164803135305074,0.5483790636062622,0.36401543,0.031579103424413515
LIN7A,0.00018066167831420898,0.45027588559773607,0.32758933305740356,0.08636024,0.6218132024684568
ENSA,0.00017017126083374023,0.8471072128452655,0.7273352742195129,0.05491721,0.7540285353459194
LXN,0.0001671314239501953,0.784770738082794,0.6191468238830566,0.64514965,2.8632699382211476e-05
UROD,0.00015848875045776367,0.8320873402776182,0.6472066640853882,0.075186744,0.6677304733961414
H2AX,0.0001494288444519043,0.7201293480769486,0.49693936109542847,0.41755006,0.01256974782484239
GYS1,0.00014889240264892578,0.6854999667473026,0.5249841213226318,0.14702415,0.3993338355535345
CCNA2,0.00011551380157470703,0.40250212135703667,0.3291368782520294,0.43655917,0.008743201680113957
DNPH1,9.906291961669922e-05,0.9055891258131953,0.6998497247695923,0.05690421,0.7454181394679695
COL5A2,9.775161743164062e-05,0.6542527368945263,0.5456951856613159,0.34762344,0.04073789748054315
BAG3,8.505582809448242e-05,0.6149651316705881,0.4929271638393402,0.041910518,0.8110697583600454
KIRREL1,8.416175842285156e-05,0.5785127576593384,0.45490339398384094,0.15534899,0.3728720013614412
EBNA1BP2,6.860494613647461e-05,0.634267922934211,0.5165373086929321,0.26950848,0.11742892965541583
EPHX1,5.054473876953125e-05,1.1725637827688755,0.918152391910553,0.5086448,0.0018083065773855788
RPA3,4.696846008300781e-05,0.8515580903385325,0.7179311513900757,0.46845788,0.0045360452498433455
ODR4,3.451108932495117e-05,0.49933102677902885,0.3950161039829254,0.2512651,0.1453941221571881
DDX20,3.409385681152344e-05,0.44928044434540393,0.3504982888698578,0.17504665,0.3145247260394002
SNCA,2.0802021026611328e-05,0.8436942965169252,0.713653028011322,0.012459246,0.9433692806249466
PPP2R5E,1.4901161193847656e-05,0.8589373080832059,0.7012013792991638,0.5866248,0.00021249788264627762
CNDP2,-6.198883056640625e-06,1.2563834276084629,1.0247477293014526,0.3436471,0.04325559301032983
THBS1,-1.5616416931152344e-05,0.9758755823844344,0.7646308541297913,0.053535204,0.7600345884559254
UTP6,-3.838539123535156e-05,0.49977018618116076,0.40266692638397217,0.010681827,0.9514377681630585
CHD3,-3.886222839355469e-05,0.6338086235425134,0.5236344337463379,-0.01205921,0.945184911797255
GEMIN6,-5.424022674560547e-05,0.4796822010207353,0.37495502829551697,0.022824222,0.8964537107361582
VAMP8,-5.7578086853027344e-05,0.8061875740546297,0.6847413182258606,0.6220214,6.634713690070362e-05
ACSL1,-6.580352783203125e-05,0.6138334764478179,0.4573083519935608,-0.033120517,0.85018758315717
HMGN1,-7.30752944946289e-05,0.5331222696446829,0.46097007393836975,0.15452665,0.37543868993424234
CBR3,-8.797645568847656e-05,0.8571195656018761,0.5717992782592773,0.0007082708,0.9967783678447594
FBXL20,-9.381771087646484e-05,0.5840763542691557,0.45091962814331055,-0.0246054,0.8884214523677544
NUFIP2,-9.47713851928711e-05,0.6862816201587654,0.5470532774925232,0.047402732,0.7868482587534625
CSTF2T,-9.882450103759766e-05,0.5037415405301467,0.38668757677078247,-0.016601164,0.9245900021297796
ALDH1A3,-0.00010955333709716797,0.9734472099787368,0.7790548205375671,-0.008565225,0.961052489454838
SLC25A12,-0.00011134147644042969,0.5166396936431017,0.4151657223701477,0.31503606,0.06527872208246013
DDX28,-0.00011754035949707031,0.46000243564665777,0.370527982711792,-0.002963733,0.9865186346986968
VIM,-0.00012004375457763672,3.390443999210101,2.7621800899505615,-0.039561935,0.8214814889317293
PPA2,-0.00012087821960449219,0.7463845290516625,0.5927237272262573,0.7451656,2.8265073484693e-07
CPD,-0.00012171268463134766,0.667137967846185,0.5164653658866882,0.46170932,0.005238556484111744
NDUFV2,-0.00013148784637451172,0.57788952336265,0.4699591398239136,0.5054972,0.0019512568417310188
SORT1,-0.00013577938079833984,0.5055075640862399,0.3608139455318451,0.060842313,0.7284430737203512
ELMO1,-0.00014007091522216797,0.4209465831294853,0.34158754348754883,0.032713003,0.8520101849336235
AK1,-0.00014090538024902344,1.0846102720401305,0.8826522827148438,0.12550554,0.47252089263563807
SRSF11,-0.00014793872833251953,0.6356094385828484,0.529931902885437,0.2621319,0.12820609103157754
PARVA,-0.00016236305236816406,0.6231595119916823,0.45478561520576477,0.047485385,0.7864853634516146
CLCN7,-0.00017535686492919922,0.959176877467615,0.8367916941642761,0.044467546,0.7997698928696256
ADIRF,-0.0001773834228515625,0.7850321581504109,0.6137778162956238,0.038679488,0.8254017479617509
HEATR3,-0.00018024444580078125,0.5675325967442836,0.49019062519073486,-0.029802503,0.865050537617966
WDR77,-0.00018608570098876953,1.042229379616024,0.819119930267334,0.62903464,5.179132831024805e-05
MRPL48,-0.00018656253814697266,0.4832359580354697,0.3954089879989624,0.5694741,0.00035636554906187434
P4HA2,-0.00019168853759765625,1.4054740460366537,1.1359628438949585,-0.11000893,0.5292838428435316
PAM16,-0.0001990795135498047,0.47199966602798543,0.373030424118042,0.24184941,0.16159810139809191
UBE2S,-0.00020265579223632812,1.2059772914500861,1.0208947658538818,0.4865436,0.003039654264405647
NPM3,-0.00021123886108398438,0.91304781421082,0.7625967860221863,-0.00015767291,0.9992825736678782
API5,-0.00022232532501220703,0.6103036358136369,0.5113734602928162,-0.025954649,0.8823445418856066
GOPC,-0.0002231597900390625,0.5896098702685039,0.46090295910835266,-0.037990063,0.828467032362522
SQOR,-0.0002244710922241211,2.185261480193253,1.931759238243103,0.77676755,4.11793877850988e-08
TAOK3,-0.0002371072769165039,0.4493670509017312,0.35813403129577637,0.3472309,0.04098105679671273
F3,-0.0002530813217163086,0.9260168298938598,0.713850736618042,0.09623471,0.5823642969490361
INTS3,-0.00025463104248046875,0.373994572175515,0.3155324161052704,-0.029709022,0.8654704168258525
MCEE,-0.00025582313537597656,0.7164893465095288,0.5485200881958008,0.57280546,0.0003230331527883613
TBCE,-0.00027298927307128906,0.6355863224816354,0.46258774399757385,0.4496073,0.0067343628059470155
NCSTN,-0.0002841949462890625,0.7373403780553519,0.5778699517250061,0.30048388,0.07944526320256297
GRB7,-0.00029015541076660156,0.7872328365607618,0.572032630443573,-0.23824498,0.16813290793959929
AP1S2,-0.00029098987579345703,0.4050771582655375,0.2946493625640869,0.09622368,0.58240748665707
PTPRC,-0.0003057718276977539,0.643136080803052,0.5537548065185547,-0.021277092,0.9034384481956311
ESS2,-0.00030863285064697266,0.5785503111749692,0.4468267560005188,0.058889326,0.7368461899575743
EHMT2,-0.00031638145446777344,0.49970476553684523,0.39279410243034363,0.44776374,0.00699163928177165
CSRP2,-0.00032210350036621094,0.8296406389641613,0.6797133088111877,-0.12248851,0.48331498608144363
LARS1,-0.0003304481506347656,0.6418628828173448,0.45709651708602905,-0.09930969,0.5703114417150111
S100A16,-0.0003381967544555664,1.7072762110601936,1.3242402076721191,0.74110585,3.5478981729525e-07
TNFRSF10B,-0.00034248828887939453,0.567571218071831,0.43499836325645447,0.28025463,0.10296199675381949
ST14,-0.00035703182220458984,0.7610402141703033,0.587990403175354,0.64955515,2.4204264716523774e-05
EEF1E1,-0.0003581047058105469,0.5936378573874579,0.46897703409194946,-0.0031914487,0.9854830464768779
PDXP,-0.00037920475006103516,1.321728235127965,1.140845537185669,0.27361363,0.11173283918538651
ZKSCAN1,-0.0003917217254638672,0.46174428130172857,0.3692701756954193,0.021757813,0.9012671064786797
CWC22,-0.0003962516784667969,0.4243513823778747,0.312042772769928,0.0106415115,0.9516212748922103
ABHD14B,-0.0004025697708129883,0.6379443817006683,0.4929916262626648,-0.04515129,0.7967553537667804
COQ3,-0.0004075765609741211,0.3814765624387511,0.2918476164340973,0.20770623,0.23119323901580296
HDLBP,-0.0004169940948486328,0.6212035028185097,0.48599374294281006,-0.024225865,0.8901321626786537
PIP4K2A,-0.0004323720932006836,0.5076435981975039,0.3612954318523407,-0.040241472,0.8184659430376774
WARS1,-0.0004423856735229492,0.9313198153036516,0.7232108116149902,0.17237434,0.3220850346144494
CHMP4B,-0.00046312808990478516,0.6526377352407378,0.5230380296707153,0.30326575,0.07656758642633746
MTIF2,-0.0004690885543823242,0.5567832094915847,0.45190945267677307,0.52971005,0.0010661994197482593
ECHDC3,-0.00047278404235839844,0.6685661633660304,0.5223672389984131,0.3945695,0.01899680456767847
FDPS,-0.0005013942718505859,0.9423616555166363,0.7461349964141846,0.123473294,0.4797777676120384
SMARCB1,-0.0005017518997192383,0.728116537216843,0.5699567794799805,0.18975297,0.2749295830761418
RAB32,-0.0005018711090087891,0.6466839300838515,0.48712053894996643,0.3679947,0.029631142973521808
ADSS2,-0.0005091428756713867,0.9852026230427512,0.7429457306861877,-0.15229246,0.38246479375955666
JUP,-0.0005311965942382812,1.7716456027616438,1.4643250703811646,0.7186289,1.1628929500646697e-06
ARPC2,-0.0005544424057006836,0.480278101367497,0.40362870693206787,0.13581581,0.43660941916189117
TMF1,-0.0005568265914916992,0.4805920295419128,0.4129881262779236,0.63481057,4.2041466937481064e-05
IL6ST,-0.0005660057067871094,0.6353214119559607,0.5128623247146606,-0.06740934,0.7004200426348474
KRT18,-0.0005693435668945312,3.57431667172899,3.056377649307251,0.561386,0.0004503773856155267
PHLDB1,-0.0005786418914794922,0.46075576497019544,0.35780033469200134,-0.06303175,0.7190592445920229
PLOD1,-0.0005831718444824219,1.1536148044153418,0.8780004382133484,-0.17591289,0.31209829335209005
BMP2K,-0.0005922317504882812,0.6647302972298943,0.5111438632011414,-0.0806289,0.6452046330057994
NEDD8,-0.000592350959777832,1.104868857511555,0.8719071745872498,-0.377551,0.02535274945431318
LGALS3BP,-0.0005942583084106445,1.396318332430964,1.1314038038253784,0.66376364,1.3817668668708508e-05
ZGPAT,-0.0005947351455688477,0.40561599042552665,0.31214192509651184,0.08934978,0.609753200201196
SEC31A,-0.0005952119827270508,0.7255409195952218,0.5015019178390503,-0.022536868,0.8977502058162308
PSME1,-0.0005960464477539062,0.8397083616912746,0.6957949995994568,-0.09252396,0.5970580669094728
SYAP1,-0.0006004571914672852,0.4686239708914336,0.37293779850006104,-0.10844124,0.5352046937666224
PAPSS2,-0.0006020069122314453,0.7581341640865141,0.6063107252120972,0.376466,0.025811208015399382
UBE2C,-0.000603795051574707,0.8335353884515744,0.6838604211807251,-0.35109273,0.03863926150764101
SDF2,-0.0006067752838134766,0.6639066849956492,0.486054927110672,-0.016628185,0.9244679718869493
MSLN,-0.0006310939788818359,0.9474957687967885,0.6851437091827393,-0.05240857,0.7649411715920851
PNP,-0.000638127326965332,1.0170639994428607,0.8340631723403931,-0.2413821,0.1624348396984991
NEO1,-0.0006425380706787109,0.5211501175392163,0.3258807957172394,0.0052604424,0.9760740231141088
OPTN,-0.0006542205810546875,0.4411558943512827,0.35166019201278687,0.14519894,0.4052761389652858
CHMP7,-0.0006548166275024414,0.29604953898800024,0.24608983099460602,-0.008965605,0.9592331647472473
PSME3,-0.0006580352783203125,0.8076549737986266,0.6586411595344543,-0.1287887,0.46092031454290455
DAXX,-0.0006580352783203125,0.5521679999249719,0.4362402856349945,0.26860082,0.11871715584264197
LYPLAL1,-0.0006632804870605469,0.39477842916004613,0.2926008403301239,0.39472556,0.018945342730171677
UTP18,-0.0006638765335083008,0.548402369968975,0.44955122470855713,0.108050555,0.5366850056997644
QTRT1,-0.0006710290908813477,0.5783639620174317,0.46389567852020264,-0.07055005,0.6871510682434094
PDE4DIP,-0.0006842613220214844,0.44590288478322804,0.34069934487342834,-0.101845406,0.56045861882992
ACTN1,-0.0006998777389526367,1.1141610935236328,0.9223383069038391,0.2867775,0.09486529752441376
IMP4,-0.0007174015045166016,0.44927862017179526,0.3741288185119629,0.049851973,0.7761082356928446
CLMN,-0.0007194280624389648,0.6608455828517117,0.5311974287033081,0.49627662,0.0024284545627389783
ETHE1,-0.0007195472717285156,1.4268682647292137,1.2710305452346802,-0.2934741,0.08706852408665018
SLC38A10,-0.0007205009460449219,0.5893995115294308,0.4577106535434723,0.0028759493,0.9869182366658423
MDN1,-0.0007368326187133789,0.5873318167669408,0.48094862699508667,0.24085991,0.16337366360813158
NDUFS7,-0.0007463693618774414,0.4408208797182449,0.35165324807167053,0.10506526,0.548062041300047
PRR36,-0.0007486343383789062,0.6364773954002003,0.5271646976470947,-0.15945251,0.3602191490157345
ARL6IP5,-0.0007607936859130859,0.9927362741632444,0.869753360748291,-0.16224582,0.35175523933005187
MRPL44,-0.0007622241973876953,0.38627481507396955,0.3204581141471863,-0.11869443,0.49706798280068104
POLR3D,-0.0007647275924682617,0.5282926428806626,0.44669151306152344,0.6163898,8.060064315146069e-05
CHORDC1,-0.0007692575454711914,0.7146095767823182,0.526508092880249,-0.13628301,0.43501857509972036
TBCC,-0.0007708072662353516,0.9740372624094069,0.7773552536964417,0.26751333,0.12027457130907405
ESYT2,-0.0007772445678710938,1.1231535487720559,0.936708927154541,0.75225246,1.8812938045450417e-07
UPF3B,-0.0007954835891723633,0.7527792219927808,0.6036920547485352,-0.49066412,0.0027662708417762437
COQ5,-0.0008051395416259766,0.43965624035927375,0.33531197905540466,0.17108203,0.3257814690737217
TMEM30A,-0.0008066892623901367,0.45702838081698205,0.34209224581718445,0.23863518,0.1674165348621092
COX6B1,-0.0008151531219482422,0.6567132087090725,0.511850893497467,-0.08142539,0.6419328644012257
NOP53,-0.0008165836334228516,0.6707930391858667,0.5515280365943909,-0.11830856,0.4984777957676389
CBR4,-0.0008213520050048828,0.5569444329231918,0.43211624026298523,0.09735737,0.5779505528145439
TALDO1,-0.0008279085159301758,0.9474582436955206,0.7168549299240112,-0.063018344,0.719116855389194
UQCRB,-0.000836491584777832,0.6568370645532118,0.5239297747612,0.6329932,4.491334367094497e-05
ZNRF2,-0.0008444786071777344,0.6386819074583547,0.5077850222587585,0.25923094,0.13263939474976938
PDIA5,-0.000849604606628418,0.6908104694971304,0.5689128041267395,-0.5064132,0.0019086700081119787
GATAD2A,-0.0008553266525268555,0.5641918963853382,0.4654078483581543,0.0351479,0.8411303574727028
AMACR,-0.0008561611175537109,0.6029887692859076,0.42839083075523376,-0.1515454,0.3848312364670063
RGS19,-0.0008760690689086914,0.590755768079845,0.49672508239746094,-0.21706054,0.21038476314540366
EXOSC2,-0.000885009765625,0.46406443367500616,0.3556863069534302,-0.11770091,0.5007017990457155
EIF2B1,-0.0008970499038696289,0.4667262897833873,0.37059929966926575,0.12735194,0.46597797075661657
GMPPB,-0.0009014606475830078,0.5457077375693544,0.38061073422431946,0.2913965,0.0894327103167234
RFC3,-0.0009045600891113281,0.7393464170140418,0.5937678217887878,0.4634122,0.005052996897886903
NUMBL,-0.000908970832824707,0.432582001299281,0.3599783778190613,-0.06636369,0.7048569753915218
RFTN1,-0.0009332895278930664,0.6530185110716471,0.5261350870132446,-0.24096002,0.1631933547186797
LARP1,-0.0009542703628540039,0.6367229859380881,0.49284079670906067,-0.23875973,0.16718827321820456
PFKM,-0.0009583234786987305,0.6738537106286632,0.5633464455604553,-0.2617723,0.12874967659930192
TIMM13,-0.0009649991989135742,0.6710012876253807,0.5189940929412842,-0.19465812,0.26247945263647043
MRPL11,-0.0009746551513671875,0.41298522803764864,0.34197551012039185,0.20479703,0.23793932343095409
PPP1R18,-0.0009756088256835938,0.9201987916812869,0.733724057674408,0.25041416,0.14680773099388694
TXNDC15,-0.0009882450103759766,0.5781880679397342,0.47935500741004944,0.2929893,0.08761588004834084
TMOD3,-0.000995039939880371,0.7631396612310178,0.6823523044586182,-0.14678359,0.40011416143992146
RTRAF,-0.000996708869934082,0.5391597936429001,0.44122275710105896,0.17813826,0.30591834445091887
TMEM43,-0.0010017156600952148,1.132872691692891,0.9748957753181458,-0.2819729,0.10078003707488653
TRMT5,-0.0010023117065429688,0.5877599475899851,0.45600929856300354,-0.23316061,0.1776694334983489
HEXA,-0.0010294914245605469,0.9367472169446365,0.8035408854484558,-0.2297314,0.18431439781958955
UFSP2,-0.0010350942611694336,0.39812975573730985,0.299923300743103,0.25395203,0.1409955683349167
ZNF330,-0.0010415315628051758,0.32443330169163037,0.24952082335948944,-0.29680684,0.08337686373059629
ADRM1,-0.0010423660278320312,0.5647743129655631,0.4001116156578064,-0.18649395,0.2834103256529238
DDX10,-0.0010436773300170898,0.4514918493156172,0.35905686020851135,0.17949343,0.30219320357664314
HIBADH,-0.001051187515258789,1.0418106106802718,0.8633183240890503,0.4706153,0.0043293628010113395
RNF149,-0.001053452491760254,0.544313781966293,0.4328545331954956,0.63698494,3.882404507500298e-05
RAC2,-0.0010557174682617188,0.8303959496097972,0.6736937165260315,0.096261084,0.5822605535875331
PQBP1,-0.001058816909790039,0.6374990444550178,0.49089306592941284,0.18053506,0.29934953044589035
IFIT3,-0.0010666847229003906,0.8052492125589333,0.594543993473053,0.06578132,0.7073322900867979
DIABLO,-0.0010799169540405273,0.5189435976780421,0.37513065338134766,-0.048260186,0.7830837462471179
TRADD,-0.0010821819305419922,0.34981181501137804,0.28881630301475525,-0.20177251,0.24509222923292326
VPS35,-0.0010923147201538086,0.6622914876834627,0.4899097979068756,-0.14424987,0.4083856617310057
URM1,-0.0011029243469238281,0.5011432511680661,0.4185258150100708,-0.24204332,0.16125193796552514
HMG20A,-0.0011036396026611328,0.4085068006614774,0.3259061872959137,-0.026451953,0.8801061396529543
KIF14,-0.0011255741119384766,0.5650149390684679,0.44548746943473816,-0.19555,0.26025649161287984
CPOX,-0.001128077507019043,0.6834646266512702,0.5678189396858215,-0.26827958,0.11917564998013647
HAUS8,-0.0011464357376098633,0.49010958356090034,0.37009644508361816,-0.054185577,0.7572062238944758
DPP7,-0.0011603832244873047,0.5731314401046357,0.46321219205856323,0.41411683,0.013393236371284827
CPNE2,-0.0011669397354125977,0.4171224922079641,0.34013083577156067,-0.12596509,0.4708879542346987
NOB1,-0.0011719465255737305,0.5317104531985177,0.40939703583717346,-0.08973368,0.6082114328529085
CRIP2,-0.001176595687866211,1.1604510103048318,0.9447324275970459,-0.276932,0.10728256187016783
PRC1,-0.0011991262435913086,0.5534697853549528,0.4381256699562073,0.26690447,0.12115303530167165
ABCB7,-0.0012004375457763672,0.3410578558467387,0.2662113308906555,-0.16490504,0.34381034191280346
RANBP1,-0.001203298568725586,1.3071863149719192,1.1158970594406128,0.44772607,0.006996982434535852
SH3GL1,-0.0012072324752807617,0.7918890005076854,0.6273530125617981,-0.3085398,0.07133496667434935
PRTFDC1,-0.0012093782424926758,0.6857354103216333,0.5684348344802856,0.032435376,0.8532525248647587
USP39,-0.0012102127075195312,0.32593275202057037,0.23878680169582367,0.006850075,0.968846952465283
LARS2,-0.0012134313583374023,0.5083908015999237,0.4225681722164154,0.14172915,0.41671066151864605
PRDX5,-0.001214742660522461,0.671492467701663,0.4960073232650757,-0.1633408,0.348470565118611
NAP1L4,-0.0012210607528686523,1.1110686684820423,0.9105368256568909,0.47642198,0.0038129884469624955
RP2,-0.0012247562408447266,0.6080149119863627,0.4937572479248047,-0.045590196,0.794821471647667
CAVIN1,-0.0012284517288208008,1.8853491951968977,1.5880621671676636,-0.5082598,0.0018252862173203917
SPIN1,-0.001231551170349121,0.66845703125,0.5256560444831848,-0.21782795,0.20873717391744193
NDUFV1,-0.0012356042861938477,0.5466903919890542,0.41648411750793457,0.35046908,0.039009885965034324
MRPS16,-0.0012356042861938477,0.5858059035979546,0.4618186950683594,0.10567231,0.5457391155849662
DSG2,-0.001237034797668457,1.2915563331159576,1.0844502449035645,-0.05341097,0.7605751057619812
DUS2,-0.001239776611328125,0.3054522307434214,0.22364862263202667,-0.097816914,0.5761482481359702
CTSH,-0.001240849494934082,0.7143981461934497,0.5852338075637817,0.24048199,0.16405540506204208
PLS1,-0.0012410879135131836,0.8969180651702889,0.7109549641609192,0.29492444,0.0854467377178656
MAD1L1,-0.0012432336807250977,0.3604314038492235,0.2888964116573334,0.2890166,0.09220114908725403
TPBG,-0.0012459754943847656,1.0092825407310562,0.8578488230705261,0.17708686,0.3088284519624356
HSD17B8,-0.0012464523315429688,0.9674937809391881,0.7876355051994324,-0.4754809,0.003892860588987965
MYH9,-0.0012481212615966797,0.986227079446659,0.8261725306510925,-0.2526165,0.14316941383825973
NPEPL1,-0.001251816749572754,0.40759540567293584,0.33084481954574585,-0.12757616,0.4651870939225156
RPP38,-0.0012538433074951172,0.3613543939062822,0.28416764736175537,-0.114655524,0.5119239739853121
AKAP9,-0.0012652873992919922,0.47571693511879315,0.3539086878299713,0.17493115,0.3148492085931558
RSU1,-0.0012660026550292969,0.5292170840998228,0.3892287611961365,-0.079496205,0.6498684737285039
KRT9,-0.0012748241424560547,0.6029091908462211,0.447609007358551,0.21025561,0.22538896878556866
PLEC,-0.0012814998626708984,2.5314208549952695,2.3257949352264404,0.93366075,2.8306447187117426e-16
NCOA5,-0.0012837648391723633,0.4273489691992687,0.3514658808708191,-0.17673814,0.30979737936962926
TTLL12,-0.0012946128845214844,1.1173630156394438,0.8720992207527161,0.5021879,0.002112117122891371
EP400,-0.001311659812927246,0.5426498684231915,0.4374305307865143,-0.099709734,0.5687517096366645
SPG7,-0.0013164281845092773,0.3753395331602191,0.30221131443977356,0.4034601,0.016244443618973828
QARS1,-0.0013208389282226562,0.4992699359567644,0.4036971628665924,-0.09139703,0.6015519061586497
MRPL58,-0.0013211965560913086,0.47762407041597493,0.3883834183216095,0.538584,0.0008446487607061867
PDLIM5,-0.001328587532043457,1.1590094244461064,0.9526808857917786,-0.14151719,0.41741496708742254
QPRT,-0.0013312101364135742,0.7459178537467221,0.6009097695350647,-0.10529337,0.5471885164432876
DARS2,-0.0013453960418701172,0.562086324106474,0.45085641741752625,0.1399112,0.42277322398326794
RHOC,-0.001349806785583496,1.0467130051720137,0.883486807346344,0.85669494,5.184507925330283e-11
MRPL32,-0.0013501644134521484,0.5447669407161096,0.42499470710754395,-0.5573326,0.0005053158391963831
GCAT,-0.0013515949249267578,0.4358061459262886,0.36103737354278564,0.013349012,0.9393321974580686
JPH1,-0.001352548599243164,0.6974799417188922,0.5845617055892944,-0.14996809,0.38985526401362747
EIF2A,-0.0013533830642700195,0.7500346096318485,0.5566152930259705,0.36538258,0.03089839091022169
HIRIP3,-0.0013579130172729492,0.6301511917270675,0.5126610398292542,0.658152,1.7302357081467827e-05
UNG,-0.0013608932495117188,0.5020646442665289,0.39401909708976746,0.3901269,0.020511546845640386
CCS,-0.0013706684112548828,0.49658563213111845,0.37992122769355774,-0.054696217,0.7549881054133125
POFUT2,-0.0013730525970458984,0.7035281826764567,0.5634171366691589,-0.1644344,0.3452084482682464
PLOD2,-0.001377105712890625,1.5146743309813222,1.2220951318740845,-0.7890052,1.7932733124173214e-08
RRP9,-0.0013805627822875977,0.5670497790137136,0.4557148516178131,-0.17649147,0.3104839055328594
EPHA2,-0.0013846158981323242,0.7731536575594008,0.6381699442863464,0.07075063,0.6863070361630863
ISCU,-0.0014129877090454102,0.7451915378897882,0.621558666229248,0.77113295,5.935123055557604e-08
AKR1A1,-0.0014314651489257812,1.4175490922180674,1.1801491975784302,-0.3848956,0.02242265365407471
EZH2,-0.0014350414276123047,0.5898521119592375,0.47726359963417053,0.07911946,0.6514224025797757
DRG1,-0.0014390945434570312,0.6401098319895256,0.47556227445602417,-0.36303896,0.032072769156833394
NUP93,-0.0014624595642089844,0.3354401344279737,0.23784644901752472,-0.07441047,0.670967631676186
NIPBL,-0.0014668703079223633,0.5074981303251055,0.4296787977218628,-0.15230776,0.3824165493171263
YLPM1,-0.0014721155166625977,0.4314410926539953,0.33734774589538574,0.24383995,0.1580686086410772
TMEM123,-0.001482248306274414,0.8983723160690484,0.7483891248703003,-0.24876817,0.1495704679511175
DYNLL2,-0.0014857053756713867,0.5215259206845738,0.4248162508010864,-0.13247684,0.44807215670785205
POGLUT3,-0.0014890432357788086,0.7200950393602307,0.5650038719177246,0.19771181,0.2549194170581644
CCDC71L,-0.0014911890029907227,0.7399833474991926,0.623524010181427,0.07060097,0.6869367632326111
RAP1GDS1,-0.0015012025833129883,0.843963348824514,0.7324720025062561,0.52721906,0.0011369550024459833
SVIP,-0.0015032291412353516,0.5371385601090677,0.4187386631965637,-0.19668259,0.25745125281648407
DNAJB2,-0.0015091896057128906,0.6006526506789547,0.46761175990104675,-0.18238387,0.29434439305630883
CARS2,-0.0015205144882202148,0.6159579669139575,0.5003426671028137,-0.15996684,0.3586517969342532
IRF3,-0.001523137092590332,0.4012582821451752,0.32344141602516174,-0.101477906,0.5618817918186464
PTK7,-0.001524209976196289,0.8292546394938287,0.6777452230453491,-0.0149974255,0.9318569943636625
PYCR1,-0.0015321969985961914,0.7359167513180094,0.593995213508606,-0.26635307,0.12195271160251087
PBXIP1,-0.0015406608581542969,1.0575262789696362,0.8152475357055664,0.33130535,0.05187749948496818
PLBD2,-0.0015434026718139648,0.756207408178545,0.6086206436157227,-0.3960759,0.01850483086570148
DNAJB12,-0.0015534162521362305,0.8691909261142089,0.7584304213523865,0.66973335,1.0821203940636512e-05
NCAPD3,-0.0015691518783569336,0.8757578769256632,0.6562142372131348,0.10885025,0.5336569224012858
RHEB,-0.0015746355056762695,0.4730437400707694,0.3397064208984375,-0.03371705,0.8475206475973157
MVP,-0.0015835762023925781,1.2277923055703175,1.0050877332687378,0.108916916,0.5334049543121221
CFDP1,-0.0016008615493774414,1.0332214123093624,0.8091744184494019,-0.062252857,0.7223929660521968
FARSB,-0.0016176700592041016,0.992275264192494,0.786590576171875,-0.53678817,0.0008858734239033556
ATP6V0A1,-0.0016198158264160156,0.5171554278890959,0.3970372974872589,0.4925275,0.00264984221438919
PLEKHO2,-0.001643538475036621,0.672651839823338,0.5200703144073486,-0.33159497,0.05166060173016048
SUPT7L,-0.001648545265197754,0.32715525833534903,0.25627401471138,-0.2834233,0.09896572200470952
NECAP1,-0.001650094985961914,0.6053436642306486,0.4668351709842682,-0.22238004,0.19914653573792876
THOC1,-0.0016505718231201172,0.3384884743594796,0.25609904527664185,-0.111714736,0.5228779469945886
AGR2,-0.0016568899154663086,1.7004381737084653,1.2003058195114136,0.5008794,0.0021788532902242163
PSMF1,-0.001662611961364746,0.9411556812665532,0.7361065149307251,-0.24180433,0.16167865140675844
TRMT2A,-0.0016647577285766602,0.46774479852024,0.37672969698905945,0.07709697,0.6597899998326257
CPNE8,-0.001664876937866211,0.3744790312864495,0.3104459345340729,-0.20857453,0.22920506507270103
EVPL,-0.0016671419143676758,0.9584257281724453,0.7636936902999878,0.36954162,0.028900948307021345
COL1A1,-0.0016709566116333008,1.0596023765669798,0.8809088468551636,-0.54450846,0.0007204059147466626
LDAH,-0.0016794204711914062,0.42195388268394085,0.31828248500823975,0.06702675,0.7020422385015045
RRAS2,-0.001684427261352539,1.2521546866618452,1.0606459379196167,0.5306472,0.0010406007008106751
ENAH,-0.0017008781433105469,0.9101305781988421,0.7436407804489136,-0.6378779,3.7568457190441704e-05
ERMP1,-0.0017244815826416016,0.9940602508011009,0.7830302119255066,0.65462416,1.988303037485792e-05
TRPT1,-0.001724839210510254,0.4227883377558183,0.3023056983947754,0.0053997375,0.9754409277824426
MVD,-0.001727461814880371,0.6711619385792029,0.47939643263816833,0.17042522,0.32767024350043794
FEN1,-0.0017279386520385742,0.9640560255034186,0.8004791736602783,0.35892427,0.034222845704021995
CPSF6,-0.0017368793487548828,0.45045806101999347,0.3681854009628296,0.42360172,0.011222157686378615
TUBB2A,-0.0017431974411010742,0.955781049991853,0.7606632709503174,-0.6106326,9.796626814705029e-05
STAT6,-0.0017551183700561523,0.5061739381706015,0.39361658692359924,-0.10954356,0.531038182117076
PTPMT1,-0.0017595291137695312,0.7087236245443238,0.5998109579086304,-0.41170853,0.01399761680473326
TNKS1BP1,-0.0017635822296142578,0.6607112470210833,0.5468947887420654,-0.092176095,0.5984436936005886
INPP5D,-0.0017679929733276367,0.42250259835950926,0.35240551829338074,-0.20805451,0.230394278027336
PSMG1,-0.0017687082290649414,0.8137043683197692,0.5989279747009277,0.2812213,0.10173010993165385
KRT19,-0.001772165298461914,3.3804453966018646,2.9810538291931152,0.8087772,4.144565083112098e-09
EHD1,-0.0017769336700439453,0.7262925907981388,0.6199796199798584,-0.40116477,0.016920837292016874
GSTK1,-0.0017887353897094727,1.3331757044997101,1.1521841287612915,-0.6613096,1.5254438107560633e-05
PML,-0.0017951726913452148,1.2431002448423505,1.0842952728271484,-0.24157315,0.16209251112528694
FLYWCH2,-0.001801609992980957,0.6053244880351762,0.4788535535335541,0.24011792,0.16471413031166018
NANS,-0.0018044710159301758,0.8647029096955672,0.6433584094047546,0.11200192,0.5218032260983042
GSE1,-0.0018124580383300781,0.4743771239875216,0.382896363735199,0.6164311,8.048660958789697e-05
ESF1,-0.0018219947814941406,0.46489659177339493,0.3844784200191498,0.10713108,0.5401769139742179
PCYOX1,-0.0018221139907836914,0.7975895987376755,0.6524578928947449,-0.045141578,0.7967979104998234
PSAT1,-0.001833796501159668,0.9757915963570432,0.7470020651817322,-0.38215405,0.023481705397982222
FIS1,-0.0018371343612670898,0.7028306556890674,0.5524215698242188,-0.2909194,0.0899824940916381
EIF4E2,-0.0018382072448730469,0.5360453661145934,0.4276488423347473,0.33044502,0.052526230183190394
MYO1C,-0.0018519163131713867,1.2747959777805682,1.0901700258255005,0.7912131,1.534610874536312e-08
PLAA,-0.001856684684753418,0.7681161096863854,0.6150341629981995,-0.31517375,0.06515488275658834
NCS1,-0.001860976219177246,0.4491725566167613,0.37116947770118713,0.03315115,0.8500505721556001
TIMM8A,-0.0018619298934936523,0.6905959602222886,0.5123477578163147,0.15254733,0.3816594275184819
RABGAP1L,-0.0018645524978637695,0.44829228272927407,0.35265183448791504,0.03195136,0.8554195806445484
BLOC1S3,-0.0018764734268188477,0.4826113371299561,0.3753911554813385,-0.37424475,0.026771224744217573
NDUFA9,-0.001880049705505371,0.5164007651171937,0.41005173325538635,0.33287382,0.050711283785208804
IFIT5,-0.0018864870071411133,0.6128827884092836,0.4706898331642151,-0.29339635,0.08715609572960203
GNE,-0.0018897056579589844,0.5159505914313011,0.42192545533180237,0.15891454,0.3618631824054075
CHMP1B,-0.001889944076538086,0.6214892969230286,0.4814128279685974,-0.069151156,0.6930500254369162
MACROH2A2,-0.0018913745880126953,0.8512935738747478,0.6783791184425354,0.096061125,0.5830479882765475
KPNA6,-0.0019025802612304688,0.5778168552991703,0.47735339403152466,-0.26000553,0.13144486229334262
MAZ,-0.001902937889099121,0.4222585382846139,0.33421579003334045,-0.1827364,0.29339620590209137
NDUFB3,-0.0019030570983886719,0.5553929852671474,0.4682774543762207,-0.24805197,0.15078438760951066
KRT73,-0.0019049644470214844,2.05717648211882,1.6746538877487183,0.6933586,3.887351857029133e-06
TENM3,-0.0019054412841796875,0.5379037704468245,0.41322606801986694,-0.024723705,0.8878885681326593
ANP32A,-0.0019248723983764648,1.0956586260947856,0.8942893743515015,-0.21063848,0.22452586622711515
THY1,-0.0019286870956420898,1.2357590075054024,0.9845898151397705,-0.58462006,0.00022607409726820143
RETREG3,-0.0019350051879882812,0.38301359461145557,0.28041622042655945,0.10283701,0.5566271990380331
NDRG1,-0.0019434690475463867,0.7563389087464217,0.6289888024330139,0.44840086,0.00690179001082622
UCHL1,-0.0019524097442626953,1.5977479493329911,1.3176778554916382,-0.5122463,0.0016560656299354297
PEPD,-0.001954317092895508,0.9880855200623933,0.7204415202140808,-0.13306019,0.44605767839797583
NTMT1,-0.00196075439453125,0.7432843585908626,0.5470914840698242,-0.26867226,0.11861542871860761
SRCAP,-0.0019663572311401367,0.5419811900629763,0.37536120414733887,0.1710142,0.3259762035236717
ACOX1,-0.001966714859008789,0.6797549992511138,0.5160414576530457,0.5171121,0.001468290959927561
EDEM3,-0.0020056962966918945,0.4362481463155194,0.3433764576911926,-0.42989534,0.009952479337212829
TPP1,-0.0020198822021484375,1.1012292452533197,0.9502755403518677,-0.4553082,0.005989509229087644
DTNBP1,-0.0020254850387573242,0.5672829256097611,0.43529942631721497,-0.041783344,0.8116328557539364
EPS8L1,-0.002031087875366211,0.5835921587532952,0.46280571818351746,0.16265719,0.3505192887643421
SUDS3,-0.002039313316345215,0.5877130183110141,0.4734130799770355,-0.08994555,0.6073615619709087
DPYSL4,-0.0020394325256347656,0.9148296495193069,0.7335648536682129,-0.69684756,3.314751090004687e-06
UTP3,-0.002040266990661621,0.5871909404042768,0.4709424674510956,0.14304657,0.41234773669790165
PDCD6IP,-0.002047896385192871,0.6859287600297184,0.5292310118675232,-0.04621474,0.7920718868136605
HDDC2,-0.0020515918731689453,0.7592551666651717,0.5776110291481018,-0.360535,0.03336760164539236
PNPLA6,-0.0020602941513061523,0.47793356859184777,0.3898385465145111,0.095895305,0.5837014909048183
DCAF13,-0.002061605453491211,0.4767711370310345,0.3629910349845886,0.35949337,0.03391865733082777
NUB1,-0.002071976661682129,0.42607398862655477,0.34242677688598633,-0.25239632,0.14353014986862941
UGGT1,-0.002081632614135742,0.6608601491048472,0.5597952604293823,-0.3906505,0.02032797180055081
MTREX,-0.0020835399627685547,0.36405972164551015,0.311234712600708,0.0058010705,0.9736159843142718
ANXA6,-0.0020914077758789062,1.3680185462519887,1.107248067855835,-0.8076282,4.533389341420111e-09
ILK,-0.0021190643310546875,0.6111239009901134,0.4942081570625305,-0.16410062,0.34620210521490163
DKC1,-0.0021195411682128906,0.3859468134632755,0.30302396416664124,-0.08322105,0.6345817760436395
PTPN6,-0.002123117446899414,0.5731942255858653,0.4817315638065338,0.25184658,0.14443381757507115
ARHGAP1,-0.0021265745162963867,0.5997347871426013,0.5050649642944336,0.15317391,0.3796837605696116
L1CAM,-0.0021358728408813477,1.505283903801034,1.2422467470169067,-0.59715056,0.00015247942088574855
KRT80,-0.00213623046875,0.8518012525804083,0.7145045399665833,0.60974646,0.0001009193386813539
GPC4,-0.0021376609802246094,0.6116261350011907,0.4710133671760559,-0.2886439,0.09264065539322314
RPL35,-0.0021489858627319336,0.4978225951000326,0.4129147529602051,-0.3236041,0.05791770759135672
PSMD4,-0.0021545886993408203,0.6291110256256695,0.43100705742836,-0.5284097,0.0011026348547479563
CENPX,-0.002156496047973633,0.3380804355643051,0.26640239357948303,0.22179669,0.2003579769072802
IRS2,-0.0021599531173706055,0.5776292376384476,0.4420168101787567,0.2348293,0.1744981699439925
DNAJC2,-0.0021660327911376953,0.5933283262184406,0.45985740423202515,-0.37113908,0.02816251696259906
PLPP6,-0.002172231674194336,0.6284495525826209,0.5193705558776855,-0.27184197,0.11416504960784378
C11orf54,-0.0021780729293823242,0.5643930106177688,0.4600396156311035,-0.27634904,0.10805449565327813
GGA3,-0.002181410789489746,0.4311731145571036,0.319243848323822,0.04616326,0.7922979959787634
TIGAR,-0.002186894416809082,0.47992132371600366,0.3848460912704468,-0.0036713108,0.983300798901455
FCGRT,-0.002192974090576172,0.6642021481151585,0.521328330039978,0.27365255,0.1116799287946174
FTH1,-0.002194643020629883,0.6611786323570766,0.5075810551643372,-0.4855532,0.003108761652876589
PUF60,-0.0022034645080566406,0.41063393523598973,0.34238162636756897,-0.08272972,0.636590031118045
GALNS,-0.0022035837173461914,0.5157393126496813,0.41818544268608093,0.4628589,0.005112651427680809
MAPRE3,-0.0022062063217163086,0.7186104597557225,0.5674266219139099,-0.4800056,0.0035216693151320965
TRABD,-0.0022083520889282227,0.5707043647099894,0.4615851938724518,-0.102016866,0.559794918945293
MSH6,-0.0022096633911132812,1.1001250716110673,0.8965833783149719,0.17002983,0.3288101958434169
GNAI2,-0.0022110939025878906,1.250009775123522,1.00925874710083,0.20659025,0.23376544207259814
VAT1,-0.002232193946838379,0.9865273453856536,0.7998453378677368,-0.1738119,0.3180041004433649
STX4,-0.0022394657135009766,0.6414192440003811,0.552466630935669,0.70747197,2.012038620453496e-06
RBMX2,-0.0022584199905395508,0.5770527716805847,0.44928017258644104,-0.35106954,0.03865295558038603
EHMT1,-0.0022614002227783203,0.4354193975585037,0.3560599684715271,0.26792032,0.11968998087599832
MYO1E,-0.0022646188735961914,0.6249579177040528,0.495476096868515,0.101673834,0.5611226820374131
TNPO2,-0.002268075942993164,0.5382207019785794,0.4274005889892578,-0.10000394,0.5676059258147779
PABPC1L,-0.0022945404052734375,0.6230762678047368,0.4776766002178192,-0.16249473,0.35100690644525023
LPCAT2,-0.0023124217987060547,0.7089669722005416,0.5807802081108093,0.43853447,0.008409748003563068
PSMC2,-0.002319931983947754,0.49221321825924014,0.35852327942848206,-0.026761517,0.8787132319678497
GALNT2,-0.002320408821105957,1.087468776035399,0.9528610110282898,0.723568,9.047273140720182e-07
TRUB2,-0.0023381710052490234,0.5120836369312071,0.345334529876709,-0.07754229,0.6579438793083281
ARL1,-0.0023391246795654297,0.6410482218170318,0.5267168283462524,0.49711674,0.0023811151061833634
NUP155,-0.0023440122604370117,0.46630341691743554,0.3674049973487854,0.2481954,0.15054074932203362
CMSS1,-0.0023517608642578125,0.6436715374508285,0.5021554231643677,-0.4662612,0.0047552076517842585
SLC25A11,-0.0023598670959472656,0.4538406607009147,0.3633697032928467,-0.21269388,0.21993124557587013
WASF2,-0.0024034976959228516,0.5658992207987089,0.4118959307670593,0.30859065,0.07128597760815818
MRPL22,-0.0024219751358032227,0.4381699541458791,0.3628900945186615,-0.24966109,0.14806708684067857
SPCS2,-0.0024241209030151367,0.515458253428098,0.408316045999527,-0.14480355,0.4065700974001722
DNMT1,-0.00242459774017334,0.9097254965790376,0.7498551607131958,-0.49334067,0.0026003813829037392
TKT,-0.002444744110107422,0.9993356941991365,0.7436575293540955,-0.12840502,0.4622683050718817
SARG,-0.0024477243423461914,0.7795487381683721,0.607401967048645,-0.2969248,0.08324838886581785
GOLPH3,-0.002448558807373047,0.5431054581264103,0.44172897934913635,0.34333715,0.04345699067211845
PIR,-0.0024521350860595703,0.6364220472024036,0.5181862115859985,0.15440688,0.3758135086928932
NIFK,-0.0024597644805908203,0.531484860508742,0.4009442925453186,-0.20373243,0.24044066491915161
AGPAT1,-0.0024682283401489258,0.43336604557298486,0.33590903878211975,0.19216916,0.2687495831306706
NCAPG,-0.0024701356887817383,0.7876780989752639,0.6404845714569092,0.5276747,0.001123712513432613
TMED8,-0.00247037410736084,0.4876406778417865,0.37742435932159424,0.18652631,0.283325436427786
PNO1,-0.002471327781677246,0.3819792105525005,0.3200051188468933,-0.037139036,0.8322544998653719
MCU,-0.002480626106262207,0.9214855923387896,0.7805248498916626,0.6205427,6.985075858278307e-05
ZNF579,-0.0024843215942382812,0.4013275535301698,0.323753297328949,0.0075122975,0.9658370377780011
POGZ,-0.002496004104614258,0.6698640848485253,0.5308476686477661,0.24233748,0.1607275399247482
CEBPB,-0.0025027990341186523,1.1938714709568756,1.018845796585083,0.6781782,7.585162547291581e-06
DYNLRB1,-0.0025080442428588867,0.6911994711083027,0.5491454005241394,-0.046402495,0.7912457597898086
RRM1,-0.0025092363357543945,0.8716592364483834,0.6630765199661255,-0.21424542,0.21650593146932118
GOT1,-0.0025142431259155273,0.8787395743108373,0.6928877830505371,-0.08318211,0.6347409983658052
ARID2,-0.002515554428100586,0.4815615190697741,0.3918745517730713,0.37392616,0.02691126425355776
GAR1,-0.0025157928466796875,0.4386535830942867,0.36298027634620667,-0.13323897,0.4454412317588266
TUBB2B,-0.00251924991607666,1.771210200280554,1.4332022666931152,-0.7017751,2.636650967156806e-06
AKAP12,-0.0025271177291870117,0.8755212321253104,0.6881182789802551,-0.12961571,0.4580225096287299
HSPB1,-0.0025277137756347656,1.7731225494486158,1.3171361684799194,0.18827206,0.278762709913609
PHLDA1,-0.002533435821533203,0.5920811842043389,0.4522176682949066,0.06790099,0.6983367092009077
TRAPPC5,-0.0025519132614135742,0.41718036059724956,0.31928181648254395,-0.08976973,0.6080669622007728
BCAT1,-0.0025559663772583008,0.6609617657186249,0.4611101448535919,0.03909497,0.8235557426774329
MORF4L1,-0.0025709867477416992,0.37331079464313255,0.28138092160224915,-0.13318114,0.44564090974222087
LIG1,-0.0025767087936401367,0.5645600056022507,0.4465826749801636,0.53315896,0.0009746495245693637
COPB1,-0.0025844573974609375,0.6344637578499062,0.45890164375305176,-0.018927976,0.9140576554338435
MAPK3,-0.002595663070678711,0.6609368984859967,0.47395792603492737,-0.036309693,0.8359489881836982
HIKESHI,-0.0026127099990844727,0.28324767452928434,0.22262327373027802,0.25340122,0.14188908869371605
AAAS,-0.0026150941848754883,0.44270402307843054,0.34396690130233765,0.3149741,0.06533453697056697
PTMS,-0.002622365951538086,1.3901915999989503,1.1677218675613403,-0.31053558,0.06942949438980307
PRKAR2B,-0.0026237964630126953,0.8404612200843461,0.6738913655281067,0.21715975,0.2101713042259415
BCAT2,-0.0026335716247558594,0.4867862703566878,0.41359350085258484,-0.26012564,0.13126024727524505
TPD52L1,-0.002636551856994629,0.7976038722253237,0.6630972623825073,-0.19094254,0.27187552986093616
PRKAR1A,-0.0026427507400512695,0.7404202351209539,0.5276448726654053,-0.3237897,0.057765855755455876
ITPR3,-0.0026475191116333008,0.836918478100589,0.70225989818573,0.768048,7.21884374704359e-08
CHAMP1,-0.0026483535766601562,0.5941917131619054,0.4524083137512207,-0.32736862,0.05489907302852339
REEP5,-0.002657175064086914,0.7774548475150319,0.6447311639785767,0.8381324,3.3444379134866806e-10
TLN1,-0.0026623010635375977,1.0110752607343123,0.7079178094863892,-0.3199478,0.06097400765390926
UBE2Z,-0.002669811248779297,0.5217020102137715,0.3499031960964203,-0.19072962,0.2724204974343986
NID1,-0.002671957015991211,0.38461347176002786,0.3134557902812958,-0.09212834,0.5986342191333647
NAV1,-0.002675294876098633,0.5068304690027424,0.42336735129356384,-0.21907458,0.20607943622093938
DAP3,-0.002684950828552246,0.49348040717324354,0.3774489164352417,0.6799752,7.022345756625735e-06
EWSR1,-0.002691984176635742,0.6407080573227142,0.5565497279167175,-0.3801756,0.024271381545689873
CHMP2A,-0.002694845199584961,0.6159690950632786,0.49557942152023315,-0.51566243,0.001522172327861235
SH3GLB2,-0.0026967525482177734,0.9345029609351605,0.7450762391090393,-0.50794363,0.0018393316123417466
EML3,-0.0027015209197998047,0.4490334004030698,0.3556836247444153,0.12479496,0.47505175402929056
MTG2,-0.002707242965698242,0.328188958065446,0.2587013244628906,-0.14091584,0.41941664574981113
SPRYD4,-0.002720952033996582,0.5868502056908976,0.4805038571357727,0.7109293,1.702283295303343e-06
STX8,-0.0027282238006591797,0.3633199281508986,0.27693793177604675,-0.09628918,0.5821497779104067
CNOT3,-0.0027513504028320312,0.6057979796123723,0.44319677352905273,-0.29676065,0.08342712733235855
ZADH2,-0.0027529001235961914,0.44935920841446475,0.34096598625183105,-0.20507942,0.23727870567564405
IKBIP,-0.0027534961700439453,1.3840748256979456,1.1713776588439941,-0.27467713,0.11029173436542622
SPRY4,-0.002777695655822754,0.7098155128527249,0.5581449270248413,0.020058507,0.9089449593693043
EXOSC6,-0.0027790069580078125,0.46723634789811946,0.3596346378326416,-0.20493974,0.23760537417739513
CNN3,-0.0027791261672973633,0.9768053897162229,0.7757554650306702,-0.6490117,2.4714873117400537e-05
RBBP7,-0.002786874771118164,0.6164757693000299,0.5064803957939148,-0.5480265,0.0006545434131660385
BCL2L13,-0.0027904510498046875,0.5838598673596355,0.4691399037837982,0.3598146,0.033747913665517285
YJU2,-0.0027936697006225586,0.5124894664426239,0.4113233685493469,0.6152046,8.393028364992118e-05
YTHDF2,-0.0028061866760253906,0.944856328689674,0.7320412993431091,0.2325111,0.1789149074946418
MRPL38,-0.002813100814819336,0.5060364402269717,0.40225520730018616,0.395656,0.018640904642203145
RAP1A,-0.0028390884399414062,0.6669748507881406,0.4916846752166748,0.5835112,0.00023391160711248334
TOMM34,-0.0028557777404785156,0.913763535343225,0.7279922962188721,0.5874819,0.00020691987132476575
NUBP2,-0.0028613805770874023,0.5394931676147388,0.4113648235797882,0.48676,0.003024735793030971
NPLOC4,-0.0028722286224365234,0.5145293356740807,0.37882721424102783,-0.4443205,0.007494700639815388
SMC5,-0.0028727054595947266,0.3545184585462758,0.2818465530872345,-0.23897696,0.16679082325591116
ROCK2,-0.0028748512268066406,0.44922822030077786,0.3180283010005951,-0.29832864,0.08173188763677906
PPID,-0.002875208854675293,0.7741066321250147,0.6189493536949158,-0.47252446,0.004153296986406439
CPT2,-0.0028755664825439453,0.5253228069340429,0.4050331711769104,0.24442956,0.15703393211751135
KIF21A,-0.002885103225708008,0.7155559723058452,0.5217868685722351,-0.38733497,0.021513915609695813
G6PD,-0.0028858184814453125,0.9812275962944723,0.7334399223327637,0.32094774,0.06012578412439226
PTMA,-0.0028924942016601562,1.3300424982752703,1.1196049451828003,-0.21256907,0.22020839935464429
MRGBP,-0.0028945207595825195,0.3995352936481506,0.3152022659778595,0.04257567,0.8081264998728555
MKRN2,-0.0028995275497436523,0.5286579569160861,0.43010351061820984,-0.06536676,0.7090964549790244
TNFAIP2,-0.0029026269912719727,0.6752895484777018,0.5501364469528198,0.20356512,0.2408355340861877
DHTKD1,-0.002911210060119629,0.7483427493459512,0.5627398490905762,0.08535808,0.6258776256021154
ACOT9,-0.0029153823852539062,1.0755106977057534,0.936658501625061,0.2032435,0.24159555750330897
CCNB2,-0.002923727035522461,0.43858398956647415,0.3660963475704193,-0.523597,0.0012472140237458449
BORCS6,-0.0029240846633911133,0.45453159110645597,0.35463520884513855,0.23778634,0.16897793684343884
ANXA3,-0.0029407739639282227,1.3742478654389287,1.163326621055603,0.49662647,0.0024086421592234846
G3BP2,-0.002949953079223633,0.568058707814796,0.43223726749420166,-0.2909577,0.08993830053858581
CAVIN3,-0.0029544830322265625,1.004767556805211,0.818335771560669,-0.3482631,0.04034416410726727
KIFC3,-0.0029554367065429688,0.4765112020680867,0.3851291239261627,-0.023753209,0.8922631726845355
CIB1,-0.0029565095901489258,0.8868242444709732,0.7329001426696777,-0.7739468,4.951258412825477e-08
PREB,-0.0029664039611816406,0.43619834178695077,0.3433264195919037,-0.21907526,0.20607817118177849
RAI1,-0.0029754638671875,0.344809740962319,0.2736685872077942,-0.011670176,0.9469504894925693
ENO2,-0.002982616424560547,1.9422076468984089,1.6780529022216797,-0.71667176,1.2826668359016669e-06
MPST,-0.0030062198638916016,0.6522218053447438,0.4473765194416046,-0.17677592,0.3096922784132491
RPA2,-0.0030242204666137695,0.8720055157723221,0.728992760181427,-0.63771933,3.778866527432143e-05
RAB2B,-0.0030319690704345703,0.6331622252295549,0.5350803732872009,-0.2936701,0.08684801524616523
ITPRID2,-0.0030385255813598633,0.7554641991747466,0.67533278465271,-0.3863114,0.02189141563356027
DCTN1,-0.0030450820922851562,0.6940033621844,0.5507956743240356,-0.52074564,0.0013405236713896302
PPP4R3A,-0.0030461549758911133,0.5310563688262105,0.4352254569530487,-0.5162215,0.0015011885991733779
OXR1,-0.003046274185180664,0.7048708751129559,0.5189837217330933,-0.31940782,0.06143601149652418
DGLUCY,-0.003052234649658203,0.47767582594638947,0.36453816294670105,-0.11778641,0.5003886434271348
CAP1,-0.0030524730682373047,1.0439690068895178,0.7990961670875549,-0.41550234,0.013055614559063004
SLC7A1,-0.0030678510665893555,0.39640277342273594,0.30695173144340515,-0.08730081,0.6180082522683104
CLIC1,-0.003075122833251953,0.9946476031471705,0.7518036365509033,0.32914558,0.05351835572662974
TRMT112,-0.0030754804611206055,0.6997289447853543,0.5893390774726868,0.15211529,0.3830251419823289
PDS5B,-0.0030841827392578125,0.7912461686606552,0.6280056834220886,-0.5668806,0.00038440227786290217
MIEN1,-0.0030977725982666016,0.7342851056209859,0.5458409190177917,0.37355968,0.027073117868255656
AACS,-0.003103971481323242,0.47644735727593085,0.38310152292251587,-0.13733548,0.43144632777495084
SLC9A3R1,-0.003105759620666504,0.9755923831333461,0.7726508378982544,-0.010108609,0.9540411907011693
PEG10,-0.003106355667114258,0.8387982980776372,0.6704712510108948,-0.3740007,0.026878454102480145
BRD3,-0.003116130828857422,0.5733277031248714,0.46351662278175354,0.3427046,0.04387041840746777
PRCC,-0.003121018409729004,0.6403258951255867,0.4716315269470215,0.30341846,0.0764121200943426
GOLIM4,-0.0031325817108154297,0.5947049141688031,0.49187442660331726,-0.0504181,0.7736315079690244
RNF2,-0.0031338930130004883,0.7749668375734097,0.5955259799957275,0.19243783,0.2680680073582146
TRUB1,-0.0031355619430541992,0.4929489270802677,0.3678998053073883,-0.2165393,0.21150916478172035
DBI,-0.003144502639770508,1.056242693362273,0.8507216572761536,0.39954853,0.01741113753031558
NUP58,-0.0031502246856689453,0.3482048977470163,0.24348337948322296,-0.35213855,0.038024088960550866
SMC2,-0.0031523704528808594,1.0091537303919684,0.8178794980049133,-0.38988745,0.020595976477178545
ITIH2,-0.0031638145446777344,0.8744095785789903,0.7127734422683716,0.039277732,0.8227434769512443
DNLZ,-0.0031675100326538086,0.6071039821496669,0.46047940850257874,0.06524666,0.7096075194408077
NDUFA8,-0.003173828125,0.5045049496645126,0.392332524061203,0.073005445,0.6768413304463098
MAEA,-0.0031801462173461914,0.4202452722836085,0.34232792258262634,-0.22090189,0.2022265666175091
POLA2,-0.003180265426635742,0.7036791419205328,0.5875715017318726,-0.69982123,2.8886937290329877e-06
FLNA,-0.0031881332397460938,1.2340596436008404,1.0286273956298828,-0.017548587,0.9203000015255169
SLC39A14,-0.0031949281692504883,0.3952190145390774,0.2930215001106262,0.103748396,0.5531160928531762
FNBP1L,-0.0031952857971191406,0.568336958295648,0.45286867022514343,-0.13663179,0.4338333092409594
NUMB,-0.003203272819519043,0.5629052450808207,0.4744984805583954,-0.5501616,0.0006172275834863492
BCKDHB,-0.0032073259353637695,0.4267817475265102,0.33885031938552856,0.15905705,0.3614274219489594
SMAP2,-0.0032101869583129883,0.5504750151200537,0.4222467243671417,0.5024123,0.0021008564860240946
TIMM10B,-0.0032178163528442383,0.5587354893688342,0.46206894516944885,-0.422149,0.01153396584414012
ACP2,-0.003221750259399414,0.7026909230036984,0.5123821496963501,0.33485824,0.04926591747666747
ACTR1B,-0.003238677978515625,0.5510564076183241,0.43613526225090027,0.014900655,0.9322957968132535
SDR39U1,-0.003243088722229004,0.4133778796238433,0.32707974314689636,-0.3250851,0.05671478108270553
PLOD3,-0.0032542943954467773,1.0565178706421998,0.8829963207244873,-0.6419558,3.228852829896459e-05
ADAM10,-0.003255486488342285,0.513843899195171,0.40739941596984863,0.4189198,0.01225335310679392
PCNP,-0.0032652616500854492,1.007178646928142,0.8482934832572937,-0.6221736,6.599586142490087e-05
MKI67,-0.0032663345336914062,0.5812848829241298,0.4477287828922272,0.08741467,0.6175483634738146
PRKD2,-0.0032806396484375,0.4301388537418848,0.3429357707500458,-0.1941915,0.26364775494666215
PHC3,-0.00328218936920166,0.5386358590703488,0.41671374440193176,-0.34782487,0.04061363268448763
TMEM263,-0.0032912492752075195,0.7831554826434575,0.584403932094574,-0.19761483,0.2551574070004228
MTX1,-0.0033080577850341797,0.48672819725407823,0.39765530824661255,0.40345046,0.016247206436635932
EIF3E,-0.0033135414123535156,0.6554011804538046,0.49969929456710815,-0.33499378,0.049168321754879105
NUP35,-0.0033168792724609375,0.4155118515766538,0.3165583610534668,0.007444312,0.9661464070371625
PIK3R1,-0.0033223628997802734,0.43927854673063077,0.36701342463493347,-0.25282425,0.14282959874543646
PALM,-0.003328561782836914,0.5088438857519452,0.42579010128974915,-0.4936418,0.0025822725525055687
AGL,-0.0033386945724487305,0.5863199892947305,0.4567612111568451,-0.13894108,0.4260284948403348
RAB3GAP1,-0.003339529037475586,0.4235163126160402,0.33344507217407227,-0.37956998,0.024517440750698012
NUDT5,-0.003348231315612793,1.114308789864922,0.8858250379562378,-0.41627803,0.012869738373835218
ARHGDIB,-0.003354787826538086,1.1685554791307071,0.9918596744537354,0.4074591,0.015120051557115382
LACTB,-0.003361344337463379,0.7947190609453919,0.6065628528594971,0.12654781,0.4688217257804328
ALDOC,-0.003362417221069336,0.712530635710507,0.530653715133667,-0.22836502,0.18701038999303263
ANTXR1,-0.0033637285232543945,0.724444306277858,0.6227482557296753,-0.35972133,0.03379744881246865
NDUFA10,-0.0033655166625976562,0.5376952426631839,0.43456366658210754,0.48886588,0.0028828300512803878
DERL1,-0.0033692121505737305,0.6396717562319768,0.5290178060531616,-0.546084,0.0006902192634974943
RBP1,-0.003373384475708008,1.1886937515798006,0.9839118123054504,-0.75485176,1.6148676292345984e-07
PEX14,-0.0033769607543945312,0.547887110789305,0.4171292185783386,-0.22077765,0.2024868879452142
PGAM1,-0.003378629684448242,0.7411757550037983,0.5380544662475586,-0.23962915,0.16560145341255786
FOXK1,-0.0033832788467407227,0.3550836971840333,0.2879541218280792,-0.22119409,0.20161515417655249
CAPRIN1,-0.003385782241821289,0.7090540659887498,0.5183439254760742,-0.2095328,0.22702459051290774
NME1,-0.0033866167068481445,1.1438230334868762,0.8870505690574646,-0.61536825,8.34632071590336e-05
UBAC1,-0.003388047218322754,0.35559377462807895,0.2754800021648407,-0.3597826,0.03376492480842121
SIRT3,-0.0033922195434570312,0.5275418792389542,0.39795371890068054,-0.06782822,0.698645158793978
FMNL1,-0.003392457962036133,0.3958446434145228,0.3255545496940613,-0.08181633,0.6403297542407542
RHOF,-0.0033981800079345703,0.695315864640571,0.5237153768539429,0.58054334,0.000256096694916115
GYG1,-0.0033985376358032227,0.734674473837282,0.6081812381744385,0.06326333,0.7180693927604085
HAGH,-0.0034192800521850586,0.8546562342530233,0.6995616555213928,-0.6542396,2.0184479251690178e-05
BMS1,-0.003435492515563965,0.41992460737891923,0.3528117537498474,-0.25253978,0.1432951175395338
C5orf22,-0.0034444332122802734,0.6132094225764836,0.5028612017631531,0.23312831,0.177731229916032
NOM1,-0.0034461021423339844,0.5670391098827416,0.43934154510498047,0.17312665,0.31994525639339894
GSS,-0.0034465789794921875,0.7002374271937897,0.5333632230758667,-0.30650443,0.07332019045835553
ZNRD2,-0.00345611572265625,0.6862695911091625,0.5349880456924438,-0.15733847,0.3667051891146104
PPP2R2A,-0.0034639835357666016,0.6750458922503404,0.5488195419311523,0.09614815,0.5827051588518409
COIL,-0.0034673213958740234,0.3947550261747064,0.3142433166503906,-0.085468754,0.6254283884858672
MRPS23,-0.0034699440002441406,0.5550878181658137,0.4555271565914154,-0.028500697,0.8708951535060744
SEL1L,-0.0034772157669067383,0.6960958076215445,0.5447279810905457,0.20706046,0.23267936719809687
PSMA6,-0.003483414649963379,0.6813357089311364,0.5273961424827576,-0.39743385,0.018070518923609336
CNTNAP1,-0.003496885299682617,0.6610531554699985,0.48453155159950256,-0.5665219,0.0003884306766420548
CPM,-0.0034979581832885742,0.6872520866764787,0.4805021584033966,0.12407243,0.4776323288710519
SAP30BP,-0.0035147666931152344,0.47805599013813743,0.3920314908027649,-0.07825044,0.6550127617498096
IGF2R,-0.00352323055267334,0.7597463649475764,0.572140097618103,0.33209884,0.05128487702944764
EXOSC3,-0.0035363435745239258,0.34200850338361427,0.2694332003593445,0.2759422,0.1085957497762369
PPME1,-0.003554105758666992,0.6758041818950559,0.5125871896743774,0.52241415,0.0012852029060315402
ALDH16A1,-0.0035588741302490234,0.5055979638716586,0.40766412019729614,-0.071184814,0.6844802489563524
FLOT1,-0.0035898685455322266,0.6543481379682075,0.5086097717285156,0.37094617,0.02825084831302603
MPHOSPH10,-0.0035927295684814453,0.4737301598624357,0.37511831521987915,-0.19117378,0.27128437889373924
FERMT2,-0.003593921661376953,0.7104648234433157,0.5509032011032104,-0.19710958,0.25639885464537204
KANK2,-0.0035941600799560547,1.0607577231991574,0.8681223392486572,0.23438102,0.1753462407329221
FAR1,-0.0035970211029052734,0.544402254169108,0.42595261335372925,-0.4981718,0.0023228138340578974
RAE1,-0.00360107421875,0.4307338286135635,0.33868053555488586,0.12983951,0.45723968981311947
ARCN1,-0.0036011934280395508,0.6166455992330457,0.4525980055332184,-0.11758441,0.5011286712243248
CEMIP2,-0.0036040544509887695,0.5293268286756171,0.4415978789329529,0.59018034,0.00019020415516381812
AARS1,-0.003627777099609375,0.8192653693817038,0.5708409547805786,-0.2926899,0.08795514138053492
ARL2BP,-0.0036278963088989258,0.6324507303234754,0.49845972657203674,0.30860358,0.0712735620237792
HDAC2,-0.003630995750427246,0.56922513691714,0.4749985933303833,-0.5125271,0.0016446853299995007
PSMB3,-0.003652215003967285,0.575125801795578,0.422458678483963,-0.34928665,0.03972056602135487
FDX2,-0.0036695003509521484,0.5338402319849557,0.43484053015708923,0.18953227,0.27549852393786717
AASDHPPT,-0.0036742687225341797,1.23207723450702,0.9881769418716431,-0.67632663,8.207721978812512e-06
EIF4G1,-0.00368344783782959,0.6648375083908278,0.5004417896270752,-0.22692257,0.18988669363068864
RCN3,-0.003686189651489258,1.3405680130804245,1.0884321928024292,-0.1699647,0.32899847513776975
CTSZ,-0.003689408302307129,1.1275813369847953,0.9663943648338318,0.7384766,4.101545446768018e-07
NAPRT,-0.0036906003952026367,0.9803726027562877,0.741460919380188,0.35970494,0.033806121971446466
CCDC9,-0.0037387609481811523,0.456909668881651,0.3617801070213318,0.03788622,0.8289289238068537
TBL2,-0.0037442445755004883,0.905201634395791,0.7502907514572144,0.19580872,0.25961371732276056
AP1M1,-0.0037491321563720703,0.33573755701587876,0.27227988839149475,-0.19362372,0.2650734210103891
CEP44,-0.0037518739700317383,0.4907984281276522,0.4055783152580261,-0.32308623,0.05834304411333657
ZNF428,-0.003760814666748047,1.298749144024241,1.0702357292175293,0.14253196,0.4140488475352751
APRT,-0.0037690401077270508,0.8842337316904486,0.6682249903678894,0.023505824,0.8933786890734603
SERPINE2,-0.0037801265716552734,1.11489585107799,0.919231653213501,-0.029973375,0.8642841512600294
MCM2,-0.0037870407104492188,1.0092871471237117,0.823834240436554,-0.576638,0.0002881467428927014
SCPEP1,-0.0038099288940429688,0.4845527046076566,0.3853904902935028,-0.12841204,0.4622435793348684
AAGAB,-0.0038183927536010742,0.3485757369649987,0.25987720489501953,-0.029939985,0.864433889219845
PEX16,-0.0038248300552368164,0.48843724619931433,0.38386961817741394,0.5898437,0.00019222132153671914
NKRF,-0.0038483142852783203,0.373785177093637,0.2952096164226532,-0.15781337,0.36524243340784174
HADHB,-0.003853917121887207,0.8182929838285093,0.7030205726623535,-0.25136396,0.14523039640846308
UHRF2,-0.003862619400024414,0.3997179847705785,0.33040377497673035,-0.086819254,0.6199548462749935
FZD6,-0.0038650035858154297,0.5859092959927518,0.4689226448535919,-0.5616383,0.00044713970335742454
POP1,-0.0038655996322631836,0.5247849444021523,0.4457152783870697,-0.16419221,0.34592938655725275
GNL3L,-0.003871440887451172,0.46738726896336563,0.3595070540904999,-0.14950418,0.39134032659701085
PPIE,-0.0038815736770629883,0.6218751753993722,0.5401873588562012,-0.16774105,0.33545875057727387
CAP2,-0.0038831233978271484,0.7200369715470119,0.5590939521789551,-0.25660422,0.13675043854815971
OSBPL9,-0.0038831233978271484,0.39525841278856366,0.30923059582710266,-0.15703338,0.36764681630580986
POLR1B,-0.003887772560119629,0.31114048873522143,0.2568265497684479,-0.2547532,0.13970308365378206
GORASP2,-0.0038878917694091797,0.346676979591647,0.2839221954345703,-0.1746968,0.3155081943358254
MTOR,-0.003891587257385254,0.5470871105291283,0.4280683100223541,0.43812925,0.008477270740927599
SENP3,-0.003902912139892578,0.5011527065973193,0.41955703496932983,-0.28115812,0.1018102820384653
FAF1,-0.0039043426513671875,0.8156929733189776,0.6939884424209595,-0.20131999,0.24617464200204978
CRTAP,-0.003914594650268555,1.0787100379411025,0.8721032738685608,0.33232614,0.051116085361840785
LIN7C,-0.0039244890213012695,0.42146406646250956,0.3444666862487793,0.019540723,0.9112863169271115
TPX2,-0.003925442695617676,0.843926058167542,0.6879364848136902,-0.42559713,0.010805538989925815
TUBB3,-0.0039321184158325195,1.6655010757007636,1.405185580253601,-0.8576001,4.7029501105277966e-11
ACBD5,-0.00393223762512207,1.0251790727639807,0.871738076210022,0.08204159,0.6394064553379074
BAZ1B,-0.003934025764465332,0.6566814639107346,0.5199925303459167,-0.40392825,0.01610927251934607
HAX1,-0.003935337066650391,0.5640400361636373,0.44780269265174866,-0.012625994,0.9426124893075184
SPINT2,-0.003948688507080078,1.04805120182175,0.8019497990608215,0.75889146,1.268940301833921e-07
MYOF,-0.003958463668823242,1.781239760520014,1.5258197784423828,0.6388546,3.623733991938027e-05
GLTP,-0.003993391990661621,0.6190460806782091,0.4811452031135559,-0.39999944,0.01727318895935905
PDCD4,-0.0039958953857421875,0.7833814917295868,0.6245689988136292,-0.6941518,3.749768196458059e-06
C18orf25,-0.00399935245513916,0.4558692244615472,0.34341827034950256,0.20812388,0.23023536589146584
PLA2G4A,-0.004001021385192871,0.6290691709662163,0.4619888365268707,-0.21394722,0.21716155283252603
ERC1,-0.004019260406494141,0.5508493692465616,0.4393469989299774,-0.2998473,0.08011540291123845
WRNIP1,-0.004032731056213379,0.7457836765047628,0.6166723370552063,-0.55816185,0.0004936142780765371
NAGA,-0.004067063331604004,0.5300306744515867,0.40363621711730957,0.37736666,0.02543015126828379
SERPINH1,-0.004089236259460449,2.184487693837525,1.8931363821029663,-0.20697576,0.23287490538288852
CDC42BPB,-0.004096865653991699,0.5434408536766947,0.43235573172569275,-0.26659867,0.12159604689019719
MAPT,-0.004098773002624512,0.5357269251558526,0.45525607466697693,-0.29629117,0.08394005728851693
SNAP29,-0.0041027069091796875,0.5571181006223695,0.43393558263778687,-0.1772252,0.3084443926149811
QSOX2,-0.004105091094970703,0.509931164752307,0.37604308128356934,0.14261849,0.4137624911003146
UBE3A,-0.004105806350708008,0.7047323504467636,0.5050598382949829,0.6867628,5.2228151687635834e-06
CZIB,-0.004111647605895996,0.8528938385505513,0.663009524345398,-0.6841008,5.871290926465575e-06
CLUH,-0.004114985466003418,0.8400906576894273,0.6844686269760132,-0.23943858,0.16594843733579318
ZNF687,-0.004125714302062988,0.3610124807379775,0.2683027684688568,-0.22049522,0.203079597959276
MCCC2,-0.004141330718994141,0.8306108986466295,0.7013610601425171,-0.07017669,0.688723704925142
DDX54,-0.004143834114074707,0.7229983782875372,0.572774350643158,0.5776697,0.0002793500002668397
SBDS,-0.004146575927734375,0.5590847231870919,0.38315778970718384,-0.28490227,0.09714132774963508
ALDH5A1,-0.0041539669036865234,0.6779105976992101,0.5848405957221985,0.44198307,0.007853547411681958
COPS2,-0.004165172576904297,0.594025999469943,0.4549822211265564,-0.15584424,0.3713313460253229
MARCKSL1,-0.004185318946838379,1.469969628597691,1.3236221075057983,-0.75759965,1.3713281411771283e-07
TPT1,-0.004190564155578613,0.9140144400718465,0.7086294293403625,-0.26783088,0.11981822356601166
RSRC1,-0.004216909408569336,0.5491542458130537,0.4438643157482147,-0.33579808,0.04859295185488051
PAICS,-0.004218578338623047,1.20924041945515,0.9904390573501587,-0.67842215,7.506402933254485e-06
NEU1,-0.0042188167572021484,0.8103137680732287,0.6681676506996155,0.55135345,0.0005972277254988895
H1-1,-0.004221320152282715,1.1104756657503274,0.8944705128669739,-0.170082,0.32865982680636113
NOC2L,-0.004236936569213867,0.50498371112161,0.4193776845932007,-0.2896412,0.09146837820983367
HIP1,-0.004239559173583984,0.48298753941892514,0.37885501980781555,-0.27127323,0.11495420318196196
SLC39A6,-0.004245877265930176,0.37516264567232066,0.2739335596561432,-0.082166955,0.6388932532989979
SIL1,-0.0042536258697509766,0.5994380494927497,0.5011624693870544,0.5404523,0.0008035687052420171
NBAS,-0.004255771636962891,0.3342888431426661,0.2607216536998749,-0.29829273,0.0817703820882519
PCDH1,-0.004260420799255371,0.680267897349778,0.5217612385749817,-0.06072187,0.7289602318282312
PKP3,-0.004260897636413574,0.9884476653501074,0.8306949734687805,0.7200493,1.0824771306985051e-06
PROCR,-0.004274129867553711,1.242947328048431,1.0090572834014893,-0.7554741,1.556466280689042e-07
GPKOW,-0.004276752471923828,0.4823518308377211,0.3917941451072693,-0.40705875,0.015229606775368519
NDRG3,-0.004297614097595215,0.5841985201438489,0.46115580201148987,-0.12852415,0.4618493199337938
DNM1,-0.004299044609069824,0.6743864980146984,0.5151075720787048,-0.44361633,0.007601286353859247
WNK1,-0.00429987907409668,0.7153460296198585,0.5475518703460693,-0.36688167,0.030165822373297266
SMAD4,-0.00430142879486084,0.6397989343544879,0.48966336250305176,0.67391586,9.087959182510688e-06
UTP14A,-0.004309296607971191,0.5626575726104506,0.443528950214386,-0.37949225,0.024549170258002982
AHDC1,-0.004339933395385742,0.5445747500411819,0.40405845642089844,-0.2885637,0.09273531541126256
ZFYVE19,-0.00434267520904541,0.5565614878298827,0.42094144225120544,-0.11562719,0.5083298973040357
ATG3,-0.004354119300842285,0.7455997529276042,0.6253603100776672,-0.39487782,0.018895250976805663
GDI1,-0.004362344741821289,1.614762335258129,1.358018398284912,-0.82798356,8.419577169003838e-10
PCMT1,-0.004366278648376465,0.836296539209073,0.6673968434333801,-0.349572,0.039548160098130065
ARID3A,-0.004374861717224121,0.47322930520377743,0.4075247049331665,0.37689447,0.02562935204827254
DBN1,-0.004400134086608887,0.9188501549969678,0.7559250593185425,-0.3818514,0.023601073718770627
PMF1,-0.0044144392013549805,0.514657471087107,0.4275028109550476,0.107107684,0.5402662435805783
CHID1,-0.004422664642333984,0.40340758850291675,0.32143163681030273,0.051926818,0.76704185946316
SLC12A9,-0.004450201988220215,0.666519354896224,0.5610420107841492,-0.75851834,1.2977648018414317e-07
RIF1,-0.004458904266357422,0.42562550137192023,0.33059772849082947,-0.26279536,0.12720788793568846
SLC25A46,-0.004462599754333496,0.46334391744220454,0.36908847093582153,0.31868768,0.06205641371699374
RCL1,-0.0044831037521362305,0.4847747629735278,0.4048347473144531,-0.21230645,0.22079234059305727
STMN1,-0.004483461380004883,2.1356714112215354,1.7839092016220093,-0.8335603,5.108237166154551e-10
CBX8,-0.0044841766357421875,0.6647201871524189,0.5189123749732971,-0.5254217,0.0011905480263397171
ASF1B,-0.00448918342590332,0.417203505705499,0.32847291231155396,-0.2603559,0.13090693776940862
MRM3,-0.004492759704589844,0.41882094735895825,0.3097241520881653,0.27415672,0.1109952616370803
BCS1L,-0.00455021858215332,0.39185448752565943,0.33440545201301575,-0.25126103,0.1454008318675509
CXXC1,-0.004551529884338379,0.4340501222157029,0.3494047224521637,-0.38809535,0.021236962524519287
TRIP13,-0.00455164909362793,0.6995149336755248,0.5543797612190247,-0.18368329,0.2908589031976051
SUGP2,-0.004555463790893555,0.667643975614406,0.5345868468284607,-0.7204382,1.0613696080651432e-06
VPS4B,-0.004565119743347168,0.6356077506201382,0.4978652894496918,-0.37041128,0.02849699818234855
LAMA5,-0.004566311836242676,0.6431864262228008,0.5389136672019958,0.41499186,0.013179163035156049
BID,-0.0045757293701171875,0.5707000304131026,0.5045060515403748,0.46888417,0.004494542209376974
CPNE1,-0.004591464996337891,0.8762160094085764,0.7121304273605347,-0.57446265,0.0003075106257708732
CRK,-0.004595637321472168,0.7687246675116638,0.5733155012130737,-0.43538556,0.008946605354605782
MYO5A,-0.004598736763000488,0.5178378623041601,0.43279701471328735,-0.2231214,0.19761417435186088
NIT1,-0.0046062469482421875,0.5695138329457814,0.4399867355823517,0.25660753,0.13674515582491223
POGLUT2,-0.004617452621459961,0.5147060818030668,0.38049712777137756,-0.31688517,0.06363089403929333
GNL3,-0.004633307456970215,0.6557654908299693,0.5344551801681519,0.09566991,0.5845904189127346
OGFOD1,-0.004648327827453613,0.3127821602146375,0.26617270708084106,-0.25300285,0.1425380208050825
PRIM1,-0.004655599594116211,0.4596300818230057,0.3452000916004181,-0.38971984,0.020655236288384192
TMEM214,-0.004656076431274414,0.6896450218736219,0.5884606242179871,0.05695291,0.7452072332774714
SUGT1,-0.004665255546569824,0.8829687199738564,0.7056730389595032,-0.6733605,9.302503915295256e-06
UNC13D,-0.0046727657318115234,0.5098234414239144,0.40281808376312256,0.23646694,0.17142542179497247
SH3BGRL,-0.0046765804290771484,0.9037141178653075,0.7096728086471558,-0.41965505,0.012086300503655714
MED10,-0.004685401916503906,0.39721282037902794,0.291700154542923,-0.27463531,0.11034816922773712
CLPP,-0.004688858985900879,0.3525098857271251,0.2886382043361664,-0.15658614,0.36903002179731714
FKBP7,-0.00471186637878418,0.6527848950690192,0.5185763835906982,-0.40645692,0.015395502056736045
SQSTM1,-0.004714608192443848,1.6851927914678733,1.3601833581924438,0.042552706,0.8082282577678619
RPL10,-0.004716634750366211,0.541396299768915,0.42911410331726074,-0.2243142,0.19516599928718623
PSMD7,-0.004727840423583984,0.5939567858344553,0.41599002480506897,0.03484425,0.8424855376534605
OSBPL8,-0.004748344421386719,0.47778381129300684,0.3811468482017517,-0.21159801,0.2223729077984668
AFAP1,-0.004749298095703125,0.7193792739727943,0.5268583297729492,0.25877023,0.1333538021774396
FNTB,-0.004761219024658203,0.521487861078733,0.40250980854034424,-0.5058982,0.001932511393384597
CLCC1,-0.004767298698425293,0.7239740264801727,0.5840953588485718,0.49443492,0.002535102284730762
AK6,-0.004823803901672363,0.5556100775535281,0.42080557346343994,-0.13564429,0.4371943553027086
MACROD1,-0.004825711250305176,0.7422906101278887,0.5350077152252197,-0.21262431,0.2200858081062551
VGF,-0.004838705062866211,1.4295765151007014,1.1757475137710571,0.04362254,0.8035000784656489
PDRG1,-0.004842996597290039,0.3829571392302327,0.3204195499420166,-0.576174,0.0002921829169493921
STING1,-0.004852175712585449,0.8832760834285533,0.6808933019638062,0.7193698,1.1202856477064035e-06
HSPH1,-0.0048607587814331055,1.0178230561975972,0.8317875266075134,0.48229674,0.003345714346271112
CHMP4A,-0.004877328872680664,0.6087968724826504,0.4985620677471161,0.33569834,0.04866396072022206
RNASEH2B,-0.004881024360656738,0.5516809730701179,0.4647636413574219,-0.53518033,0.0009242829156231877
PDLIM4,-0.004905581474304199,0.8255751959934688,0.7062123417854309,-0.1847641,0.28797980799451034
NOA1,-0.004919171333312988,0.344199223027275,0.27820897102355957,0.2357163,0.17282890595983172
KRAS,-0.004922628402709961,0.5166571718799662,0.3781655430793762,-0.0049270005,0.9775901490140998
SARS1,-0.004928708076477051,1.04189819941696,0.840062141418457,0.42515475,0.010896778153227876
HPSE,-0.004941463470458984,0.8386768129485002,0.6298199892044067,0.045073986,0.7970958237588762
PATJ,-0.0049533843994140625,0.3633290741317938,0.3120332360267639,0.47742382,0.0037295196690836224
GNAI3,-0.004953503608703613,0.6242343504368286,0.4947563111782074,0.62642306,5.6835096424630644e-05
PRCP,-0.004957675933837891,0.522325359115437,0.4382128119468689,0.09178874,0.5999881322876277
S100P,-0.004966616630554199,1.8211282367623858,1.2278718948364258,0.5439603,0.0007311789502244205
MCRIP1,-0.004976511001586914,0.8952980919123001,0.6913814544677734,0.3602912,0.03349590896589346
PFN2,-0.004988193511962891,1.2160708004705985,1.0290722846984863,-0.799145,8.632783742187089e-09
GALK2,-0.004995942115783691,0.3572517573845299,0.30195698142051697,0.20178787,0.24505550148606314
SMC1B,-0.005019187927246094,0.5229613572536431,0.4247548580169678,-0.6204645,7.004061021228154e-05
SNX12,-0.005019664764404297,0.8044112759155977,0.6051157712936401,-0.65479845,1.9747765268415625e-05
PITRM1,-0.005030632019042969,0.773555053100592,0.6272130608558655,0.34646872,0.04145654618523296
POLR2A,-0.0050421953201293945,0.44597492806779243,0.3569038510322571,0.004452523,0.9797481991079422
PPAT,-0.0050427913665771484,1.1532867194184149,0.9626951217651367,-0.7545057,1.6482239936588587e-07
SPTLC1,-0.0050449371337890625,0.6859523954055885,0.5279750227928162,-0.42017478,0.01196937965176668
PPL,-0.005045294761657715,1.298768143953944,1.0602703094482422,-0.24679728,0.1529282023117875
GTF3C1,-0.0050487518310546875,0.39683496543629293,0.2954055070877075,-0.24190316,0.16150203324350204
RDH10,-0.005051255226135254,0.6582105279613707,0.5939387679100037,0.7235672,9.047605521799014e-07
TMED4,-0.005054593086242676,0.6192521677714642,0.4822792708873749,0.44031712,0.008118183363666003
ANKRD17,-0.005055069923400879,0.5202188459084512,0.3962092697620392,0.36886612,0.029217983493318465
LEMD3,-0.005055427551269531,0.6872612582006528,0.5169221758842468,0.73165596,5.928091174893742e-07
PHGDH,-0.005055546760559082,1.3327611897688807,1.095678687095642,-0.536245,0.0008986895363209547
NADK2,-0.005056023597717285,0.7954931807114827,0.6698717474937439,-0.05504239,0.7534852500250029
TAGLN,-0.005057096481323242,1.6589219475217514,1.27622389793396,-0.12812532,0.4632520376349824
XPNPEP1,-0.0050618648529052734,0.6157608685899144,0.48249033093452454,-0.6728799,9.491925083747004e-06
CUX1,-0.0050629377365112305,0.4650645172573695,0.33787402510643005,0.5257119,0.0011817453396862595
NOTCH2,-0.0050667524337768555,0.6968294590665384,0.5526314973831177,-0.6539968,2.0376952342029255e-05
TM9SF3,-0.005088686943054199,0.7501022348660261,0.6265945434570312,0.8945946,4.374944675728267e-13
SGPL1,-0.005089879035949707,0.7917436052045471,0.5605595707893372,-0.35373136,0.037102410686448574
SCAF4,-0.005117177963256836,0.5273357249461716,0.45074933767318726,-0.7240518,8.825018795647373e-07
ZNF148,-0.005120992660522461,0.3972367162698117,0.3157133162021637,-0.07909461,0.6515247372685812
CRYZ,-0.0051343441009521484,0.7410015468838668,0.5657906532287598,0.009441316,0.9570717957931739
KIFC1,-0.005148887634277344,0.722557927221699,0.554014265537262,0.4203718,0.011925328864600543
PDXDC1,-0.005150914192199707,0.8558713758037279,0.6215730309486389,0.28740343,0.09411465345854311
MRPS10,-0.0051566362380981445,0.5413659954656591,0.39960387349128723,-0.2857432,0.09611556513050735
TIMMDC1,-0.005157947540283203,0.7971421336294271,0.6597767472267151,-0.73897094,3.991723421137477e-07
AP2M1,-0.005166053771972656,0.5725918513747844,0.4748883843421936,-0.39504895,0.018839054216281886
TOP2A,-0.005179643630981445,0.8340569850929397,0.6283115744590759,0.082196034,0.6387741319650607
BLVRA,-0.00519561767578125,0.8254314739266996,0.6530765295028687,-0.37272674,0.02744403490135678
ARID1B,-0.005196213722229004,0.516681974963573,0.4069938361644745,0.16776489,0.33538907226401604
BLMH,-0.005201458930969238,0.9721710342979668,0.7262210845947266,-0.4968793,0.0023944124845102412
PSMA7,-0.005205750465393066,0.6787754384959019,0.5285433530807495,-0.41494942,0.013189478919281128
EXOSC8,-0.005219817161560059,0.3796949142548468,0.256657212972641,-0.32789358,0.054488223094464716
DBT,-0.005236506462097168,0.49957701553642936,0.3866938650608063,0.35848325,0.034460062746441415
ARL2,-0.00525057315826416,0.3601848971544062,0.26151883602142334,-0.15685016,0.36821343968425596
DHX36,-0.005261898040771484,0.4965083424855548,0.40186142921447754,-0.42949775,0.010028927500528573
AMPD2,-0.005262255668640137,0.8124308556699447,0.6281034350395203,-0.5949877,0.0001633956454964823
CBX1,-0.0052754878997802734,0.8911786951590137,0.6985453963279724,-0.5462879,0.0006863942492891585
USP36,-0.0052793025970458984,0.4443441201598897,0.3520486354827881,-0.33401048,0.04987927719400046
NDUFC2,-0.005300045013427734,0.5170690083831297,0.43121013045310974,0.534717,0.000935618406489683
ANKRD22,-0.005312204360961914,0.6552954725491853,0.5149796009063721,-0.2097276,0.2265827951310065
SNX18,-0.005315661430358887,0.7621378601475791,0.6186742186546326,0.26180366,0.12870222295105196
CLU,-0.005316019058227539,1.2944920719827795,0.9593695402145386,0.16902962,0.3317057331684911
PPP4R2,-0.0053168535232543945,0.5436739013300828,0.4431413412094116,-0.39863825,0.01769246883878536
HACL1,-0.005324006080627441,0.524419347640529,0.42687833309173584,-0.64325446,3.075391689111382e-05
KIF4A,-0.0053282976150512695,0.7968656875963797,0.6026312112808228,-0.5333253,0.0009704162279708937
NARS1,-0.005340218544006348,0.8657358408449454,0.6677917242050171,-0.5447442,0.0007158148865115784
CTNND1,-0.00534367561340332,1.1068071007863725,0.9227917194366455,0.80426097,5.87584446945413e-09
SFXN3,-0.005354762077331543,1.2326149282977237,1.027437448501587,-0.6582063,1.7265169777501257e-05
DRG2,-0.0053588151931762695,0.4447907185004653,0.338674396276474,-0.42736197,0.010448075132252804
COX7A2L,-0.005377650260925293,0.7222407615760029,0.5977131724357605,0.5175476,0.0014524307222924856
NIPSNAP1,-0.005382180213928223,0.5889959748038296,0.46919605135917664,0.28694513,0.09466385928110278
SIAE,-0.005386233329772949,0.7041229795037212,0.5454804301261902,0.4593879,0.0055009396037560936
PPP1R14B,-0.005386829376220703,0.9950283261680853,0.8129128217697144,-0.59402525,0.000168474000791602
MAPRE1,-0.005391597747802734,0.9822457916022035,0.7643507719039917,-0.4852327,0.0031314197533053316
PGP,-0.005396366119384766,0.7320138023357193,0.48709091544151306,-0.39664942,0.01832038642708543
MYEF2,-0.005399107933044434,0.9670520176077481,0.8391717672348022,-0.71248513,1.5776822472238511e-06
LDHB,-0.005401730537414551,1.161711911743807,0.9729145765304565,-0.25582176,0.13799300779249224
PRPF40A,-0.005410313606262207,0.27743018509308665,0.2084469348192215,-0.30954155,0.07037348700210663
MMP24OS,-0.0054122209548950195,0.6861570202525653,0.5247502326965332,0.013655892,0.9379403276179002
MICAL2,-0.005431532859802246,0.4294121466869535,0.3637316823005676,-0.3758791,0.026062087833637816
PDCD5,-0.005447864532470703,1.2513543897712365,0.9571789503097534,-0.6691635,1.1079277405005513e-05
ATL3,-0.0054509639739990234,1.2298857261328786,1.0468782186508179,0.11585714,0.5074811809330427
DPYSL2,-0.005456328392028809,1.8890294680298678,1.58135187625885,-0.8516037,8.863181913304297e-11
DCTN2,-0.00546574592590332,0.7878306375947942,0.6161180138587952,-0.5303698,0.0010481235937081048
MEF2D,-0.0054950714111328125,0.7659037724776697,0.5864874124526978,0.18189897,0.2956520294918263
DDX1,-0.005500912666320801,0.6977080536305765,0.5561872124671936,0.42499685,0.010929478955927394
EIF5A,-0.0055010318756103516,0.6407315467993269,0.4785405695438385,-0.47813883,0.003670919763048065
CERT1,-0.005510807037353516,0.5099540742129594,0.3523707091808319,-0.113235325,0.5171995021836852
GGCT,-0.005522251129150391,1.2095936855951124,1.0327590703964233,-0.58742243,0.00020730348965436338
PACSIN2,-0.0055315494537353516,0.7698418237419333,0.5669932961463928,-0.31825298,0.062433237938787446
GLT8D1,-0.0055435895919799805,0.4639926620234071,0.3995353579521179,-0.69083846,4.35562352847347e-06
MAGED2,-0.005553245544433594,0.5384987357150425,0.42144775390625,-0.5946308,0.00016526279915518273
BOLA1,-0.005555629730224609,0.49124239447338514,0.4047195017337799,-0.056118663,0.7488188581981248
ME3,-0.00557553768157959,0.6027887157931272,0.4313887059688568,-0.6266842,5.631166454301931e-05
MIA2,-0.005578398704528809,0.7065111006777853,0.5980044603347778,0.5666366,0.00038713869865773413
TPP2,-0.0055817365646362305,0.9107768026633717,0.7206130623817444,-0.65213394,2.190979217384861e-05
FTO,-0.005596280097961426,0.9945259172007426,0.8011261224746704,-0.79197335,1.453833708062029e-08
ATRX,-0.0056040287017822266,0.46840219309909914,0.3522114157676697,-0.63439035,4.269034593568268e-05
SMARCE1,-0.005604267120361328,0.5708234927682003,0.4865072965621948,-0.62614286,5.7401891028400444e-05
PEA15,-0.00562596321105957,0.9894331600616196,0.7480410933494568,-0.07036151,0.68794525961424
ACP1,-0.00562894344329834,1.3364797462101807,1.0741541385650635,0.5562274,0.0005212904984184031
AP1G1,-0.005634903907775879,0.42207275276943795,0.33252522349357605,-0.0022783985,0.9896358250409177
NAA15,-0.005649089813232422,0.8672670894906308,0.6323636174201965,-0.485523,0.00311089580178866
CCT6B,-0.005663156509399414,0.8708041269859047,0.6907987594604492,-0.5858216,0.00021784694357721983
NDUFAB1,-0.0056667327880859375,0.4837742587224365,0.38368138670921326,0.29407167,0.0863974764406612
HAUS4,-0.00566864013671875,0.31343015285639864,0.26928186416625977,-0.7401018,3.7506479328735423e-07
TCIRG1,-0.005706071853637695,0.7749959484117491,0.6338930130004883,0.4975632,0.0023562901161878155
SERPINE1,-0.005707144737243652,0.7661402389422389,0.6562101244926453,-0.19913438,0.2514474501626409
SMARCA1,-0.0057097673416137695,0.48789792082121297,0.36170709133148193,-0.0753985,0.6668486313029861
PTPN11,-0.005715727806091309,0.6730884196012235,0.4878801107406616,-0.6285344,5.2725123829951014e-05
PODXL,-0.00572359561920166,1.0173198936077952,0.8083365559577942,-0.61053884,9.827517363407008e-05
DHFR,-0.0057277679443359375,0.5684244439805144,0.4725862741470337,-0.5144565,0.0015683113492615665
PURB,-0.005728602409362793,0.46771020003911273,0.395378440618515,-0.28118408,0.10177729978233156
CRKL,-0.005731344223022461,1.073280229666571,0.9032637476921082,-0.6771363,7.92997533272685e-06
DSTN,-0.005753159523010254,0.8955937701022657,0.6043298840522766,-0.3424494,0.04403802265361194
GRWD1,-0.005764603614807129,0.5447950044557669,0.4316750466823578,-0.43667513,0.008723334953477144
STX18,-0.0057697296142578125,0.5146606849212026,0.41261765360832214,-0.40711227,0.015214923982176234
EIF3F,-0.005772709846496582,0.6536332138079441,0.4688911437988281,-0.42397347,0.01114353910906645
UBE2L3,-0.005773782730102539,0.8971073089020373,0.6880192160606384,-0.46421883,0.004967090383015217
RHOG,-0.005783200263977051,0.8362344945088779,0.6875571012496948,-0.66371393,1.384550829113391e-05
DYNLT1,-0.005788683891296387,0.6347971746967134,0.4774610102176666,-0.3439042,0.04308908168971093
ACO1,-0.005789279937744141,0.6325762272311983,0.4745315611362457,-0.1825291,0.2939535940103705
PSMB1,-0.005794048309326172,0.5776679835883243,0.44065091013908386,-0.39717275,0.01815338894163445
POLR3C,-0.005812644958496094,0.47035167759036234,0.3617262840270996,-0.42018336,0.011967456900714534
CMPK1,-0.0058176517486572266,0.9582973279961728,0.7603484988212585,-0.30521983,0.07459514413430003
VPS29,-0.005843520164489746,0.5884534859777603,0.4474135935306549,-0.22608283,0.19157523055610978
DPP4,-0.0058525800704956055,1.2526127212877332,1.111331820487976,-0.60915124,0.0001029474334178236
PTGES3,-0.0058585405349731445,1.0363106103158268,0.817939043045044,-0.5424633,0.0007613321961130407
PFDN4,-0.005861997604370117,0.8489359675232584,0.6612458229064941,0.06090029,0.7281937534500839
FAM8A1,-0.005869865417480469,0.4328522570972569,0.32159358263015747,-0.4134786,0.013551228791631897
AKAP2,-0.005872130393981934,0.8917603534132751,0.7244349122047424,0.48611304,0.003069533659452137
CDK1,-0.0058746337890625,0.91008073878267,0.7722620368003845,-0.51371616,0.0015972390511863083
RPL7L1,-0.005875587463378906,0.5856053491753929,0.46576935052871704,-0.58038735,0.0002573125857029941
PAAF1,-0.005877256393432617,0.5362879071920286,0.40401703119277954,-0.57440615,0.00030802871877464686
PAK4,-0.005878925323486328,0.5828251896108279,0.447786808013916,-0.09503176,0.5871100259427562
MDC1,-0.00588226318359375,0.6422896041820505,0.4943994879722595,-0.27845842,0.10528106168216407
UPF1,-0.0058852434158325195,0.6407964058427585,0.5111945271492004,-0.11383076,0.5149842632438282
PHRF1,-0.0058901309967041016,0.4429189368064506,0.34900885820388794,0.010897405,0.9504591073115418
SYNM,-0.005890965461730957,1.0965595128564163,0.8098242878913879,-0.09478645,0.5880799818523526
NUP188,-0.005898714065551758,0.44932687536196453,0.33124253153800964,-0.18618503,0.28422308505556343
MTX3,-0.005910634994506836,0.3645644750713263,0.2828051447868347,-0.36888286,0.02921006091044389
UACA,-0.005912899971008301,0.604740147430347,0.5142245292663574,0.6624592,1.4565338468315192e-05
CBR1,-0.005932211875915527,0.9719631069269614,0.7460492253303528,-0.30907506,0.0708199473277963
TNC,-0.005951642990112305,0.7365043692294109,0.5776761174201965,-0.057266906,0.7438494137463788
GTPBP1,-0.005957245826721191,0.9921720608688976,0.8286460041999817,0.29674885,0.08343998922115793
AGPS,-0.005975484848022461,0.44131299949653385,0.37717676162719727,-0.24011493,0.16471953045230922
XAB2,-0.00598299503326416,0.5384560919777023,0.45025062561035156,-0.430448,0.009847062267996679
SART3,-0.005990266799926758,0.4479077656179389,0.3436312973499298,-0.37193072,0.02780233909215303
GOLGA2,-0.00599217414855957,0.6719439493330551,0.5220558047294617,0.74189806,3.395066119599415e-07
GMPS,-0.005997300148010254,0.8872006153132934,0.7262644171714783,-0.5516727,0.0005919692475956173
CDH1,-0.005998492240905762,1.098164993712895,0.8926712870597839,0.7207758,1.0433510243555857e-06
NRF1,-0.006008028984069824,0.6680235812342192,0.5409448742866516,-0.70128936,2.697349536670879e-06
PAFAH1B3,-0.006014227867126465,1.5098672415622985,1.2295807600021362,-0.71433634,1.4403145951963106e-06
BUB3,-0.006034255027770996,0.6367598210293681,0.5226864814758301,-0.60893494,0.00010369369657343257
PGK2,-0.006038308143615723,0.7111634115599518,0.5180337429046631,-0.6530436,2.114867869477673e-05
ISG20L2,-0.006043791770935059,0.5312517951486214,0.43251413106918335,0.014948414,0.9320796355106279
GRPEL2,-0.006053805351257324,0.39309006140000535,0.3095818758010864,-0.15130466,0.38559543281274605
HIP1R,-0.006058692932128906,0.5783995157029405,0.47896456718444824,0.068695255,0.6949761368529876
FMR1,-0.006063342094421387,0.5246145479653075,0.42149144411087036,0.53548855,0.0009168068957494894
MFF,-0.006067991256713867,0.7616348611658765,0.5939478278160095,-0.22262374,0.19864198349285364
GARS1,-0.0061043500900268555,0.7003917126027486,0.555618941783905,-0.222352,0.19920460162453985
EIF3I,-0.00611269474029541,0.8373534074280865,0.6072565317153931,-0.50432116,0.0020071544454232006
MCM4,-0.006113886833190918,0.9062844631613877,0.7535845637321472,-0.35765937,0.034906918833323745
EIF3G,-0.006115555763244629,0.6810199567878684,0.5088105797767639,-0.5843402,0.00022802911198486835
CUL3,-0.006118178367614746,0.6610368577301539,0.47592630982398987,0.51426905,0.0015755903092659184
RIC8A,-0.006127715110778809,0.6673027868075769,0.4865856170654297,-0.30901253,0.07088001620452598
ATP6V1F,-0.006137371063232422,0.3595000961513152,0.28342151641845703,0.34291968,0.04372945084886718
UFC1,-0.006139874458312988,0.8342620244495672,0.6505030989646912,0.03886299,0.8245864251772052
NUDT2,-0.006154656410217285,0.3479421490152574,0.3034477233886719,0.00019230833,0.9991253147381938
RNF169,-0.006168723106384277,0.45901083362692713,0.35332390666007996,-0.16457662,0.3447856068390617
NACA,-0.006176590919494629,1.1141312416130373,0.8318468928337097,-0.49875572,0.0022910859346244707
RMDN3,-0.006188511848449707,0.7085569580351313,0.6022862195968628,0.7520001,1.9092049561677465e-07
CPSF1,-0.006191849708557129,0.36086212213316676,0.28801998496055603,0.15422063,0.376396873406916
IARS2,-0.006202101707458496,0.7573166237504999,0.6306226849555969,-0.5609751,0.00045569375591367054
SCARB1,-0.006205081939697266,0.8294873457754526,0.6791808605194092,-0.091409266,0.6015033390347212
MYBBP1A,-0.006217241287231445,0.6057733569394763,0.49581271409988403,-0.11655192,0.5049213103825494
PVR,-0.006255030632019043,0.8675267011507327,0.7343494892120361,0.48765022,0.002964028036014712
KYNU,-0.006263017654418945,0.8971393660784615,0.6657346487045288,0.01382744,0.9371622784605612
SMARCA4,-0.0062770843505859375,0.6623611421634624,0.560230553150177,0.7530677,1.7936712087571984e-07
STRN3,-0.006296634674072266,0.5125003116885842,0.3782104253768921,0.02052285,0.90684624742423
DHX8,-0.006308317184448242,0.35199240783880936,0.2900972068309784,-0.38104638,0.023921130574043676
MIA3,-0.006311535835266113,0.5033153943734511,0.39543136954307556,0.39331195,0.019415794951039185
POLDIP3,-0.006312251091003418,0.7993437355137246,0.6210357546806335,-0.6057935,0.0001150905821562946
RELA,-0.006320476531982422,0.645752230033022,0.4669431447982788,-0.15318792,0.379639850035637
COL18A1,-0.006330370903015137,0.8019027671852799,0.6473336219787598,-0.01551193,0.9295249750191608
RFC1,-0.006331086158752441,0.3928291315459054,0.31964272260665894,-0.40051347,0.017117024742084843
WDR1,-0.0063359737396240234,0.8366913649407847,0.6069257855415344,-0.09852601,0.5733723901264695
ZC3H11A,-0.006341695785522461,0.7201270719159698,0.5877898931503296,-0.38555843,0.022172649299657964
TMEM167A,-0.006354689598083496,0.36197668070133904,0.2872218191623688,0.3358186,0.048578352670067985
IMPA1,-0.0063610076904296875,0.7425447106305865,0.6334822177886963,-0.77944356,3.4489004633576224e-08
MAFF,-0.006369471549987793,0.6241330810121514,0.49417784810066223,0.011938644,0.9457319270374664
FGB,-0.0063762664794921875,0.6361336389196015,0.5089410543441772,0.27414665,0.11100883024865721
ZNF318,-0.0063784122467041016,0.3073673626508205,0.23248441517353058,-0.16612528,0.3402015532537085
HUWE1,-0.006383061408996582,0.8823397222865746,0.6853469610214233,-0.70765424,1.9945012501579617e-06
NOL11,-0.006404399871826172,0.43925476683785825,0.3569395840167999,-0.48364758,0.003245584850862795
BYSL,-0.006406068801879883,0.48140286148201067,0.3968770205974579,0.02133398,0.9031815981858251
TXLNA,-0.00643157958984375,0.7977058716526207,0.6004615426063538,-0.42763013,0.010394633726477163
MAIP1,-0.006432533264160156,0.5577980189220199,0.42881694436073303,0.4201129,0.011983273940219698
MRPL1,-0.006443500518798828,0.5274999316608692,0.41829898953437805,0.53206116,0.0010030096447054336
PSMD1,-0.00644528865814209,0.5698319330812833,0.4306078255176544,-0.36279655,0.032196329269906065
GINS1,-0.006456971168518066,0.2920895417370346,0.24486574530601501,-0.20615762,0.23476779652019997
CDC73,-0.006457209587097168,0.45746086990320767,0.35930928587913513,-0.4066099,0.01535319505348639
SEC63,-0.006462216377258301,0.5026761795660735,0.4047957956790924,-0.39450377,0.019018501321459748
CDC37,-0.006474614143371582,0.7204522003609354,0.5186377167701721,-0.47832006,0.003656187186258386
LRP10,-0.006480574607849121,1.1144560387670572,0.9329094886779785,-0.74647504,2.6243305763427407e-07
GSK3A,-0.006484270095825195,0.5978629808105062,0.48058685660362244,0.4312346,0.009698667992416697
MAT2A,-0.006504058837890625,0.815131766895039,0.6223421096801758,-0.4181455,0.01243136582582176
LGALS8,-0.006510019302368164,0.5533256737866395,0.38996264338493347,0.27444375,0.11060682543264568
CTCF,-0.006513118743896484,0.6141225062357909,0.49796512722969055,-0.43498543,0.009016877729671505
CAD,-0.006514549255371094,0.892747591654772,0.6730898022651672,0.47596705,0.003851420039845163
GOLGA5,-0.006518959999084473,0.7019705513906976,0.5737196207046509,-0.06784688,0.6985658963462147
PSMB7,-0.006525516510009766,0.687714651583962,0.5611969828605652,-0.3618526,0.032681036007898796
ATP6V1G1,-0.006529450416564941,0.6882207516982912,0.5477717518806458,0.50713307,0.0018757787468115193
RBPJ,-0.0065343379974365234,0.6241987814830557,0.5075868368148804,-0.11248356,0.5200033071058561
SPTLC2,-0.006548404693603516,0.4131173015979481,0.33346688747406006,-0.44589856,0.007260425908356592
TCF12,-0.006549835205078125,0.6397031105496013,0.48026934266090393,-0.054972652,0.7537879232195921
SRBD1,-0.006553769111633301,0.33203903637900284,0.2531217634677887,-0.3909388,0.02022748979187137
IMP3,-0.0065544843673706055,0.5802951496675564,0.45277178287506104,-0.4875709,0.00296939125612299
UAP1L1,-0.006577610969543457,0.5063590450348766,0.41403788328170776,0.14333329,0.4114017647122837
XRCC1,-0.006589412689208984,0.6856487013789583,0.5804564356803894,-0.57077676,0.0003429836835320408
WDR13,-0.006598949432373047,0.6615662274010138,0.468466192483902,-0.1535479,0.3785074636173481
TTC37,-0.006600022315979004,0.45855160053220506,0.3484729528427124,0.37987047,0.024395123567080918
CLGN,-0.006600618362426758,0.6064931509711479,0.4945042133331299,-0.051063962,0.7708085624937935
PSMD11,-0.0066149234771728516,0.5807351395737468,0.4041120111942291,-0.5120723,0.0016631555536514985
SEH1L,-0.006619691848754883,0.46030851866119754,0.37810397148132324,-0.43037102,0.009861694416905232
GPALPP1,-0.006630420684814453,0.30828711812021564,0.26372411847114563,0.20423743,0.23925194465714175
NUP153,-0.00663447380065918,0.40441249723674094,0.3312689960002899,-0.16739571,0.33646903776407433
TEX264,-0.006675839424133301,0.8341304820809675,0.6996576189994812,-0.61884576,7.407669032443238e-05
EDC3,-0.006678104400634766,0.4862499097564143,0.3777768313884735,-0.38856205,0.021068458228411663
COL6A1,-0.006681561470031738,0.8938123987996849,0.632602870464325,-0.09729618,0.5781905831633315
MRPL41,-0.006682753562927246,0.5105340945826621,0.4078211784362793,-0.71887803,1.1484042966805662e-06
C19orf47,-0.006685853004455566,0.48076437562545044,0.3732614815235138,0.15483706,0.3744689150825127
TOM1,-0.006693840026855469,0.6150665054183115,0.4959542453289032,0.45890135,0.005557338049380998
NCBP2,-0.006706357002258301,0.5688679834753324,0.4483228027820587,0.50040114,0.0022037004449588222
ALDH1B1,-0.0067092180252075195,0.6529360611969935,0.5482547879219055,-0.0011706846,0.9946749224449811
PMPCA,-0.006726741790771484,0.48545942125053104,0.3772978186607361,0.12944317,0.45862616149136043
NPC1,-0.006727814674377441,0.8720701416288852,0.6952555775642395,0.7207884,1.0426820741687984e-06
LSM14A,-0.00673675537109375,0.630784659198112,0.48649105429649353,0.33780825,0.047178256140833826
C9orf78,-0.0067408084869384766,0.5035361180008319,0.38043591380119324,-0.27623895,0.10820082771669791
ARHGAP17,-0.006747245788574219,0.5948750227615343,0.4619731903076172,-0.4388601,0.00835584394136812
IRGQ,-0.006760835647583008,1.0869410426654764,0.8789828419685364,-0.59457606,0.0001655501027183685
EXOSC1,-0.006773233413696289,0.393210343253528,0.3064602315425873,-0.06897526,0.6937932487897371
SPOUT1,-0.006788969039916992,0.5422075823052137,0.41421976685523987,0.24794738,0.1509623858990375
ATP13A1,-0.006800293922424316,0.5078846806798998,0.4065881669521332,-0.079964384,0.6479389047031349
PSMB4,-0.0068018436431884766,0.5744541749564611,0.4249834418296814,-0.35370988,0.03711470500934818
MCM6,-0.006819367408752441,1.046201745655789,0.8404316306114197,-0.69581795,3.4751495907475164e-06
ARHGEF16,-0.0068264007568359375,0.4220289549894049,0.3202086389064789,0.2612964,0.12947155433904348
STT3A,-0.006830453872680664,0.7281655705490937,0.6012940406799316,0.51606494,0.0015070418569064178
KIAA1143,-0.006843209266662598,0.3318958006193474,0.24618282914161682,0.28428888,0.09789488664578642
DHRS1,-0.0068634748458862305,0.47229328879083565,0.36697328090667725,0.4102197,0.014382635543074127
TSR1,-0.006873369216918945,0.4352598912694387,0.35172179341316223,-0.010173418,0.953746664381338
NCEH1,-0.0068759918212890625,2.0204471599312415,1.773476243019104,0.30048472,0.07944451268862131
ESD,-0.006876230239868164,1.0420183287525993,0.85782390832901,-0.73260987,5.63418367186454e-07
NFRKB,-0.006876587867736816,0.6314416094127735,0.5019708275794983,-0.40217316,0.0166208257489401
HOOK1,-0.0068817138671875,0.4214029850477924,0.3381217122077942,-0.40067858,0.017067080580267367
AMDHD2,-0.0068857669830322266,0.45776007485565934,0.3616105616092682,-0.18494374,0.2875033808938701
QTRT2,-0.006894350051879883,0.5539697920020739,0.4556714594364166,-0.586698,0.00021201634119067482
MFAP1,-0.006896257400512695,0.3679921080025524,0.26616621017456055,-0.35499766,0.03638274145738604
PITPNB,-0.006896376609802246,0.9102962533566323,0.7328799366950989,0.67882115,7.3792654335679314e-06
ASDURF,-0.006920456886291504,0.39047390876772387,0.3074462115764618,-0.35354844,0.03720736012295528
PA2G4,-0.006920456886291504,0.7481404537303427,0.60433030128479,-0.36688736,0.030163053597507285
MUC1,-0.00692594051361084,1.3206593435996878,0.9672744870185852,0.26875395,0.1184990066109576
RAB12,-0.0069380998611450195,0.524368284134717,0.3876224756240845,-0.21200484,0.22146426365649918
C19orf53,-0.006944179534912109,0.5113457346682263,0.3821619749069214,-0.35435358,0.036747378684212316
EIF4B,-0.00694584846496582,0.776260387824147,0.5382384657859802,-0.050470386,0.7734031897771844
GALNT3,-0.006947636604309082,0.49632580653771513,0.3850179612636566,-0.124850586,0.47485322407073544
TBL1XR1,-0.00694882869720459,0.5276698764151962,0.4337223172187805,0.42211103,0.01154219909129377
OSGEP,-0.006953597068786621,0.6158059991733265,0.49587303400039673,-0.54797816,0.0006554120019841141
HMGCL,-0.0069580078125,0.8078875567690866,0.6462500691413879,-0.07484548,0.6691529677109979
IDH1,-0.006960034370422363,1.2077840784437472,0.8736814260482788,0.13827842,0.4282597338933709
PDK1,-0.006982326507568359,0.4646562791301347,0.38418659567832947,-0.35147393,0.03841408697717318
NASP,-0.0069866180419921875,1.4335850187862096,1.2562779188156128,-0.50295156,0.0020740023069632323
NCAPH,-0.007001996040344238,0.8124151552356926,0.6788720488548279,-0.62126523,6.811875233992824e-05
CCDC43,-0.007002592086791992,0.49616975277203723,0.3433420956134796,0.1584138,0.3633975806235596
PAXBP1,-0.007003903388977051,0.3223197544761661,0.24411320686340332,0.062949635,0.7194105411539164
CUL4A,-0.007025003433227539,0.5757623801380768,0.4544356167316437,0.46318662,0.00507724349108698
SLC4A7,-0.0070618391036987305,0.6851584048438468,0.5798699259757996,-0.34909675,0.03983567196888924
SEPTIN7,-0.007077813148498535,0.618082628716807,0.44965362548828125,-0.30800292,0.07185452788461913
IPO9,-0.007080078125,0.5255606280540855,0.4384765625,-0.5236851,0.001244424529727196
EIF3J,-0.007095456123352051,0.7045471643751545,0.49147236347198486,0.13007955,0.4564013933756197
ALKBH5,-0.007101774215698242,0.5410392287851472,0.41769298911094666,-0.57600135,0.0002936973861062459
SUGP1,-0.007105469703674316,0.35358131177790186,0.27525556087493896,0.4290183,0.010121758440287358
ELP1,-0.007114052772521973,0.4643074917401857,0.3649815320968628,-0.567518,0.0003773355079097483
HMGN4,-0.007114529609680176,0.5377905947243372,0.43579548597335815,0.17298181,0.3203565178838222
RBM28,-0.00711822509765625,0.44666386398223745,0.322684109210968,-0.105395235,0.546798973993398
MTFR1L,-0.007118940353393555,0.4385962885670026,0.35888296365737915,-0.5815778,0.0002481589670989016
UBE2N,-0.007126212120056152,0.9613779810719243,0.7840588688850403,-0.7072573,2.0328766144463556e-06
MTAP,-0.007134795188903809,0.8653326043369336,0.7191634774208069,-0.061087623,0.7273896650567628
RABGAP1,-0.007154703140258789,0.42611509761343624,0.33292797207832336,-0.044394515,0.8000922787179587
HMOX2,-0.007164597511291504,0.8197637266433186,0.674308717250824,-0.5916687,0.00018151144415251176
NCBP1,-0.0071784257888793945,0.5022256015169946,0.38195958733558655,-0.11636658,0.5056032488167945
LARP7,-0.0071811676025390625,0.3069739625595597,0.25145095586776733,-0.0801295,0.647259081616652
RPL3,-0.007193803787231445,0.4326132608412021,0.3550032377243042,-0.25539848,0.13866847252583814
PFAS,-0.007207036018371582,0.9838961390193411,0.7815037965774536,-0.6144143,8.621900652352098e-05
PYCR2,-0.007223844528198242,0.5378368929839846,0.39935269951820374,0.22889085,0.18596960488650108
PCCA,-0.00723421573638916,0.5527852981887552,0.432872474193573,0.14646947,0.401134385425045
REXO4,-0.007234692573547363,0.43054886226510375,0.35706955194473267,-0.10780048,0.5376337605902155
PSMA3,-0.007249712944030762,0.6821074103516189,0.5115509033203125,-0.37585226,0.02607359951791325
SLFN11,-0.007271289825439453,0.4499547154105414,0.3659330904483795,-0.1562036,0.37021549124801817
TAX1BP1,-0.007273674011230469,0.48008199182726974,0.36445727944374084,-0.2663901,0.121898988967953
CCNB1,-0.0072782039642333984,0.46360540130445804,0.3765340745449066,0.03590683,0.8377451760388177
RAB1B,-0.007280111312866211,0.7685500730111828,0.5793910026550293,0.22775553,0.18822193902906406
GSTM3,-0.007290482521057129,0.4316490310609906,0.32148316502571106,0.083503306,0.6334297212799745
MALSU1,-0.007303714752197266,0.4220631321230515,0.3288951814174652,-0.59991384,0.0001394867038407933
PPP5C,-0.007329463958740234,1.295106026053855,1.0605411529541016,-0.65697753,1.812560286845351e-05
MSH2,-0.0073354244232177734,1.0203961324955686,0.8596935868263245,-0.7388215,4.024635936337681e-07
SLC25A1,-0.007355809211730957,0.6745365123353526,0.5689471364021301,-0.2622741,0.12799179293237373
NXN,-0.0073577165603637695,0.5497772589392147,0.4642097055912018,0.23014565,0.18350248632752583
CCDC51,-0.007358670234680176,0.6152971023795129,0.4815334379673004,-0.40317506,0.016327152751612915
HSPA4L,-0.007382035255432129,0.8231696371779363,0.7117322683334351,-0.6264996,5.6681199064266645e-05
TMEM109,-0.00738215446472168,0.9906326787031268,0.8422185182571411,-0.33037958,0.0525758428273862
P4HTM,-0.007387042045593262,0.5525191464278338,0.45875951647758484,-0.20247246,0.24342413563948567
ATG9A,-0.007402539253234863,0.5034236815134909,0.39426934719085693,0.057546187,0.7426427568648666
TBC1D15,-0.007406830787658691,0.5392792583817189,0.4285997450351715,-0.5068882,0.0018869115321685542
IARS1,-0.007407546043395996,0.6098843915231472,0.4538532793521881,-0.37591672,0.0260459273853366
NMES1,-0.007409572601318359,1.1332097376486172,0.8711225390434265,0.314841,0.06545445098621266
SGTA,-0.007420897483825684,1.4450826101217515,1.267797589302063,-0.41042173,0.014329868751003437
BRI3BP,-0.007425665855407715,0.6189121101408214,0.45396384596824646,0.5022733,0.002107826853284146
FXR2,-0.007436513900756836,0.6588429134649285,0.5246250033378601,-0.64035344,3.4277412037499224e-05
CTSL,-0.007438302040100098,1.1178073364002044,0.9600648880004883,0.34509408,0.04232530244625374
GOLM2,-0.007444858551025391,0.9316233187493576,0.7601963877677917,-0.6174755,7.765521577943554e-05
SEC16A,-0.007446169853210449,0.6060111538848842,0.4485599398612976,0.35868463,0.034351581480084666
SH3GLB1,-0.0074541568756103516,0.7596486450201306,0.6109755635261536,0.4918278,0.002693054805454832
ASF1A,-0.00745844841003418,0.4625670996526046,0.3794398903846741,-0.122185096,0.4844074250941888
MPRIP,-0.007467985153198242,0.7186390335005336,0.6188031435012817,-0.32795623,0.05443940933518179
PSMD6,-0.0074803829193115234,0.46320094398400696,0.32538971304893494,-0.43518066,0.008982530862037532
CWC15,-0.0074852705001831055,0.317423386547894,0.23351439833641052,-0.16749881,0.3361671861569958
SAFB2,-0.007496237754821777,0.4052778496559526,0.3139313757419586,-0.2187662,0.20673468901230102
NUF2,-0.007504105567932129,0.4520799325413688,0.3563055992126465,-0.26871872,0.11854923073861141
NOP2,-0.0075103044509887695,0.741111979959059,0.6062045097351074,0.5277146,0.0011225583070531477
TERF2,-0.007517695426940918,0.6348609735329298,0.5453569889068604,-0.5973734,0.0001513923937456793
AXL,-0.007523894309997559,1.023385024727431,0.8461785316467285,-0.24950528,0.14832862973948122
POLR3F,-0.0075452327728271484,0.5190401265594955,0.4025856852531433,-0.5466543,0.000679571541946687
SMARCD1,-0.0075501203536987305,0.9160013746767681,0.780173659324646,-0.5354142,0.000918605949368556
FAM114A1,-0.007566690444946289,0.7584757704287891,0.5398997664451599,0.46551612,0.004831583987486097
RNF126,-0.007568001747131348,0.6110376514970977,0.4939836859703064,-0.5020204,0.002120564083582564
LMF2,-0.007585048675537109,0.5431193136130438,0.4431266486644745,0.55511427,0.0005378341887839571
SAMD1,-0.007590174674987793,0.9828816848929252,0.8058907389640808,-0.41265038,0.013758596636497455
ACADS,-0.007594704627990723,1.015104483220596,0.8362744450569153,-0.7144816,1.4300183365069163e-06
GLOD4,-0.007620334625244141,1.1409078273503686,0.942493736743927,0.64146435,3.2887169114742296e-05
CCT7,-0.0076361894607543945,0.8634081786040723,0.6575116515159607,-0.5518524,0.0005890262722601214
SDHAF2,-0.007661104202270508,0.4220963886190092,0.3367007076740265,-0.3084465,0.0714250785753631
LPCAT4,-0.007688760757446289,0.4943604564577152,0.39780327677726746,0.48716867,0.0029967327691729838
WDR82,-0.00769495964050293,0.38693533718075857,0.30786243081092834,-0.44120806,0.007975721876636343
UHRF1,-0.007699728012084961,0.8018362399550555,0.6216862201690674,-0.53151834,0.0010172965793299462
LRCH4,-0.00770723819732666,0.7403644860091242,0.5691541433334351,-0.67692524,8.001560231946124e-06
TARDBP,-0.007713437080383301,0.4674545188444651,0.3805774748325348,-0.8223952,1.3650818198972156e-09
ARF5,-0.007731437683105469,0.6043373612180042,0.4820730984210968,-0.35466138,0.03657275635567515
C8orf33,-0.007740378379821777,0.5939614020002616,0.47259336709976196,-0.45094776,0.006552450300676907
DR1,-0.007753849029541016,0.517332198539125,0.4258217513561249,-0.6408177,3.369015129806277e-05
ZNF706,-0.007758378982543945,0.8636457959485938,0.667807936668396,-0.50781876,0.0018449080137139177
NF2,-0.007775664329528809,0.5365256449373131,0.4357341229915619,-0.5318726,0.0010079536333481868
FAM83H,-0.007785201072692871,1.066658632923708,0.8752347230911255,0.7710265,5.975661448327264e-08
AKAP17A,-0.007793903350830078,0.5004012167030747,0.4101310074329376,-0.42054474,0.011886750872930498
KAT7,-0.007802128791809082,0.45226416538337083,0.36360353231430054,-0.24662523,0.15322404360894987
SCIN,-0.007805824279785156,1.0027082843306276,0.8062394261360168,0.11411694,0.5139215587087528
ALDH2,-0.007807135581970215,1.3131491554358923,0.9984681010246277,0.027761955,0.874214628882677
ME1,-0.007816791534423828,0.8414223672072315,0.6678272485733032,0.264385,0.12483944724701768
MECP2,-0.00783395767211914,0.5089179404780865,0.3997286260128021,-0.05768897,0.7420257502324277
GCN1,-0.007845163345336914,0.6354780688609681,0.4854567348957062,-0.31824595,0.062439454163315596
SERF2,-0.007846593856811523,0.4391080900531203,0.34049272537231445,0.1344064,0.44142805769318555
ERH,-0.007858991622924805,0.3868136241401564,0.28988680243492126,-0.49984002,0.0022331671022898813
NDUFS5,-0.007886648178100586,0.5564972006752232,0.4456307291984558,-0.2605464,0.13061523949456624
HPF1,-0.007898807525634766,0.44941597631014646,0.39494627714157104,0.67675316,8.060321541850865e-06
FKBP3,-0.007922530174255371,1.1064916939369793,0.8602386713027954,-0.62216103,6.602470388694139e-05
SF3A3,-0.007941365242004395,0.41723639955291225,0.33317306637763977,-0.2857894,0.09605952936450785
STXBP3,-0.007943272590637207,0.5607502797551676,0.4726017415523529,0.5801213,0.0002593993217115315
UQCRH,-0.007961153984069824,0.8752352534525265,0.6902956366539001,0.6560197,1.882315353777874e-05
NUDCD3,-0.00796198844909668,0.5126058445932541,0.40379711985588074,-0.49376008,0.00257519104141161
TCF20,-0.007970213890075684,0.5775789826948025,0.4578312337398529,0.3055974,0.07421866447943053
SUCLG2,-0.008000969886779785,1.4150995487741045,1.145029067993164,0.59048706,0.00018838350529882343
NGDN,-0.008003473281860352,0.5522891566640291,0.47188904881477356,0.14130694,0.4181143876670251
MRPL34,-0.008010387420654297,0.5393865965550246,0.4320111870765686,-0.06947753,0.6916720822762703
STAMBP,-0.008011341094970703,0.619359311733706,0.47157347202301025,-0.43687716,0.008688782807544568
PPIL3,-0.008030891418457031,0.34119031218197693,0.2714863121509552,-0.3946187,0.018980555378254084
ABCE1,-0.008064031600952148,0.7182896010266285,0.5258548259735107,-0.41336036,0.013580673631395665
PRPF4B,-0.008074522018432617,0.3444762469305317,0.2699478268623352,-0.33920762,0.046213075517620016
RFC2,-0.00808262825012207,0.723843521967266,0.5926676988601685,-0.60657656,0.00011214896354746214
MPZL1,-0.008123159408569336,0.5508218574434628,0.4363611042499542,0.2920151,0.08872370462233503
PLIN2,-0.008128881454467773,0.6678960660239162,0.543315589427948,0.12086038,0.48919258790823644
FLNB,-0.008130669593811035,1.0793656108118712,0.9644001722335815,0.21872544,0.20682142089054928
RANBP3,-0.00814199447631836,1.122801964633692,0.9450066685676575,-0.7212075,1.0207207571943122e-06
ARGLU1,-0.008144617080688477,0.5579332568252039,0.43684935569763184,-0.5142087,0.0015779442260986604
FYCO1,-0.008170366287231445,0.4509404732598872,0.3601019084453583,-0.52453184,0.001217891638100491
PPIH,-0.008179426193237305,0.4743100230883302,0.4057796001434326,-0.46360704,0.005032124274276863
SUN1,-0.00819242000579834,0.6534127482210115,0.5557451844215393,0.21872789,0.20681634815758748
FKBP11,-0.008198976516723633,1.0524366308059514,0.89032381772995,0.25453517,0.1400539458609724
RPRD2,-0.00820004940032959,0.519825930666931,0.41644805669784546,0.487049,0.0030049109170085103
TIA1,-0.008218526840209961,0.9910623974677066,0.8487582802772522,-0.87866646,3.946235514430382e-12
TDRKH,-0.008225679397583008,0.60894253864179,0.4892469644546509,0.48110336,0.00343638197051844
SURF6,-0.008234381675720215,0.5447272770200948,0.4355006217956543,-0.43763313,0.008560535024023184
MINK1,-0.008237361907958984,0.6651091461672344,0.4961870014667511,-0.35567498,0.036002452171002196
UBXN1,-0.008252620697021484,0.9980739582366013,0.7893885374069214,-0.6307675,4.86712329664787e-05
TP53RK,-0.00825345516204834,0.5359613530047412,0.422730416059494,-0.44949135,0.006750306055123531
HSPA14,-0.008287906646728516,0.6486538215963351,0.522567093372345,-0.49707186,0.0023836267738373495
HECTD1,-0.008296728134155273,0.5197181938956995,0.4124169647693634,-0.12947106,0.4585285137782158
PSMD3,-0.008299112319946289,0.5827267223162007,0.46545231342315674,0.0048189946,0.9780812670263532
PSMB5,-0.008323073387145996,0.6921965398262744,0.532889187335968,-0.45353177,0.006213626460056438
JUNB,-0.008330941200256348,0.617579058285128,0.5102527141571045,0.3441981,0.04289942686281558
HPDL,-0.008333802223205566,0.7488314744439633,0.6106705069541931,0.20323564,0.24161416977426267
DCTPP1,-0.008368372917175293,1.3330838248130803,1.121946096420288,0.25975722,0.13182678775524312
UBAP1,-0.008379340171813965,0.46051495791712993,0.381965696811676,-0.67893285,7.3439779845228015e-06
ANO6,-0.008379817008972168,0.5819452977559892,0.4256278872489929,-0.47647348,0.0038086587008105575
SRPK2,-0.008393287658691406,0.43800809851544975,0.3511546850204468,-0.5142485,0.0015763931730169314
ITGB6,-0.008395552635192871,0.8217463360000595,0.6663728952407837,0.23871991,0.16726120531144606
HDGF,-0.008403658866882324,1.0361633583909013,0.8170406222343445,-0.33314228,0.05051378557014392
TMTC3,-0.008406400680541992,0.7774146732966242,0.6268442273139954,-0.68646926,5.2909624904831805e-06
MICAL1,-0.008419394493103027,0.5506305894340667,0.48181337118148804,-0.31137174,0.06864299121391171
PRKAA1,-0.008463382720947266,0.46778683254996656,0.35377874970436096,0.20679915,0.23328256468875272
MCTS1,-0.008467435836791992,0.6384443992058982,0.48043784499168396,-0.09354566,0.5929961590038992
ERGIC1,-0.008473396301269531,1.2165873486430627,1.0132837295532227,0.7457407,2.7360139170071095e-07
UBR4,-0.00847923755645752,0.606903615565647,0.4334374964237213,-0.36462033,0.031276426014809386
PPIP5K2,-0.008489847183227539,0.47802566044854927,0.3884553015232086,0.1193784,0.4945738957236029
ZNF598,-0.008557438850402832,0.6669627863155282,0.48336061835289,0.2311554,0.1815341174047251
GABPA,-0.008562445640563965,0.46356247380166443,0.384581983089447,0.6715959,1.0015324593045335e-05
VRK3,-0.008562922477722168,0.5215093485249401,0.4501940608024597,-0.6170127,7.889854680725212e-05
PPP2R5C,-0.008574843406677246,0.40549345363854883,0.3062160313129425,0.45978993,0.0054546978934031
SNTB2,-0.008582115173339844,1.0302342122642554,0.8615042567253113,-0.66152984,1.5120201253956909e-05
F11R,-0.0085906982421875,1.0940600909304907,0.892811119556427,0.14320399,0.41182838161038565
TOX4,-0.008592844009399414,0.501461010466042,0.409580796957016,-0.5210523,0.001330200014962727
SLMAP,-0.008604049682617188,0.7148626773183717,0.6064575910568237,0.6641615,1.3596709845357963e-05
RBPMS,-0.008607029914855957,0.6874407395918517,0.5779600143432617,-0.53655076,0.0008914557282142925
MRPS6,-0.00861656665802002,0.3862980567640329,0.3178907036781311,0.5617725,0.0004454260758749996
DDX39B,-0.008626103401184082,0.6993114473923253,0.591472327709198,-0.5496594,0.0006258315113876344
ILKAP,-0.008626103401184082,1.1473354319660942,0.94303959608078,-0.7730405,5.250346518066674e-08
ZBTB7A,-0.008627533912658691,0.548482602865031,0.4350925087928772,0.57693315,0.000285604995857433
MLPH,-0.008633852005004883,0.7826990422244077,0.5758346319198608,0.23360792,0.17681542826194774
ATP7A,-0.008664369583129883,0.7470468155899435,0.5786731839179993,0.08153838,0.6414692211762573
MACF1,-0.008695006370544434,0.6714538984500419,0.5408145189285278,-0.33369583,0.0501084514658877
LSM12,-0.008698821067810059,0.7486599633368829,0.5317009091377258,-0.53725,0.0008751054284141359
GSTP1,-0.00871419906616211,0.9518743032351453,0.7610588073730469,0.05100945,0.7710470832115017
PSMG2,-0.008719682693481445,0.6701948983060595,0.5353254079818726,-0.39842576,0.017758666345462464
EIF2B2,-0.008733153343200684,0.733427857318127,0.5909967422485352,-0.7260191,7.971706457130042e-07
CROCC,-0.008745431900024414,0.48969652680023595,0.3621343672275543,-0.15594067,0.37103173908676246
CENPV,-0.008748888969421387,1.1442963030270608,0.9440164566040039,-0.6282887,5.3188992354383806e-05
ALDH1A1,-0.008759021759033203,1.2309048803132463,0.9934308528900146,0.39774314,0.017972814842390477
ARMCX2,-0.008764505386352539,0.4583713739676674,0.3787740170955658,-0.48745075,0.0029775368591356977
SNTB1,-0.00877237319946289,0.6737402596061551,0.5087171196937561,0.18817899,0.2790045305399394
CDH3,-0.008772730827331543,0.7220020941944343,0.5266885161399841,0.0153908245,0.9300738884955958
ITGB5,-0.00879049301147461,0.49083953528326046,0.3910740613937378,-0.21471569,0.2154749500155471
PPM1G,-0.008792519569396973,0.9208671750600563,0.7714893817901611,-0.56856954,0.0003659299925546598
OGT,-0.008793354034423828,0.6380988767472032,0.5278052091598511,-0.62276906,6.463656686413023e-05
PARD6B,-0.008797168731689453,0.7958400962369145,0.6377937197685242,0.5004559,0.002200845280580242
TYMP,-0.008838772773742676,1.1467565574084277,0.9131371378898621,-0.38975325,0.020643423615571248
PGM1,-0.008848786354064941,0.7026786235006759,0.5685204267501831,-0.11956899,0.49388044466183706
DNAJC8,-0.008855342864990234,0.7887201605229166,0.6418333053588867,-0.6579612,1.743378594012192e-05
COA6,-0.008867859840393066,0.8869365811088167,0.7024858593940735,-0.472294,0.004174213951064164
PRPF3,-0.008871197700500488,0.3544462400141457,0.2908187806606293,-0.21035814,0.2251576554115419
YIPF6,-0.00888073444366455,0.7971521157517117,0.6199737787246704,0.70230097,2.5723263105585296e-06
CSTA,-0.008886456489562988,1.0141167812778447,0.7746719121932983,0.4808877,0.003453001986065234
TMEM132A,-0.008887171745300293,0.3088490600978611,0.25252261757850647,-0.015449991,0.9298059110082119
SMARCC1,-0.00890803337097168,0.9238752228100869,0.7843605875968933,0.25861418,0.1335964005504879
MARS1,-0.0089186429977417,0.6388145777313329,0.47734957933425903,-0.31891307,0.06186168154011076
LAP3,-0.008929967880249023,0.5579282891551699,0.44704052805900574,-0.039991938,0.8195729351773969
AGTRAP,-0.008932828903198242,0.8391563263615617,0.682342529296875,-0.41459668,0.01327548614076749
RNPS1,-0.008950591087341309,0.37829487429021985,0.28276166319847107,0.14894272,0.39314188449436976
NCOR1,-0.00895071029663086,0.3133053415980939,0.253546804189682,-0.05458631,0.7554654369998972
SNX27,-0.008956432342529297,0.61709137662977,0.46158289909362793,0.18269126,0.2935176261411824
GNPDA1,-0.008967280387878418,0.6283616260799849,0.4555079936981201,-0.2761026,0.10838220789737397
ZNF593,-0.008972525596618652,0.6073500415975654,0.522114634513855,0.32285836,0.058531037222360964
LRRC40,-0.008975028991699219,0.9188799616960315,0.7740076184272766,-0.5970054,0.00015319120074616403
C19orf25,-0.0089796781539917,0.3859951686630895,0.3130938708782196,-0.2096817,0.2266867737759276
SUPT6H,-0.0089796781539917,0.5260638210302252,0.4412233829498291,-0.5307896,0.0010367608141148617
DPY30,-0.008997678756713867,0.3820199157344066,0.3173495829105377,-0.18266883,0.29357786763326715
KIF5B,-0.00899970531463623,0.7338660079257018,0.5343226194381714,-0.19842638,0.2531714792903651
DUSP23,-0.009013772010803223,0.7533647638349918,0.6124579310417175,-0.4854614,0.003115235237398633
NACA2,-0.009014248847961426,0.40445597370007347,0.32133910059928894,-0.02449916,0.8889001222607666
CCT2,-0.009014368057250977,0.782998189013008,0.5958221554756165,-0.5711316,0.0003394163835468166
PPHLN1,-0.009046316146850586,0.5060758385310844,0.38107800483703613,-0.02151534,0.9023621121535539
ATXN2L,-0.0090484619140625,0.6986910357701034,0.5147114396095276,-0.5289129,0.0010884075531983049
SRP54,-0.009050369262695312,0.5509610254692714,0.40792083740234375,-0.4530308,0.006278108069721633
ELOB,-0.00909721851348877,0.6455569342363043,0.515730082988739,-0.3986918,0.017675822001248467
GOLGA4,-0.009105086326599121,0.5532971809203011,0.4568825960159302,-0.6305294,4.908975420561314e-05
YME1L1,-0.009121537208557129,0.4721607416777407,0.37910130620002747,0.1187572,0.4968386500487686
GDI2,-0.009122014045715332,0.9031124721304968,0.675403892993927,-0.4457317,0.007284901949370025
IGF2BP3,-0.009152412414550781,0.6889165459891134,0.5468484163284302,-0.34536004,0.04215608110361801
RACGAP1,-0.009162306785583496,0.6767532766831449,0.5081149339675903,0.30638388,0.0734391963420291
CDK2,-0.009166359901428223,0.5539772698373505,0.4127490818500519,-0.17317522,0.31980756591541
ADD2,-0.00917816162109375,0.6319529971800406,0.5002811551094055,-0.55676305,0.0005134927195242335
SIN3A,-0.009206652641296387,0.5198694433404654,0.4070693552494049,-0.2805405,0.10259653023964523
CTSC,-0.009224772453308105,1.0370298308419832,0.8274592757225037,0.58083105,0.0002538661599343187
ARSA,-0.009227752685546875,0.5560933953477286,0.4333702027797699,0.6548973,1.9671528931113747e-05
MAPRE2,-0.009237170219421387,0.6950195852785892,0.5176571607589722,-0.33104202,0.05207538242932967
CDKN2C,-0.009238719940185547,0.6298305755955947,0.5242156386375427,-0.52059466,0.0013456330940715912
SEPTIN8,-0.00924992561340332,0.5500150992748409,0.44133639335632324,-0.1454038,0.40460648330568505
ECI1,-0.00925290584564209,0.7855439628497776,0.6585606336593628,0.34685388,0.04121571941528788
PDAP1,-0.009253621101379395,0.6736626684530124,0.5441282987594604,-0.41406304,0.013406514287461107
CDC27,-0.00926363468170166,0.4980851102625706,0.3707008957862854,-0.55556625,0.0005310606991416687
FNBP1,-0.009266376495361328,0.5506248522616479,0.4457147419452667,-0.24761523,0.1515282068889822
GRIPAP1,-0.00930798053741455,0.557579400006451,0.43616193532943726,0.57020545,0.0003487960992312975
HMGB2,-0.009317874908447266,1.3627679508855555,1.1291894912719727,-0.76265377,1.0094810961418717e-07
ADPGK,-0.009329080581665039,0.6823864548241099,0.6003584265708923,-0.5926232,0.00017612555771101494
UBR5,-0.009330153465270996,0.44976297666330883,0.36769014596939087,0.3030322,0.07680612068982862
SEPTIN11,-0.00933992862701416,0.865843134638873,0.6619679927825928,-0.5731873,0.0003193950036259832
HPRT1,-0.0093461275100708,1.305554815499567,1.0769480466842651,-0.7865803,2.123424554447724e-08
RPLP0,-0.009352684020996094,0.3874920521197937,0.294822633266449,-0.22205779,0.19981512963451345
YARS1,-0.009354829788208008,1.0920855254891488,0.8583911657333374,-0.49419764,0.002549139222920583
VLDLR,-0.009365558624267578,0.514022069575976,0.39028528332710266,-0.1702356,0.3282165374859937
RBMXL1,-0.0093764066696167,0.6057505044324966,0.47030210494995117,-0.11949848,0.49413685088746107
INF2,-0.009379029273986816,0.776990110381042,0.6471244096755981,0.7376295,4.29615232825593e-07
CRIPT,-0.009391307830810547,0.4552855612352815,0.34848958253860474,-0.40326366,0.01630140254930094
ALDH7A1,-0.009394407272338867,0.6385579838827804,0.4467306435108185,-0.045534447,0.7950666858676239
PTCD1,-0.009400129318237305,0.4571680695582574,0.3572773039340973,0.4186453,0.012316224970779626
GCA,-0.009405970573425293,0.8163079015457572,0.6415183544158936,-0.20887282,0.22852482770592727
LASP1,-0.009410858154296875,1.1970815096950924,0.981475293636322,0.44722578,0.00706826344065465
HSDL1,-0.00943613052368164,0.46042331206012366,0.3617265820503235,0.17105976,0.3258454599579269
POLR1A,-0.009438157081604004,0.41254093299414946,0.3151683807373047,0.10748043,0.538849138595723
NOC4L,-0.009453654289245605,0.49194681246849503,0.4193311929702759,0.17294927,0.32044897011049484
GINS4,-0.009462714195251465,0.7428701373420457,0.578744113445282,-0.42471862,0.010987327691056079
MIEF1,-0.00947868824005127,0.30325728754641396,0.2586877942085266,-0.11905208,0.49576320202707086
NSUN2,-0.009479999542236328,0.6893974692382597,0.5900062322616577,-0.4149476,0.013189913726701355
LPXN,-0.00949239730834961,0.6534381754437043,0.5093720555305481,0.074068956,0.6723936932074922
ABRAXAS2,-0.009500503540039062,0.36605103116910853,0.26691824197769165,-0.16266558,0.3504938808738452
TRA2A,-0.009519219398498535,0.5858099480714507,0.4967154264450073,-0.1786407,0.30453377349205557
SART1,-0.009546279907226562,0.3988330037475247,0.29150229692459106,-0.32282418,0.05855919872653489
ALDH9A1,-0.009566187858581543,0.656634377127021,0.49548643827438354,0.5349591,0.0009296816640344506
BUD31,-0.009570956230163574,0.4781876354703461,0.3882800042629242,-0.5210864,0.0013290568246500261
HADHA,-0.009585142135620117,0.7977894043259695,0.6987656354904175,0.6617033,1.5015138655315148e-05
GLG1,-0.009589433670043945,0.6068195901908935,0.5205062627792358,-0.4333124,0.009315762903151469
SNX6,-0.009595870971679688,0.5446433993075529,0.3802224099636078,-0.35519382,0.03627224244148239
ECE1,-0.009598612785339355,0.7906696080828028,0.6367495656013489,-0.6649457,1.317045875720137e-05
PFDN5,-0.009601235389709473,0.9451027944958416,0.7527111768722534,-0.11764921,0.5008914002239527
SF1,-0.009612202644348145,0.4283489532566562,0.35630273818969727,-0.5231821,0.0012604240315049725
BCKDK,-0.009623527526855469,0.6003543810555182,0.4427820146083832,-0.39405292,0.01916798345012994
TMEM192,-0.009629130363464355,0.6188574784305887,0.5138421058654785,-0.026205035,0.8812171797115036
PCNT,-0.009639143943786621,0.4820771008514237,0.38182100653648376,-0.29560727,0.08469133878102186
ASCC3,-0.009643316268920898,0.4767295357063242,0.3739265501499176,-0.43423703,0.00914955698854447
TJP1,-0.009667634963989258,0.5413271561353956,0.4765525162220001,0.70342416,2.4397332488803087e-06
CDK5,-0.009669661521911621,0.6637340406521489,0.510341227054596,-0.63958555,3.526930069612147e-05
WDR33,-0.009675264358520508,0.3339562543664301,0.2539970278739929,-0.20255883,0.24321870957497754
ADAM17,-0.009703516960144043,0.9399870943137192,0.7725000381469727,0.58486396,0.00022438205427786743
MBD1,-0.00973200798034668,0.4549041710274301,0.349640429019928,0.3447854,0.042522364422671315
MAGEA4,-0.009734034538269043,1.0719394986957687,0.7706984281539917,0.015089538,0.9314398261124829
CNNM4,-0.009737253189086914,0.6639047771966318,0.5011897087097168,-0.50219893,0.0021115654322218518
MRRF,-0.009776949882507324,0.6511554745700959,0.51059889793396,0.74426013,2.9745917700915203e-07
SEC61G,-0.009784460067749023,0.5723673498988298,0.4740521013736725,-0.5912055,0.00018417813884306965
CD99L2,-0.009809017181396484,0.8041823199499556,0.6358615756034851,-0.1895671,0.27540872119661985
RBM33,-0.009816288948059082,0.6355983495235921,0.49554872512817383,-0.35420278,0.03683317825145667
PSMB6,-0.009820103645324707,0.6738718212168051,0.5529979467391968,0.2561848,0.13741537027771986
LYSMD2,-0.009821176528930664,0.3451911562032357,0.24510718882083893,-0.11932103,0.4947831567196177
PI4KA,-0.009828925132751465,0.5185210078737257,0.4051741063594818,-0.13089173,0.4535703022733731
RAB14,-0.009845852851867676,0.5620255588713163,0.45442819595336914,-0.1985648,0.25283383738855636
CKAP5,-0.009859085083007812,0.6836327023988608,0.536224365234375,-0.71702003,1.2605566639263394e-06
CTDP1,-0.009883403778076172,0.3205774304867286,0.247822567820549,0.0975766,0.5770904608010266
SPATA20,-0.009883761405944824,0.5571016510591297,0.4586822986602783,-0.40167055,0.016769791272699733
DERPC,-0.009884357452392578,0.49783355033798693,0.3873353600502014,0.27336666,0.11206956946261175
CORO1A,-0.009886503219604492,0.6618716958299388,0.531372606754303,-0.19523445,0.26104161636152684
TASOR2,-0.00991213321685791,0.5698759681457476,0.4695117473602295,-0.29117,0.08969340459941799
DNAJC19,-0.009912967681884766,0.4207745965090935,0.3340156376361847,0.36494654,0.031114144696320165
RABAC1,-0.009923934936523438,0.6933661017293087,0.5769897699356079,-0.44345832,0.007625393945019201
ABHD12,-0.009925365447998047,0.5611356507444318,0.4526931941509247,-0.20774612,0.2311015449960678
TRIM33,-0.009926915168762207,0.5484056305931542,0.4601838290691376,0.33735517,0.04749421584714808
COL4A2,-0.009929895401000977,0.6610121511231233,0.5406504273414612,0.45860863,0.005591518526594189
CCAR1,-0.00993359088897705,0.3306777969274944,0.2593171000480652,-0.09662039,0.5808460541563999
PI4K2A,-0.009935259819030762,0.7303582174138017,0.5841490626335144,0.603851,0.00012268856641881997
CCDC86,-0.009956598281860352,0.5386065060992109,0.44703155755996704,-0.28027132,0.10294063299604536
PDHA1,-0.009958624839782715,0.5667865134408776,0.44249072670936584,0.05267256,0.7637909358234759
MOCS2,-0.009958744049072266,0.432944129042816,0.3244187533855438,0.20643595,0.23412279736842537
TMEM199,-0.009988665580749512,0.8282879003413597,0.65289705991745,0.05405844,0.7577591090635476
TECR,-0.01000821590423584,0.40598783837270286,0.28039246797561646,0.33278757,0.05077490872869011
CYFIP1,-0.010010600090026855,0.3945465462618188,0.29880714416503906,-0.22787452,0.18798502566910097
KRT7,-0.01002049446105957,3.7057783061469127,3.268782138824463,0.83342564,5.171325373989487e-10
CYB5A,-0.01002645492553711,0.968375718200819,0.7767595052719116,0.13019004,0.45601562954882463
TRIR,-0.010042548179626465,0.7118996198782567,0.5084927678108215,-0.43526036,0.00896855571977068
GLUD1,-0.010056495666503906,0.8738268071634914,0.7226606011390686,0.5010786,0.002168576855446315
PGD,-0.010079026222229004,1.2889310365167166,0.9517236948013306,-0.0031539816,0.9856532934538129
TM9SF4,-0.01008903980255127,0.7174335946778415,0.6072845458984375,0.6544048,2.005446232877278e-05
GSDMD,-0.010100245475769043,0.6522542469504875,0.5322675704956055,-0.37168762,0.027912520131569123
FGD3,-0.010116100311279297,0.5467579580128166,0.44333967566490173,-0.31178844,0.06825375569052317
ZC3HAV1,-0.010118722915649414,0.6256979859543903,0.4929516315460205,-0.39569554,0.018628045824885666
BOLA2,-0.01015007495880127,1.4453515124855147,1.214679479598999,-0.43600267,0.008839148864754044
DOCK7,-0.010169386863708496,0.4290547654023639,0.33574143052101135,0.34251955,0.04399191938026981
IPO4,-0.010196447372436523,0.8794989388867733,0.6786657571792603,-0.3532817,0.03736073729544957
PRNP,-0.010200142860412598,0.6450264848771781,0.5280453562736511,0.1664885,0.33913179599321297
RO60,-0.010234236717224121,0.7537663779685634,0.6150878071784973,-0.7172142,1.2483824276395087e-06
BPNT1,-0.010245442390441895,0.7312917306192271,0.5388273596763611,0.17376778,0.3181288309829694
UBL3,-0.010248899459838867,0.5254187310511272,0.4412068724632263,0.07842686,0.6542832358148434
BIRC6,-0.010257482528686523,0.3922861066469128,0.3145584762096405,0.40342402,0.01625487531755833
PRPF38A,-0.01026153564453125,0.5665109208831222,0.4445079565048218,-0.5601805,0.0004661333765912608
CHAF1A,-0.010292768478393555,0.5518384486327813,0.4381321966648102,-0.5269179,0.0011457823740936195
RNF214,-0.010297179222106934,0.5116445764262932,0.380113810300827,-0.37188888,0.0278212804925162
PRIM2,-0.01031506061553955,0.48580368137441005,0.39107850193977356,-0.6805341,6.85523979158723e-06
PEX19,-0.010316133499145508,0.5065404659141012,0.402971088886261,0.19877858,0.25231269508405546
NUDT3,-0.010319828987121582,0.7451027085083649,0.6190494894981384,0.36849946,0.029391202135510393
NR3C1,-0.01035773754119873,0.41939556051527777,0.34508949518203735,-0.56409305,0.00041671028081455486
PSME2,-0.010363101959228516,0.7474295755848737,0.6301495432853699,0.012021314,0.9453569673577717
CLDN3,-0.01036369800567627,0.41779573371246553,0.33080750703811646,-0.4998626,0.0022319710377563416
DEK,-0.01039278507232666,0.7742661554968563,0.5967913866043091,-0.59431887,0.0001669098498544716
PDS5A,-0.010484695434570312,0.3748376812906737,0.2934306859970093,-0.0018923953,0.9913915844684086
BZW1,-0.010497450828552246,0.5034113975118223,0.39408227801322937,-0.022218022,0.8991895663258241
CBL,-0.010500192642211914,0.5010625754241297,0.374558687210083,-0.018967148,0.9138802380000945
ENY2,-0.010502099990844727,0.46581620188564804,0.37175625562667847,-0.6384533,3.677912552531855e-05
GPX7,-0.010509133338928223,0.5641811203854219,0.4405512511730194,-0.08326921,0.6343850832692512
ROBO1,-0.010542988777160645,0.42047111609795057,0.316732257604599,0.16512704,0.3431521496940218
PPP1R2,-0.01055896282196045,0.37851252205189995,0.2937852144241333,0.22382562,0.19616632681468643
SLC30A7,-0.010584592819213867,0.5002005889983677,0.39630669355392456,-0.42696282,0.010528027189398798
DECR1,-0.010595321655273438,1.1589233320648036,0.9145627617835999,0.747846,2.4269551478424954e-07
MON2,-0.010605454444885254,0.4924459081804162,0.4005705714225769,0.5017521,0.002134143055380286
ANPEP,-0.010617733001708984,1.0961537785858257,0.7848653197288513,0.5141433,0.0015804966210263825
C9orf64,-0.010621070861816406,0.577230018491274,0.4297545850276947,0.46776998,0.004603721395727204
PDLIM1,-0.010634183883666992,0.9973944455660867,0.799208402633667,0.079145476,0.6513151546755102
CAAP1,-0.010637998580932617,0.41833795302083243,0.3423616588115692,-0.33445257,0.04955859997083057
RRM2,-0.010641694068908691,1.131091738004933,0.9077017307281494,-0.57473934,0.0003049849250561307
ABCF1,-0.010664701461791992,0.7125536814762032,0.5643372535705566,-0.51353776,0.0016042820666748608
HDGFL3,-0.010671734809875488,0.8359112958276973,0.6545069217681885,-0.5263467,0.0011626945450053882
MRPS12,-0.010678410530090332,0.5649149500290931,0.4393555223941803,0.5767025,0.0002875896599581397
GUSB,-0.01068723201751709,0.45714658928309876,0.3456422984600067,0.19390784,0.26435935734063826
KLC4,-0.010690450668334961,0.4775292955269567,0.3793284296989441,0.11611014,0.5065483692920634
GNA13,-0.010742425918579102,0.5943183186778073,0.472724586725235,0.023126498,0.8950897168498716
PSMD10,-0.010750412940979004,0.5742263793438477,0.43228673934936523,-0.15546244,0.3725185859806044
RPS19BP1,-0.010759115219116211,0.5842128549111573,0.4849846363067627,-0.09051895,0.605063664372577
RANBP9,-0.010768294334411621,0.5616795065890341,0.4483305811882019,0.21839777,0.20751948771389717
HM13,-0.010770082473754883,0.7944553890415462,0.6545273661613464,-0.6441878,2.9692168095262217e-05
RTF1,-0.010774970054626465,0.6659776335589104,0.522966742515564,-0.6962216,3.411442023004599e-06
CASP1,-0.01079869270324707,0.4247657144141932,0.3371146321296692,0.31223756,0.067836167423561
ACLY,-0.010822534561157227,1.1052017698293812,0.8084931969642639,-0.41380304,0.0134707096292604
COPS4,-0.010850071907043457,0.7186438855330363,0.539672315120697,-0.49239573,0.002657930320418298
P3H3,-0.010853767395019531,0.7332533122604687,0.5800706744194031,0.19588068,0.2594353715412563
PDCD11,-0.010863184928894043,0.6131750853182562,0.5147787928581238,0.14008744,0.42218310692479905
CLTA,-0.010876297950744629,0.4313279655026481,0.3272339403629303,-0.09234233,0.5977810973407539
CSTF2,-0.01089179515838623,0.43318803380851567,0.3373740017414093,-0.34890115,0.039954528285128806
MOB4,-0.010903120040893555,0.40648281322196084,0.2967601716518402,-0.34016618,0.045561140927066625
ERCC6,-0.01091158390045166,0.7239584659786698,0.5996849536895752,-0.5470597,0.0006720885083336261
B4GALT1,-0.010939359664916992,0.6417678780021497,0.5203405618667603,-0.42591798,0.010739800996773031
C12orf57,-0.010951399803161621,0.8418838916243876,0.6368888020515442,-0.62827945,5.320662845791031e-05
TNPO1,-0.010968804359436035,0.7598302269465105,0.5668661594390869,-0.52028275,0.0013562368190659908
GCLC,-0.010990262031555176,0.5471794915607214,0.4096614718437195,0.30999196,0.06994452173308646
USO1,-0.010998129844665527,0.5770692980834912,0.4407688081264496,0.46609995,0.004771640501324785
PRMT1,-0.01101076602935791,0.6906517351594196,0.5008067488670349,-0.6112136,9.607254711638652e-05
SMPD1,-0.011022090911865234,0.5511816747106482,0.46239417791366577,-0.1936046,0.26512171016362934
POP7,-0.011029481887817383,0.43126864392987574,0.3374916613101959,-0.04009951,0.8190958232845834
PM20D2,-0.01104736328125,0.8574855494046206,0.6736764907836914,0.5224336,0.0012845745661117945
IVNS1ABP,-0.011064767837524414,0.5604149267696708,0.4504077434539795,-0.17178911,0.32375560033433864
THOC3,-0.011096596717834473,0.4568985151248397,0.3950616121292114,-0.4210246,0.011780289230354058
ALG13,-0.011099457740783691,0.39374666288263555,0.29344436526298523,0.5394089,0.0008262863943391647
AUH,-0.01111912727355957,0.6551061152265792,0.519575297832489,0.26150882,0.1291489438958462
ITGA6,-0.011141538619995117,1.325050880246953,1.042665958404541,-0.59179866,0.0001807696892212556
TMEM33,-0.011154770851135254,0.4808356427209402,0.372633695602417,-0.28154898,0.10131504263165066
AHCYL1,-0.011167764663696289,0.5038480799019938,0.38313809037208557,0.27384248,0.11142165307376208
ECI2,-0.011177420616149902,0.8692491785045008,0.7318668961524963,-0.11672063,0.5043003329559832
RAB27A,-0.011185765266418457,0.8926308781166271,0.6983349919319153,-0.596143,0.00015748037750366284
TCOF1,-0.011188864707946777,0.5756727998998037,0.4850795865058899,-0.4557371,0.005936450031664565
CENPF,-0.011189460754394531,0.5312560866512102,0.41924649477005005,-0.41818437,0.012422379177892082
PDHB,-0.011189699172973633,0.616340804886528,0.48980844020843506,0.077475645,0.6582199793860578
KRT85,-0.011194467544555664,2.441305857310884,2.2019824981689453,0.48397774,0.003221508692339052
USP10,-0.01119983196258545,0.7129737283004922,0.5730599164962769,-0.46354532,0.005038729074169311
TXNL1,-0.011209845542907715,0.8708307527811123,0.7187952399253845,-0.50477856,0.0019852453089876454
WDR91,-0.01124417781829834,0.46065593460327886,0.372835636138916,-0.14573999,0.40350928892109317
ACTN4,-0.011260032653808594,1.1335942694927683,0.9389018416404724,0.63943076,3.547227120538953e-05
GNA11,-0.011283278465270996,0.5487839487562395,0.457425594329834,-0.046779152,0.7895889356180698
NLN,-0.0112837553024292,0.4632574149267627,0.38680747151374817,-0.022846803,0.8963515086008362
GNAQ,-0.011284708976745605,0.5173097886552187,0.4017936587333679,0.16603808,0.3404588546746863
ADO,-0.011297464370727539,0.5983975120710096,0.49731630086898804,-0.23200053,0.1798979768748211
SUB1,-0.011298894882202148,0.8851852937463611,0.7382720708847046,-0.5971649,0.00015240945553849858
FARSA,-0.011306405067443848,0.8508492378693688,0.700768768787384,-0.5629497,0.00043064747856585804
CIAO1,-0.011311888694763184,0.5247332917270895,0.39147648215293884,0.14121354,0.4184250555502197
MED4,-0.011332035064697266,0.3408971333754707,0.2768903374671936,0.1769418,0.3092313596584906
PRRC2A,-0.011337041854858398,0.6191367982571631,0.5120998620986938,-0.06415285,0.7142701656118503
FAHD1,-0.011345148086547852,0.7136119798604091,0.5696228742599487,0.3147635,0.06552437307462572
UBL5,-0.011349081993103027,0.4903619759750804,0.3927260935306549,-0.71914834,1.132868899657928e-06
DEF6,-0.011372923851013184,0.526347342207279,0.4295225739479065,-0.016234761,0.92624999634474
ERI3,-0.01137542724609375,0.47244104893089856,0.38422685861587524,-0.64249873,3.163878271497437e-05
TSEN34,-0.011378765106201172,0.47213473592611965,0.3618099093437195,0.25306308,0.14243982344826345
COPS8,-0.011386394500732422,0.8463016004621844,0.69881671667099,-0.44215423,0.007826795580963695
PREP,-0.011390924453735352,0.8460792603665378,0.6907091736793518,-0.59353787,0.00017109978318828684
SH3BGRL3,-0.011438369750976562,0.7800328882937666,0.581081748008728,-0.18096325,0.2981855138160256
EIF4ENIF1,-0.011469483375549316,0.4846055343601195,0.3629528284072876,-0.40407616,0.01606679763139575
NAA10,-0.011473894119262695,0.749881417118727,0.550234317779541,0.47742113,0.003729736090058175
MGST1,-0.01148533821105957,1.094822711788723,0.914656937122345,-0.21713965,0.2102146509664858
CDC40,-0.011491775512695312,0.31986126867116416,0.2399994134902954,-0.20042923,0.24831457308690183
GLA,-0.011499643325805664,0.512247089459634,0.411319762468338,0.04597725,0.7931170596777506
PFDN2,-0.011500120162963867,1.2506319832594939,1.0277636051177979,-0.7117394,1.6363193003818285e-06
ARHGEF2,-0.011501312255859375,0.8519132749113159,0.6485891342163086,-0.6397671,3.503233127514769e-05
C1orf198,-0.01150500774383545,0.9098780128962622,0.6953169703483582,-0.16450328,0.3450035452465348
RNGTT,-0.01152026653289795,0.4433775742614454,0.3607254922389984,0.52932006,0.001077015611029622
TSSC4,-0.011528491973876953,0.5605107737755476,0.43883979320526123,-0.24840452,0.15018603243497564
MRPS9,-0.011528849601745605,0.4769502063258891,0.38624006509780884,0.63343,4.420739058013336e-05
PEBP1,-0.011529207229614258,1.3865019722865013,1.1237049102783203,-0.63035214,4.9403342427632156e-05
EIF4H,-0.011530756950378418,0.7252376331378206,0.5303501486778259,-0.44920465,0.006789852379185866
HMG20B,-0.01153111457824707,0.5482380365718071,0.39487797021865845,-0.23924662,0.16629833483953252
DHPS,-0.011548638343811035,0.9503658882556265,0.7741690874099731,-0.80213135,6.905643132416506e-09
SARNP,-0.011614799499511719,0.7878939596851685,0.6648044586181641,0.60480297,0.00011891059222121297
PRRC2C,-0.011623144149780273,0.6395733039351245,0.48761552572250366,0.2939123,0.08657605850666013
IDH3G,-0.011627793312072754,0.6563505822258235,0.5083249807357788,0.47564936,0.003878458220178856
LANCL2,-0.011627912521362305,0.6521586309677693,0.5167915225028992,-0.044946056,0.7976596767770521
ZHX2,-0.011663198471069336,0.48773643616646073,0.40214717388153076,-0.24109994,0.16294159137439854
CBLL1,-0.011670708656311035,0.4539797055397035,0.37969252467155457,0.4966469,0.0024074922017269787
SEC61B,-0.011680245399475098,0.588285370669175,0.48178601264953613,0.5031438,0.002064506354695322
COPG1,-0.011682987213134766,0.6849610523651262,0.5544987320899963,0.10907806,0.5327957803244264
COG2,-0.011702895164489746,0.48156862053270916,0.36562272906303406,-0.051326364,0.7696625976797539
MSL1,-0.01173245906829834,0.4995621462786942,0.40124374628067017,0.21632916,0.2119636433045287
SCAF11,-0.011744499206542969,0.46390676229210304,0.34134340286254883,0.074257866,0.6716046158495843
HCFC1,-0.01175999641418457,0.5856771272077215,0.47131216526031494,-0.70644885,2.11312930139505e-06
GTF2F2,-0.0117720365524292,0.5546961501615626,0.4261583089828491,-0.5598735,0.00047022106849206526
RAB4A,-0.01178276538848877,0.4473859466893266,0.33823829889297485,0.20912184,0.2279579269307072
AP2B1,-0.011791586875915527,0.5340072660416164,0.4492274820804596,-0.62800324,5.3732924165801754e-05
RBM34,-0.011818289756774902,0.4276708094077082,0.3204263150691986,0.3899814,0.020562825856268754
BAG5,-0.01182866096496582,0.35981077227791414,0.2773440182209015,0.50827336,0.0018246845673392021
MBD3,-0.011847972869873047,0.41280391435841896,0.34305956959724426,-0.7237167,8.97838063802991e-07
P3H4,-0.011860132217407227,1.0208430711450445,0.8560925126075745,0.3075702,0.07227541553389123
DCLK1,-0.011884927749633789,1.0152979397514914,0.7392562031745911,-0.6105075,9.837859891786162e-05
CFL2,-0.01188647747039795,1.3379059059773997,0.9979509711265564,-0.501544,0.0021447326373685723
PDPR,-0.011897563934326172,0.5682661628975478,0.46251219511032104,-0.77022254,6.290154307750076e-08
OXSR1,-0.011903166770935059,0.7324432369931629,0.522193431854248,-0.323742,0.05780483699279525
ZMYND11,-0.0119096040725708,0.6426381138218714,0.5009014010429382,0.36980838,0.02877652564416422
MAX,-0.011956334114074707,0.5395541229835004,0.4088796377182007,-0.1958761,0.2594466081893646
VTA1,-0.01197052001953125,0.8298093472824778,0.6003631949424744,-0.49817646,0.002322559695893187
ITM2B,-0.011974096298217773,0.7500803030256767,0.5857816934585571,-0.14006476,0.42225928951505587
RPRD1B,-0.011979460716247559,0.6560146500140803,0.5347554087638855,-0.5104151,0.00173200978454192
SLC29A1,-0.01198875904083252,0.3874029984118866,0.3329870402812958,-0.5102886,0.0017373658763997555
NPTN,-0.012017965316772461,0.662137686425153,0.5795913338661194,0.4703871,0.004350830252468556
SNX15,-0.012027621269226074,0.5066235635747907,0.3914523124694824,-0.28588408,0.09594449534794211
SEPTIN9,-0.012030601501464844,0.7097762968345426,0.6024831533432007,-0.35656017,0.03551031677282692
KMT2D,-0.012060165405273438,0.4035922743016762,0.32591602206230164,-0.46336672,0.005057871497197077
NDUFB2,-0.012061595916748047,0.5838660436052339,0.44608262181282043,-0.23592307,0.17244155343149625
TGM2,-0.012074947357177734,1.7026833477806285,1.428670048713684,-0.08882358,0.6118686952039305
CCDC22,-0.012115716934204102,0.40870491470380826,0.31598129868507385,-0.16670372,0.3384990586789062
EARS2,-0.012121081352233887,0.47644096137957137,0.4026818871498108,-0.45747524,0.005725552952238099
DDX47,-0.012150049209594727,0.5704834041839519,0.46704843640327454,-0.10455589,0.5500145511885414
ACY1,-0.012172460556030273,0.701817398662968,0.5374361872673035,0.027964361,0.8733048683852286
MRPS25,-0.012184619903564453,0.595917584947147,0.4725039303302765,-0.59935004,0.00014205423345974111
KIAA0319L,-0.012186646461486816,0.6784522791816122,0.551855742931366,0.5941771,0.00016766330291673615
PTPRS,-0.012196183204650879,0.6080628965370437,0.4806981682777405,-0.21078579,0.2241946073965585
EXOSC10,-0.012219071388244629,0.41332935709476387,0.3284236788749695,-0.038501307,0.8261939326963701
CHERP,-0.012223958969116211,0.3549523847508175,0.2580702304840088,-0.3865873,0.021789139379409905
SUMO1,-0.012224674224853516,0.42508611017098064,0.3404971659183502,-0.39715087,0.018160324868041897
MTR,-0.012229204177856445,0.5883310132300618,0.486023873090744,0.55553555,0.0005315191405900013
DLG1,-0.012239217758178711,0.43870526574793833,0.37688174843788147,-0.25524816,0.1389089887887714
PPP6R3,-0.012239813804626465,0.43471564102404814,0.3421371579170227,0.10976391,0.5302073963911902
COPS6,-0.012253880500793457,0.5234234936107045,0.41270962357521057,-0.42070645,0.011850767586829097
PPAN,-0.012255549430847168,0.5316672930170673,0.4300144612789154,-0.26973382,0.1171107842496141
GLB1,-0.012256145477294922,1.1100430156345937,0.9065366983413696,0.6337587,4.36826290459274e-05
ETF1,-0.012260794639587402,0.8315019670234944,0.6183091402053833,-0.38640288,0.021857471047463096
SYF2,-0.012317061424255371,0.5793764127942486,0.4644089937210083,-0.122108124,0.4846849230117898
AKR7A2,-0.012333154678344727,0.8394304899960107,0.636845588684082,-0.18703413,0.28199317407975855
AKR1C3,-0.012341856956481934,1.1852843545417788,0.86201411485672,0.21911295,0.20599797867973202
NAPG,-0.01239001750946045,0.5123507840719856,0.42172572016716003,0.10698356,0.5407384017770408
TIMM21,-0.012416481971740723,0.5583662890439459,0.44796958565711975,0.26279426,0.12720949761095535
FSTL1,-0.012418270111083984,0.6844341235118908,0.5199562907218933,-0.35311615,0.037456230300339455
IGF2BP2,-0.012435555458068848,0.8140697720545139,0.6315076947212219,0.040077135,0.8191952604111804
NOP16,-0.012441396713256836,0.7060560171027743,0.5592104196548462,-0.18917572,0.27641948411525186
ZFP91,-0.012452006340026855,0.3454018050142205,0.2821551263332367,0.17617632,0.3113626182957261
DLGAP4,-0.012456655502319336,0.5071166920196486,0.39091557264328003,0.25522807,0.1389412461928122
PLCD3,-0.01249074935913086,0.546568839340132,0.42110487818717957,0.3752978,0.026312499003119213
TREX1,-0.012515902519226074,0.4424688495566095,0.30618777871131897,-0.35313314,0.03744638999145985
USP5,-0.012522697448730469,0.9408687149087275,0.7211454510688782,-0.6724389,9.668829393330958e-06
PSMC4,-0.012543320655822754,0.538350810302666,0.37353286147117615,-0.4683311,0.004548457725726277
DDX6,-0.01254737377166748,0.7348097062462964,0.5773628950119019,0.55260235,0.0005768903423679765
TOLLIP,-0.012563347816467285,0.533806511837676,0.4187823534011841,-0.20953155,0.2270272944262976
SLC27A4,-0.012564539909362793,0.5220325746037047,0.42193710803985596,-0.5210159,0.0013314241059742091
MRPL30,-0.012579202651977539,0.43668357420844156,0.35662955045700073,0.3270732,0.05513132653778152
RAB35,-0.012579202651977539,0.4233656790658721,0.3280596137046814,0.32054117,0.060469583675700114
PDE6D,-0.012592554092407227,0.6100995817745434,0.4785556197166443,-0.7625426,1.0163910957962344e-07
OTUB1,-0.012615799903869629,0.9463926717216485,0.7319744229316711,-0.62114805,6.839676242264559e-05
STIP1,-0.012628316879272461,0.8499907591261349,0.6746687293052673,-0.6327715,4.527559808872524e-05
CIZ1,-0.012632608413696289,0.398424241836467,0.2907048761844635,-0.23718393,0.170092194932139
MCL1,-0.012637853622436523,0.6450550147554527,0.4994279444217682,0.36457613,0.031298476416023624
JPT1,-0.012643098831176758,1.0105425503892231,0.7956777215003967,-0.2513379,0.1452735832520093
ATP11A,-0.012646198272705078,0.6857256751271235,0.5235140919685364,0.6017972,0.00013120975961179498
SEMA3C,-0.012676835060119629,0.645696061425133,0.48766788840293884,-0.5524616,0.0005791499841339363
PPP1R8,-0.012681841850280762,0.5610356077718619,0.44566893577575684,-0.63572925,4.06537101869736e-05
USP48,-0.012702703475952148,0.44929155506108,0.36859434843063354,0.26356065,0.12606349905053038
CENPB,-0.012733817100524902,0.56958580750005,0.4766072928905487,0.15730377,0.36681219514452107
UBE2Q1,-0.012736320495605469,0.4431542749782555,0.35200071334838867,-0.29955953,0.08041977986424553
DDX42,-0.01275324821472168,0.46474991179819897,0.3536318242549896,-0.3995651,0.017406051249339066
MAP2,-0.012804031372070312,1.2829417248407908,1.0935300588607788,-0.78539723,2.3040938708543283e-08
KLC1,-0.012808799743652344,0.9453870255279047,0.7718615531921387,-0.76344335,9.616598633693931e-08
PHF6,-0.012827515602111816,0.6604259098220429,0.5469456911087036,-0.7399667,3.7787460932476214e-07
MRPS33,-0.012836217880249023,0.5144291216812569,0.39104610681533813,0.64071643,3.381740882645075e-05
GNL1,-0.012837409973144531,0.790079764129921,0.5959098935127258,-0.62683254,5.601627698559115e-05
RBM12,-0.012854695320129395,0.774751952684323,0.6432124376296997,-0.65476054,1.977711558860917e-05
RAB5A,-0.012858033180236816,0.7127982719904572,0.5681834816932678,0.076108,0.6638964737412814
RRP8,-0.012859821319580078,0.4335978224279562,0.3313651382923126,-0.51113325,0.001701873144312936
MCMBP,-0.012900471687316895,0.7587306565988011,0.6096011996269226,-0.51115453,0.001700984726518522
SPAG9,-0.012923717498779297,0.5256924524469679,0.3561820387840271,-0.2956443,0.08465060393077063
MCM5,-0.012930989265441895,0.8458231076591759,0.6490606069564819,-0.6427335,3.136139615764176e-05
CXADR,-0.012943744659423828,0.7406178389577285,0.6083313822746277,0.06115905,0.7270831528863037
GPAA1,-0.012954115867614746,0.6406303498579732,0.5148261189460754,-0.62009037,7.095551387867689e-05
MMP14,-0.012960076332092285,0.959836903317434,0.7810612916946411,0.42811978,0.01029768311713292
LAD1,-0.012980937957763672,0.9992224233170576,0.8347567319869995,0.37480846,0.02652484854789357
IMPDH2,-0.012999534606933594,0.8985626133588815,0.6556729078292847,-0.4154523,0.013067689457656139
RPF2,-0.013022422790527344,0.438478584539768,0.35671180486679077,0.081358105,0.6422092551912254
TSN,-0.013029813766479492,0.8829745253693178,0.6674545407295227,-0.6695259,1.0914507409590213e-05
FKBP4,-0.013051271438598633,1.2173205086310024,1.0139093399047852,-0.6556324,1.9112060197845765e-05
CAPN2,-0.013059377670288086,1.0015187056037722,0.860287606716156,-0.26159874,0.12901262035127603
STK39,-0.013087153434753418,0.4857453680912154,0.36286818981170654,0.3105141,0.06944976796200124
FASTKD2,-0.013088226318359375,0.47874067035976803,0.37924817204475403,0.016853068,0.9234491397812383
TCAF1,-0.013092279434204102,0.5371339272176016,0.4415398836135864,0.51973546,0.0013750236934149435
FKBP10,-0.013110876083374023,0.9165611675992815,0.7434471249580383,-0.60887325,0.00010390715663402475
ARPC4,-0.013132810592651367,0.5704132409151956,0.4822861850261688,0.22584665,0.19205199328197
SYVN1,-0.013141632080078125,0.5944475543628085,0.4883483350276947,-0.38751543,0.021447913393724084
PARK7,-0.013157486915588379,0.9904969598953601,0.812270998954773,-0.39659515,0.01833776791021109
DPM1,-0.013165712356567383,0.5972989329399593,0.4824080765247345,0.0073911957,0.9663875125462571
CARMIL2,-0.013226032257080078,0.4855027759563,0.38079634308815,-0.47450724,0.003977025857441166
PAK2,-0.013232588768005371,0.947588238394429,0.7981807589530945,0.35715008,0.03518545148140581
TPM4,-0.013254165649414062,1.1159887751900095,0.911991536617279,0.4757392,0.003870791773871131
ACYP1,-0.013268828392028809,1.267321215252747,1.0820395946502686,-0.64221054,3.19822842290325e-05
DAG1,-0.013270854949951172,0.8806701253858688,0.7048653960227966,0.56416845,0.00041580623963132445
NOL9,-0.013281583786010742,0.491103704741829,0.3843176066875458,-0.40287986,0.01641324456442981
ENG,-0.013305306434631348,0.7910210503286169,0.6230520606040955,0.13451007,0.4410728980074594
NCOA7,-0.013325810432434082,0.6300226337287763,0.4796721339225769,0.004714947,0.9785545041328084
OSBP,-0.013341426849365234,0.6738785655727462,0.49388939142227173,-0.4348284,0.009044574631299965
SUMF2,-0.013349771499633789,0.7046898277227354,0.53346186876297,0.55984396,0.00047061658766273654
DHX16,-0.013359785079956055,0.39648420587545463,0.3305910527706146,0.13798897,0.42923687962442864
SPEN,-0.013363957405090332,0.41237091515591495,0.31619277596473694,-0.06992288,0.689793449788467
LAMB3,-0.013370037078857422,0.8576460351959407,0.6422852277755737,-0.33331624,0.050386161032963346
PTRH2,-0.013378739356994629,0.6080490260090449,0.48365896940231323,0.4650278,0.004882209834837388
NQO1,-0.0133819580078125,1.3770808167465847,1.1606017351150513,0.7916518,1.4875118067379344e-08
VDAC3,-0.013401627540588379,0.4152287666753086,0.3399503529071808,-0.050935104,0.771371567023065
CD9,-0.013411998748779297,0.7014566974679354,0.5473845601081848,-0.43120164,0.0097048371502437
CTSS,-0.013465046882629395,0.4814139891797561,0.366577684879303,-0.045994777,0.7930399188194838
MBD2,-0.013471245765686035,0.49577489503189276,0.4113825261592865,0.4149811,0.013181770340855709
MMUT,-0.013471722602844238,0.5165511396927779,0.3891516625881195,0.30618775,0.07363296107315485
RBM17,-0.013495445251464844,0.3464407513841136,0.2761300206184387,0.13470079,0.4404193877580362
PSMG3,-0.01352071762084961,0.7893036577691666,0.5869541764259338,0.53433466,0.000945068463317504
SRI,-0.013524174690246582,0.6935876604823917,0.5367056727409363,-0.17261553,0.32139815800009547
DNMT3A,-0.013524413108825684,0.6243854123565676,0.527984619140625,-0.12303043,0.4813667982935204
CA8,-0.01352536678314209,0.7031391354305581,0.5254630446434021,-0.20118122,0.24650719062888723
TRAPPC8,-0.013541579246520996,0.433355867582452,0.33145537972450256,0.060471047,0.7300379368109258
DPYD,-0.013548016548156738,0.37189733935022656,0.310804158449173,0.29357028,0.08696022782814647
SELENOS,-0.013583779335021973,0.5805437935418968,0.5008669495582581,-0.46761402,0.0046191808092528345
CUL4B,-0.013584613800048828,0.4862455274920476,0.4130725860595703,-0.49297678,0.002622415877851853
RDX,-0.013595342636108398,0.6365588168682352,0.47505977749824524,-0.21882069,0.20661883221290883
ATP6V1D,-0.013608098030090332,0.5846259379025599,0.46766552329063416,0.61121804,9.605868321119166e-05
ANAPC7,-0.013613343238830566,0.3888491125806208,0.3082059919834137,-0.1741803,0.3169636253821144
SMS,-0.013618111610412598,0.9520443903487158,0.7784995436668396,-0.7306424,6.255764772293574e-07
IGBP1,-0.013667941093444824,0.6838566519776095,0.4844282567501068,-0.41762793,0.012551583503729289
RCC2,-0.013672947883605957,1.4298184027440126,1.2177451848983765,-0.6502955,2.3524268149982918e-05
AARSD1,-0.013677358627319336,0.9605655725745084,0.7711722254753113,-0.66049314,1.5761711534793372e-05
EPN2,-0.013707876205444336,0.6011899562444062,0.5041386485099792,-0.61428607,8.659535086946363e-05
TFCP2,-0.013713598251342773,0.7331762472519513,0.5508917570114136,0.18248306,0.29407740736215277
TSTD1,-0.013739824295043945,0.81237293130095,0.6183054447174072,-0.24398705,0.15781000276300824
MRTO4,-0.013769030570983887,0.4720336344260003,0.40827375650405884,0.09091332,0.603485482973817
PDHX,-0.013802528381347656,0.5095226541897807,0.3996349275112152,0.18604614,0.28458887734763944
DTD1,-0.01381993293762207,1.2015344088163948,1.08236563205719,-0.5595957,0.0004739503199642053
FTSJ3,-0.013825178146362305,0.6233010326735585,0.5073147416114807,-0.05157175,0.76859152054348
MYCBP2,-0.013831019401550293,0.3713119668332304,0.32178857922554016,0.48936602,0.002849987053296799
GFER,-0.013833403587341309,0.5475168004354142,0.4543251693248749,-0.63966227,3.516898769741099e-05
EEF1AKNMT,-0.013869643211364746,0.5757627165877053,0.4388003349304199,-0.22547598,0.1928019055701657
IMPDH1,-0.013871192932128906,0.8668299444765948,0.6493121385574341,-0.5338909,0.0009561381552226345
SMN1,-0.013886332511901855,0.46479943008071933,0.35318833589553833,-0.38881457,0.020977761942204447
TASOR,-0.013895034790039062,0.4171960586927213,0.3399800658226013,0.037260514,0.8317136584464416
MAN2A1,-0.013905763626098633,0.5090509718028116,0.4321809709072113,-0.78496134,2.3741753452335826e-08
ENPP4,-0.013928413391113281,0.5015963165671947,0.39924532175064087,0.038727306,0.8251892910927489
TUBB4B,-0.013932585716247559,0.9401984163135043,0.7283996343612671,-0.18865944,0.2777565880039565
PPP3CA,-0.013961315155029297,0.45552435677810976,0.38034704327583313,0.4059312,0.015541668823119982
MAT2B,-0.013961315155029297,0.8542194388920428,0.6426932215690613,-0.31536815,0.06498032136227164
RPS29,-0.013971686363220215,0.6674696859341303,0.4742336869239807,-0.2231844,0.19748445518640426
NDUFA2,-0.014011740684509277,0.5760257082953875,0.4620095491409302,-0.14665923,0.40051781402326675
NDUFAF2,-0.014026403427124023,0.6198314098363525,0.5178534388542175,0.22465941,0.1944614080883859
MSTO1,-0.014032721519470215,0.5776166485147818,0.45523762702941895,0.34827217,0.040338609740217045
MYCBP,-0.01405799388885498,0.5127838058394036,0.4139297902584076,-0.40841985,0.014859899088817569
UXS1,-0.014096260070800781,0.5102743774396061,0.42224523425102234,0.6075466,0.000108598957865963
USP47,-0.014101624488830566,0.32600063694485065,0.2438315749168396,0.18498321,0.2873984200807705
CCT6A,-0.014130592346191406,0.7967157391739832,0.6468926668167114,-0.45937017,0.0055029900539387356
GLO1,-0.01413881778717041,1.2355434344108405,0.9533898234367371,-0.49781758,0.002342252007471708
GOLT1B,-0.0141526460647583,0.7144501650057002,0.5551607608795166,0.7228864,9.369158977091164e-07
DAB2,-0.014162421226501465,0.7889882421016308,0.6062186360359192,0.18836558,0.2785194764838734
ITGB2,-0.014184236526489258,0.9026294272546261,0.7374414205551147,-0.10904674,0.5329142545805666
UCHL3,-0.014190435409545898,0.921718002140552,0.8104692101478577,-0.62316704,6.374249601927925e-05
GPHN,-0.014197826385498047,1.273107708311188,1.0438870191574097,0.27888483,0.1047268384615597
RCOR1,-0.01419985294342041,0.4612120118043448,0.3479754328727722,-0.46131653,0.005282167883138616
HYPK,-0.014206409454345703,0.5275829479121924,0.40276262164115906,-0.26493818,0.12402307098630085
INTS7,-0.014212608337402344,0.33281373216284527,0.27539122104644775,-0.3163545,0.06410043741204101
SRSF4,-0.014220595359802246,0.6300177850937657,0.49633947014808655,-0.7339479,5.244432728870951e-07
PSMC1,-0.014220952987670898,0.5176926684040409,0.3706752359867096,-0.44738483,0.007045534572210005
SYNE1,-0.014223217964172363,0.5262133315080543,0.396211177110672,0.41993332,0.012023590861354844
SDF2L1,-0.014235138893127441,0.7374938722129604,0.5558330416679382,0.305965,0.07385359426302802
APEX1,-0.014264941215515137,0.9633791537315952,0.7817875742912292,-0.72500634,8.401040691079731e-07
SDE2,-0.014272809028625488,0.3875875827809518,0.3096775710582733,0.037767578,0.8294571718984247
BAG6,-0.014293909072875977,0.6297563292793694,0.47655656933784485,-0.26255715,0.12756560670838893
RPS19,-0.014301419258117676,0.5263550426094119,0.3831919729709625,-0.22334109,0.19716164401043906
IPO7,-0.0143049955368042,0.7466025090824071,0.5563790202140808,-0.5695339,0.00035574196545030533
NSD2,-0.014333963394165039,0.5778018202756636,0.4401499629020691,0.5311372,0.0010274354734039187
ATXN10,-0.014394760131835938,0.5911262413733023,0.46105653047561646,0.4779385,0.00368725219991373
EIF2S3,-0.014403223991394043,0.7011852847546376,0.5381903648376465,-0.33570445,0.04865962646177373
ATP5MPL,-0.014403223991394043,0.38083777733233426,0.3302558362483978,0.46350935,0.005042583195167668
SLC16A1,-0.014411568641662598,0.6443108615349312,0.5250502228736877,-0.23934236,0.16612375467582377
RBM26,-0.014441132545471191,0.6277239567782888,0.5157788395881653,0.5887274,0.00019904774689109158
H1-0,-0.01444554328918457,1.0941465476385468,0.821790874004364,-0.26925698,0.11778487156970313
BTF3,-0.014449238777160645,0.8378310460247291,0.6539042592048645,0.16216241,0.35200633272272086
CNPY4,-0.014478802680969238,0.5427406435651569,0.40677955746650696,-0.2870821,0.09449948436882215
NEMF,-0.014479279518127441,0.5858222085060164,0.423735111951828,-0.17587739,0.3121975764900674
OFD1,-0.014501333236694336,0.9443274796431607,0.7975147366523743,0.3498963,0.039352859430533245
MTHFD1,-0.014527082443237305,1.2553663932507537,1.0033998489379883,-0.7229582,9.334725700542013e-07
ITGB4,-0.014536261558532715,1.6077144166558535,1.3203502893447876,0.39218283,0.019798540180964316
TOMM40,-0.014551758766174316,0.4584773083170733,0.3701471984386444,-0.47097963,0.004295265283174364
MRPL39,-0.014577627182006836,0.4392264565708089,0.3692123293876648,-0.22324947,0.19735037628854912
EMC4,-0.014584183692932129,0.5121233847278153,0.3889946937561035,-0.3033326,0.07649953967511124
NUP62,-0.014596819877624512,0.3256223355035992,0.22530953586101532,-0.4316332,0.009624187193455884
MTA2,-0.0146104097366333,0.5547807641939112,0.4419306218624115,-0.4344046,0.009119699123313351
TRMT61B,-0.014613986015319824,0.5144600279047314,0.4251120090484619,-0.44540593,0.00733286848043538
DPYSL3,-0.014619231224060059,1.5939065444956488,1.3524006605148315,-0.82803524,8.38140969796217e-10
CD151,-0.014624476432800293,0.8877946821101194,0.7709255218505859,0.03236172,0.853582238097233
PFDN6,-0.0146254301071167,0.9493317085526346,0.7349962592124939,-0.57079184,0.0003428308213957337
PRPSAP2,-0.014626145362854004,0.7427951132505247,0.5925216674804688,0.32305372,0.05836985691951644
ZNF768,-0.014630317687988281,0.5134585847896047,0.4186508357524872,-0.7203258,1.0674324213707617e-06
FLNC,-0.01463329792022705,1.3804944539551103,1.1187139749526978,0.46404257,0.00498575787951612
SIRT1,-0.01463937759399414,0.506148090230596,0.42421138286590576,-0.14954206,0.3912188652612547
ACOT7,-0.014665603637695312,1.061666442166419,0.9002455472946167,0.64159256,3.2730123870337293e-05
SAE1,-0.014719486236572266,1.1157725517084547,0.9142240285873413,-0.54107577,0.0007902583511192892
ZFAND6,-0.014725089073181152,0.4597749435271278,0.39806699752807617,0.44631898,0.007199075381783662
USP14,-0.014725327491760254,0.8400218686027376,0.6529949307441711,-0.496167,0.0024346941160454773
GSR,-0.01472783088684082,1.0469251592206075,0.7380700707435608,0.0974807,0.5774668848890699
CCT4,-0.014736294746398926,0.8101518886526019,0.6331305503845215,-0.5436114,0.0007381109116018835
CDCA7L,-0.014752030372619629,0.397659364699361,0.33276042342185974,0.24180421,0.16167886454034963
SLC4A2,-0.014753580093383789,0.649126514075306,0.533583402633667,-0.62967145,5.062438303441258e-05
ACAD9,-0.014770269393920898,0.449199560004305,0.37226471304893494,0.28501293,0.09700590722342345
EIF2S2,-0.014789223670959473,0.5219081913792207,0.3975818157196045,-0.22841644,0.18690851415183482
UBAP2,-0.014791250228881836,0.6584086790507612,0.48889338970184326,0.3726874,0.027461653846453264
GPC1,-0.014803051948547363,1.0897715554885141,0.8838014602661133,0.58673364,0.0002117829809852767
GPSM1,-0.014820337295532227,0.4856901158552128,0.38485002517700195,-0.52373344,0.0012428981113698707
RAB11B,-0.014835000038146973,0.47915037445345116,0.38917383551597595,0.41007182,0.014421341188335535
EEF1A2,-0.014871954917907715,0.8139067722376735,0.6191686987876892,-0.326389,0.05567222024946683
CLYBL,-0.014930367469787598,0.7149751469487555,0.5500335097312927,0.32280108,0.058578307392032965
DNTTIP2,-0.014983534812927246,0.46980789336990547,0.41096699237823486,-0.021268578,0.9034766803634858
RBMS2,-0.014989972114562988,0.7986367889551591,0.6405747532844543,0.643916,2.9997897882707788e-05
CSE1L,-0.015001893043518066,0.8681493013412211,0.7226696014404297,-0.5428963,0.0007525002601681255
GPX1,-0.015005230903625488,0.8173886097254656,0.6546379327774048,-0.5599237,0.00046955191151354847
SDHB,-0.01501476764678955,0.4446951284176476,0.3708205223083496,-0.4306876,0.009801652883549141
TXNRD1,-0.015048861503601074,0.934290574000949,0.6698070764541626,0.1182794,0.4985841473875194
ALDH4A1,-0.015060186386108398,0.6803596505475396,0.5330320596694946,0.2719072,0.11407483285325182
CDC34,-0.015071511268615723,0.43213538903152815,0.36058712005615234,-0.43277988,0.009412647944666506
OPA3,-0.015078902244567871,0.6614621580318701,0.5265568494796753,-0.6122216,9.286543895964191e-05
LRRFIP2,-0.01508629322052002,0.46207430038130876,0.3764325976371765,0.34426078,0.042859044139260026
P3H1,-0.015095114707946777,1.1062712974437932,0.9876843094825745,0.24694604,0.15267285077152778
NUDT8,-0.015126228332519531,0.5395735101529823,0.43634718656539917,-0.044606313,0.7991578174925111
UCK2,-0.015145063400268555,0.996320122820009,0.7980512976646423,-0.62192625,6.656767746004987e-05
TMED1,-0.015145182609558105,0.6276428136890201,0.5265889763832092,-0.6617805,1.4968665275343803e-05
CANT1,-0.015154838562011719,0.5227197879323247,0.39401182532310486,-0.08424537,0.6304039686334513
NCK1,-0.01516866683959961,0.539417647425051,0.41548946499824524,0.04620818,0.7921007397234182
TRAPPC4,-0.015170097351074219,0.5274882365899293,0.4318099915981293,0.14486094,0.4063819238052745
TERF2IP,-0.015170931816101074,0.7555247115480913,0.601921021938324,-0.7626664,1.0086987807544112e-07
CDCP1,-0.015243887901306152,0.9735873258596395,0.7878459095954895,0.44868898,0.006861486095400525
PTPRK,-0.015251994132995605,0.5707469487319639,0.4715871512889862,-0.22660321,0.1905274081596217
YWHAZ,-0.015262126922607422,0.7177265593083587,0.5674464106559753,-0.21122935,0.22319855404874972
PITHD1,-0.015283942222595215,1.175124380954936,0.9792060852050781,-0.77670026,4.136194448130349e-08
BOP1,-0.01530754566192627,0.5313287283960301,0.4548588991165161,-0.27886412,0.10475373942355715
TP53BP1,-0.015347599983215332,0.554519036729019,0.421053409576416,-0.07233858,0.6796357697889263
ILVBL,-0.015447378158569336,0.46794036244183973,0.3697291910648346,-0.6274224,5.4855164559598596e-05
UBE2I,-0.015467405319213867,1.0459766234052295,0.875124990940094,-0.7040101,2.3730735668049738e-06
RPRD1A,-0.015470743179321289,0.8969223847316085,0.7596011757850647,-0.16929379,0.3309395207268831
HLA-E,-0.01547849178314209,0.266404215114127,0.20884919166564941,-0.28202698,0.1007118869148113
ENDOG,-0.015497207641601562,0.6447801513958329,0.5386514067649841,-0.3061537,0.07366657172943009
CRMP1,-0.015504240989685059,1.6837962442573902,1.3627196550369263,-0.5750004,0.00030261876529922335
UBA2,-0.015549182891845703,1.308639935489769,1.0866961479187012,0.16192076,0.35273403769205763
GMPR2,-0.01555323600769043,0.44395225643663333,0.35195016860961914,0.03306121,0.8504525544121042
LUZP1,-0.01556098461151123,0.7673323143052737,0.6430611610412598,0.11716464,0.5026690331088698
PRKDC,-0.0155792236328125,0.5168926666358744,0.4111398458480835,-0.47593725,0.0038539494979165467
NDE1,-0.015584945678710938,0.46368616687887926,0.37146657705307007,0.10755338,0.5385719983518668
UBAP2L,-0.015598893165588379,0.8338193707867506,0.6027467846870422,-0.3270999,0.05511029981773114
ACTR1A,-0.015603184700012207,0.6679448129034617,0.501412034034729,-0.59044015,0.0001886606854454595
DHODH,-0.015605330467224121,0.7085305014312616,0.5554854273796082,0.1709851,0.32605973213993483
MOGS,-0.015606045722961426,0.6679743493274887,0.5466680526733398,0.5582314,0.0004926447032623423
INPPL1,-0.015623807907104492,0.7623694354978664,0.5942245721817017,-0.41962874,0.012092252601118
HINT1,-0.015629053115844727,1.2619979124399563,1.0031145811080933,-0.5813103,0.0002501901800649035
RAB8A,-0.015630602836608887,0.41770709395125666,0.3124164044857025,-0.65689707,1.8183286798395283e-05
MECR,-0.015655994415283203,0.6224276296455633,0.5211217403411865,0.45200384,0.006412106265694077
SYT1,-0.015663743019104004,0.8669904536543368,0.6518610715866089,-0.15169773,0.3843479671882327
RTCB,-0.01566636562347412,0.7099247520491749,0.5676838755607605,-0.5406834,0.0007986110027719902
VARS1,-0.01571941375732422,0.7931545396959737,0.6210005879402161,-0.6007633,0.00013569716242257864
COL4A1,-0.015740156173706055,0.537927039859232,0.444307804107666,-0.63081944,4.858054170016668e-05
GPR107,-0.015750885009765625,0.5798330592097882,0.4101928770542145,0.48837999,0.0029150485748334677
CLIC4,-0.01575148105621338,0.9527361967938199,0.7527570724487305,-0.6130778,9.021684908805283e-05
CHRAC1,-0.01580178737640381,0.6776082473933038,0.5536872148513794,-0.19833401,0.2533970313224748
YWHAQ,-0.015816569328308105,1.0679563776958565,0.8877180218696594,-0.7802995,3.2570797867797813e-08
CACYBP,-0.015850067138671875,1.0994240314941803,0.9098904132843018,-0.62791216,5.390749040952296e-05
COPA,-0.01588153839111328,0.6262836387493169,0.5006971955299377,-0.11376566,0.5152261804363163
CSRP1,-0.015885353088378906,1.0178316060546024,0.7496504783630371,-0.13677374,0.43335120383612763
MTPAP,-0.015903472900390625,0.3986328057714795,0.31464749574661255,-0.22008169,0.20394969384153547
GMFB,-0.0159529447555542,1.0831929935128706,0.8705088496208191,0.4396041,0.008233764911694
ZMYM2,-0.01596236228942871,0.5915390309042678,0.475411593914032,0.57358295,0.0003156659663439358
RFX5,-0.015968799591064453,0.5437868390813005,0.45560020208358765,0.098585345,0.5731402543609748
DCTN4,-0.015973567962646484,0.6126537879246432,0.47766658663749695,-0.46815586,0.0045656547791180085
CKB,-0.015982985496520996,2.604508024095319,2.3651134967803955,-0.8358137,4.152459557143859e-10
GTF2B,-0.015984177589416504,0.5771657615165798,0.44799673557281494,0.493207,0.0026084603994087014
GPD1L,-0.015984177589416504,0.5989310438048393,0.43630456924438477,-0.41262972,0.01376379383526104
NEK9,-0.016006946563720703,0.5821683325404677,0.45815059542655945,0.39538273,0.018729879092681794
UBAC2,-0.016008853912353516,0.6000347306213306,0.477853387594223,0.5600377,0.00046803193790147815
VBP1,-0.016017675399780273,1.0689318585851673,0.8850935697555542,-0.65935683,1.6493201560199035e-05
FRG1,-0.016031384468078613,0.5540615633436484,0.4371759593486786,-0.4633773,0.0050567452457770945
POLR1H,-0.01604330539703369,0.4179623148770371,0.3232218623161316,0.20892324,0.22840995917597837
GLRX5,-0.016063451766967773,0.46918983487246574,0.3569531738758087,0.53727955,0.0008744200540082133
BASP1,-0.016064047813415527,1.1479364456900503,0.9459065198898315,0.07663636,0.6617014513006202
NTPCR,-0.016068696975708008,0.7496862549988116,0.5545727014541626,0.4236183,0.011218642908763154
ETV6,-0.016080737113952637,0.4625274102362378,0.29704612493515015,0.34005365,0.04563729195190182
NOC3L,-0.01608586311340332,0.5846822899688745,0.4870060980319977,0.4235355,0.011236226120348528
PSIP1,-0.016090035438537598,1.4018564466727474,1.145721673965454,-0.875163,6.143151272497575e-12
ASNS,-0.016125917434692383,0.7779676531071237,0.6864182949066162,0.6456114,2.8136430455534454e-05
AIP,-0.016147732734680176,0.7669475965017928,0.6226349472999573,-0.47268894,0.004138419536886551
METTL7A,-0.016154885292053223,0.5068301161944415,0.3985811471939087,-0.39676812,0.01828238615587949
EPCAM,-0.016168713569641113,0.6952221200902206,0.5181800127029419,0.44798526,0.006960276652151934
ACACA,-0.01618802547454834,0.5034425953299965,0.36398205161094666,-0.19403735,0.2640343583923133
ATP6V1C1,-0.01620042324066162,0.34920538038225013,0.2544493079185486,0.2649913,0.12394481010575405
LUC7L3,-0.01621091365814209,0.6138975120771158,0.5033432841300964,-0.6163494,8.0711858916222e-05
APOL2,-0.016229748725891113,1.2773012393328684,1.0318539142608643,-0.40007907,0.017248918855387152
S100A8,-0.01628124713897705,1.3095606633569759,1.079848289489746,0.49197152,0.002684126964254012
CAV2,-0.016308188438415527,0.5468319739718498,0.4045570492744446,-0.2498443,0.1477599488459614
AKAP8,-0.016359686851501465,0.3346802895389899,0.267263263463974,-0.29486838,0.08550908271964189
TCP1,-0.016364097595214844,0.867771810993299,0.6673357486724854,-0.45857704,0.005595217349899181
SUPT5H,-0.01637876033782959,0.5760025810193806,0.4648091495037079,-0.63711256,3.864223814733109e-05
IVD,-0.016382813453674316,0.7685530976372335,0.6266584396362305,0.36150202,0.032862582175814566
PPM1B,-0.01639711856842041,0.5855277854245656,0.4751465916633606,0.083562866,0.6331864719944821
XPO1,-0.016402840614318848,0.9130035199998936,0.6933729648590088,-0.6918866,4.1549420714394784e-06
CRABP2,-0.01641237735748291,1.139740378782476,0.8888129591941833,0.11589435,0.507343974690726
TUBGCP2,-0.016415119171142578,0.5771002321718417,0.43098801374435425,-0.5789925,0.0002684211670590067
SCLY,-0.016417622566223145,0.47504002063705725,0.36810925602912903,0.61566615,8.261908185618863e-05
SSB,-0.016425490379333496,0.7154076441879261,0.5726372003555298,-0.37905857,0.024726836387292377
CCDC59,-0.0164262056350708,0.3930306933747043,0.30991944670677185,0.15593113,0.37106136009602747
CYB5R1,-0.01643836498260498,0.6566039220933321,0.49915286898612976,-0.2489019,0.14934475870975822
SCARB2,-0.016498804092407227,0.6287422203204545,0.489364355802536,0.15635405,0.36974901406667454
EPS8,-0.016556262969970703,0.8059748379658335,0.6482177376747131,-0.410592,0.014285540327899105
EIF5,-0.01657569408416748,0.9308023259989975,0.6900972127914429,-0.11174762,0.5227547608734001
UBE4A,-0.016597628593444824,0.4409347480293331,0.3626611530780792,-0.24157897,0.16208204859119163
GDE1,-0.016598105430603027,0.5323708434917831,0.42066994309425354,0.005036898,0.9770903661547685
SCAMP2,-0.016608357429504395,0.841903113368003,0.7126023173332214,0.36049297,0.03338972088472788
DMAC2,-0.016616463661193848,0.39728195321914944,0.3162504732608795,0.03695816,0.8330597985404503
PPP2CA,-0.0166165828704834,0.6074809202094357,0.4507216215133667,-0.6372967,3.838149192333698e-05
ANXA4,-0.016623616218566895,1.4606846881336826,1.2177547216415405,0.5833936,0.000234756447823626
ERLEC1,-0.016640424728393555,0.6412571370134772,0.531958281993866,-0.55263346,0.0005763896877470509
EIF3K,-0.01668572425842285,0.6930959926620368,0.49690261483192444,-0.4800601,0.0035173940189550464
CDK6,-0.01676809787750244,0.6604052192666587,0.5092313289642334,-0.50104475,0.0021703204261692894
NSFL1C,-0.0167691707611084,0.8746177655899863,0.583146333694458,0.041101515,0.8146531001816986
BAX,-0.016771912574768066,0.7734648189151176,0.6281022429466248,-0.51275015,0.001635692856410345
DCTN3,-0.016796112060546875,0.6450601430694097,0.47429418563842773,-0.52265286,0.0012774568075733695
XPO5,-0.01682579517364502,0.8857978037876922,0.7235257625579834,0.70990044,1.7895640265371937e-06
BAG2,-0.016827702522277832,1.206293615234575,0.9789243340492249,0.6184832,7.500872048201588e-05
GLUL,-0.016892313957214355,0.7950065998787105,0.618831992149353,0.40255967,0.01650702979815609
GJA1,-0.016925573348999023,0.6188163269020186,0.48571842908859253,-0.10938212,0.531647285008449
NAMPT,-0.01695072650909424,1.0009911512846936,0.8153977990150452,0.026213959,0.8811769401703043
CHAF1B,-0.016958236694335938,0.7316017136458303,0.5986770987510681,0.41209653,0.013898744903039432
ATIC,-0.01700413227081299,1.1756436086801272,0.9522936344146729,-0.52823234,0.0011076892339172194
MRPS18A,-0.01702117919921875,0.44479696648840295,0.3532048761844635,-0.718274,1.1838198372760265e-06
CAPG,-0.017051219940185547,1.3050302751909777,1.0598434209823608,0.4450841,0.007380538287240152
RAB3GAP2,-0.01706397533416748,0.5565893316896182,0.4362119734287262,-0.3754662,0.026239730052653752
CAND1,-0.01708805561065674,0.8339325220931076,0.6319262385368347,-0.6491721,2.4563148204687033e-05
TRIM4,-0.017116427421569824,0.3852622414425768,0.30787262320518494,0.5640416,0.0004173292389641597
PAFAH1B2,-0.01720595359802246,0.9999965131222015,0.809231162071228,-0.61758876,7.735364913224363e-05
SMIM20,-0.017217040061950684,0.7138602155979017,0.5644208788871765,-0.18584356,0.28512288179767387
FNBP4,-0.017226338386535645,0.3997134366839838,0.3176107108592987,-0.28121167,0.10174235954619566
TBCA,-0.017227768898010254,1.274538745846393,1.0134035348892212,-0.6838228,5.9430802759091e-06
MRPS35,-0.01722848415374756,0.500702334894565,0.38331514596939087,0.52207994,0.00129612153654501
CPA4,-0.017276525497436523,0.9288161225224844,0.7823989987373352,0.1849007,0.2876172216942358
PPP2R5D,-0.017301559448242188,0.5755248752872077,0.43573814630508423,-0.46764982,0.004615631117958529
PRMT5,-0.017313361167907715,0.7928523462106252,0.6275936961174011,-0.6440504,2.9846421843192957e-05
KCTD12,-0.017317652702331543,0.8456860688143647,0.6777837872505188,0.35106394,0.038656273808189506
PRORP,-0.01732933521270752,0.4595933486086996,0.3502732813358307,-0.12270957,0.48251996204672737
STAMBPL1,-0.01733255386352539,0.44845295191603624,0.33284255862236023,0.29304194,0.08755626573705264
GBA,-0.01733708381652832,0.6761753939443925,0.5573002696037292,0.54086787,0.0007946749985727761
PCBP2,-0.01734137535095215,0.6191052207090151,0.5179418325424194,-0.7134966,1.5012034608095708e-06
PITPNM1,-0.017355918884277344,0.7634172722490274,0.6552889943122864,0.46596494,0.00478544922419943
ABCB10,-0.0173567533493042,0.5327974110365734,0.43592748045921326,0.73811305,4.1840324478765774e-07
THUMPD1,-0.017364144325256348,0.5511910287190648,0.3823714554309845,-0.25437498,0.140312180910259
ZFYVE16,-0.01737809181213379,0.4896562062131456,0.3745693266391754,-0.089063495,0.6109035416328805
GSKIP,-0.017385363578796387,0.4265923604888787,0.34944742918014526,0.24544689,0.15526019184471349
UBA1,-0.01739180088043213,1.1018978717613421,0.8619073033332825,-0.7430137,3.1901087846588083e-07
UBE2K,-0.017414569854736328,1.1166250240095754,0.9359646439552307,-0.5900092,0.00019122750039617613
RIOX2,-0.01741969585418701,0.523985277194749,0.4284029006958008,0.14851433,0.3945197939289908
KHDRBS3,-0.0174257755279541,0.5830809836420934,0.46928292512893677,-0.22701004,0.18971134791224173
ARHGAP45,-0.01743471622467041,0.5183812945287066,0.39954882860183716,0.081937164,0.6398343309155204
HNRNPUL1,-0.017451763153076172,0.5042621922699864,0.4111559987068176,0.17826158,0.30557832148629255
PSMD8,-0.017508387565612793,0.607938932787153,0.4585304260253906,-0.40934217,0.014613688962895064
CYP27A1,-0.01751232147216797,0.7797034405319161,0.6195018887519836,-0.266043,0.12240433112598995
ZFAND5,-0.0175325870513916,0.5623107167828676,0.46541866660118103,0.3537589,0.03708663781589777
GPS1,-0.017573237419128418,0.7424386252137749,0.5844581723213196,-0.6938901,3.794675129244321e-06
NMD3,-0.0175778865814209,0.5963063172268857,0.4600599706172943,0.12752144,0.46538011996477124
OS9,-0.017601370811462402,0.6115588401797982,0.48904117941856384,-0.6171247,7.859617038347364e-05
HEBP1,-0.017653226852416992,0.8021664060368587,0.650120198726654,0.38776785,0.021355905548885022
COPB2,-0.017653346061706543,0.5812533768176361,0.46785616874694824,-0.10504973,0.54812139544488
TIMM8B,-0.01766073703765869,0.56745256267698,0.4304971694946289,-0.23566476,0.17292572912435714
MED24,-0.01766335964202881,0.3955245779746155,0.2970185875892639,-0.10519648,0.547559478848952
CLNS1A,-0.01766502857208252,1.0883448968967215,0.9175952076911926,0.57546777,0.0002984232505935587
ZC3HAV1L,-0.017679929733276367,0.4896104649540304,0.3755877912044525,-0.4810794,0.0034382333538885913
GNS,-0.017692089080810547,0.9230950897061404,0.7732799649238586,0.25463566,0.13989215057563442
ARHGAP29,-0.017702937126159668,0.4718591100025737,0.3737843930721283,-0.56485355,0.00040766522323448296
SVIL,-0.01770484447479248,0.6232350701978001,0.5178422927856445,-0.27365047,0.11168284973548656
KIF2A,-0.017725586891174316,0.735240547949548,0.5971971750259399,-0.5071133,0.0018766763346382425
TUBB,-0.01772940158843994,1.1383550343788418,0.9138765931129456,-0.24686982,0.15280376160431014
MCM7,-0.017729878425598145,0.9665705868777067,0.7988186478614807,-0.6846094,5.742006239199164e-06
SURF2,-0.017743587493896484,0.4026743077235773,0.27435794472694397,0.13537423,0.4381163285642952
NOL7,-0.017780780792236328,0.4549066277735822,0.36970052123069763,0.110186175,0.5286163703118881
SERBP1,-0.017795205116271973,0.7862151866901689,0.6110303997993469,-0.56051356,0.0004617320909765013
CDV3,-0.01783311367034912,1.0295014440518033,0.7747199535369873,-0.30647555,0.07334875225050583
CFAP298,-0.017847180366516113,0.6378390513850667,0.4885083734989166,-0.090951316,0.6033333877338946
SEPTIN2,-0.017888903617858887,0.7597046658496048,0.5161959528923035,-0.34476176,0.042537541891998744
ZRANB2,-0.017905473709106445,0.5913298624310274,0.44958701729774475,-0.013065472,0.9406187799032768
IFI16,-0.017908930778503418,0.7479322858647643,0.6293075680732727,0.037432566,0.8309479060921278
TPRN,-0.01793062686920166,0.5485941975504006,0.4195100665092468,0.35426655,0.03679687164812765
CORO1C,-0.017935752868652344,0.6710474107084522,0.4968927800655365,-0.41246143,0.013806274417003887
DHRS2,-0.017937183380126953,1.172591079639336,0.9461376667022705,0.010529403,0.9521301263796873
CCDC90B,-0.017943620681762695,0.5625384370598906,0.4538325369358063,0.7049266,2.2721373812056463e-06
NCAM1,-0.01796114444732666,1.2687177663382245,1.0645455121994019,-0.67943454,7.187556650020031e-06
MRPS22,-0.01797473430633545,0.5072924959252987,0.38903340697288513,0.65283865,2.1318007935491187e-05
TBCB,-0.01798117160797119,1.3907116637924886,1.1500754356384277,-0.8400854,2.779806683254993e-10
EEF2,-0.017989158630371094,1.0058079382327725,0.7713894248008728,-0.61434656,8.641767254424157e-05
IFI35,-0.01801156997680664,0.8658381781444047,0.6557844877243042,-0.5739663,0.00031208867529765007
HSCB,-0.018016695976257324,0.4827888112599245,0.3843403160572052,0.0914258,0.6014371571413987
HGS,-0.01802670955657959,0.5306940535690029,0.38109955191612244,-0.4510744,0.006535488419014964
SPRYD7,-0.018056631088256836,0.4558368955167309,0.353943794965744,0.24311088,0.15935483986489896
ACOT13,-0.01808023452758789,0.864220569907317,0.7126595377922058,0.43401968,0.009188394085989357
TYMS,-0.018082618713378906,0.5039725444861611,0.4249059855937958,-0.32732478,0.05493351500231517
MRPS5,-0.018085360527038574,0.5253887814627711,0.42056503891944885,0.60644597,0.00011263456583144524
GTPBP3,-0.01809561252593994,0.40159411176054177,0.34098905324935913,-0.026177254,0.8813421924180204
EIF2B4,-0.018104076385498047,0.9055368643049293,0.7482815980911255,0.5737324,0.0003142667629078397
CDK4,-0.018105268478393555,0.8618289589980824,0.6773603558540344,-0.7286024,6.966110830173833e-07
ARPP19,-0.01812148094177246,0.5318284812065541,0.445827454328537,0.4294965,0.010029157408990455
B4GAT1,-0.018125057220458984,0.6148031752114711,0.4624367952346802,-0.5676608,0.00037576814846912026
LIMD1,-0.01813054084777832,0.602978241809434,0.4322274327278137,-0.015227068,0.9308162687563686
FSCN1,-0.01815783977508545,1.3850884108436081,1.1530951261520386,-0.7797585,3.377136369574911e-08
TTC1,-0.01818716526031494,0.7319145785477155,0.614569902420044,-0.23420717,0.17567579369966743
ABCC1,-0.018205642700195312,0.9212661607688701,0.7696922421455383,-0.73159134,5.948498313710465e-07
RBM4,-0.018227100372314453,0.48463313084930537,0.3936382234096527,-0.525314,0.0011938270751071286
RAB5C,-0.018247246742248535,0.6491646883015812,0.5618480443954468,0.6332183,4.4548315715394265e-05
ERAP1,-0.018268108367919922,0.7210500238950664,0.6106570959091187,-0.6446647,2.9162476290749248e-05
RAB13,-0.018303990364074707,0.7651882872399441,0.6226247549057007,0.56303036,0.0004296503674593562
PIP4P1,-0.01831364631652832,0.4553103529775421,0.3816421926021576,0.08744411,0.617429441675071
NOP9,-0.018318653106689453,0.3883523058588443,0.29596903920173645,-0.025939079,0.8824143052467726
ADPRS,-0.018320202827453613,0.6442041665331815,0.4287581443786621,0.25918528,0.1327100621333325
GPATCH4,-0.018320918083190918,0.8901369196336513,0.7133913040161133,-0.21270408,0.2199087555108538
SLC27A2,-0.018329501152038574,0.47681295348723507,0.37932905554771423,-0.4195192,0.012117030199151353
POLD1,-0.01835179328918457,0.7388702545788055,0.594291627407074,-0.34664497,0.04134616638676244
COQ6,-0.018352508544921875,0.49010482535350075,0.3593909740447998,0.2028457,0.24253781116049078
RNASEH2A,-0.018369674682617188,0.7747347577796911,0.6015921831130981,-0.7383663,4.126384029844164e-07
RPL17,-0.01838386058807373,0.47117072341669425,0.39498886466026306,-0.16421875,0.3458502231791898
TPRKB,-0.018384814262390137,0.4662294330611788,0.3763120174407959,0.36967114,0.028840516595170427
EDF1,-0.018384933471679688,0.8860341592903125,0.6207993626594543,-0.3354708,0.04882642039409952
VKORC1L1,-0.018421292304992676,0.4597044308498876,0.35871079564094543,-0.53219694,0.0009994602469832463
OAS3,-0.018437981605529785,0.8126606048895636,0.6256597638130188,0.502957,0.00207373670425872
SLC30A1,-0.018451690673828125,0.7854634533277276,0.6420100331306458,-0.7173207,1.2417544291871376e-06
HTATSF1,-0.018456697463989258,0.7770170742623491,0.6395666599273682,-0.6820062,6.432276138008748e-06
CPT1A,-0.018474698066711426,1.3554448722033428,1.1753162145614624,0.6179133,7.649541305123374e-05
COPS5,-0.01848280429840088,0.6715850426186325,0.5493153929710388,-0.6035889,0.00012374822910497145
MAGT1,-0.01848912239074707,0.7354674634239431,0.5701829791069031,-0.64675325,2.694229755663664e-05
TRIM22,-0.018504858016967773,0.35439538816304805,0.2919578552246094,-0.114966586,0.5107717541888894
NUP54,-0.01853048801422119,0.3894954562736282,0.25953373312950134,0.2863255,0.09541021172729153
ASPH,-0.01857006549835205,1.5031306657267993,1.2839165925979614,0.795446,1.1324501966545973e-08
UBQLN1,-0.018642544746398926,0.6048325672658128,0.4826325476169586,-0.4706398,0.004327057767237256
CCDC115,-0.018663525581359863,0.44772778084351594,0.3665502667427063,0.3033173,0.07651508907139296
RALA,-0.018669605255126953,0.4791798555245264,0.38993915915489197,0.08810662,0.6147559943475958
NECTIN2,-0.01867067813873291,1.1380362724228779,0.9545971751213074,0.6606112,1.5687452444599717e-05
NSMCE2,-0.018671393394470215,0.4841728096089148,0.3768925070762634,0.106734365,0.541686940141834
SFSWAP,-0.018674254417419434,0.4337935803421592,0.34085196256637573,-0.07434006,0.6712612135874316
CASP7,-0.01870250701904297,0.4468645021232565,0.3517793118953705,-0.21097794,0.2237627289187137
RPL4,-0.018703103065490723,0.5251990894481148,0.43003907799720764,-0.16407517,0.34627812039210937
MCM3,-0.018739700317382812,0.8852133049888511,0.743245542049408,0.12558748,0.47222966891399154
MOSPD2,-0.018784761428833008,0.6030106885826249,0.4366782605648041,-0.3062841,0.0735377369137286
METTL3,-0.018808960914611816,0.5528706628576279,0.4344102442264557,-0.66588235,1.2677332864440776e-05
ARHGDIA,-0.018840670585632324,1.053575508811753,0.8928860425949097,-0.7586678,1.2861449712505543e-07
CNNM3,-0.018872976303100586,0.35012864064860705,0.282754123210907,0.14786017,0.396628828664374
PSMB9,-0.018875956535339355,0.9210578400242326,0.72502201795578,-0.5878136,0.0002047969958530432
MX1,-0.018880248069763184,1.2439900880584307,0.9572952389717102,-0.25478312,0.13965498400032553
ZCCHC8,-0.01891148090362549,0.4621060156035023,0.3808077573776245,0.5770737,0.0002844017380891748
CAMSAP2,-0.018932461738586426,0.5804114363499271,0.45315268635749817,-0.13343856,0.44475382440915634
COPE,-0.018975377082824707,0.5858603871783536,0.41726651787757874,-0.042489175,0.8085092943417934
ATP2C1,-0.019011259078979492,0.5656569161025251,0.4489456117153168,0.52879137,0.0010918272969204041
IFT122,-0.019018888473510742,0.4714495806430105,0.3709659278392792,0.019265793,0.9125295197161444
ABT1,-0.01907193660736084,0.46505831727047753,0.3850310742855072,-0.28330383,0.09911419187873645
SLC35F6,-0.019122719764709473,0.8206274245517589,0.6949768662452698,-0.034813687,0.842622304213078
IGSF3,-0.019171476364135742,0.5762435609867361,0.4567704498767853,-0.2670657,0.12091983877551375
RPL26,-0.019194960594177246,0.4567026440458895,0.36424964666366577,0.08903656,0.6110118675738305
EZR,-0.01925349235534668,0.9839487818224008,0.7835298180580139,0.28490388,0.09713942970002827
MFGE8,-0.019272804260253906,0.9072411805978008,0.7284692525863647,0.13269082,0.44733272338129126
TXNRD2,-0.019275546073913574,0.748221553795803,0.5855996012687683,-0.17489073,0.3149627767827574
LAMB2,-0.019286632537841797,0.8065075337341305,0.6171003580093384,-0.21289173,0.21949257679677153
EIF3D,-0.019316554069519043,0.6273528871547803,0.4539354145526886,-0.2845621,0.09755870752900175
ALCAM,-0.019356489181518555,0.9798279146019858,0.7922303080558777,0.0840435,0.6312262937565248
ATXN3,-0.01937234401702881,0.5447129700265254,0.4145551323890686,-0.047586694,0.7860403141746763
DYNC1LI1,-0.01937735080718994,0.7378527088833932,0.5835519433021545,-0.6628171,1.4356587494315848e-05
UAP1,-0.019399404525756836,0.8696366855416895,0.6085157990455627,-0.31298512,0.06714533725349295
ATP1B1,-0.019400835037231445,1.110139556480065,0.9108385443687439,0.72062594,1.0513201571154906e-06
RAD23B,-0.019419312477111816,0.717394255046531,0.5467448830604553,0.22566868,0.1924118595275032
LAMTOR2,-0.019509077072143555,0.46347279697822436,0.3880726397037506,-0.44326106,0.007655574610316475
HARS2,-0.01951742172241211,0.5375601801339316,0.4279111325740814,0.6886735,4.798374166177397e-06
PLBD1,-0.019520044326782227,0.7363582372199883,0.5757657885551453,0.36229795,0.03245159662647802
DHX30,-0.019544243812561035,0.4547002967528127,0.37245216965675354,-0.08037077,0.646266112005957
FAM114A2,-0.019551396369934082,0.5128832953830712,0.4111972749233246,-0.16055731,0.3568573370079676
KIF22,-0.01957881450653076,0.6366585545081298,0.5077484250068665,-0.3731942,0.027235347346279554
TMX3,-0.019594788551330566,0.6571948198245506,0.5264332294464111,0.2593732,0.13241945223212845
ACTBL2,-0.019627690315246582,0.49366280292784415,0.40562596917152405,0.5110771,0.0017042077977581951
PGM2,-0.019657492637634277,0.47209301011329347,0.3781405985355377,-0.2807657,0.10230917940764554
SEPHS2,-0.019689559936523438,0.3432918551633897,0.26815763115882874,-0.19419436,0.2636405825350168
PDCL3,-0.0196990966796875,0.5180136521613412,0.41082826256752014,0.50689816,0.0018864551161280425
IDI1,-0.019772768020629883,0.5559307457361882,0.476907342672348,0.33201787,0.05134508371373443
ISCA2,-0.019785523414611816,0.545491402908818,0.4282998740673065,0.055304978,0.7523457641898769
ITGB1,-0.01983809471130371,1.641582609177283,1.4494224786758423,0.044924118,0.797756377445149
PHF14,-0.019839048385620117,0.3876457086534447,0.3075026273727417,-0.24397357,0.15783367113214064
ITGAV,-0.019843459129333496,1.5213973249377557,1.311554193496704,-0.01786156,0.918882897545953
ARF4,-0.019890308380126953,0.8754249630703919,0.6775056719779968,0.23632047,0.17169852284561318
TAOK1,-0.019894123077392578,0.6412445189704664,0.4946783483028412,-0.22694674,0.18983818744795822
TLN2,-0.019929885864257812,0.5226140448574631,0.41241005063056946,0.08342686,0.6337416221505626
BPHL,-0.01996755599975586,0.49398090962828367,0.3660764992237091,0.062673286,0.720592821468557
PUDP,-0.01997089385986328,0.34489181923304146,0.2912564277648926,-0.47532693,0.0039060701349043496
SPATA5,-0.019998669624328613,0.3998082088581872,0.2924326956272125,-0.2495171,0.14830880714498595
THOP1,-0.020030856132507324,0.7636380785710205,0.6140137314796448,0.6766349,8.100944949121316e-06
PABPC1,-0.020055174827575684,0.541628851548707,0.41135966777801514,-0.15380806,0.3776901570472548
HSBP1,-0.02006661891937256,0.5037236437280276,0.4319015145301819,-0.65495116,1.9630024718178883e-05
KARS1,-0.02007162570953369,0.4563715975208024,0.3547884225845337,-0.12656847,0.4687486839521741
GLMP,-0.02008211612701416,1.0039742888315855,0.8395047187805176,-0.71515614,1.3830666115772244e-06
CIRBP,-0.02008950710296631,1.1940714058922042,0.9910591244697571,-0.831162,6.346917916030289e-10
MTPN,-0.02010035514831543,1.3605822759814878,1.139914870262146,0.6969759,3.295231387452811e-06
PPP1R7,-0.020111680030822754,0.7633122526683952,0.5883802771568298,0.54624283,0.0006872376650899118
FECH,-0.020184993743896484,0.7354461487506051,0.5468368530273438,0.31615937,0.06427377276015273
DHX33,-0.020212650299072266,0.4988806533340222,0.41433459520339966,-0.2075329,0.2315915040613334
NSD3,-0.02021944522857666,0.5363340017687179,0.4317875802516937,-0.40722287,0.015184615018172747
RABIF,-0.020251750946044922,0.5580163652607776,0.42803633213043213,-0.13785413,0.42969228318057895
RRP36,-0.020253300666809082,0.5753861322894416,0.4694368541240692,0.15766497,0.3656989184478771
DDRGK1,-0.020270466804504395,0.5851033949568173,0.47891518473625183,0.57892895,0.0002689372278881564
TARS1,-0.020278573036193848,0.9533905534867241,0.7135850191116333,-0.42765087,0.010390510600744049
SMCHD1,-0.02028632164001465,0.5917545467132737,0.4566764533519745,-0.4122986,0.013847476049954241
USP7,-0.02028632164001465,0.5825540127904866,0.48377081751823425,-0.566147,0.000392679925770274
PFKL,-0.02028656005859375,0.47679979638784975,0.40002942085266113,-0.19695225,0.25678634104663034
REEP6,-0.0203092098236084,0.6372666838921124,0.5230287909507751,0.4131723,0.013627623318233428
SRC,-0.020352959632873535,0.4171493734304054,0.32761022448539734,0.40059292,0.017092974327725177
HGH1,-0.02036738395690918,0.6551605673169413,0.47196659445762634,0.29161686,0.08917957261908264
DDAH1,-0.02037191390991211,0.9598905551135364,0.7010216116905212,0.29166734,0.08912173915022231
ACSL5,-0.020377039909362793,0.8333817030856103,0.6610440015792847,-0.2104967,0.22484537030066315
PPCS,-0.02046334743499756,0.49205805574956557,0.3882829248905182,0.09784599,0.5760342574817281
CAST,-0.020488858222961426,1.008610490797417,0.8235235810279846,0.47026715,0.004362150393858131
TMED5,-0.020494580268859863,0.5780518201958552,0.4653204679489136,0.70103467,2.7296967145346515e-06
GBP1,-0.02052903175354004,0.4230336948923509,0.30490243434906006,-0.036567114,0.8348020861903833
RING1,-0.020534038543701172,0.6271872157698264,0.4949977993965149,-0.632045,4.648103414153874e-05
NDUFAF7,-0.02060079574584961,0.497457282446444,0.3981827199459076,-0.54469717,0.0007167296241440113
SMTN,-0.02061152458190918,0.6596397094546719,0.505082368850708,-0.25541508,0.13864197915347445
MRPS17,-0.02065443992614746,0.5632830308946877,0.4814227521419525,-0.52363175,0.0012461111581797417
EEF1D,-0.020660996437072754,0.8892025547298913,0.7744709849357605,0.24201281,0.16130619024889228
PSMD5,-0.020677685737609863,0.6694801809626612,0.503331184387207,0.07185032,0.6816845627779283
RNH1,-0.020684123039245605,0.7398980013041202,0.5958792567253113,-0.42941776,0.010044364284649375
TM9SF1,-0.02069091796875,0.7774381723996734,0.5875720381736755,-0.6239963,6.191509267625528e-05
UQCC1,-0.020698070526123047,0.5178954968789405,0.41773009300231934,0.2456018,0.15499147977216762
ISOC1,-0.020703911781311035,0.5509801735365817,0.42529723048210144,-0.335023,0.049147416287323255
RPL18,-0.020716547966003418,0.511941613740708,0.4254363477230072,-0.28342083,0.09896883191116972
IDH2,-0.020725011825561523,1.1387267320351555,0.8732174634933472,-0.2552254,0.13894544578612628
DPYSL5,-0.020754218101501465,1.2900982943501178,1.0157866477966309,0.7706376,6.12596834946591e-08
MXRA7,-0.02079141139984131,0.6802696278301397,0.5312725901603699,-0.49865144,0.0022967195766660457
RPL13A,-0.020793795585632324,0.5207983927132815,0.39141756296157837,-0.4414743,0.007933575059252697
RPL38,-0.02079617977142334,0.9038355002579226,0.7373659610748291,-0.3513231,0.038503029481836516
ARFGAP2,-0.020818233489990234,0.5519439383334176,0.4379878640174866,-0.195387,0.2606617616775659
CEP170,-0.020833492279052734,0.8766442925410719,0.7685602903366089,-0.70072734,2.7691907111407493e-06
MRPL46,-0.020892977714538574,0.43192390708747536,0.3555741310119629,0.58293027,0.00023811273951074817
JUN,-0.020930051803588867,0.5974446838502501,0.4430552124977112,-0.21916914,0.2058788682301382
WAS,-0.020963072776794434,0.38666950259045646,0.3012881278991699,0.45863086,0.005588923627507505
RBBP5,-0.020964503288269043,0.4446132926118126,0.3322606086730957,-0.12009701,0.49196064686980767
ELAC2,-0.0209658145904541,0.4113492237559476,0.33258795738220215,-0.21563408,0.2134713320645193
CMBL,-0.020971298217773438,0.740168264048736,0.5341221690177917,0.42500013,0.010928786538694144
PRDX1,-0.02098679542541504,0.971185974750319,0.7668744921684265,-0.3398392,0.04578269760339609
FDX1,-0.02100217342376709,0.7016569919289187,0.5576621294021606,-0.42232296,0.011496229139050055
MPHOSPH6,-0.021021127700805664,0.29774903580888223,0.23423565924167633,0.07132002,0.6839119616575903
LBR,-0.021029114723205566,0.6768504598154548,0.5503655672073364,0.100534216,0.5655435809932239
PARN,-0.02103257179260254,0.34442755723881513,0.27307549118995667,-0.2706476,0.11582714054845271
NCLN,-0.0210421085357666,0.5182863967451354,0.452993780374527,0.6448121,2.9000580739222892e-05
EXD2,-0.02104949951171875,0.3630211627179717,0.28628113865852356,-0.09638074,0.5817893525757141
PSPC1,-0.02105426788330078,0.4018618095333401,0.31885218620300293,-0.42504448,0.010919590807099932
NUBP1,-0.021068572998046875,0.619418710538538,0.4897935688495636,0.08067728,0.6450056517156872
NES,-0.021089911460876465,1.2053137352610463,0.9914731979370117,-0.06767394,0.6992985622015457
GPD2,-0.021094322204589844,0.6992172795285581,0.5384764671325684,0.5614809,0.00044915756745285217
SFT2D3,-0.0211031436920166,0.5231731373505358,0.40981578826904297,0.49400133,0.00256079494984547
GLIPR2,-0.021117448806762695,0.8663424249088582,0.6709403991699219,0.43796846,0.008504169159749553
SPTBN2,-0.021120071411132812,0.7122964969935002,0.5578200817108154,-0.21459436,0.2157406694210719
LSM2,-0.02115154266357422,0.368581580639929,0.28043121099472046,-0.48122197,0.0034272842916558315
CARS1,-0.021178722381591797,0.6404793503966624,0.4849222004413605,0.4273158,0.010457290500198054
XIAP,-0.021197915077209473,0.4404213982793782,0.3356930911540985,0.23114225,0.1815595844841394
USP13,-0.021218419075012207,0.7532808546196993,0.6312925219535828,-0.7259603,7.996108347824712e-07
ASAH1,-0.021249890327453613,0.7142920110629327,0.5964134931564331,0.0974483,0.5775936313414435
MYL6B,-0.02130293846130371,0.4765853094677089,0.3717266023159027,-0.3254076,0.056455522252512894
ASMTL,-0.02135014533996582,0.35807349002676636,0.2780300974845886,-0.072362244,0.6795367884629058
PARP1,-0.021384239196777344,1.019386485846087,0.8647215366363525,-0.793298,1.3224199112939873e-08
TBCD,-0.021407604217529297,0.659524513757896,0.5067276358604431,0.19642457,0.2580884228719362
SELENBP1,-0.021459102630615234,0.9838318613060635,0.7411734461784363,-0.07350619,0.674745537266063
DDX46,-0.021492481231689453,0.491681959498984,0.4133845865726471,-0.32186645,0.0593546745174405
NT5C,-0.021497011184692383,0.4334054314563461,0.32576069235801697,0.15515767,0.3734682812093026
PGM3,-0.021510004997253418,0.8446016252328176,0.5889241099357605,-0.2268351,0.19006191405195955
SLC27A3,-0.021514892578125,0.6792804332145079,0.5711609125137329,-0.231677,0.18052304039226613
HMGN5,-0.021525144577026367,0.8865832926934263,0.753714919090271,0.46346962,0.00504683588248317
HSPG2,-0.02154397964477539,0.5431741559223494,0.4225557744503021,0.07527532,0.6673614962747234
PTTG1IP,-0.021549344062805176,0.7874660772253045,0.6133147478103638,0.20170373,0.24525626783005303
NRP2,-0.02157139778137207,0.5884385961116199,0.4761572778224945,-0.2667475,0.12138034909250614
TEX10,-0.0215834379196167,0.44045145864874163,0.3531116545200348,-0.15718772,0.3671704878188009
EIF3M,-0.021643996238708496,0.8061662807911892,0.5988088250160217,-0.4782442,0.0036623509914561507
SUZ12,-0.0216599702835083,0.7570363031775728,0.48032891750335693,-0.030006269,0.8641365569629339
UBXN4,-0.021705031394958496,0.6533227073728177,0.5138584971427917,-0.021629231,0.9018479648843861
PYCARD,-0.02170729637145996,0.7120917037135601,0.5707148313522339,-0.061278753,0.7265694930297516
APOB,-0.021729588508605957,0.6860346349530938,0.5303452610969543,0.64476156,2.905602580317647e-05
DUT,-0.021744728088378906,1.0025882604088618,0.8103349208831787,-0.6561193,1.8749458692110952e-05
TOP2B,-0.02175283432006836,0.6599273510526547,0.4944998025894165,0.15879467,0.36223026674314684
PXMP2,-0.021789908409118652,0.4902534329178917,0.3897783160209656,0.33164284,0.0516247749910609
UBTF,-0.021802544593811035,0.4799419244015107,0.37686091661453247,0.44876245,0.006851246474530071
CAV1,-0.02181565761566162,1.335491797624462,1.0817567110061646,0.32314676,0.058293176653601196
MAP7,-0.021831154823303223,0.7514854661319107,0.5798006057739258,0.34311712,0.04360044096465692
PITPNA,-0.02185523509979248,0.3824485683768956,0.30024245381355286,-0.23448999,0.1751396472766527
SPINDOC,-0.021866798400878906,0.8062776945222109,0.6651116013526917,0.6835091,6.025065244084638e-06
DNAAF5,-0.021885156631469727,0.5914072951354211,0.4525085389614105,-0.21677826,0.2109931187421483
DNM2,-0.021891355514526367,0.6738133967904656,0.49675697088241577,-0.41118318,0.014132496016999115
ENPP1,-0.021892428398132324,0.5887754251777008,0.45710012316703796,-0.15676108,0.3684888331716166
F5,-0.02193140983581543,0.9356819326117788,0.7320182919502258,0.55973923,0.00047202083054335975
PECR,-0.022033333778381348,0.803833406371508,0.6052605509757996,-0.22977987,0.18421940790802147
TRIT1,-0.022064924240112305,1.2554534683294487,0.9173288345336914,0.75635,1.4775466285307712e-07
FAM162A,-0.022072434425354004,0.5499254436244355,0.4400680661201477,0.2613105,0.12945017337568543
SRPRA,-0.022081851959228516,0.665975149944006,0.5427499413490295,-0.60000235,0.00013908773367784865
MSN,-0.022083163261413574,0.9051760196222478,0.6397219896316528,-0.13266268,0.4474299035582921
CDCA8,-0.022094011306762695,0.5131587958038388,0.4138871729373932,-0.4237052,0.011200224547486613
CGN,-0.022165536880493164,0.7929152296824689,0.6302945613861084,0.5780144,0.00027646421170618885
WDHD1,-0.022175908088684082,0.41434224593340313,0.3337785303592682,-0.49874693,0.0022915624569984187
PABPC4,-0.022200465202331543,0.833943350361365,0.663041353225708,-0.54431367,0.0007242181443883765
DNASE2,-0.022215604782104492,0.7728747237376373,0.6008265614509583,0.15608262,0.37059092184394354
EPHB4,-0.02222299575805664,0.45110753248754826,0.36408790946006775,-0.60021293,0.00013814174533311146
DOHH,-0.022229552268981934,0.6090565607477146,0.48036766052246094,-0.3982697,0.01780746191025861
SETD3,-0.022245049476623535,0.5826548109908887,0.44025006890296936,0.40014842,0.01722779659604898
HNRNPH2,-0.022262930870056152,0.5355821293218405,0.4089769423007965,0.22989291,0.18399750966194073
VAC14,-0.0223463773727417,0.6398748564931445,0.4699461758136749,0.18643853,0.28355602256340223
SUMF1,-0.0223616361618042,0.913260540103317,0.7711083292961121,0.7111513,1.683962550009654e-06
NOL6,-0.022390127182006836,0.5762597227207248,0.47794675827026367,0.13070294,0.4542272619889975
BABAM2,-0.02240753173828125,0.4501038994317857,0.3219746947288513,-0.5436159,0.0007380229234652739
MACO1,-0.02243351936340332,0.3503885696503949,0.2820185124874115,-0.21400195,0.2170411750882488
UBXN7,-0.02244889736175537,0.6844867432176472,0.5755475759506226,0.32861504,0.053927624503977874
PBDC1,-0.022453904151916504,0.7863256371994574,0.5743456482887268,-0.5125463,0.001643909824354575
DSP,-0.022460222244262695,1.1214139261842733,0.911440908908844,0.21187967,0.22174353486918022
PSME4,-0.022479653358459473,0.7698684960319887,0.591194748878479,-0.41946143,0.01213009678867624
ABCD3,-0.02248692512512207,0.8420785313248661,0.6727666854858398,0.6515695,2.2394456792784492e-05
TMEM205,-0.02249598503112793,0.5503306337885706,0.4286879599094391,0.17722952,0.30843248861540445
TSFM,-0.022556543350219727,0.5240019132364448,0.42565107345581055,0.42796254,0.010328735697277111
ADAM15,-0.02257359027862549,0.5188991171447983,0.3883744776248932,-0.46491674,0.004893792856884892
STOM,-0.0226060152053833,1.1857443932487772,1.033304214477539,0.4650343,0.004881539440645483
FN1,-0.02271854877471924,1.364777626396674,1.0704419612884521,-0.028053213,0.8729057599824654
MMAB,-0.022725582122802734,0.8454645890863353,0.6480075716972351,0.57582414,0.00029525993292753153
PACSIN3,-0.022800445556640625,0.7785583668109354,0.6746918559074402,-0.53433555,0.0009450447926848068
DHX37,-0.022820234298706055,0.4118791271460239,0.330600380897522,0.25311872,0.14234905928523695
PLEKHA2,-0.022826433181762695,0.28440551698869176,0.24264752864837646,-0.44215837,0.007826144070649105
VARS2,-0.02286243438720703,0.38745751763323005,0.31605780124664307,0.066267364,0.705266198225165
PRKAR2A,-0.022885560989379883,0.5630048234929443,0.41843119263648987,0.15362456,0.37826661914379434
KDM1B,-0.022967815399169922,0.4496019967647838,0.38599762320518494,-0.42377964,0.011184479377373602
OGA,-0.0229952335357666,0.6448330721607732,0.4858308434486389,-0.28479993,0.09726680769746383
RNF167,-0.023001790046691895,0.6233449240956633,0.45507746934890747,0.19435091,0.26324808890844886
PURA,-0.023008346557617188,0.40921985365349917,0.34227246046066284,0.39068985,0.02031423396301253
PELP1,-0.02300882339477539,0.4642889735348503,0.36101144552230835,-0.20990418,0.22618311741310357
TMED10,-0.0230252742767334,0.5966563118758929,0.49438127875328064,0.16077015,0.356211599155357
PPP2CB,-0.02303636074066162,0.5609929506314566,0.4493180811405182,-0.57826203,0.00027440713960095607
CARM1,-0.02309274673461914,0.5755950626702327,0.40858110785484314,0.24398205,0.1578187995565636
PTPRA,-0.023143291473388672,0.6108173759591367,0.48051539063453674,-0.41646808,0.012824518477834562
CAPN1,-0.02315056324005127,0.8622942499412544,0.6836010217666626,0.41803578,0.012456784146460918
MET,-0.023157715797424316,0.9503561669816352,0.6927036643028259,-0.4840921,0.0032132095240138335
ETFDH,-0.02317643165588379,0.5583208658003063,0.4689424932003021,-0.2968223,0.08335998456546526
MEAF6,-0.023191094398498535,0.5566807247240804,0.4308127164840698,-0.5718063,0.0003327251766611993
ANP32B,-0.023198366165161133,0.7962321137795338,0.6590344309806824,-0.48583323,0.003089093541148949
COMMD6,-0.023276686668395996,0.5161156198670556,0.4062402844429016,-0.089060895,0.6109140862791825
CTBP2,-0.023282885551452637,0.5152050678053534,0.43659380078315735,0.19098511,0.2717666827973452
FUS,-0.023295044898986816,0.7100028297206742,0.5781774520874023,-0.7705978,6.141502077220723e-08
LSM8,-0.023300886154174805,0.3399960954701397,0.2588408291339874,-0.30147728,0.07840821080562543
RALB,-0.023316025733947754,1.0565163474057135,0.8960965275764465,-0.4355302,0.008921328453724037
AP3B1,-0.023389220237731934,0.46738803412664603,0.3608056902885437,-0.16037337,0.35741578277335184
GDAP1,-0.02344822883605957,0.5946243273426716,0.4552184045314789,0.63537836,4.117885611743694e-05
RHOT2,-0.023500442504882812,0.4706195899632161,0.38643619418144226,0.303941,0.07588150726094968
HMGCS1,-0.023526549339294434,0.8903086250946568,0.7173863649368286,-0.6748126,8.750988564084067e-06
EXOSC9,-0.02356421947479248,0.4342190640981334,0.3471129834651947,-0.133451,0.44471113714724747
YES1,-0.023584723472595215,0.5063089560099924,0.42698973417282104,0.37202296,0.027760608336094235
SCRN1,-0.023586630821228027,1.050094379997127,0.7799240946769714,-0.7125608,1.5718383114426244e-06
PTGES,-0.023603320121765137,0.856223552880154,0.6496859788894653,-0.38245508,0.0233633978974636
PROM2,-0.023654460906982422,0.5707537368170862,0.44434115290641785,-0.3070675,0.07276677825308665
SEPHS1,-0.023665428161621094,0.7788844343705922,0.5467575192451477,0.4710893,0.0042850492243002155
HP1BP3,-0.02368927001953125,0.7397993918376938,0.5641568899154663,-0.31020284,0.06974436896033415
ACAT2,-0.023707032203674316,1.2289336301514413,0.935333788394928,-0.542338,0.0007639049637905761
ASPSCR1,-0.023761510848999023,0.7311376273384981,0.5506837368011475,-0.6540109,2.036575744685303e-05
SSU72,-0.0237729549407959,0.5323379260103723,0.4072204828262329,-0.48577878,0.0030929047585917515
CLIP2,-0.023790597915649414,0.36484631408835966,0.3029214143753052,-0.13682336,0.43318247610076954
AHCY,-0.023812055587768555,1.1483710133516674,0.9664933085441589,0.1395368,0.4240276018114389
GTF3C2,-0.023823261260986328,0.3815136107570359,0.28395065665245056,0.1664101,0.3393626357735917
TIMM9,-0.023865818977355957,0.5295405091089382,0.39251524209976196,0.46990168,0.004396808053294147
RBX1,-0.023874759674072266,0.5565688237511573,0.40700483322143555,-0.5637349,0.0004210327409330553
PEX6,-0.02387869358062744,0.42261854627612777,0.30120500922203064,-0.5263528,0.0011625098505226522
COA4,-0.023905038833618164,0.48447638650360436,0.3876442015171051,0.28326026,0.09916846563271992
STK26,-0.02391982078552246,0.6307172821924485,0.4865361750125885,-0.5650988,0.0004047860046562704
SCRIB,-0.023923754692077637,0.4333668879973006,0.3370528519153595,0.20532036,0.23671610874842933
ACAP2,-0.023953676223754883,0.3714975268485715,0.3224027454853058,-0.38355696,0.02293469046172754
IGF2BP1,-0.023959755897521973,0.9998199777687764,0.7929295897483826,-0.45343223,0.006226394470978954
XPO7,-0.023984193801879883,0.6245665000528616,0.49972960352897644,-0.6884233,4.8521076656964625e-06
CBFB,-0.024007081985473633,0.6707514972606076,0.586262583732605,-0.67637837,8.189712955837745e-06
PIGS,-0.024031996726989746,0.5370551896940085,0.434002548456192,-0.009006685,0.9590463147853016
CORO7,-0.02410578727722168,0.9109580965151003,0.6954068541526794,-0.17567165,0.312772675849168
GADD45GIP1,-0.02410590648651123,0.5390893127849652,0.42983201146125793,-0.25564808,0.13826975034284164
BPGM,-0.02416098117828369,0.6137560324751172,0.4925379753112793,-0.09175499,0.6001227400436361
PFN1,-0.02419412136077881,0.943316662060336,0.7291697859764099,-0.45615774,0.005884815665152156
POLR3A,-0.02421724796295166,0.3124129889470085,0.25352704524993896,-0.4224613,0.011466321065188693
UBE2O,-0.024226069450378418,0.8829857647764668,0.7558934092521667,-0.121748954,0.48598028172014474
ATG5,-0.024278879165649414,0.35743104683203014,0.2861305773258209,0.23736489,0.16975690407323207
NUDC,-0.024302005767822266,1.0257855917147978,0.8553176522254944,0.19750032,0.25543827235852257
GALM,-0.024316906929016113,0.5430242386601453,0.4463312327861786,0.5084498,0.0018168894213640464
KIAA1217,-0.02432405948638916,0.5784385449499484,0.4538154900074005,0.04068869,0.8164828958724923
PRPF38B,-0.024373173713684082,0.2764140382556846,0.20948952436447144,-0.4150796,0.013157857376571836
FLAD1,-0.024381518363952637,0.4489847983800864,0.34594234824180603,-0.07907018,0.6516256021025048
LAMC1,-0.024401426315307617,0.9892420565074392,0.7603335976600647,0.14945413,0.3915007806843737
NDC80,-0.0244290828704834,0.47977847625163195,0.3468891382217407,-0.061940286,0.7237321590283555
SCEL,-0.02451503276824951,0.5116368002463891,0.41264966130256653,0.17861688,0.3045993810047682
ACAA2,-0.024515151977539062,1.0178175514571357,0.8085905313491821,0.5249063,0.0012063182616111666
DDX3Y,-0.024517297744750977,0.49818524701105904,0.3689032196998596,0.1976532,0.2550632459540153
RAB27B,-0.02453768253326416,0.8540865387588584,0.620458722114563,0.6913412,4.258301505108574e-06
HTRA2,-0.024558067321777344,0.41552562242592944,0.3037981390953064,-0.24313809,0.1593067550378683
COA3,-0.02456963062286377,0.5697700324359474,0.47899895906448364,0.3509434,0.03872777760789227
LANCL1,-0.02459394931793213,0.776381045043878,0.597924530506134,-0.48866907,0.002895842768367854
CCDC137,-0.02460801601409912,0.45303352024467086,0.37201952934265137,0.044153824,0.801154330390546
HDHD5,-0.02465224266052246,0.5517606752034421,0.43672361969947815,0.11353202,0.516095064509638
ADAM9,-0.024656057357788086,0.9829160384084115,0.8095675706863403,-0.66925424,1.1037765485624598e-05
ECHS1,-0.024693727493286133,1.099900147934498,0.8988223671913147,0.4577716,0.0056902438533541055
RTCA,-0.02469491958618164,0.7408579110043912,0.5617361068725586,-0.38793027,0.021296841210733667
NECTIN4,-0.0246964693069458,0.5816223961488806,0.4285253882408142,-0.12082294,0.48932814535844904
TP53I3,-0.024759292602539062,0.7275001054612965,0.5346435308456421,0.014239367,0.9352944384858312
BET1,-0.024855375289916992,0.7784241112928632,0.606813371181488,0.4722172,0.004181202864749848
AURKAIP1,-0.02495265007019043,0.522808551123573,0.45794084668159485,-0.6366132,3.935792280079802e-05
PIK3R4,-0.02499234676361084,0.45656475484344744,0.325382262468338,-0.032814376,0.8515568632539798
ACSL3,-0.025075316429138184,0.6842521548517742,0.5958973169326782,-0.28104755,0.10195062288595998
AIMP2,-0.025090456008911133,0.5615647806621213,0.4346280097961426,-0.4427285,0.00773754502284207
RABGGTB,-0.025106191635131836,0.5144172453189827,0.42846959829330444,0.4819743,0.0033699993007748736
HSP90AB2P,-0.02511906623840332,0.9136682295838657,0.6931249499320984,-0.34927028,0.03973045468861944
RAP2B,-0.025156140327453613,0.5306761391016336,0.4407663643360138,0.52531874,0.0011936816556493736
DDX49,-0.025165438652038574,0.4501298372728582,0.36899739503860474,-0.24064541,0.16376030686814888
MAOA,-0.025171518325805664,0.6388859054822877,0.5229754447937012,0.11917612,0.495310850927235
STAT1,-0.025175809860229492,0.878687784806082,0.6965187191963196,-0.03204743,0.8549893947283375
UBL4A,-0.025176644325256348,0.6696282235317748,0.49490436911582947,-0.54753643,0.0006633878831258309
HIBCH,-0.02519094944000244,0.6030980366031147,0.470734566450119,0.17238273,0.3220612520096809
TYSND1,-0.025202393531799316,0.5013148483698854,0.4336625039577484,-0.45029658,0.006640284816839642
RANGAP1,-0.025223731994628906,0.48158262202103685,0.3840019404888153,0.3770996,0.025542644535444445
GART,-0.025242328643798828,1.0911712764908503,0.8566299676895142,-0.6403989,3.421939507362759e-05
RNF40,-0.025293469429016113,0.6232094627307737,0.5188425183296204,-0.5742317,0.00030963382509097863
RPP25,-0.025315165519714355,0.5727525013469822,0.4269857704639435,0.22234577,0.19921745184022344
GAA,-0.025347232818603516,0.7656832692296657,0.585494875907898,0.42364222,0.011213587309923069
CFL1,-0.025355219841003418,1.0180327997675653,0.8323812484741211,-0.5270441,0.0011420777619358463
COL6A3,-0.025361299514770508,0.8313292644827395,0.6489113569259644,-0.16095127,0.35566294977936025
STRBP,-0.025378823280334473,0.5112538446221209,0.4338347911834717,-0.45140725,0.006491075055725429
CLPX,-0.02543032169342041,0.46615585302172463,0.39125362038612366,0.6610631,1.540602022710283e-05
PSMD12,-0.025459766387939453,0.5819456306309878,0.4270315170288086,-0.5907449,0.00018686377316648171
SYTL1,-0.025501489639282227,0.736366250748494,0.5786988139152527,-0.52203155,0.001297709222276385
LYRM4,-0.025530695915222168,0.4724876323726308,0.40056943893432617,0.6176153,7.728332998601207e-05
BTF3L4,-0.025542259216308594,1.055562200581119,0.8138357996940613,-0.63213664,4.6327538608257873e-05
CD46,-0.025559663772583008,0.5351357282059036,0.40614718198776245,0.60339236,0.00012454738943774884
GRHPR,-0.02557194232940674,0.6547716610148617,0.5303992629051208,-0.35705847,0.0352357160363007
NUP88,-0.02558434009552002,0.3358228842803322,0.238926962018013,-0.23541705,0.17339092902462352
TJP3,-0.025620579719543457,0.4643517142062823,0.384467214345932,-0.6004995,0.0001368640016553227
STX5,-0.025682687759399414,0.5774075463836779,0.45469555258750916,0.70444256,2.324954611002182e-06
FAT1,-0.025689005851745605,0.5942027724728766,0.45471277832984924,0.5275562,0.0011271433893085988
SRRT,-0.02570641040802002,0.38435159472406005,0.29426971077919006,-0.56867886,0.0003647621220844348
WDR48,-0.025728583335876465,0.4644590115956168,0.3698917329311371,0.02276175,0.8967355819542451
AKR1B10,-0.025738000869750977,1.6202324842893263,1.157983660697937,0.46747082,0.0046334150150316765
MRPS30,-0.025750041007995605,0.3691636739326799,0.29674965143203735,-0.48087808,0.003453738178720848
DCAF16,-0.02578115463256836,0.3885772820002286,0.3203277587890625,-0.6262856,5.7112676297513866e-05
NUCB1,-0.025859713554382324,0.7534538848880082,0.6424205899238586,0.60986453,0.00010052150741590566
ALDH3A2,-0.02589249610900879,1.0100388295669485,0.809428870677948,-0.20904927,0.2281230950715924
CCT3,-0.025896310806274414,0.9084179039761741,0.7193360924720764,-0.49489897,0.002507850435802671
ESRP2,-0.025896430015563965,0.3553519843179615,0.2962367534637451,0.17325439,0.3195830101886948
CDC123,-0.02593362331390381,0.5818752873519368,0.49018576741218567,-0.35663757,0.03546756760323251
RPA1,-0.025945663452148438,0.8043238734882453,0.6375890970230103,-0.67662555,8.104188077537111e-06
GATM,-0.02595698833465576,0.45177153992401564,0.3740014433860779,-0.2280725,0.187591189368629
HMGN2,-0.02599358558654785,0.8807144891714127,0.7022272348403931,-0.50118905,0.0021629003299630687
MCAM,-0.02599644660949707,1.1651677254859487,0.9324585795402527,-0.43554688,0.008918415004351449
RAB31,-0.025998234748840332,0.598943508351723,0.4943249225616455,-0.17663707,0.3100786431414266
ADSL,-0.02602696418762207,0.8996617476291269,0.7091600894927979,-0.7066705,2.090836118491656e-06
SCML2,-0.026046276092529297,0.6397455272808895,0.5168413519859314,-0.77350503,5.095044312984003e-08
ZYX,-0.026113390922546387,1.4592023530899283,1.2676233053207397,-0.33775097,0.04721814605740294
NSMCE4A,-0.026143431663513184,0.5798503030187222,0.4583781659603119,-0.37673044,0.02569885224729749
PCYT2,-0.02617025375366211,0.6835473181078079,0.5368940234184265,-0.009218173,0.9580855609626119
COL1A2,-0.026179075241088867,1.1529210083363552,0.9100539684295654,-0.3737297,0.026997936154484713
CAMK2D,-0.026206612586975098,0.595710679303407,0.46664053201675415,0.029607313,0.8659267087950648
FCF1,-0.026211142539978027,0.4178451997205294,0.3277093470096588,-0.23499273,0.1741897496312655
PLEKHG3,-0.026218056678771973,0.3241234260054509,0.2775091528892517,0.049174182,0.7790764901584875
AKAP13,-0.026219725608825684,0.47668530492200917,0.3821052014827728,-0.086425394,0.6215490991216007
STEAP3,-0.02624976634979248,0.5262637912637542,0.429885596036911,0.3787228,0.02486513625124814
EIF3L,-0.026285767555236816,0.674079759577537,0.4496617317199707,-0.40658706,0.015359487102245137
LSG1,-0.026308894157409668,0.5167998021879792,0.42160436511039734,0.36921334,0.029054663861633957
FGF2,-0.026363134384155273,0.7879318597203941,0.5815610885620117,-0.4162697,0.012871726022703216
SMC6,-0.02638852596282959,0.5059182858131993,0.36023059487342834,0.35224715,0.037960666386734475
MYH14,-0.026401519775390625,0.8752688948404065,0.702392041683197,0.537602,0.0008669779785014916
COMMD8,-0.026442766189575195,0.3891765059766378,0.3085891306400299,0.3799038,0.024381563947577258
ISG15,-0.026467204093933105,0.7948811588591653,0.6112070083618164,-0.03704979,0.8326520851998712
PHIP,-0.026490211486816406,0.7255614162321636,0.584026038646698,0.45023164,0.006649104076979253
TARS2,-0.02649378776550293,0.5971213047263814,0.42263898253440857,-0.18789607,0.27974137035264407
SRGAP2,-0.026514530181884766,0.5261233867458299,0.4070357084274292,0.032261923,0.8540288303395126
SIRPA,-0.02654588222503662,0.5801632751236766,0.45864802598953247,0.06227573,0.7222949333901761
CSTF1,-0.026571154594421387,0.35960467918722944,0.29531195759773254,-0.47319138,0.004093263636455326
GTF2F1,-0.026624441146850586,0.640568056134393,0.516008198261261,0.42793834,0.010333521874816093
GCLM,-0.026671648025512695,1.0123192614080907,0.8045236468315125,0.28891468,0.09232116215357833
BDH1,-0.02670001983642578,0.5644363876025994,0.4428524672985077,0.57740885,0.00028155113938829507
SRSF2,-0.026733040809631348,0.5940766690735193,0.4229477047920227,-0.24085507,0.1633822533165561
UBE2A,-0.026742100715637207,0.5792331385259584,0.42663925886154175,0.37858108,0.024923701245237153
TRIM21,-0.026751995086669922,0.5040819320196769,0.3849453032016754,-0.29844755,0.08160435515592536
RAB5B,-0.026780366897583008,0.860742763642875,0.6177422404289246,0.52273935,0.0012746579472571005
TTC17,-0.02683568000793457,0.41317455883241466,0.29961252212524414,-0.157306,0.36680557567624417
MRPL28,-0.02687203884124756,0.5064063337091167,0.40591922402381897,-0.3520789,0.03805893477767575
UBE2R2,-0.02694249153137207,0.5464944605411343,0.46274784207344055,-0.1817141,0.2961515651550014
NDUFA5,-0.026943325996398926,0.44042337755643984,0.33852940797805786,0.1842988,0.28921721174159837
NSMCE1,-0.026954174041748047,0.3443145126454292,0.2780745327472687,0.50175565,0.0021339615038028495
MAP1A,-0.026967287063598633,0.8179534415167,0.6831344366073608,0.069580704,0.691236958991934
SEC23A,-0.02697455883026123,0.6919798115337704,0.5433760285377502,0.21383299,0.2174129462807682
FNDC3B,-0.02698218822479248,0.8844959782864241,0.7524400949478149,-0.09669318,0.5805600569112025
MEPCE,-0.02698659896850586,0.37489263666557876,0.2661154866218567,-0.09763421,0.5768646592879862
ITGB3,-0.027022242546081543,0.7717445803897767,0.6490597128868103,0.0233327,0.8941594015242551
FAM207A,-0.02702629566192627,0.520593489418031,0.4198007881641388,0.16391791,0.3467468676212979
SNX2,-0.027078628540039062,0.783296346467584,0.5543610453605652,0.100596875,0.5652999247957272
RRP1B,-0.02707958221435547,0.5570176570994054,0.4203530550003052,-0.47982135,0.0035361657789924113
ZNF207,-0.02708613872528076,0.5192061532874851,0.43175309896469116,-0.6373702,3.82777403735435e-05
DTYMK,-0.027092933654785156,0.6134601502164794,0.4512804448604584,0.1772729,0.3083121422304701
RPL34,-0.02712535858154297,0.431787370964022,0.3644980788230896,0.13092214,0.4534645227379821
POLR2D,-0.02713334560394287,0.3722430451501118,0.29904839396476746,-0.44153854,0.007923430224108685
WDR61,-0.027153968811035156,0.5654975705419241,0.3909323215484619,-0.55318075,0.0005676809880849529
GEMIN5,-0.02715456485748291,0.6252547936833448,0.5164011716842651,-0.15230958,0.3824108959044463
ARFGAP3,-0.027155518531799316,0.5210592415748816,0.4084715247154236,0.12027092,0.49132920740455827
EXOSC4,-0.0271914005279541,0.49615757449033904,0.4019499719142914,-0.21045844,0.22493160887503952
C7orf50,-0.027242541313171387,0.46907408954755847,0.39134177565574646,-0.022233084,0.8991212231437123
BAG1,-0.027293086051940918,0.34536497097178676,0.26325976848602295,-0.052100092,0.7662863378869834
ARHGEF7,-0.027361631393432617,0.5053017683900758,0.4173333942890167,-0.6174315,7.777263583551698e-05
COX6A1,-0.02736520767211914,0.6717856148100952,0.46678298711776733,0.5756551,0.0002967568801565044
FAM136A,-0.027371525764465332,0.5995979183730293,0.4683758318424225,0.12755263,0.46526993432221664
DRAP1,-0.027390241622924805,0.6199091765191451,0.48754632472991943,-0.10968041,0.5305220138625083
MARS2,-0.027390480041503906,0.5300522091629775,0.4101210832595825,-0.15098341,0.3866168733413057
ASRGL1,-0.027436494827270508,0.6364427213944447,0.5156105756759644,-0.1591227,0.3612266038265459
HK1,-0.02747654914855957,0.6010083705554035,0.453190416097641,-0.42576098,0.010771931296712684
POLD2,-0.027514338493347168,0.5933301846906434,0.4460395872592926,0.085146114,0.6267391950971192
HSPA4,-0.027527809143066406,0.6893008661051911,0.4917861819267273,-0.4265403,0.010613248588054318
KIF1A,-0.0275496244430542,1.046136909033283,0.7671559453010559,-0.2454181,0.1553102893852309
NUCKS1,-0.027634143829345703,0.894728193300331,0.6932646036148071,-0.5621074,0.00044117807668120893
PSMD14,-0.02766406536102295,0.6390827735352594,0.4951511323451996,-0.526339,0.0011629218967668664
NUDT16L1,-0.027718424797058105,0.6022296772762664,0.47531792521476746,-0.32710207,0.05510861044730419
PSMC6,-0.027766823768615723,0.5843329266584641,0.4428320825099945,-0.50795776,0.0018387046605145459
AFDN,-0.027816176414489746,0.5405954319800791,0.4555527865886688,-0.014693446,0.9332350727770431
SRFBP1,-0.02784419059753418,0.5216647061360887,0.44921815395355225,-0.47863793,0.0036304876140995845
RPL24,-0.027863621711730957,0.5598728500498675,0.43709468841552734,-0.21057022,0.22467967282048026
MRPS27,-0.027880430221557617,0.5310314794914914,0.43758857250213623,-0.66331965,1.4068167675747722e-05
EMC1,-0.027882933616638184,0.5074320615196732,0.40705761313438416,0.5194621,0.0013844922592790296
DHCR24,-0.027935504913330078,0.6592512303841038,0.48729443550109863,-0.04169713,0.8120144638129114
FXR1,-0.02793705463409424,0.598959256599931,0.4917127192020416,-0.3344609,0.049552563717115285
CD276,-0.02796924114227295,0.5767843837798614,0.48703405261039734,0.66666776,1.2276850390070698e-05
ARMC8,-0.02801072597503662,0.2950653081064182,0.23310105502605438,-0.12419769,0.47718432418788914
RARS1,-0.0280228853225708,0.4850459988646386,0.394802451133728,-0.21586978,0.2129592379719794
NFS1,-0.028029680252075195,0.6496359080517663,0.5395411252975464,0.41795245,0.012476104849235222
IAH1,-0.028053879737854004,0.4437271474944583,0.33270779252052307,0.020420797,0.9073074264277597
FAM91A1,-0.02811741828918457,0.4122524826560324,0.3170022666454315,-0.032162067,0.8544760008389496
PDK3,-0.02817988395690918,0.6274707594362057,0.46401193737983704,-0.12681007,0.4678933177692564
RNF25,-0.028221845626831055,0.3108200455238123,0.24277670681476593,0.30669776,0.07312988284852123
UBE2T,-0.028233647346496582,1.0912107146402694,0.9225966334342957,-0.6912085,4.283793263397204e-06
MFN2,-0.028288960456848145,0.47837441365465483,0.3798753321170807,0.18086511,0.2984522824866895
IKZF1,-0.0283203125,0.44300586201855885,0.34066253900527954,-0.32852325,0.05399869391303003
RNMT,-0.028322458267211914,0.586729201466291,0.4329724609851837,-0.60475004,0.00011911788725988947
GBE1,-0.028325200080871582,0.6061743040118523,0.4338330328464508,-0.06676629,0.7031475294696791
NPC2,-0.02835381031036377,0.981152269635445,0.823942244052887,-0.17794956,0.30643936511387504
CHCHD1,-0.02836167812347412,0.7637501942311241,0.5799283981323242,-0.28885615,0.09239013599276882
PLEKHF2,-0.028396964073181152,0.3846630598744283,0.2874411940574646,-0.30075955,0.07915647195014823
RPS12,-0.028433680534362793,0.8284229246488416,0.600082278251648,-0.47674167,0.0037861767141222774
DHX15,-0.02848803997039795,0.4161909566707941,0.330894410610199,-0.45881128,0.005567840203881599
PCCB,-0.02850484848022461,0.5772664938561481,0.43566906452178955,-0.10283408,0.556638236326575
TBC1D4,-0.028530240058898926,0.651352660604794,0.47389543056488037,-0.332991,0.0506249999255996
PPP1CB,-0.02854478359222412,0.51369017941892,0.41704171895980835,-0.3873079,0.02152382610036428
S100A2,-0.028582453727722168,0.8996589319026899,0.6698039174079895,0.22921222,0.1853354919468282
SARM1,-0.028590679168701172,0.6215005897694104,0.5113682746887207,0.4862521,0.003059860426998263
DNAJC7,-0.028621792793273926,0.7800648282693868,0.5832070708274841,0.022486933,0.8979756397145907
RANBP2,-0.02864706516265869,0.2856062121649991,0.2098757028579712,0.07868566,0.6532136698639737
VCL,-0.028673768043518066,1.0994620351512332,0.878943145275116,-0.7050981,2.253686599557484e-06
UROS,-0.028705835342407227,0.36360508831002586,0.2758006453514099,-0.31474936,0.06553718055211635
PRKAG1,-0.02871572971343994,0.4435110294923073,0.3444719910621643,0.25048852,0.14668375576863016
KCTD5,-0.028760671615600586,0.34431555131012703,0.2922811508178711,-0.036273662,0.8361094429249336
TRIM16,-0.028793692588806152,0.5486545491894818,0.4256274104118347,-0.15966886,0.3595592285743643
CCDC88A,-0.028801560401916504,0.38431658417223163,0.31284070014953613,0.028528376,0.8707709224999254
NPEPPS,-0.028808116912841797,0.929872510436723,0.66890549659729,-0.4651238,0.00487222422016477
RPS6KA3,-0.02881145477294922,0.5635945479236916,0.39790084958076477,-0.2424585,0.1605122307838945
IQGAP3,-0.02887403964996338,0.6580665514605062,0.5283388495445251,-0.5563423,0.0005196086340281265
MAPK1,-0.0288773775100708,0.7964931770051628,0.6636006236076355,-0.5470171,0.0006728725129629222
ZDHHC5,-0.028883695602416992,0.6713001986155109,0.5022174715995789,-0.56073165,0.00045886942095102056
NSA2,-0.02889072895050049,0.6105312723715384,0.45131292939186096,-0.6671012,1.206077650160196e-05
DDX18,-0.02889251708984375,0.5095674560747545,0.4375004470348358,0.013144145,0.9402618316119571
NAP1L1,-0.028899431228637695,0.912885021605493,0.7386355400085449,-0.6158437,8.211944709519383e-05
CLTCL1,-0.028943181037902832,0.49977336157791197,0.41794130206108093,-0.12478654,0.4750819411892427
GEMIN4,-0.028959989547729492,0.5400019765747065,0.4145659804344177,0.035965957,0.8374815427225422
ITPK1,-0.028966546058654785,0.4593132626315264,0.3308037519454956,-0.13972925,0.42338257654812894
DHRS4,-0.029001235961914062,0.6827506397430093,0.5334500074386597,0.42979407,0.009971910902199
LGALS1,-0.02902984619140625,2.890014748981156,2.3273472785949707,0.57122624,0.0003384705479884288
SNW1,-0.029038429260253906,0.34877420544796667,0.2655487656593323,-0.35162586,0.038324609929492916
EMG1,-0.02908468246459961,0.3792107135564015,0.3137662708759308,0.106642626,0.5420366011757961
XXYLT1,-0.029090404510498047,0.5927764289189732,0.4726998507976532,-0.0067548603,0.9692799174700254
USP19,-0.029107093811035156,0.39746568006830596,0.30870258808135986,-0.25481626,0.13960172446699104
STARD7,-0.02911961078643799,0.4530637140593258,0.35917484760284424,-0.031334437,0.8581826016043573
RBM4B,-0.02912116050720215,0.6643047339746044,0.49658846855163574,-0.12279223,0.4822225384997269
ECPAS,-0.029124855995178223,0.6558794383194557,0.4854450225830078,0.2823536,0.10030132737909922
CUL2,-0.02915167808532715,0.5102499345688729,0.40840527415275574,-0.11926499,0.4949872513503502
ITGA2,-0.02919483184814453,1.4494736439577638,1.2526952028274536,-0.12894417,0.4603748476700698
RPL32,-0.02920210361480713,0.5502749882682504,0.4170612394809723,-0.2514167,0.14514326248067935
GSPT1,-0.029215216636657715,0.9526254564300953,0.7399673461914062,-0.40393057,0.01610862098534207
ELP3,-0.02922976016998291,0.55777862403222,0.4257830083370209,-0.02864211,0.8702601080289265
MAP2K1,-0.029232144355773926,0.4659070587959718,0.36158227920532227,0.29797488,0.08211207375336113
ACADVL,-0.029233574867248535,1.0909791453402407,0.9639068841934204,0.6332459,4.4503645989902545e-05
QRSL1,-0.029247403144836426,0.35858721010315625,0.2886260449886322,-0.36382896,0.03167294159474368
SORD,-0.029261231422424316,0.9279314976126347,0.728875458240509,-0.50741947,0.0018628273849183104
DAD1,-0.029267311096191406,0.6986736325140884,0.5642682909965515,0.14975895,0.3905245107999693
GBF1,-0.029304027557373047,0.41892959102840577,0.35192760825157166,-0.57073575,0.000343398040483842
URB1,-0.029328465461730957,0.5254727551106008,0.4462731182575226,0.5669699,0.00038340533014432363
BRD1,-0.02933669090270996,0.6158524814264904,0.48888856172561646,-0.45112288,0.006528997946136843
PLS3,-0.029341578483581543,0.9436309928890712,0.7789816856384277,-0.44386995,0.007562752057637712
NUDT1,-0.029352188110351562,0.5407738541320819,0.4459681808948517,-0.6508276,2.3046205960541627e-05
STXBP1,-0.029386281967163086,1.4115753641443884,1.2224034070968628,-0.8518735,8.619214099841726e-11
SERPINB5,-0.02938675880432129,0.8677764473535995,0.662294864654541,0.102064274,0.5596118774192097
ACAD10,-0.02940523624420166,0.4973509170730096,0.4086576998233795,-0.21179892,0.22192399206154195
RACK1,-0.029437661170959473,0.820362053237303,0.5822897553443909,-0.5128723,0.0016307895486408941
VPS45,-0.029482722282409668,0.6452000702462392,0.46979376673698425,-0.38520014,0.022307479976512227
COX19,-0.029536724090576172,0.591398552021838,0.4758842885494232,0.14528346,0.4049998635828005
TFG,-0.02955770492553711,0.8022060465554133,0.6408427357673645,0.13529778,0.4383773272249508
DLGAP5,-0.02965855598449707,0.6125895006612038,0.4854634404182434,-0.42781302,0.010358331640734112
TUBB6,-0.029674649238586426,0.8874427763529978,0.6805617809295654,-0.43561664,0.008906249710832367
RAB23,-0.029689311981201172,0.6878394892595568,0.5210494995117188,-0.25319433,0.1422259054792662
FXN,-0.029690861701965332,0.478870073728781,0.39441704750061035,-0.5162822,0.0014989266103032448
METTL26,-0.029765605926513672,0.4418976167181214,0.3545003831386566,-0.10001679,0.5675558102465386
RAB3D,-0.029804706573486328,0.36633032315067177,0.26798486709594727,-0.39896888,0.017589830974197373
DDX52,-0.02989959716796875,0.4110041437392633,0.3062206506729126,0.23137848,0.18110133264518039
GPI,-0.029944896697998047,1.204472864329102,0.9654901623725891,-0.4654645,0.004836914303270754
IGFBP2,-0.02997291088104248,0.6233680877669484,0.504755973815918,0.18287213,0.2930314979115703
ZPR1,-0.029974818229675293,0.9277944444985488,0.7678505778312683,-0.55938196,0.000476836714802953
GALNT1,-0.02999413013458252,0.4478696717145743,0.3721208870410919,0.44789374,0.006973218716871382
HKDC1,-0.030072331428527832,0.7857137570131678,0.626756489276886,0.18538767,0.28632746252230273
KYAT3,-0.030092358589172363,0.5948723675372414,0.4377792179584503,-0.114241585,0.513458737357998
CRYBG1,-0.030121922492980957,0.5539441298860952,0.43712112307548523,0.6175883,7.735491667221892e-05
ERBB2,-0.030169367790222168,0.9124868130710851,0.7041142582893372,-0.02544298,0.8846482630682583
EIF4A2,-0.03017604351043701,1.0640638287013604,0.84299236536026,-0.498769,0.002290364876115677
LIMA1,-0.030229568481445312,1.2508837436901445,1.0957050323486328,0.6438064,3.0121932100383343e-05
TRIM26,-0.03023838996887207,0.5470371823287462,0.40830540657043457,-0.029222708,0.8676527646565291
AHSG,-0.030287623405456543,1.0068549997058858,0.8096399307250977,-0.6676573,1.1788558462138638e-05
STAM,-0.03029012680053711,0.5496661755370904,0.39627736806869507,-0.33882102,0.04647811604957236
DYNC1H1,-0.03031182289123535,0.7503940818504446,0.5890584588050842,-0.5406475,0.000799378831987741
SLC12A4,-0.03032231330871582,0.4616716648111269,0.3480277359485626,-0.09160157,0.6007350604434297
AP3S2,-0.030324220657348633,0.45808006643932697,0.3646027147769928,-0.040725976,0.8163174721289912
AP3S1,-0.03033304214477539,0.5149458545164967,0.38480344414711,-0.37956858,0.024518024423192446
CFAP20,-0.030347228050231934,0.39138283650007,0.30445596575737,0.047443077,0.7866712566786359
EXOSC5,-0.030350446701049805,0.4163241071000715,0.32933011651039124,-0.04719927,0.7877423319076218
SF3B4,-0.030350923538208008,0.2753718620022799,0.20668473839759827,-0.34107286,0.04495137454915613
SCOC,-0.030351877212524414,0.450650446407436,0.3433953821659088,-0.050490014,0.7733171843472871
WDR55,-0.030383586883544922,0.5107035576706352,0.41400375962257385,0.34039748,0.045404964602686476
MELTF,-0.030460476875305176,0.9611195957737888,0.7687563896179199,0.341424,0.04471693575807185
GALK1,-0.030484914779663086,0.6159116377837032,0.45317521691322327,-0.43187004,0.00958018357877594
CUL5,-0.03048837184906006,0.4448956998471925,0.3352765440940857,0.07741067,0.6584892074174343
CCDC134,-0.030528545379638672,0.3704073933247659,0.3059806823730469,-0.40590745,0.01554832519992703
BAK1,-0.03058934211730957,0.6868083248804735,0.5295089483261108,-0.61228573,9.266466540812718e-05
LRBA,-0.030632853507995605,0.6231574555326979,0.46583235263824463,-0.557876,0.0004976201934740608
RPS24,-0.030664563179016113,0.5112207916422336,0.40084508061408997,-0.17460369,0.31577021819936085
PRKCD,-0.030693650245666504,0.46907059514470556,0.37698477506637573,0.08714122,0.6186528182995585
YWHAB,-0.03071761131286621,0.7876946708209326,0.6557322144508362,-0.35833967,0.03453762803861231
NT5C3A,-0.03072810173034668,0.4691531513965284,0.39128896594047546,0.10773244,0.5378921164843271
STIM1,-0.03073275089263916,0.7136472684212616,0.5550768375396729,0.47479478,0.0039520096528951176
CHMP3,-0.03080606460571289,0.48875549174294214,0.38713550567626953,0.31460077,0.06567150839158414
ERGIC3,-0.03085148334503174,0.8251062469269982,0.7044543623924255,0.82724696,8.982192580941829e-10
DCBLD2,-0.0308915376663208,0.9023181862120514,0.7294571995735168,0.51618356,0.0015026033072685816
KMT2A,-0.030929923057556152,0.39593638994261526,0.3054410219192505,-0.20232658,0.24377121527885687
STRAP,-0.031050801277160645,0.8908795110214436,0.711527943611145,0.016580563,0.9246834158045608
RBM7,-0.031113862991333008,0.6095049548350617,0.5210687518119812,0.35256785,0.03777382342175123
RRAS,-0.031123638153076172,1.126371025077589,0.9468124508857727,-0.81834245,1.918045851598754e-09
UGDH,-0.031127095222473145,1.5734079701021155,1.2325726747512817,-0.11151676,0.523619595441732
NEXN,-0.031141042709350586,0.7129100222104234,0.533289909362793,-0.20732994,0.2320582887166085
DYNC1I2,-0.0311892032623291,0.6875962276739171,0.49573054909706116,-0.27368894,0.111630443811486
HDHD3,-0.031213760375976562,0.6373442403459919,0.5271668434143066,0.73808473,4.190507577874748e-07
PPT1,-0.031217455863952637,0.6765566440179075,0.5369101166725159,-0.34784535,0.04060099533485441
CADM4,-0.03122127056121826,0.6572853957621168,0.4861312806606293,-0.17015381,0.3284524080068478
TMEM106B,-0.03137540817260742,0.5951907346253615,0.44693925976753235,0.6346501,4.228817807744718e-05
CUSTOS,-0.03139650821685791,0.46451096683876497,0.3637446165084839,0.23118491,0.18147670999102553
DCPS,-0.03140711784362793,0.7358390337275734,0.535645604133606,0.06186704,0.7240463887850447
DPP3,-0.03143310546875,0.823708217933121,0.6550405025482178,-0.47998583,0.0035232233827282014
GIT1,-0.031450629234313965,0.5807282628849222,0.47137174010276794,-0.6862709,5.337479496407105e-06
RIOX1,-0.03146791458129883,0.4471424049656339,0.3613497018814087,-0.29554346,0.08476180632189445
CHD7,-0.031482815742492676,0.6935628028422768,0.5460823774337769,-0.5231241,0.0012622824578489653
POLE4,-0.03156876564025879,0.5183024107069403,0.3780347406864166,-0.45014238,0.006661240867428713
PHKA2,-0.03159928321838379,0.4533315056467145,0.36245590448379517,0.42429173,0.011076587727211725
PPP1CA,-0.03162860870361328,0.5077095807758962,0.42676374316215515,-0.04773872,0.7853728653086243
LAMP2,-0.03168463706970215,0.9382381712007524,0.7857423424720764,-0.4903716,0.00278494830759566
BABAM1,-0.031687021255493164,0.4309082204154122,0.3000229299068451,0.100366235,0.5661965015763568
OTULIN,-0.03175544738769531,0.495455519067374,0.38131093978881836,-0.02167544,0.9016390869371665
ATP5F1C,-0.03176450729370117,0.530642161726457,0.4159665107727051,0.41240758,0.013819866165300622
SORBS3,-0.03181600570678711,0.6505972044446416,0.4795810580253601,-0.4557797,0.005931207489688083
LZIC,-0.03181946277618408,0.8769090807077076,0.6769998669624329,-0.16506155,0.34334613401891056
RPAP3,-0.03189349174499512,0.5233458538390116,0.393391877412796,-0.3838307,0.02282921394953985
SMC4,-0.03194844722747803,0.8629059817396931,0.717285692691803,0.6316575,4.71358925419668e-05
PBK,-0.031976938247680664,0.5902208297659726,0.4835715591907501,-0.5695042,0.00035605052393298045
RBM47,-0.031986236572265625,0.7108728987299003,0.5800983309745789,0.35292122,0.03756888933456159
CNN2,-0.032032012939453125,1.1187062111068768,0.9800570607185364,-0.7867196,2.1030442197884825e-08
SPAG5,-0.03213846683502197,0.4584176480884283,0.3511994779109955,0.13013011,0.45622492737113346
B2M,-0.03216755390167236,1.295645165146181,1.1235805749893188,-0.6803099,6.921848890332247e-06
CD74,-0.03220963478088379,0.7670965649694604,0.6149426102638245,0.3902782,0.020458364666831527
FNTA,-0.032242774963378906,0.5439402444764323,0.41169115900993347,-0.4407618,0.008046816988542612
OARD1,-0.032247066497802734,0.4268381318163105,0.33003950119018555,0.47576335,0.003868740128123255
CDCA5,-0.03226888179779053,0.788221609923699,0.5953022837638855,-0.21826307,0.20780690621568715
NUP160,-0.03232371807098389,0.4269629363025967,0.34225213527679443,-0.21185383,0.2218012809055358
CAPZA2,-0.032329440116882324,0.552008404835348,0.4600219130516052,0.24384528,0.15805938242731232
HELLS,-0.032332420349121094,0.4847731184706845,0.37377500534057617,-0.21534336,0.21410426289479145
PWP1,-0.03233516216278076,0.5538184651917902,0.42976486682891846,-0.6028171,0.00012691437618475205
BUB1B,-0.03234076499938965,0.3898735830018912,0.3182009160518646,0.08171938,0.6407270828264763
PRPS1,-0.03235316276550293,1.0790074372128058,0.8707104325294495,-0.6899354,4.5355544817443605e-06
SH3PXD2B,-0.032369256019592285,0.593930091650336,0.4748130142688751,-0.108443126,0.5351974709408911
RUFY3,-0.03236949443817139,0.8163118809819676,0.6380047798156738,0.56900316,0.00036131749855481754
ARMC6,-0.03238260746002197,0.5697750799309157,0.4795020520687103,-0.6274735,5.4755524604949034e-05
OLA1,-0.0324023962020874,0.9980415896520246,0.7759926319122314,-0.6531331,2.107508531997966e-05
CMTR1,-0.03241097927093506,0.5928979833942746,0.4631328582763672,0.3589152,0.034227706164325224
PLA2G15,-0.032483696937561035,0.5601512828909939,0.46549180150032043,-0.03390166,0.8466954273932347
NDUFB1,-0.03248488903045654,0.4934886657250025,0.4103478193283081,0.4088256,0.0147511496575828
GM2A,-0.03250443935394287,0.9712890453173699,0.7381181120872498,-0.4325409,0.009456412308541558
TUBB4A,-0.032508134841918945,0.7453177046044284,0.5937548279762268,0.52264667,0.0012776574842296427
AKR1B1,-0.03252875804901123,1.289750164294468,0.956281304359436,-0.46537834,0.004845825880183145
SNX1,-0.0325319766998291,0.789551573913969,0.5347522497177124,-0.28108373,0.10190473481478357
UMPS,-0.03253507614135742,0.7003572029441106,0.5655807256698608,-0.6397336,3.5076071059106266e-05
USP8,-0.03255009651184082,0.3485795843271761,0.24889777600765228,-0.04382057,0.802625158511996
DENR,-0.032604217529296875,0.7981467477199892,0.5935454964637756,-0.5870199,0.00020991037909208867
RCN2,-0.03262317180633545,0.5096303241405777,0.40246519446372986,-0.30577093,0.07404619734829215
YRDC,-0.03265833854675293,0.34991711120360713,0.27405115962028503,-0.05369401,0.7593438020105034
ATPAF1,-0.032678842544555664,0.5581992296706283,0.43101775646209717,-0.31229168,0.06778597515229022
KEAP1,-0.03272998332977295,0.376936581105292,0.3062365651130676,-0.28176275,0.10104501412910408
CALD1,-0.03276968002319336,1.299754886260683,1.0495620965957642,0.4472175,0.0070694578407867244
ALAD,-0.03277146816253662,0.6939035993086058,0.5361425280570984,0.22665168,0.19043017470833698
UQCC2,-0.03281092643737793,0.4216933919173575,0.3201051652431488,0.20036525,0.2484685554587991
PRRC1,-0.032819271087646484,0.5489337317246079,0.42291852831840515,-0.10654656,0.5424027249858095
ATP6V0A2,-0.03284144401550293,0.4335130324280171,0.34904932975769043,0.19098487,0.27176729250554216
FDFT1,-0.032854318618774414,0.7621651930631763,0.6196714639663696,0.057012238,0.7449509732525297
GNG5,-0.03287208080291748,0.49856746617455194,0.3783464729785919,0.11028234,0.528254750448417
RPL23,-0.03291440010070801,0.4581847184720816,0.37553200125694275,-0.26340762,0.12629176285925708
FASN,-0.032917022705078125,1.0780635208071088,0.883025050163269,-0.40085736,0.01701320175555109
NOL10,-0.03294718265533447,0.530611692560517,0.43849337100982666,-0.36678866,0.030210844171666133
NEK7,-0.03294968605041504,0.6473076870591926,0.5470649600028992,0.3445092,0.042699349782603216
LRRC1,-0.0329744815826416,0.6039183177457824,0.4971335828304291,-0.43063542,0.00981153287550528
EIF4A1,-0.032979369163513184,0.895279017915839,0.6432455778121948,-0.57182217,0.0003325693694750859
IBA57,-0.0330350399017334,0.44304267562466226,0.38045889139175415,-0.09452262,0.5891237783275524
PMVK,-0.033113718032836914,1.0156191899060072,0.7721595764160156,0.12640391,0.46933149684463527
TAPBP,-0.0331500768661499,1.0860771802906812,0.9359175562858582,-0.23690331,0.17061307438150464
DTX3L,-0.03320646286010742,0.5009587156451955,0.40910184383392334,-0.43273357,0.009421125394573439
CCNK,-0.03324127197265625,0.3198280276006202,0.25073179602622986,-0.1611495,0.3550628721419093
OCIAD2,-0.0333327054977417,1.0658169749667141,0.8114962577819824,0.50497836,0.0019757437127582186
QPCTL,-0.033362627029418945,0.5974250795166943,0.4735477864742279,-0.72848743,7.008247809413851e-07
LONP2,-0.03338789939880371,0.5375050422520665,0.42696842551231384,0.38165796,0.02367767017188594
TMEM201,-0.033411622047424316,0.5382441791675034,0.4183042347431183,-0.415387,0.013083429690933023
SYMPK,-0.03344154357910156,0.2816597152991137,0.21718750894069672,0.3354092,0.04887049273634846
CUL1,-0.03345620632171631,0.4995049022160979,0.3818066120147705,-0.5272531,0.001135959330919187
EXOSC7,-0.033463478088378906,0.3366038345414291,0.25527358055114746,-0.09955312,0.56936217169725
LGALS3,-0.03354239463806152,1.3989599093922789,1.1018694639205933,0.6847418,5.708794907267917e-06
LCLAT1,-0.03367900848388672,0.5076811694002104,0.39361873269081116,-0.22145595,0.20106819667797485
POGLUT1,-0.033693552017211914,0.5168482402438319,0.38473746180534363,-0.28086898,0.10217771913774322
FUNDC2,-0.03370499610900879,0.43611515076029117,0.3438565135002136,-0.11376968,0.5152115574697442
MAVS,-0.03370523452758789,0.4748598230722642,0.3844876289367676,-0.60885596,0.00010396709543731638
PPP6R1,-0.03371131420135498,0.5043768053365209,0.4100504219532013,0.017137479,0.9221610584411107
SMU1,-0.03371858596801758,0.40160145848909873,0.30838361382484436,-0.35403275,0.036930092738026506
EIF2D,-0.03374624252319336,0.5691819416200739,0.4218020439147949,-0.40391397,0.01611338798111405
MRPL57,-0.03376364707946777,0.48520128468031287,0.3966995179653168,-0.5781601,0.00027525285743673573
LSM14B,-0.03379809856414795,0.6899118599366162,0.5484151840209961,-0.57077825,0.0003429680334362247
SNRPC,-0.033833861351013184,0.3577359804849281,0.28194257616996765,-0.3969962,0.01820954620115053
EIF2B5,-0.03385329246520996,0.50526811960413,0.39018094539642334,0.65948486,1.6409269384233966e-05
COMMD3,-0.03387296199798584,0.6543182369559672,0.48033222556114197,0.15580106,0.3714654562902695
KRR1,-0.03397321701049805,0.448026068951826,0.364311546087265,0.41606346,0.012920931681973549
CCDC6,-0.0339885950088501,0.5903892268514742,0.47128137946128845,0.1307415,0.4540931724589441
RSL24D1,-0.03399837017059326,0.4774189429363991,0.37090182304382324,0.48520532,0.0031333644278814404
ITGA4,-0.034017324447631836,0.6306689184527021,0.4793663024902344,0.3928097,0.01958530649361472
MICALL1,-0.03402447700500488,0.4313082213422427,0.3264571726322174,-0.3077392,0.07211077417552675
EFNB1,-0.0340268611907959,0.6545959700010766,0.49612098932266235,0.4483637,0.006907007411256489
PAK1IP1,-0.03405320644378662,0.32430216853619215,0.24593064188957214,0.16097224,0.3555994130138568
TMSB10,-0.03408658504486084,0.9150933216011767,0.675801694393158,-0.07987586,0.6483037194799773
FAM98A,-0.034087538719177246,0.7302609316338383,0.5866788625717163,0.16823146,0.33402725715494447
CDH2,-0.034088730812072754,0.6568937323283003,0.5157047510147095,-0.4786109,0.0036326697219433747
NCBP2AS2,-0.03425633907318115,0.625602717655406,0.5235275030136108,-0.16487734,0.34389275839323263
LRATD2,-0.034265756607055664,0.5677432099108065,0.45490846037864685,0.21619456,0.2122550380576866
RB1,-0.034301161766052246,0.44588545698069093,0.3416065573692322,-0.43039283,0.009857547522954558
LMO7,-0.034309983253479004,0.9685847233713045,0.772969663143158,0.7688185,6.876241811119703e-08
NXF1,-0.03437328338623047,0.4189520170657885,0.3295885920524597,-0.27738127,0.10669043687308825
SUPT16H,-0.0344851016998291,0.6457054539688672,0.5450222492218018,-0.78647023,2.1396764212042655e-08
VPS13C,-0.03454148769378662,0.3452400511261857,0.25075775384902954,-0.10535123,0.5469672731054067
B3GAT3,-0.03455066680908203,0.4964766489023543,0.3897157907485962,-0.1259771,0.4708456348222713
TFAP4,-0.034616947174072266,0.4569050541293258,0.34218645095825195,0.0065035746,0.9704222492502085
EPB41L3,-0.03462624549865723,0.6145632762114559,0.5180681347846985,0.24738887,0.15191476493943412
SRSF5,-0.03472566604614258,0.5055989954029285,0.41479456424713135,-0.6831233,6.127276414501324e-06
ARHGEF1,-0.034737586975097656,0.5783820740593018,0.43424081802368164,0.1361877,0.43534306053257193
CDC42EP1,-0.03475022315979004,0.5009690668984211,0.38523563742637634,0.007491935,0.9659296855025586
GTPBP10,-0.0347898006439209,0.4800930880642756,0.34841424226760864,-0.6110819,9.649935509490023e-05
CALU,-0.03479874134063721,0.9934900099660509,0.8121169209480286,0.24842435,0.150152493247743
GXYLT1,-0.034806251525878906,0.6895973119634649,0.45508432388305664,0.16147384,0.35408234060472105
MRPL16,-0.03495454788208008,0.45437889244374785,0.3616100251674652,0.64974266,2.4030467309648733e-05
BAIAP2L1,-0.034975409507751465,0.825694674570365,0.6689032316207886,0.7290294,6.811567301494314e-07
COG8,-0.034981608390808105,0.33922025333178607,0.25629597902297974,0.2328378,0.17828762736083778
TMED2,-0.03500771522521973,0.564116644968398,0.4522361159324646,-0.10598,0.5445636981174256
DDX55,-0.03500854969024658,0.3602640309285092,0.2930416166782379,-0.38675937,0.02172551728099311
SWAP70,-0.03502833843231201,0.7002560045229332,0.5287914276123047,-0.43450245,0.00910230271149403
NDUFB4,-0.03504347801208496,0.5963348541020036,0.4846963584423065,0.20823449,0.22998213397782322
RPS20,-0.03505587577819824,0.6622386344835867,0.5174946188926697,-0.41064247,0.014272400611836617
LIG3,-0.035062193870544434,0.6040264054520104,0.4950016438961029,-0.7573248,1.39406373302251e-07
BOD1L1,-0.03506624698638916,0.48132845870695107,0.36916375160217285,-0.09711295,0.5789104741376183
PCYT1A,-0.03506827354431152,0.4798107914488608,0.33266037702560425,-0.033568334,0.8481850950665693
LRRC47,-0.035077452659606934,0.9609448812557911,0.8057196140289307,-0.46095288,0.005322840532083104
BCL2L1,-0.03511178493499756,0.6699121991673812,0.5043320059776306,0.54779345,0.0006587374432404325
PPP1R12A,-0.035224318504333496,0.6388691355466517,0.4713261127471924,-0.005690243,0.9741200396736435
TRIM56,-0.035285115242004395,0.45483331275845307,0.36305999755859375,0.3396493,0.045911763563328364
DDX50,-0.03529942035675049,0.54939927217854,0.4488634765148163,0.07462967,0.6700528592412047
ISCA1,-0.035320281982421875,0.5617558006832576,0.44656699895858765,0.026215317,0.8811710383955272
PAPSS1,-0.035394906997680664,0.6975732546796635,0.542948842048645,0.122321464,0.4839162062256268
OXSM,-0.03540647029876709,0.5143924778765033,0.4127149283885956,0.62725,5.5192220301517035e-05
STRN4,-0.03541302680969238,0.45883284969225824,0.35851508378982544,0.633787,4.3637988055023726e-05
NRAS,-0.03542792797088623,0.44722945887507093,0.3392009139060974,0.078915045,0.6522663586788112
MIOS,-0.03544938564300537,0.3040813750498168,0.2349453717470169,-0.5418662,0.0007736630102924459
PDLIM7,-0.03550410270690918,1.3773548162559952,1.1355818510055542,0.600246,0.00013799397413924788
NME4,-0.03551435470581055,0.5820464061837475,0.43892648816108704,0.15698051,0.36781033967996796
C3,-0.03553783893585205,0.3863574372714777,0.2940612733364105,0.14240654,0.4144639866249891
EED,-0.035546302795410156,0.3546290908311289,0.2907679080963135,-0.112083204,0.5214991641410797
ATP5IF1,-0.035547733306884766,0.688695128898072,0.5208914875984192,0.18328123,0.29193464560856763
MRPL47,-0.035553693771362305,0.5126407557933245,0.4155362844467163,-0.6221185,6.612285327447049e-05
DHRS7B,-0.035580992698669434,0.5413851801307719,0.3883892595767975,0.50709623,0.0018774444490941172
ISYNA1,-0.03558814525604248,0.7421528456779027,0.5224500894546509,-0.35316563,0.037427678550184425
MAN2B1,-0.03562808036804199,0.7263379313933354,0.5776556134223938,0.5779427,0.0002770617203054665
RFC4,-0.03568291664123535,0.7367153616672562,0.6066542863845825,-0.610785,9.746650023952986e-05
TSPYL5,-0.03576505184173584,0.5961128451787363,0.4643893539905548,-0.54257387,0.0007590668991811185
TRIM65,-0.03580582141876221,0.6074292590314977,0.4683569669723511,0.35722739,0.03514308616369519
SLC39A10,-0.03585660457611084,0.4687017574916662,0.375101238489151,-0.21029726,0.2252950790881691
CNST,-0.03586101531982422,0.5577566904310484,0.3698098957538605,-0.18112478,0.2977471651016248
ZNF326,-0.035869479179382324,0.6579380803511966,0.5107095837593079,-0.6961622,3.420744508740344e-06
WDR46,-0.03587818145751953,0.629213625269165,0.49941977858543396,-0.35705432,0.03523800813001104
KDM1A,-0.035886287689208984,0.7596628860007404,0.613158643245697,-0.827404,8.859357946781597e-10
PRKRA,-0.03589963912963867,0.767682289258029,0.6031361222267151,0.68230855,6.3483761724615385e-06
STK3,-0.035939693450927734,0.34340968409001565,0.26284918189048767,0.31786138,0.06277439910892557
LRRFIP1,-0.03594040870666504,0.6858731224419514,0.5961647033691406,0.3101188,0.06982408209228408
COPZ1,-0.03595292568206787,0.7025250100201064,0.5005121827125549,-0.13058303,0.4546450270490908
PCYOX1L,-0.03595924377441406,0.33159001147278666,0.23366868495941162,-0.19690064,0.25691353272790457
NUP210,-0.03596830368041992,0.6498600396446437,0.5194469094276428,-0.19550118,0.2603777028975593
BCL7C,-0.0359727144241333,0.4806856270687769,0.3767241835594177,0.10010318,0.5672199025126389
AIDA,-0.03598332405090332,0.5788154860373055,0.43359893560409546,-0.52135205,0.0013201806701169656
PUS1,-0.03599202632904053,0.5418841555040836,0.42216959595680237,0.20642158,0.23415593004955687
RECQL,-0.03602290153503418,0.5136566159842971,0.38114941120147705,-0.4135255,0.013539578527985402
FHL1,-0.03605616092681885,0.9049415679635759,0.7678685784339905,-0.5929,0.00017459068448048333
CSDE1,-0.03606712818145752,0.7421654145819674,0.5135068297386169,-0.09525947,0.5862104565877806
TXNDC17,-0.03608572483062744,1.085520053462167,0.8327595591545105,-0.15984562,0.3590209219875236
ELF1,-0.03609919548034668,0.6945940442013634,0.58197420835495,0.008208424,0.9626737419848238
CMAS,-0.036161184310913086,0.6650621183322771,0.5222065448760986,0.2832476,0.09918418848346515
GLMN,-0.0361943244934082,0.4129600964497243,0.3281700611114502,0.39086735,0.02025234315882228
SMARCA2,-0.036202311515808105,0.46575138693729445,0.36893126368522644,-0.03544005,0.8398266796420499
USP15,-0.03620266914367676,0.3772202765596882,0.293195903301239,0.048086338,0.7838469367561253
PSMC3,-0.0362393856048584,0.5472458807945756,0.41536521911621094,-0.4916842,0.002701993627616662
TLE3,-0.036292433738708496,0.7465911325781902,0.6334252953529358,-0.4706181,0.00432909419879017
IPO8,-0.036313652992248535,0.8228474278032616,0.6040012240409851,0.45095766,0.006551123296511574
METAP2,-0.03633749485015869,0.5166969715993117,0.415801465511322,-0.22396222,0.19588629482311842
SLC1A5,-0.03635096549987793,0.7979396738731046,0.6846476793289185,0.71465945,1.4174976791347277e-06
TAB1,-0.036353111267089844,0.5941408025677357,0.43897220492362976,0.23201123,0.17987750521976167
BIN1,-0.03636026382446289,0.6623018373266623,0.5312259197235107,-0.004187135,0.9809549483341398
CAPZA1,-0.03640544414520264,0.5142595823542199,0.4225548207759857,0.029900052,0.8646130460935193
RPS15,-0.03644251823425293,0.4222011718117532,0.3400708734989166,-0.32116818,0.059940067698380194
WDR18,-0.036506056785583496,0.4354341643375271,0.34011906385421753,-0.006359228,0.9710785202492734
ARID1A,-0.03657186031341553,0.6850615954724196,0.5032047629356384,-0.50664866,0.001897856322518739
ITPA,-0.03661513328552246,0.9989914875011509,0.8154303431510925,-0.5616807,0.0004465988071997838
STX6,-0.036615610122680664,0.6304301641254312,0.4896205961704254,-0.59642524,0.0001560646382435176
LMTK2,-0.03664207458496094,0.41107492651012784,0.30616483092308044,0.48307392,0.0032877811810917905
UTP20,-0.036695241928100586,0.6945972621515029,0.5616230368614197,-0.37198108,0.02777952636326936
NOP10,-0.036749958992004395,0.4621397277718078,0.37901467084884644,-0.011006541,0.9499633084589842
POLR2B,-0.036751627922058105,0.3571758361473931,0.2923797070980072,-0.62218696,6.596510865180486e-05
TOM1L2,-0.03676295280456543,0.40093304248808675,0.3398932218551636,-0.38534737,0.022251985003402593
NOSIP,-0.03676438331604004,0.6854080320430855,0.529443085193634,-0.13815156,0.42868801337143597
IL18,-0.03686261177062988,0.7870254661191519,0.597315788269043,0.09591776,0.5836131480257034
CCDC124,-0.03693127632141113,0.8667690539096323,0.6626982688903809,-0.61084855,9.725874655195404e-05
LONP1,-0.036936163902282715,0.49536135820639693,0.3999348282814026,-0.3467498,0.04128067792333205
UBE2M,-0.0369417667388916,1.1452640101640275,0.9377828240394592,-0.67805755,7.624377163401321e-06
NVL,-0.0369565486907959,0.3578439523791103,0.301474004983902,-0.2910867,0.08978945930639423
PTDSS2,-0.036971211433410645,0.6659786628020121,0.567649781703949,-0.5315362,0.0010168230477497395
SEC13,-0.03706789016723633,0.4181158573422641,0.3062192499637604,-0.29434818,0.086088269180719
SLC30A9,-0.03707563877105713,0.44665322169072175,0.33252131938934326,0.27695957,0.10724619959550809
RPL36,-0.037087440490722656,0.5007849135242544,0.41585642099380493,-0.077328876,0.6588281489693306
OTUD7B,-0.0371471643447876,0.5235299270787133,0.3653857707977295,-0.294302,0.08613992198096271
FADS2,-0.037209391593933105,0.7411805801306612,0.544949471950531,-0.19855286,0.25286290759738544
G3BP1,-0.03730952739715576,0.6475285743609129,0.491051584482193,-0.19114238,0.2713647747801739
NUDCD2,-0.03741109371185303,1.0030565636603146,0.7404729723930359,-0.5439074,0.000732226745697714
TOR2A,-0.03753972053527832,0.44733301846033113,0.33213531970977783,0.14988014,0.3901366097909311
CRLF3,-0.03754222393035889,0.4926994325614807,0.37542960047721863,-0.32329506,0.05817120283871455
SS18,-0.03757369518280029,0.5118352160521131,0.390943706035614,0.43141004,0.009665822063244362
WDR43,-0.0375826358795166,0.524602504523331,0.4235619008541107,-0.02611331,0.8816303225651146
PDCD2L,-0.037587761878967285,0.6633598874118988,0.48669323325157166,-0.12254691,0.48310480055041766
SRSF1,-0.03759050369262695,0.4321354062728387,0.33855339884757996,0.2478436,0.15113891290138404
MRC2,-0.03760862350463867,0.8901200452489082,0.7456809282302856,0.3367704,0.04790445043932172
ADH5,-0.03761863708496094,0.7471570731253463,0.5370687246322632,-0.502102,0.0021164450627490284
TMEM11,-0.03768348693847656,0.3908772607706857,0.31744298338890076,0.24893433,0.14929002989395893
IER3IP1,-0.03769493103027344,0.4579394193879538,0.37403857707977295,-0.6157631,8.234578890705981e-05
MTA1,-0.037706851959228516,0.8679813154050982,0.7249606251716614,0.57345325,0.0003168844471813992
TSG101,-0.037708282470703125,0.5533421009539172,0.40902000665664673,0.20731822,0.23208545970152947
LSM1,-0.037740111351013184,0.786502689517031,0.5700280070304871,-0.50358677,0.0020427608617142557
DPM3,-0.03776347637176514,0.5555119633128914,0.45628228783607483,0.18928719,0.27613137303645974
NSUN5,-0.03778576850891113,0.35269658170313906,0.2851831018924713,0.18984568,0.27469067814860665
ABCD1,-0.03792452812194824,0.42477297609727266,0.34212151169776917,0.2561504,0.1374700992040737
PPTC7,-0.03793632984161377,0.5373921153006535,0.4308548867702484,-0.21320835,0.21879153139827126
TPI1,-0.03796648979187012,1.227568632875863,1.0142815113067627,-0.42710137,0.010500219419555121
SNRNP40,-0.0380479097366333,0.4041140967850137,0.3392195701599121,-0.4337143,0.009243211804471794
TIAL1,-0.03807079792022705,0.35927856229433924,0.30922579765319824,0.032010842,0.8551532448217635
NLE1,-0.03811347484588623,0.3794460580759535,0.3148825168609619,0.17104405,0.32589029243842615
GLE1,-0.038131117820739746,0.3672084193662243,0.29395928978919983,0.218734,0.20680315945495614
PCLAF,-0.03814351558685303,0.48938070493663793,0.38236474990844727,0.17204808,0.32301579124750646
PSMA1,-0.038189053535461426,0.6422115312149888,0.5183349847793579,-0.28804561,0.09334929544712106
EPDR1,-0.03820037841796875,0.7734799999543862,0.6576127409934998,0.4164832,0.012820951967029875
SMC3,-0.03821694850921631,0.5536658320817776,0.4215381443500519,0.4595516,0.005482076099370348
VASP,-0.03824448585510254,0.6531820336221622,0.553498387336731,0.38115442,0.023877983616502035
PLP2,-0.03824663162231445,0.9599209192109335,0.7746147513389587,-0.48626587,0.003058899532114803
CD58,-0.03827822208404541,0.5591869006023135,0.42820650339126587,0.6475859,2.6100801456130585e-05
GSK3B,-0.03839743137359619,0.8138195107183462,0.6865308880805969,0.23534077,0.1735341604816927
TPD52,-0.03843045234680176,1.2410304600852862,1.0074920654296875,-0.58251894,0.00024112921780751158
ZCCHC3,-0.03847348690032959,0.5166521822785923,0.4297800660133362,0.09925449,0.5705267777716393
NCDN,-0.03848624229431152,0.33765010321519656,0.24523326754570007,-0.2288777,0.18599574539065228
DNM1L,-0.03849804401397705,0.9704458099046788,0.7237058877944946,-0.58513504,0.00022251475177921634
HIGD2A,-0.038522958755493164,0.3813665485464642,0.2816474139690399,0.48833877,0.002917797879316977
TTYH3,-0.03855597972869873,0.745660826021403,0.5697504281997681,-0.066286705,0.705184144550402
MAPK13,-0.03857409954071045,0.5054277618628605,0.41926610469818115,-0.38236824,0.023397490523986816
FHL3,-0.03858470916748047,0.6035781136664118,0.5175420641899109,-0.09621318,0.5824487998862127
ARL6IP1,-0.03861057758331299,0.46452524188352423,0.37195444107055664,0.30783957,0.07201314978653678
YTHDF3,-0.038616299629211426,0.4983884500267781,0.4153960943222046,0.239837,0.1652235982514595
SNRPD2,-0.03862500190734863,0.33170359657308346,0.2601439654827118,-0.45462948,0.0060743100857406146
CRAT,-0.038632750511169434,0.8657426912471251,0.7064546942710876,-0.4209043,0.011806901369437448
RNF181,-0.03863692283630371,0.5385453881357122,0.4472002387046814,-0.5366774,0.0008884757655347416
KTN1,-0.03865969181060791,0.6761191741486433,0.594951331615448,0.25652614,0.13687405938329603
RBM15B,-0.038675785064697266,0.37965425416423537,0.29788893461227417,-0.2111911,0.2232843615131598
CDC42,-0.03874015808105469,0.3948472711898978,0.31621479988098145,0.535372,0.000919627951565457
RPAP1,-0.03874397277832031,0.4081557031856642,0.3314642310142517,0.19549812,0.2603854095194982
CEP41,-0.03884601593017578,0.5331536294510402,0.3974915146827698,-0.46661025,0.004719786622800937
ARL3,-0.038866400718688965,1.0883834517030195,0.8837004899978638,-0.77068275,6.108286431868028e-08
MICOS13,-0.03893280029296875,0.3603112009493197,0.2922704517841339,-0.47783267,0.0036959104693463306
PODXL2,-0.038983821868896484,0.7804465167570347,0.6522954702377319,0.20532444,0.2367066516791106
GCFC2,-0.03906452655792236,0.4506230008772739,0.3325807452201843,-0.2569486,0.13620616585017303
NUP43,-0.0391005277633667,0.4330170206717741,0.33990558981895447,-0.36774793,0.02974900520632937
NCOR2,-0.03921163082122803,0.46892218606239494,0.37156471610069275,-0.2805393,0.10259805224083828
PIP4P2,-0.03922450542449951,0.5928423871282112,0.46866580843925476,-0.56467384,0.00040978615088767544
EFR3A,-0.03923046588897705,0.7227463949529886,0.5624858140945435,-0.25589943,0.13786921392163468
ACOT8,-0.039264559745788574,0.4585231167728342,0.3606715202331543,0.3112096,0.06879503447092851
PATL1,-0.0393601655960083,0.4567394629319006,0.3390621244907379,-0.34709522,0.04106536026552355
ELMOD2,-0.039363861083984375,0.5973728230930215,0.4489542245864868,0.34207898,0.04428235781756534
RPS15A,-0.03937423229217529,0.6053362301422468,0.4830862283706665,-0.37275988,0.027429199490938572
GIGYF2,-0.039380669593811035,0.6337327741129006,0.4492051303386688,0.23077193,0.18227995822080545
HOMER3,-0.039475440979003906,0.4628513496572929,0.3874622881412506,-0.24545631,0.15524384022216658
ACSF2,-0.039489030838012695,0.8343951176421895,0.6877882480621338,0.3385316,0.04667734660025639
AGAP3,-0.039539217948913574,0.5672108952765124,0.4748673141002655,0.44494423,0.00740133058880207
C1orf174,-0.039541006088256836,0.7085381567027877,0.5660740733146667,0.2980936,0.08198433893480594
CTPS1,-0.03956723213195801,1.2847306030733232,1.077222466468811,-0.70180863,2.6324959936902497e-06
PWWP2A,-0.039621591567993164,0.4630692696598464,0.34354183077812195,-0.33697385,0.04776136290741284
CNOT2,-0.03962898254394531,0.5291400128007178,0.368137389421463,-0.2811036,0.10187945007202925
ARSB,-0.039708852767944336,0.4156489121578284,0.31552013754844666,-0.19992168,0.24953928217165142
FBXO22,-0.03975391387939453,0.36565442333673126,0.28854772448539734,0.36922127,0.02905097221652649
MRPS28,-0.03983795642852783,0.5369781611297793,0.4300098419189453,0.49498433,0.0025028661847514145
CCDC9B,-0.039838194847106934,0.4292306899335773,0.3261597156524658,-0.060183458,0.7312745430389926
RNF213,-0.03983891010284424,0.7411751116511766,0.619419276714325,0.6693928,1.0974734722385725e-05
METAP1,-0.03985941410064697,0.5366566084823517,0.4165375232696533,-0.17998439,0.30085092344806186
RNASEH2C,-0.03988766670227051,0.6919342869527314,0.5174590349197388,-0.5951422,0.00016259329945007004
PIN1,-0.039942026138305664,1.0889529070449266,0.9060935378074646,-0.81387025,2.7649145974946845e-09
IDH3A,-0.03995954990386963,0.6502981492475077,0.5088992118835449,0.5612307,0.00045238050692207604
ABI1,-0.04003441333770752,0.6204718108955453,0.4889029264450073,0.24582155,0.15461060719884603
KPNA3,-0.040067315101623535,0.5667697923684956,0.45589515566825867,-0.47134164,0.004261631954579938
HMGB1,-0.04006838798522949,1.164520736722631,0.9634827971458435,-0.543909,0.0007321936868204357
EDC4,-0.04010009765625,0.5728593682044429,0.48457032442092896,0.2739358,0.11129486886856761
MRPL23,-0.040143728256225586,0.49243578627755746,0.40647363662719727,0.24065873,0.16373621651453202
NIT2,-0.04015064239501953,0.6450893875401068,0.542298436164856,-0.14504226,0.40578844807035835
ACTL6A,-0.0401684045791626,0.77889002072368,0.6271654963493347,0.16416872,0.34599932928301685
CNP,-0.04022800922393799,0.5412367771550971,0.45595598220825195,-0.24772099,0.15134789527832773
ARMC10,-0.04025006294250488,0.7556301429769139,0.5882214903831482,0.59034985,0.00018919562164789318
CBX5,-0.04029536247253418,0.9108436509955978,0.7507007122039795,-0.65961874,1.6321922699808894e-05
XYLT2,-0.04031527042388916,0.3839069020533973,0.30764245986938477,-0.15047535,0.3882354378718963
FOXRED1,-0.04032003879547119,0.30294525431142455,0.20596817135810852,-0.08728034,0.6180906139266354
DARS1,-0.04034245014190674,0.6330751651005823,0.5065051317214966,-0.6393059,3.563691897432408e-05
IWS1,-0.04036688804626465,0.39557368353978,0.30604323744773865,0.19199184,0.26920015327915336
FN3K,-0.04037916660308838,0.63741201560279,0.49718040227890015,0.33404714,0.049852671405262394
GTSE1,-0.0403977632522583,0.5479728034190162,0.4403485357761383,-0.33014852,0.052751367525437895
ERAP2,-0.04041242599487305,0.8393738607596295,0.6544385552406311,-0.5354017,0.0009189089809434931
LCP1,-0.040415048599243164,1.1658190077437098,0.9069467782974243,0.35974103,0.03378700544522529
SPARC,-0.040419578552246094,1.042503739036972,0.8357044458389282,0.3296742,0.0531129309155598
ZNF638,-0.04043459892272949,0.4378256097011169,0.34291017055511475,-0.25443777,0.14021088197640028
MRPL19,-0.04050016403198242,0.4366723303785491,0.36619630455970764,0.6391577,3.5832940205256585e-05
LRRC8A,-0.04052305221557617,0.48904089773323006,0.38746753334999084,0.37862346,0.024906154294774108
MLLT1,-0.04052841663360596,0.3671675331693085,0.3038088381290436,0.4743803,0.0039881151098995074
GGCX,-0.04058074951171875,0.5144193888778174,0.41522103548049927,-0.663458,1.3989653778452334e-05
RTN4,-0.040581583976745605,0.7590824772548702,0.6256474852561951,0.55797166,0.0004962755583620583
CHST14,-0.040589213371276855,0.6314299515785848,0.5046908259391785,-0.15381616,0.37766471478423647
CNPY2,-0.040683865547180176,0.582544574055357,0.4744512140750885,0.4969983,0.002387742368526607
ABHD16A,-0.0406874418258667,0.6050764474174437,0.49633920192718506,0.21699636,0.21052312945837418
CD81,-0.040727853775024414,0.6091418920828897,0.481821209192276,-0.23754618,0.16942142476826053
RPS26,-0.040812015533447266,0.3829519640614555,0.2678786516189575,-0.19474612,0.26225960350386196
NDUFB7,-0.040886759757995605,0.46183910124542954,0.35967114567756653,0.032397944,0.8534200460118677
AP2S1,-0.04089212417602539,0.6339165745910575,0.5241634249687195,-0.5884472,0.00020079536559928512
UBLCP1,-0.040906548500061035,0.634028056127128,0.4852416515350342,-0.22950697,0.18475540654730008
EEF1G,-0.04096639156341553,0.6656982918805509,0.5321093797683716,-0.19061771,0.2727073030667657
IGSF8,-0.04109537601470947,0.667827435095743,0.544730007648468,-0.2977965,0.08230422157558094
ACSF3,-0.04110312461853027,0.4633240421081696,0.3597099483013153,0.29215473,0.08856416647724678
PSMA5,-0.04114556312561035,0.6358205626852199,0.49897852540016174,-0.30438477,0.07543327268831494
TWF2,-0.041147470474243164,0.6083439148892725,0.47603777050971985,-0.08074151,0.6447415243564482
MYG1,-0.04126894474029541,0.8743950251044251,0.6554744839668274,-0.55277777,0.0005740825017946709
ERBIN,-0.04128575325012207,0.857746106411606,0.7128913998603821,0.67843527,7.502191772604316e-06
COQ8B,-0.04132962226867676,0.7533340654608733,0.5949428677558899,0.5624963,0.00043628703650295235
HCLS1,-0.04133200645446777,0.6701114264040168,0.57096266746521,0.1210842,0.4883822363257986
RPSA,-0.04143118858337402,0.7827499486483981,0.5869048833847046,-0.47196272,0.004204445056515242
RIN1,-0.04152834415435791,0.461610028655009,0.3565824627876282,0.0532609,0.7612283363355182
MGLL,-0.04157233238220215,0.4050878628449612,0.32483962178230286,0.6341967,4.299232425065991e-05
RBM25,-0.04164755344390869,0.3515064830656963,0.2856450378894806,-0.30755606,0.07228924574116646
NAA50,-0.04168963432312012,0.8223357906895004,0.6236514449119568,-0.37113836,0.028162844100468428
PTPN1,-0.04168999195098877,0.7978268716416456,0.6538112759590149,0.5277596,0.0011212606434355937
UQCR10,-0.041690826416015625,0.6679637083342949,0.5142148733139038,0.06836477,0.6963740461555962
ANXA1,-0.041701316833496094,1.891673341254784,1.6264081001281738,0.7922938,1.4209824090759319e-08
SPECC1,-0.04174542427062988,0.7259852669773641,0.6017836332321167,-0.35918888,0.03408111705066748
NAT14,-0.04179942607879639,0.3866293061981989,0.3103996217250824,-0.29305205,0.08754480502446427
AHNAK2,-0.04184997081756592,0.6688948117984395,0.525841236114502,0.060149074,0.7314221808829575
NUMA1,-0.04187047481536865,0.6486442190452113,0.5328826904296875,-0.040082138,0.8191730454933432
ZMYM4,-0.041884422302246094,0.38617614286866925,0.28645530343055725,-0.58687085,0.0002108830234560286
PLPBP,-0.04196512699127197,0.8619754287930643,0.6852192878723145,0.16082478,0.3560461200493467
VPS72,-0.04198646545410156,0.4928148600752202,0.4194108545780182,-0.31100717,0.06898509527951521
NCBP3,-0.04199182987213135,0.31014816312072235,0.25998905301094055,-0.24398059,0.15782131299121033
YWHAE,-0.04199934005737305,0.9430555403242327,0.7926549315452576,-0.4333652,0.00930620104511463
CIAPIN1,-0.04200470447540283,0.8788985866636396,0.7225624322891235,-0.057128567,0.744447812612455
HSP90AA4P,-0.042041659355163574,0.41219657951575694,0.3381355404853821,0.2507439,0.14625876794661394
RPL29,-0.04206395149230957,0.48463288487082756,0.4006159007549286,-0.021853846,0.9008337833995096
APBB1IP,-0.04224348068237305,0.4311444982763159,0.3379727303981781,0.09071301,0.6042867572298313
ADD1,-0.04227495193481445,0.6595403518175237,0.5616899132728577,-0.6063959,0.00011282132500228926
RABL6,-0.04230189323425293,0.7589564783110467,0.5752147436141968,-0.6283362,5.3099085123854025e-05
PDCD10,-0.04230976104736328,0.6692561631629627,0.5612268447875977,-0.4151894,0.013131237258885445
CTNNBL1,-0.04232525825500488,0.5573067143152656,0.4632645845413208,-0.49988788,0.002230637141939096
PIGK,-0.04234623908996582,0.5278503527712477,0.4326915740966797,0.46015427,0.005413091232111523
CWF19L1,-0.0424426794052124,0.4693762569436058,0.3591746985912323,0.02140265,0.9028714525657155
CNBP,-0.04245615005493164,0.8621213551748872,0.7018170356750488,-0.18418,0.28953344787277785
SRM,-0.04247283935546875,1.4206459686302653,1.1696690320968628,-0.5940586,0.0001682961619697023
DMAP1,-0.04248535633087158,0.454444886726886,0.35256049036979675,0.28208017,0.10064497174256695
ZMYM3,-0.042487382888793945,0.4771741631373475,0.39320674538612366,-0.58619845,0.00021532272046387985
TK1,-0.042516469955444336,0.7050081678012052,0.571921169757843,-0.025803573,0.8830245033579844
ADI1,-0.04262220859527588,0.6221961548383859,0.5127405524253845,-0.11796057,0.4997508464440719
SRP14,-0.042713046073913574,0.5569819959610616,0.4369942843914032,-0.47299555,0.004110814386306896
ARMCX3,-0.04271388053894043,0.4537609504660429,0.3429470658302307,0.22075519,0.20253388049241802
ADGRE5,-0.042716264724731445,1.1384141476560967,0.925670862197876,-0.82680357,9.337364266401873e-10
APPL1,-0.042739033699035645,0.5729715205433245,0.3991328775882721,-0.4413251,0.007957182487034456
MAP1B,-0.0427626371383667,1.6215352755510954,1.3728681802749634,0.087313876,0.6179552735044459
SOD2,-0.04279351234436035,1.0260664973990017,0.7201882600784302,0.32467887,0.05704276229111758
PPM1F,-0.04280722141265869,0.7356555811797673,0.5732663869857788,0.234131,0.17582036616539845
ERI1,-0.042816758155822754,0.4738787454986872,0.3880184590816498,-0.5188389,0.0014062949738679715
TXN2,-0.04283106327056885,0.37973429466076875,0.3206748068332672,0.15807055,0.3644513619947996
PSAP,-0.04287755489349365,1.0010570065807938,0.8092162013053894,0.11664862,0.5045651661640906
TRRAP,-0.04293060302734375,0.3885159395340506,0.2917248606681824,0.19589163,0.25940816835585806
ASH2L,-0.04296422004699707,0.4918535855829095,0.37663349509239197,-0.5260882,0.0011704179195612884
S100A13,-0.0430607795715332,0.9132792385526228,0.7691601514816284,-0.36687276,0.03017009131059363
DMAC2L,-0.04306924343109131,0.4512267141330845,0.36893099546432495,0.26674524,0.1213836308125485
HSD17B11,-0.0430905818939209,0.42323641630074715,0.3271825611591339,-0.24620655,0.15394530095176226
TIPRL,-0.04310882091522217,0.8071153181516529,0.6037057042121887,-0.45880166,0.005568966446479192
SPATS2,-0.04311561584472656,0.4968867234580411,0.3832699954509735,-0.07953484,0.6497087372955838
RILPL1,-0.0431443452835083,0.570629136487293,0.46937957406044006,0.2071163,0.23255044432416014
GSPT2,-0.04314565658569336,0.6710498089332385,0.4748164117336273,-0.3574005,0.03504824198316818
NUP133,-0.04315447807312012,0.4137057440907853,0.30892497301101685,-0.21005091,0.22585127256319285
POLR1G,-0.04318678379058838,0.758440367163169,0.5994914174079895,0.02019108,0.9083457267903543
DCXR,-0.043208956718444824,0.7526401304388176,0.6059938669204712,-0.42211184,0.011542017802793523
RABEPK,-0.043218255043029785,0.4950131338958754,0.38775378465652466,0.5274032,0.0011315888827348167
RNF113A,-0.04323124885559082,0.46236541181627855,0.35591936111450195,-0.25107214,0.14571367613359298
CAPZB,-0.04323887825012207,0.3964006871189106,0.326362282037735,-0.043374907,0.8045937952691438
UFM1,-0.04325556755065918,0.7481136043257497,0.5997579097747803,-0.053962134,0.758177867406706
BRCC3,-0.04328429698944092,0.33127711428027384,0.27932995557785034,-0.024750583,0.8877671718217788
KIDINS220,-0.043320298194885254,0.5185988240397487,0.4054533541202545,-0.15811568,0.36431290138155414
PDXK,-0.043343424797058105,0.7776691388331936,0.5778641700744629,0.044348657,0.8002942466016735
WARS2,-0.043355584144592285,0.401992255438748,0.2858611047267914,0.27035406,0.11623829220631549
C20orf27,-0.043370842933654785,0.6385077869415419,0.48599696159362793,-0.7041378,2.358770882920392e-06
BTAF1,-0.043412089347839355,0.38050600922986183,0.29226070642471313,0.52684844,0.0011478282823511779
SERPINB1,-0.04342043399810791,0.8075505036542923,0.6613012552261353,-0.38421902,0.022680233702634583
MED1,-0.043422698974609375,0.40406466463575696,0.3165503740310669,-0.2734542,0.11195019655704352
ANKZF1,-0.043454647064208984,0.5238250607166939,0.4217604100704193,0.36533406,0.03092234216046913
NAE1,-0.04350733757019043,0.7128620716804261,0.5246564745903015,0.46721938,0.004658514345661542
TCERG1,-0.0435560941696167,0.4513155225486955,0.3783784508705139,-0.5240796,0.0012320013045871376
CCAR2,-0.04358696937561035,0.6651251200873186,0.5246788859367371,-0.6690948,1.1110750637357812e-05
UBE2V1,-0.04359638690948486,0.8691202225594278,0.6224501132965088,-0.41617677,0.012893863194350487
DAZAP1,-0.043628692626953125,0.3720098130908391,0.26935356855392456,-0.5050957,0.00197018376487919
UXT,-0.04369926452636719,0.5141733137079252,0.4093519449234009,0.34445134,0.04273654840746985
POMP,-0.04372560977935791,0.46332306118368427,0.3592097759246826,0.032263324,0.8540229608567602
ZNF185,-0.043840765953063965,1.0380871432737881,0.8784089088439941,0.507809,0.001845344958985826
MTERF4,-0.043884873390197754,0.419397212661118,0.32254478335380554,-0.35692397,0.03530971361730875
MAP2K3,-0.043906331062316895,0.5571502494234267,0.45557886362075806,0.33143848,0.05177766683946069
MPI,-0.04391181468963623,0.37464771014936343,0.2978079915046692,-0.12678349,0.46798738031606507
MRPL49,-0.04392862319946289,0.5060354979280298,0.41513943672180176,0.30463892,0.07517744919513616
CDC42EP4,-0.04397106170654297,0.4835237591062819,0.35821110010147095,-0.021928389,0.9004968336217702
ERAL1,-0.04404044151306152,0.5267856611755196,0.43345749378204346,-0.44335002,0.007641939667206002
CCT8,-0.04405343532562256,0.929885170061648,0.7529814839363098,-0.5785986,0.0002716344680402419
ABHD11,-0.04406118392944336,0.8794303857080329,0.7520076632499695,0.21566257,0.21340937989816344
GLRX,-0.044066667556762695,1.0183271993420084,0.7895557284355164,0.35733283,0.03508529319623965
CDS2,-0.04409372806549072,0.5374230041358954,0.43287450075149536,0.059290938,0.735115683826088
CCDC97,-0.044101834297180176,0.3833300536817043,0.30571430921554565,0.018609839,0.9154965584899882
CDK5RAP3,-0.04410433769226074,0.47833229757101564,0.35916274785995483,-0.18532015,0.2865059869965515
PGK1,-0.0441133975982666,1.277871912216192,1.0089601278305054,-0.67053634,1.046679949924625e-05
ARVCF,-0.044393301010131836,0.6291441615502779,0.42071428894996643,0.35179007,0.038228164529918084
SSRP1,-0.044518232345581055,0.7268362862534936,0.615356981754303,-0.5339364,0.000954999780117228
CNTN1,-0.044524550437927246,0.7464880176177846,0.6117681264877319,0.13243468,0.448217649604997
POU2F1,-0.044614195823669434,0.6108397705663551,0.4983890652656555,-0.38423872,0.022672710142707362
ACTR10,-0.04461658000946045,0.4332242198654636,0.3324972093105316,0.28586492,0.09596778305069469
SNRPA1,-0.04464578628540039,0.33055766106762197,0.2736698091030121,-0.15749557,0.36622076883097376
ARPC3,-0.044690489768981934,0.48710860777720316,0.40990588068962097,0.14805016,0.39601547620507954
ABLIM1,-0.04470944404602051,0.8006101471999527,0.66920405626297,0.32333246,0.05814054514388422
HMGA1,-0.04477107524871826,0.8605773144644456,0.6639432311058044,0.23142144,0.18101791314449975
LAMC2,-0.044771552085876465,0.7802803125186012,0.6170147657394409,0.33749366,0.04739744461964891
AHSA1,-0.04477190971374512,0.9384974577579199,0.7655400633811951,-0.7215485,1.0031593391302184e-06
MRFAP1,-0.04482460021972656,0.621347651376857,0.4832897186279297,-0.15683435,0.36826209470361404
SCO2,-0.04482769966125488,0.5636744160109127,0.46388566493988037,-0.52015936,0.001360452336423084
LAMB1,-0.04492342472076416,0.7642739890629039,0.6211857795715332,0.48641035,0.003048875513094388
SEC22B,-0.04496908187866211,0.7467219319568119,0.588666558265686,-0.3092131,0.07068759327494704
VTI1B,-0.04503524303436279,0.5530238387710646,0.47519177198410034,0.63177806,4.693135673640759e-05
CAB39,-0.04504072666168213,0.4684692336690616,0.3519881069660187,0.039681766,0.8209496165604075
CTSB,-0.045064568519592285,1.588842503145493,1.3279396295547485,-0.6776352,7.763125875280637e-06
RDH14,-0.0450749397277832,0.4240529742819047,0.33504244685173035,0.008300932,0.9622533827993507
DBNL,-0.04509329795837402,0.8515275020581982,0.63148432970047,-0.38454422,0.022556109430674254
DNAJC21,-0.04514133930206299,0.47453304351980186,0.37895527482032776,-0.31001934,0.06991847308466775
HMBS,-0.045199036598205566,0.6761211356392699,0.531764030456543,-0.21448508,0.215980218296156
PPIF,-0.04520118236541748,0.7454000713476295,0.5683659315109253,0.2443364,0.15719719561635084
RPP25L,-0.045221924781799316,0.37929204590038235,0.29920831322669983,-0.047404375,0.786840927097988
SPC25,-0.04531431198120117,0.6562752945884371,0.4898749887943268,0.39673302,0.01829359625399296
TMEM59,-0.045342445373535156,0.7330160350424775,0.5438289642333984,-0.03872633,0.8251935295144509
SLC7A5,-0.04534506797790527,1.274380901972194,0.9605035781860352,0.3924596,0.01970413640681235
AKAP1,-0.045398712158203125,0.5122841485138773,0.3615073561668396,-0.09824522,0.5744707160783372
COMMD4,-0.04545295238494873,0.36673814589800685,0.281811386346817,-0.1920976,0.2689312051891738
GDF15,-0.04547107219696045,0.654995036215574,0.5424460172653198,-0.28675476,0.09489268742487608
TWF1,-0.04553985595703125,0.759319458802354,0.6033003926277161,-0.17105897,0.3258475132704104
DAGLB,-0.04562246799468994,0.6899793524002459,0.5695397853851318,0.5848715,0.00022432930941334334
KIAA2013,-0.04570150375366211,0.5705836970745651,0.44046005606651306,0.2907603,0.0901664685221279
APP,-0.04571866989135742,0.446038457513579,0.326322078704834,-0.121255495,0.4877626414598368
SRSF10,-0.04574990272521973,0.4987799541302877,0.4118864834308624,-0.026143959,0.8814924260099586
PPP1R21,-0.045778632164001465,0.6823138216415929,0.5316861867904663,0.32089326,0.06017175595059524
PPA1,-0.04581093788146973,1.0862530586015244,0.9505933523178101,0.15075792,0.38733490612382104
PPP6R2,-0.04581165313720703,0.3551155893098709,0.2668698728084564,-0.29233965,0.08835337611879257
URI1,-0.045832276344299316,0.5154471524175379,0.3658112585544586,0.015563382,0.9292921286521928
PPP1R10,-0.04595041275024414,0.4614103284397851,0.35910508036613464,-0.34741193,0.040868820477903835
SEC24D,-0.045958638191223145,0.5838790084041401,0.4562472701072693,-0.0650038,0.7106422098071985
PIGT,-0.04599893093109131,0.6617496379682691,0.5492420792579651,-0.63671046,3.921761125442394e-05
TAP2,-0.04600238800048828,0.822610814360455,0.6249327063560486,-0.46875727,0.004506868166945227
ISG20,-0.04604756832122803,0.6716176360703,0.5711301565170288,-0.37316167,0.027249831130310348
SRRM1,-0.046051621437072754,0.45641778055714116,0.3750913441181183,-0.46587878,0.004794278973085469
TSTA3,-0.046068787574768066,0.8181268548325159,0.6518884301185608,0.038610708,0.8257074741302685
SCAF8,-0.04609513282775879,0.6142693353248388,0.45730552077293396,-0.5038586,0.0020295180031895572
LNPEP,-0.04613542556762695,0.7135352995279809,0.5483326315879822,0.23995076,0.1650171665707456
NT5E,-0.04614698886871338,1.8791639504198066,1.5695714950561523,-0.65300995,2.11764713415e-05
PSMC5,-0.046221256256103516,0.5416784254656206,0.3682708144187927,-0.5031385,0.0020647650439411876
FKBP1A,-0.04623973369598389,0.8130298500774767,0.62330561876297,0.3048623,0.07495314193601238
SBF1,-0.04625821113586426,0.47398465645880616,0.3852683901786804,-0.24820073,0.15053164122651277
POF1B,-0.046263813972473145,0.5538786780377936,0.44560861587524414,0.03370511,0.8475739274699203
CPSF3,-0.046297311782836914,0.4431985739950537,0.3397637903690338,-0.6826378,6.258169916448589e-06
WDR70,-0.04642212390899658,0.5715128924750363,0.4330708682537079,0.6018761,0.000130873285389017
SRSF9,-0.046581387519836426,0.5286363090321138,0.4093150794506073,0.0018145172,0.9917462117509362
COLGALT1,-0.04660189151763916,0.9107752974559942,0.7378539443016052,0.10704343,0.5405106890233764
RCOR3,-0.046712398529052734,0.5609744099664095,0.41381117701530457,-0.21174265,0.2220496792877051
ZC3H15,-0.046735405921936035,0.8352355505439322,0.5860718488693237,-0.46179098,0.005229513199996913
PNN,-0.046823978424072266,0.38120553351440917,0.29446300864219666,-0.4510208,0.006542655086712074
NECAP2,-0.046857595443725586,0.8168764722324872,0.59487384557724,-0.17733791,0.3081320086598402
ABCF2,-0.04693150520324707,0.6190879630908732,0.4137769043445587,-0.21843457,0.20744094064928317
TMSB4X,-0.04702293872833252,1.1550007850677333,0.9288817048072815,-0.21677905,0.21099157576909439
SNX3,-0.04702341556549072,0.8170494575682175,0.5307531356811523,-0.29703507,0.08312848745295207
RAB3B,-0.04704749584197998,0.6144729261851507,0.45902910828590393,-0.09685002,0.5799432673591516
CSNK1A1,-0.04707777500152588,0.5478545544112543,0.4553436040878296,0.4654362,0.0048398339671654805
BRD7,-0.04710042476654053,0.4397782373508803,0.3900260329246521,0.29708958,0.08306929893201284
PLEKHA7,-0.04711449146270752,0.6525485465380434,0.5421311855316162,0.7588482,1.2722527243260875e-07
GNPNAT1,-0.04718339443206787,0.6251162897642383,0.4829472005367279,-0.034998715,0.8417964522229556
ZMPSTE24,-0.04730844497680664,0.7305150144889136,0.48930904269218445,0.33384734,0.049998058152096216
ALDH3A1,-0.0473637580871582,1.0031311961900669,0.8173946142196655,0.031030191,0.8595457703589235
ORC3,-0.04740309715270996,0.4055555901117325,0.3492550551891327,0.3154103,0.06494258922265965
LSM7,-0.047452330589294434,0.5089781660519522,0.4333338141441345,-0.46242136,0.005160253551220246
MRPL27,-0.04745805263519287,0.4649416235458741,0.39022788405418396,0.45979124,0.00545456129850811
LTV1,-0.04748857021331787,0.6258749321430307,0.47410446405410767,-0.1272907,0.4661943237507121
S100A14,-0.0476609468460083,1.6263738106842067,1.1877986192703247,0.43843344,0.008426545900591097
SKIV2L,-0.04772055149078369,0.5047358699330415,0.3653064966201782,-0.28384903,0.09843797065752259
TRPM4,-0.047731995582580566,0.8748305360995594,0.7177591323852539,-0.334394,0.049601042804960575
RPL21,-0.04773306846618652,0.47698547790921675,0.3892286419868469,-0.17451683,0.31601491909933105
SPC24,-0.04773557186126709,0.6057264456410408,0.5000672340393066,-0.7389427,3.997950904455951e-07
SLC12A2,-0.04775345325469971,0.8189816896932592,0.585006058216095,-0.17130744,0.3251348119703943
GNL2,-0.04778861999511719,0.5234172589388244,0.42940619587898254,0.19397698,0.2641857524492229
MARCKS,-0.047875046730041504,0.9124062685967307,0.7556232213973999,0.04206431,0.8103890996879249
PIP4K2B,-0.047894954681396484,0.6295480474341029,0.48050373792648315,-0.17150004,0.32458282702940067
ANKHD1,-0.047913312911987305,0.4556471741805017,0.3029388189315796,-0.12584208,0.4713248074795312
MAP4K4,-0.047959208488464355,0.48470273774209865,0.3802225887775421,-0.066497624,0.7042883517066648
RAB18,-0.047966718673706055,0.9491945742444409,0.7166274785995483,0.46831948,0.004549602453536993
TKFC,-0.04796910285949707,0.9276442634588141,0.7467940449714661,0.6713715,1.0109417077379966e-05
SRP72,-0.04810476303100586,0.3566850456994233,0.25724661350250244,-0.38506788,0.022357410834254982
TACC1,-0.04810965061187744,0.7932096970277547,0.6720801591873169,0.35262683,0.03773960491718873
CD2BP2,-0.0481264591217041,0.5024807009146135,0.3930063545703888,-0.36652592,0.030338357221522734
GPX8,-0.04815840721130371,1.141901425544964,0.9458368420600891,-0.8011713,7.422479315107967e-09
SURF1,-0.04816782474517822,0.4377488892909871,0.35413646697998047,0.50951236,0.0017705533689160277
MRPL40,-0.0482252836227417,0.5147387951858334,0.375311940908432,-0.39194134,0.01988121698368143
SIGMAR1,-0.048293471336364746,0.44360437219901305,0.33237481117248535,0.012350671,0.9438621138043459
XPOT,-0.04830121994018555,0.7884717561746817,0.5682941675186157,0.24553442,0.15510831466290714
SFXN2,-0.04831409454345703,0.5159113695631322,0.4101414680480957,0.5435648,0.000739041299789173
SMPDL3B,-0.048372745513916016,0.7806297892170849,0.608657717704773,0.68482536,5.687881459579234e-06
PDP1,-0.048388004302978516,0.8399037894146105,0.6897630095481873,0.66860723,1.1336580638660063e-05
MORF4L2,-0.04847991466522217,0.534379130341925,0.41947686672210693,-0.3697326,0.028811839555134357
IPO5,-0.04848766326904297,1.036990401345895,0.8618931770324707,-0.6493052,2.4437878147652454e-05
YIPF4,-0.0484997034072876,0.6476442241587559,0.49267446994781494,-0.6597289,1.6250370910725546e-05
NOTCH1,-0.04851973056793213,0.437719528433943,0.36551278829574585,0.43865794,0.008389264795983748
TMEM9,-0.04853713512420654,0.4658342275400513,0.3794994354248047,0.35273367,0.03767760474443082
PSME3IP1,-0.0485682487487793,0.42428699387079416,0.28637900948524475,-0.45312873,0.006265464515140191
TRAPPC3,-0.04858136177062988,0.7225758688272085,0.5650621056556702,-0.5974374,0.00015108210223189363
DLAT,-0.04861772060394287,0.6472404415224895,0.4685947895050049,0.119097725,0.4955967506131106
RBM10,-0.04862570762634277,0.4175352897120281,0.3337080180644989,-0.69607055,3.435154692711933e-06
LIMS1,-0.04863142967224121,0.644456177009554,0.5126248598098755,-0.54541487,0.0007028979772874377
PRPF8,-0.04864335060119629,0.3977836966743898,0.3286494016647339,-0.27095068,0.11540360738595887
C1orf122,-0.04867088794708252,0.5149106944529546,0.37966248393058777,-0.2036851,0.2405525565597895
STX12,-0.04879200458526611,0.47776152688797113,0.3836333751678467,0.2250561,0.19365415471104777
ACAT1,-0.04882192611694336,0.7996544702706807,0.6240972876548767,0.2483748,0.1502363514297846
OSTF1,-0.04893290996551514,0.657500619416616,0.5168797373771667,-0.058415793,0.7388880658898285
MTHFD2,-0.0490955114364624,0.6597555174428825,0.4993998408317566,0.09730713,0.5781480014183688
INTS14,-0.04918992519378662,0.2822654063807025,0.2386847585439682,0.41835386,0.012383271348306408
CIAO2B,-0.04929769039154053,0.7282024047703942,0.5382832288742065,-0.30844915,0.07142254548172257
RPL22L1,-0.049426913261413574,0.7468685101981297,0.5572025775909424,-0.4066703,0.015336503613351782
MAD2L1,-0.04955136775970459,0.6623692410462205,0.5392408967018127,-0.5497233,0.0006247289525765711
PELO,-0.04958152770996094,0.4784099540031323,0.34310126304626465,-0.33294708,0.05065737553037846
FAM98B,-0.049645185470581055,0.9015114979722137,0.7218255996704102,-0.58809936,0.00020298355843910104
ARL8B,-0.04964733123779297,0.7920118675185699,0.6383415460586548,0.5033806,0.002052859526830203
ORC1,-0.04970121383666992,0.651635087724554,0.5344033241271973,0.2493569,0.14857807863189884
CTBP1,-0.049722909927368164,0.801133166884163,0.6316066384315491,0.7278635,7.241137576588045e-07
KRT15,-0.04977738857269287,1.44974041621209,1.108846664428711,-0.22221105,0.19949708695262208
RPS11,-0.04978072643280029,0.5300328954348706,0.4292519688606262,-0.1872599,0.28140215243608113
PTBP2,-0.04979121685028076,0.4087040579055597,0.32225629687309265,0.41543266,0.013072406973431096
ELOC,-0.049814462661743164,0.6284414907942382,0.49864500761032104,-0.6321158,4.636227477004339e-05
COX20,-0.0498274564743042,0.9347281168304188,0.7380235195159912,0.70922923,1.8486834177298327e-06
ARPC1A,-0.049871206283569336,0.5980121575063808,0.4954683482646942,0.37703252,0.025570982962720874
UBE2L6,-0.04999649524688721,0.7457426753079249,0.6522871851921082,0.32221192,0.059066753043522435
HMGA2,-0.05007612705230713,1.0938525015620912,0.9284416437149048,-0.058953278,0.736570271305132
OPLAH,-0.050081491470336914,0.47560044409464064,0.38365691900253296,-0.25463313,0.13989617939676963
PROSER2,-0.05012214183807373,0.48416254552585347,0.3941882252693176,0.04359965,0.8036011674051802
RWDD1,-0.05013155937194824,0.3158036722436286,0.23694348335266113,0.0047571436,0.9783626064225984
SDC1,-0.050157785415649414,0.6607052703927239,0.5291529297828674,0.6085464,0.00010504589738539888
TIMELESS,-0.05018723011016846,0.47842568311294176,0.38130033016204834,-0.5328149,0.0009834592057187971
AP3D1,-0.05024516582489014,0.5008351384774089,0.3481791317462921,0.16154027,0.3538818231001111
INA,-0.050282955169677734,0.8635959310626583,0.6978058815002441,0.01936103,0.9120987423187377
MGME1,-0.05029451847076416,0.39604085158950325,0.3112739026546478,0.095052384,0.5870285215213825
COA7,-0.05032217502593994,0.5553234108715412,0.46135494112968445,-0.11784302,0.5001812378557408
MOCS3,-0.050334811210632324,0.5569512019483392,0.46357232332229614,-0.17470653,0.3154806914104794
RAD51AP1,-0.050362229347229004,0.5228542380537019,0.43741050362586975,0.22317663,0.19750042119347797
RPS6KA4,-0.050417542457580566,0.6299937305819686,0.4829549491405487,-0.06699955,0.7021575451738247
SRXN1,-0.05043840408325195,1.1896296528329113,0.9119846820831299,-0.3150695,0.06524868344562076
SOAT1,-0.05044448375701904,0.720431144690957,0.6044313311576843,-0.5226403,0.0012778659085706456
DERA,-0.0504608154296875,0.5542183624859883,0.4367034137248993,0.14925183,0.39214947927757704
QDPR,-0.05053889751434326,0.6660941516750627,0.5190654993057251,-0.59105134,0.00018507318395364025
CADM1,-0.050549983978271484,0.5070397586431858,0.3689258098602295,0.23528865,0.17363238660117283
CSNK2B,-0.05067849159240723,0.4501469021336042,0.3731462359428406,-0.6363253,3.977567221652946e-05
CELF1,-0.05069541931152344,0.6802198802402164,0.5519765615463257,-0.43175787,0.00960098970887796
TRIP11,-0.05073845386505127,0.5984568251634378,0.46242478489875793,-0.32309103,0.0583391163165925
KNSTRN,-0.05073904991149902,0.3944311675988553,0.31613829731941223,0.09580232,0.5840680833125977
MT-ATP8,-0.051023125648498535,0.5123778604714703,0.39883455634117126,0.18054663,0.299318058882043
ERO1A,-0.05103123188018799,0.7449443811738434,0.6066859364509583,-0.5800187,0.0002602073767300896
MYO18A,-0.05105090141296387,0.5074180831943703,0.4492364525794983,0.1767422,0.3097861056363342
MYO1D,-0.05115711688995361,0.5849418063848452,0.4374186396598816,0.2048204,0.23788462005346686
SNX9,-0.051193952560424805,0.5371415284676264,0.41919878125190735,-0.043320395,0.8048344936032771
MTCH1,-0.05128824710845947,0.46567009957048716,0.38957294821739197,0.20863813,0.22905976730014804
FAHD2A,-0.0513148307800293,0.6411773347488525,0.5120865702629089,0.187972,0.2795435352159542
MRPS18C,-0.05138707160949707,0.371760882971901,0.2978595495223999,0.070044376,0.6892813655249881
LTA4H,-0.05141103267669678,0.6699026566576466,0.5033333897590637,-0.04472919,0.7986157768189116
EXOC8,-0.0514223575592041,0.6179810022424752,0.40759220719337463,-0.48548135,0.0031138302323321272
RNASET2,-0.05149185657501221,0.8740630924030542,0.689338743686676,0.1322921,0.44871078455759905
PPP1R13L,-0.05151939392089844,1.1165531197983192,0.9230107069015503,-0.6653422,1.2959621695406241e-05
DCAF8,-0.051544904708862305,0.4754742250305917,0.36503779888153076,0.4777342,0.0037039800293894682
UBQLN2,-0.051575660705566406,0.9016893995020048,0.7307520508766174,0.15305796,0.3800490464359913
ECH1,-0.05158078670501709,1.1412186318940667,0.8675457239151001,0.5485787,0.0006447057585508247
HPCAL1,-0.05159413814544678,0.4633295738401592,0.3684353828430176,0.29670882,0.08348365311084675
PCBP1,-0.051614999771118164,0.6353413714422094,0.4970480799674988,-0.22909443,0.1855679324335912
NRP1,-0.05168604850769043,0.7355296614583121,0.5952985882759094,-0.28920954,0.0919742236642347
OCLN,-0.0517350435256958,0.8769370164644905,0.7453373074531555,-0.4272651,0.010467418677272732
PXN,-0.05176568031311035,1.015984808935904,0.8465223908424377,0.68817335,4.906337387851062e-06
ZMYND8,-0.051781654357910156,0.5103938298728401,0.37052562832832336,-0.44033897,0.008114669455502658
ASCC2,-0.051839232444763184,0.49671388149125517,0.36757442355155945,0.09169057,0.6003801006634691
EPRS1,-0.05192530155181885,0.5852519538957586,0.4760967195034027,-0.17913754,0.30316854916400376
PPWD1,-0.051953792572021484,0.3244244256336613,0.26206666231155396,0.023879383,0.8916939343433734
MGMT,-0.05201280117034912,0.5849071089443808,0.41615986824035645,0.019283254,0.9124502634575675
NIBAN1,-0.052060842514038086,0.9470945538081174,0.7234615087509155,-0.60170835,0.00013158992374027114
NUP37,-0.05209147930145264,0.363156061239237,0.2990197539329529,0.12777188,0.46449692142189164
APLP2,-0.05213916301727295,0.8648344196205671,0.6845736503601074,-0.7113067,1.6712562619866213e-06
TRMT1,-0.05216646194458008,0.7691437573463586,0.6617401242256165,0.20658398,0.23378006018459965
HS1BP3,-0.05226242542266846,0.36135785779536767,0.2923011779785156,-0.5418854,0.0007732639400788683
MGAT1,-0.052286386489868164,0.7370238318685618,0.623248279094696,0.7794167,3.4550766667722995e-08
RNPEP,-0.05228757858276367,0.8079032714137248,0.5661659240722656,0.3775902,0.025336302895498798
YWHAG,-0.05237579345703125,0.7521404082672823,0.6367478370666504,-0.64252275,3.161023822428315e-05
GRSF1,-0.052437424659729004,0.5614454663087426,0.46609556674957275,0.44282192,0.007723104450919723
HSP90AB4P,-0.05247783660888672,0.348082056632854,0.28273484110832214,0.31409547,0.066129647261801
SGTB,-0.05262410640716553,0.41000192554533443,0.3261542320251465,-0.40954375,0.014560336279008596
ETFB,-0.05264914035797119,1.1039958617816987,0.9250603914260864,0.7968326,1.023567656899968e-08
ACSS1,-0.05267226696014404,0.5693875742506811,0.4557272493839264,0.11155677,0.5234695275155465
CD2AP,-0.05267751216888428,0.8852162003311594,0.6991397142410278,-0.0003086757,0.9985960573707893
CHMP1A,-0.05275928974151611,0.5029875490551141,0.40054187178611755,0.20540483,0.23651895376065976
UNC45A,-0.05282723903656006,0.5584171789706158,0.39878004789352417,-0.0912437,0.6021643775253288
MED17,-0.05283546447753906,0.4104578997946253,0.33073315024375916,0.035950758,0.8375490439516493
MDP1,-0.052860260009765625,0.5575818586765656,0.464101642370224,-0.6181496,7.587590251715595e-05
PSMD13,-0.05287182331085205,0.5831653120247384,0.4123339354991913,-0.4490822,0.006806816618836146
PLSCR3,-0.0529247522354126,0.6274719705818663,0.5201659202575684,-0.63685375,3.901175039525841e-05
APIP,-0.0529332160949707,0.5624879464871346,0.46934378147125244,-0.63737,3.8278076273231256e-05
MIPEP,-0.05306041240692139,0.6023201567980668,0.5133471488952637,0.28644153,0.09527001938697176
FNDC3A,-0.05306065082550049,0.45753938190139987,0.37005969882011414,-0.38658944,0.021788345355815426
SET,-0.0530853271484375,0.555666100577051,0.42498746514320374,-0.3920048,0.019859479411612722
MBLAC2,-0.05335843563079834,0.4546556763146866,0.3375259339809418,-0.19084929,0.2721140562141901
U2AF2,-0.05337882041931152,0.3709059993220131,0.31980761885643005,-0.49656743,0.002411973685143427
IRF2BP2,-0.05348491668701172,0.5691887745489542,0.45941150188446045,-0.5343249,0.0009453111174790536
GATD1,-0.05352604389190674,0.47440060391894234,0.3779827654361725,-0.15328427,0.37933631082977964
FLOT2,-0.05359005928039551,0.5619293338104628,0.45203110575675964,-0.17395735,0.31759304330660104
ARG2,-0.05368638038635254,0.7052207020661443,0.5649353861808777,-0.38409817,0.02272651482307866
GNB4,-0.05382037162780762,0.4633091028856478,0.3681718409061432,-0.2046398,0.23830767515060752
XRCC6,-0.05385422706604004,0.5506385997257499,0.48511964082717896,-0.655637,1.9108568532485552e-05
DIDO1,-0.05387008190155029,0.460598837369577,0.3521673381328583,-0.39918733,0.01752232024639418
ZNF830,-0.0539097785949707,0.4678978963463037,0.35832110047340393,-0.08701415,0.619166551837402
RBM22,-0.05391252040863037,0.31155140670494913,0.22915126383304596,-0.088000625,0.6151832846950794
THOC2,-0.05398869514465332,0.3239149600715095,0.2650712728500366,-0.22702396,0.18968340822552365
NFYB,-0.054116010665893555,0.511290363639734,0.39944732189178467,0.52231234,0.0012885197370459051
AK4,-0.054135799407958984,0.8581468649660404,0.667831301689148,-0.53778154,0.0008628574062245134
TRPV2,-0.05419600009918213,0.6000699687930408,0.4330020546913147,-0.5165768,0.001487987993206111
MOV10,-0.0542750358581543,0.39833125399534963,0.33027321100234985,-0.3359506,0.048484390913745005
SLTM,-0.054293155670166016,0.35967925916522914,0.29042449593544006,0.26032877,0.13094859603866785
TGFB1,-0.05440092086791992,0.455067286546512,0.38088223338127136,-0.059191957,0.7355418994141478
CUTA,-0.054526329040527344,0.9334594438423623,0.7877210378646851,-0.463869,0.005004194110450945
CENPC,-0.05452835559844971,0.6240300997526181,0.4811880886554718,0.31561816,0.06475642604981428
APEH,-0.05467712879180908,0.884805067922123,0.6883265376091003,-0.15327,0.379381326191694
SIGIRR,-0.0546870231628418,0.617365823407587,0.4867679476737976,0.51828367,0.0014259741256810652
FHL2,-0.0546954870223999,0.9332738990819912,0.777277946472168,-0.7031369,2.473040276292215e-06
IL1RAP,-0.05473792552947998,0.3929108305882307,0.31844818592071533,0.15256731,0.38159656186523183
PKP4,-0.0547868013381958,0.3820480967046534,0.3039570748806,-0.5410287,0.0007912542459775945
PHF2,-0.05497455596923828,0.5534289144736413,0.48194050788879395,0.29532775,0.08499996818576289
PDCD2,-0.05502164363861084,0.4514634977531461,0.39451783895492554,-0.31961852,0.061255471760781714
NFXL1,-0.055170297622680664,0.47220493870159613,0.3412623405456543,0.18838865,0.27845969624288786
NME2,-0.055170416831970215,0.6416683771886774,0.5006459951400757,-0.37466308,0.026588177883902858
MRPS11,-0.05517709255218506,0.5192333600734944,0.41111597418785095,-0.26323485,0.126549728088348
UFL1,-0.055199503898620605,0.528111217251215,0.44813358783721924,0.7666304,7.890661167013704e-08
EMC6,-0.05521702766418457,0.43816714849998145,0.3492301404476166,-0.16810247,0.3344033815648243
RBBP6,-0.0552593469619751,0.415665205824966,0.3335605263710022,-0.1826973,0.2935012853981771
CD47,-0.055381178855895996,0.9080985716658249,0.7159315943717957,0.13340612,0.44486547855499375
PPP2R1B,-0.05539560317993164,0.552484678340794,0.44923481345176697,-0.056479402,0.7472562152520907
SPTBN1,-0.05540657043457031,0.6310411551561504,0.5214270353317261,0.25322482,0.14217619987751665
OAT,-0.05542302131652832,0.7830177525350652,0.582097589969635,0.50226897,0.002108042383166094
COL12A1,-0.05552542209625244,0.9223168817322868,0.6462132930755615,-0.20969051,0.22666678575096605
SNX5,-0.055602073669433594,0.762017880905796,0.5296047925949097,0.15513015,0.37355414723907054
TRIP12,-0.05568432807922363,0.3657401351928169,0.28434839844703674,0.1758605,0.31224455965639697
COTL1,-0.0557403564453125,1.0662334707394348,0.8400570750236511,-0.3670955,0.03006248081977925
XRN2,-0.055878400802612305,0.3621659128768164,0.2867709696292877,-0.0929153,0.5955007844777286
DDB1,-0.05588889122009277,0.4659581810079632,0.3614136874675751,-0.6052907,0.00011701577671557127
COPS7B,-0.05591738224029541,0.4723777581079117,0.36031001806259155,0.6478979,2.5791546598043338e-05
SEC23B,-0.05591940879821777,0.5696587146511308,0.418849378824234,-0.0072556436,0.9670035639284172
HAUS1,-0.05594360828399658,0.3876489376130314,0.3233051896095276,0.28421092,0.09799097375312776
D2HGDH,-0.055968403816223145,0.47305898611502695,0.4053526222705841,0.04017975,0.8187398822834433
ZC3HC1,-0.056017160415649414,0.4729579876676176,0.3669638931751251,-0.024644597,0.888244714250318
ASL,-0.05605924129486084,0.5564132761545115,0.4533770978450775,0.65191644,2.2095355483422705e-05
BCAR1,-0.0560908317565918,0.31958639606382594,0.22683407366275787,0.3271933,0.05503685024449213
CHD4,-0.05609738826751709,0.6555135772980795,0.5431896448135376,0.51740694,0.001457535997853564
EMD,-0.056142449378967285,0.6322645947245165,0.5164029598236084,0.27845073,0.10529099528532938
IDH3B,-0.056311845779418945,0.6216307423961333,0.5065473914146423,0.48586437,0.003086905609428375
RWDD4,-0.05635392665863037,0.3940881185651813,0.3154744505882263,-0.006045617,0.9725043883419832
PTGFRN,-0.056363463401794434,0.945232419491905,0.7710345387458801,0.5094742,0.0017721986765474485
LMAN2L,-0.05638110637664795,0.7928691106123777,0.6713963747024536,-0.4269126,0.010538141497444057
FKBP5,-0.056484341621398926,0.4592044870680303,0.3897017240524292,-0.63872534,3.641113434960333e-05
AMFR,-0.05654752254486084,0.6797598657779464,0.5754003524780273,0.300778,0.07913714010268091
TMA16,-0.05657470226287842,0.4829705087808051,0.37294483184814453,0.17063761,0.3270586511755649
MAP7D1,-0.056580543518066406,0.6654532958809315,0.5243838429450989,-0.19236961,0.26824116649279367
DCUN1D5,-0.056600093841552734,0.61636971968596,0.5016521215438843,-0.37413928,0.02681748861660802
BZW2,-0.05660712718963623,0.8285919528389953,0.6730179786682129,-0.3287623,0.05381379202436417
BCR,-0.056668996810913086,0.4212154424908104,0.3507324457168579,-0.16979398,0.3294916899972116
TGOLN2,-0.05667722225189209,0.8045567156239193,0.6034436225891113,-0.18211006,0.2950822960057956
RPL37A,-0.05688762664794922,0.4400446322952539,0.3352051377296448,-0.35905612,0.034152176835161537
NECTIN1,-0.05688881874084473,0.5712026416588586,0.4504736363887787,-0.3160922,0.0643334717558425
RANBP10,-0.05690348148345947,0.3825669376855663,0.29528385400772095,0.3967719,0.01828116635519604
MRM1,-0.05691516399383545,0.5121775019509496,0.4532819092273712,0.10535576,0.5469499403600729
PPP6C,-0.05692291259765625,0.7414169728797033,0.4736610949039459,-0.27483198,0.110083066244135
CIP2A,-0.0570605993270874,0.38402701419565094,0.30885592103004456,0.07264326,0.6783584162222338
ABI2,-0.057108283042907715,0.7063207059254771,0.5565073490142822,-0.45427626,0.006118829355050005
MAGED1,-0.05713486671447754,0.5179882799612218,0.3959560692310333,-0.07175683,0.6820769704813131
NDUFA13,-0.05719447135925293,0.6185898602491755,0.5094074606895447,-0.34372187,0.04320713789691577
FOXK2,-0.05719649791717529,0.4951131395403974,0.3840700685977936,-0.547139,0.0006706365189881806
GMEB2,-0.05723309516906738,0.4130684057533007,0.30643782019615173,0.18443811,0.28884633021305794
RIDA,-0.05723714828491211,0.7003571178380418,0.47420448064804077,0.10726698,0.5396601196534098
SCG2,-0.05724453926086426,0.5020424136295736,0.3701765835285187,-0.10948089,0.5312747654350938
TRMT6,-0.05724799633026123,0.5578434313150861,0.44383108615875244,-0.57879156,0.0002700556446979873
SELENOF,-0.057367920875549316,0.6290895420028663,0.5067179203033447,0.41495967,0.013186986256593721
TP53I11,-0.05748581886291504,0.8006908830966216,0.6142678260803223,0.10379308,0.5529446149873974
TMEM65,-0.05749642848968506,0.5971226023848872,0.4544280469417572,-0.011982445,0.9455333538835015
PRDX6,-0.05749797821044922,1.0013591351602928,0.8150508403778076,-0.29474863,0.08564209651558242
RAB8B,-0.0575106143951416,0.6308220536379638,0.48278117179870605,-0.43063602,0.00981142004249354
MYL9,-0.05754685401916504,0.8650655474110598,0.6499045491218567,-0.37636703,0.025853356773901676
GPAT3,-0.057650089263916016,0.6963837333190459,0.560286819934845,0.087869935,0.6157107200973176
RPS28,-0.05768394470214844,0.6635848403091817,0.49919259548187256,-0.34793815,0.04054379968340587
TMX4,-0.05771756172180176,0.6287515106334702,0.45972955226898193,0.44451547,0.007465402655420345
POFUT1,-0.05774378776550293,0.5931213966477238,0.45387572050094604,-0.49290875,0.002626554978578087
TRIM3,-0.05775642395019531,0.5203638217576693,0.384406179189682,0.485873,0.0030863045817056812
EDIL3,-0.05779719352722168,0.7531989935777558,0.5190814137458801,0.07776757,0.657010704269575
C1orf131,-0.05784118175506592,0.46594185513073505,0.38000425696372986,0.084815696,0.62808215767036
SUN2,-0.05795419216156006,0.6662047221202232,0.49495071172714233,0.22151798,0.20093864190221714
PEF1,-0.05836355686187744,0.5324321104928394,0.40348511934280396,-0.3180176,0.06263811185874359
C2CD5,-0.058418989181518555,0.48499232608092235,0.3820246160030365,0.14000662,0.4224535699437768
PGAM5,-0.05842089653015137,0.4909770401123696,0.40960460901260376,0.2596868,0.13193535103104526
SPART,-0.05847203731536865,0.568209913599526,0.46372270584106445,0.15766725,0.36569194385676723
SRP68,-0.05849862098693848,0.4739629951359572,0.3203214406967163,-0.4664645,0.004734541804163863
VPS25,-0.058583855628967285,0.5515979636573134,0.43133464455604553,0.29344195,0.08710464589545065
GALNT7,-0.05858933925628662,0.5475278499783574,0.4258408546447754,-0.5162782,0.001499073171072378
DLG3,-0.05875658988952637,0.554051289582161,0.44765016436576843,-0.318642,0.062095913279788105
RBM15,-0.058907151222229004,0.36056094818918627,0.2887071967124939,-0.13931526,0.42477121856443323
RBM19,-0.05891859531402588,0.45884676554582093,0.3742547929286957,0.03233482,0.8537028189338212
ZNF512,-0.05893814563751221,0.7150036158837073,0.544840931892395,0.82235426,1.369832092211565e-09
EPN1,-0.05895388126373291,0.5029778318601404,0.3732585906982422,-0.3823219,0.023415699449590936
KLC2,-0.058959364891052246,0.6736955374041759,0.548994779586792,-0.17320368,0.31972672804684743
COMMD2,-0.05897510051727295,0.6317537894050399,0.40072062611579895,-0.40505052,0.015789147888262352
CCDC50,-0.05897843837738037,0.543076291857783,0.4673338234424591,-0.14284939,0.4129990267615297
HMOX1,-0.058995962142944336,0.9905355322837,0.790867030620575,0.33112058,0.05201628609492599
CC2D1B,-0.05903363227844238,0.41914348761300024,0.3186383545398712,-0.21968639,0.20478382940569975
FABP5,-0.059054017066955566,1.209557220373348,1.0447964668273926,0.57700443,0.0002849941253659275
NSUN4,-0.059102535247802734,0.46077309925609783,0.35749849677085876,0.57286626,0.0003224515850197897
ISY1,-0.05916094779968262,0.433763264692346,0.3467805087566376,-0.702083,2.598816101539107e-06
BRK1,-0.05922901630401611,0.4324468445223808,0.31716057658195496,-0.04261746,0.8079419727282241
CA2,-0.059235334396362305,0.9529988564987767,0.6919858455657959,-0.530192,0.001052966888425259
CHP1,-0.059301137924194336,1.0594110465879754,0.8703107833862305,0.8024056,6.7642822461778515e-09
NMNAT1,-0.059337496757507324,0.5552593024108812,0.42452090978622437,-0.508992,0.0017931173639039863
UQCRFS1,-0.05935239791870117,0.6980389919593706,0.5717276334762573,0.56548685,0.00040026551354693264
HNRNPA3,-0.05935359001159668,0.4432829232196068,0.34401679039001465,0.031161357,0.8589581484265992
MTFP1,-0.05935966968536377,0.5214779171204482,0.42714378237724304,0.73512864,4.921205229192553e-07
EFHD2,-0.05941760540008545,0.6262554434198999,0.4764411449432373,-0.032437753,0.8532418549417349
STIM2,-0.059418678283691406,0.4317503914712568,0.33826944231987,0.2466309,0.1532142028847792
UQCRQ,-0.059440016746520996,0.6280906079494272,0.5263248085975647,0.66351944,1.3954953942395073e-05
RAD23A,-0.05944490432739258,0.6928787069729063,0.5333856344223022,-0.32715198,0.05506929728744032
BORCS5,-0.05947136878967285,0.48384446653477986,0.3564346432685852,0.0035161637,0.9840061540957377
FAM83B,-0.059606194496154785,0.5340131538410505,0.41440385580062866,-0.2102775,0.22533946487990128
TGFBI,-0.05963611602783203,0.4156428534036194,0.32802748680114746,-0.055158664,0.7529808749959034
PCF11,-0.05967509746551514,0.46816073572841194,0.3576359152793884,-0.03750394,0.8306300815263551
PLD3,-0.059731125831604004,0.8515625,0.5768179297447205,-0.07178554,0.6819563364195808
PRKAR1B,-0.059739112854003906,0.4204185564750387,0.3247727155685425,0.42897317,0.010130520350355303
KRT10,-0.059755563735961914,0.5137796615242844,0.40157949924468994,0.4974852,0.0023606156363517867
CIAO2A,-0.05985677242279053,0.5196498362644172,0.41159406304359436,-0.2984033,0.08165187430302608
TOE1,-0.05991995334625244,0.46138554150349986,0.37665045261383057,0.059131313,0.7358033158312465
SHC1,-0.05993199348449707,0.6144875247005581,0.479436993598938,0.36477035,0.03120169201079451
GALT,-0.0599970817565918,0.4199294865827688,0.34045273065567017,0.482353,0.0033414908647328516
CPQ,-0.06007266044616699,0.856843862155626,0.6607307195663452,-0.40528753,0.01572223228416346
CCDC93,-0.06007587909698486,0.5815979029207058,0.4518936574459076,-0.038827643,0.8247432244049695
RPL36A,-0.060076117515563965,0.4040755066692223,0.31497922539711,-0.14437003,0.4079911950000785
PLRG1,-0.06008005142211914,0.4614630305680478,0.35262271761894226,-0.08091876,0.6440130682255096
PYGL,-0.060114264488220215,0.5415958364344265,0.40149927139282227,0.39392686,0.01920997531821606
FUT8,-0.060150742530822754,0.804711721111314,0.64549720287323,-0.3510957,0.038637497093484414
CGGBP1,-0.060315847396850586,0.6044495156160538,0.49074575304985046,0.31258628,0.06751319241806102
KANK1,-0.06044661998748779,0.49588125288501717,0.41851022839546204,0.13813043,0.4287592152290953
DDX60,-0.060486674308776855,0.3504672792721016,0.28874337673187256,-0.23526907,0.17366917552246608
GATB,-0.06056702136993408,0.47527785769993963,0.34929168224334717,0.33836538,0.04679212349748384
TJP2,-0.060656189918518066,0.722717488761379,0.5496252179145813,-0.26859406,0.11872683945056475
CYCS,-0.06084096431732178,0.5875313253370705,0.4329987168312073,0.21085173,0.22404638659120965
HSPA13,-0.06085681915283203,0.43282127302622364,0.34071409702301025,0.28199935,0.10074670817073385
KRT16,-0.060881972312927246,1.3842120227505998,1.1216973066329956,0.23679447,0.17081540408945095
SIPA1L3,-0.06088554859161377,0.4512442163376788,0.35389313101768494,0.062867686,0.7197613842634614
SLFN5,-0.0610651969909668,0.6034517470445534,0.4834756553173065,0.5890477,0.00019706777834306046
PPIA,-0.06110429763793945,1.127292998315526,0.9164121150970459,-0.47367555,0.0040501613144518145
LMNB2,-0.06111705303192139,0.5239882063139053,0.39215201139450073,0.007179736,0.9673487126441308
EIF5B,-0.06111955642700195,0.7061580091673059,0.5169323086738586,0.15485951,0.37439855873066247
POLB,-0.06124389171600342,0.4341843680722797,0.32186147570610046,-0.048528098,0.7819087491557948
CYRIB,-0.06128835678100586,0.5644928809292297,0.4205065071582794,-0.18162298,0.2963978270441509
MRPL3,-0.06139242649078369,0.3999869381738914,0.3205251693725586,-0.55629635,0.0005202814983059073
CYB5R3,-0.06139779090881348,0.6854529031104789,0.5412981510162354,-0.2234011,0.19703826312160463
LNPK,-0.061504244804382324,0.5378340392867118,0.42257943749427795,-0.10192673,0.5601440194317119
CDK9,-0.06155681610107422,0.3607110811958523,0.2868349254131317,0.06848737,0.6958551973366746
PAFAH1B1,-0.061557888984680176,0.6836895248895027,0.5108944177627563,-0.3525638,0.037776179466766625
SEPTIN10,-0.061600327491760254,0.7029078466144322,0.6001661419868469,-0.617775,7.686010228109286e-05
DNAJC1,-0.06166887283325195,0.850092011969254,0.6734875440597534,0.5615238,0.0004486068563599874
SMARCA5,-0.061682701110839844,0.611929868511637,0.5009085536003113,-0.011607174,0.9472367498960373
SCO1,-0.06175553798675537,0.7446353899564033,0.6368265748023987,-0.56057894,0.0004608716274881444
TNPO3,-0.06189107894897461,0.4018295112838414,0.30263713002204895,0.15267287,0.3812631364726701
NDUFAF4,-0.061898112297058105,0.47573453864944465,0.39094415307044983,-0.26949453,0.11744864561113269
GIT2,-0.06211566925048828,0.39421954919565466,0.2928552031517029,0.2417339,0.16180464862842814
RPS21,-0.06214249134063721,0.8266515038494325,0.6590074300765991,-0.28872722,0.09254212988716072
NUDCD1,-0.06222689151763916,0.6505920281607539,0.4921686351299286,-0.4389174,0.008346380616137556
DDX21,-0.06227672100067139,0.7725573840015494,0.6385221481323242,0.22026251,0.20356888159101494
DDX5,-0.06229662895202637,0.5669943288775147,0.45346054434776306,-0.680546,6.851715037117897e-06
BRD8,-0.062348246574401855,0.4929853814367995,0.4114454388618469,-0.047366988,0.7870053699861111
METTL7B,-0.06238865852355957,0.46207588055066556,0.33304619789123535,0.2915107,0.08930148635522651
BST2,-0.06239628791809082,1.0527501715499388,0.8316746354103088,0.40080896,0.017027780616877222
ALDH1L2,-0.062404751777648926,0.9230294838202102,0.6749961376190186,-0.6972337,3.2563634732309887e-06
M6PR,-0.06244218349456787,0.57419586136023,0.4772045612335205,-0.5762079,0.0002918866990740932
DDX3X,-0.0624467134475708,0.7068237716837914,0.5862058401107788,-0.40148973,0.01682366463415943
WASL,-0.06250286102294922,0.6723750272014362,0.49597057700157166,0.3858078,0.022079183320853846
SELENOO,-0.062552809715271,0.4868507181853198,0.4013427197933197,0.3677453,0.02975025990928888
HSPBP1,-0.06255292892456055,0.846253354842102,0.7043034434318542,0.4653768,0.004845973909543625
TSC22D4,-0.06274473667144775,0.5754716918356382,0.43342652916908264,-0.33342493,0.0503065157070338
UPP1,-0.06274998188018799,0.6887491322423658,0.5584462881088257,-0.6154069,8.335332845741133e-05
ANKFY1,-0.0628122091293335,0.5416397460947976,0.4054395854473114,-0.18103263,0.29799718381041523
TRIM24,-0.06294691562652588,0.7631001783828417,0.6170669198036194,-0.7718966,5.6516687117385246e-08
MYH10,-0.06294822692871094,0.8766310000386304,0.7151084542274475,-0.55275023,0.0005745223306865211
MLF2,-0.06299161911010742,0.6475590420098523,0.46715736389160156,-0.38599983,0.022007430249863732
L2HGDH,-0.06306087970733643,0.4938844461524901,0.38483190536499023,-0.18963972,0.2752214884287225
SACM1L,-0.06308126449584961,0.46672630574687735,0.3910239040851593,-0.35442558,0.036706469224881653
TBL3,-0.06311452388763428,0.4964038450418774,0.4227100908756256,-0.04133471,0.8136194772752923
HSPB8,-0.06315982341766357,0.6319699270632352,0.5194763541221619,0.2133222,0.21853983653219922
RPL5,-0.06317758560180664,0.47801878690610605,0.38134050369262695,-0.2694003,0.11758183528673005
NMT1,-0.06318068504333496,0.81118995250305,0.5552143454551697,-0.29610166,0.08414766191463295
STAG2,-0.06335747241973877,0.6050890316358863,0.47911393642425537,-0.5689924,0.0003614310098139644
UBA5,-0.063376784324646,0.5438792053266985,0.4591861069202423,-0.47157228,0.004240314679726528
SUOX,-0.06341826915740967,0.7487124278555798,0.5743428468704224,0.0993707,0.5700733593379101
TBC1D9B,-0.06350898742675781,0.5879610596092278,0.4779976010322571,0.16608478,0.3403210500581557
RPS27L,-0.06356418132781982,0.5967271851460088,0.45978209376335144,0.34108472,0.044943400511205815
ARMCX4,-0.06362402439117432,0.4521782125799171,0.3593440353870392,-0.35065848,0.038897070653321535
SMARCC2,-0.06364750862121582,0.538970911842355,0.4188390374183655,0.2685607,0.11877441662597304
SNRNP200,-0.06373000144958496,0.34175645861770076,0.28270676732063293,-0.44155616,0.007920646568045175
ZC3H4,-0.06374251842498779,0.47955545602350985,0.34184983372688293,-0.35634726,0.035628175737799014
PLCB4,-0.06374537944793701,0.6779820322255306,0.539608895778656,-0.19584331,0.25952793561725973
DBR1,-0.06378746032714844,0.5395765755818125,0.45363080501556396,-0.71007526,1.7744461049155334e-06
NFU1,-0.06385493278503418,0.6346790195952222,0.5056816339492798,0.37077484,0.0283294890557437
STUB1,-0.06394755840301514,0.5577957214909458,0.4341331720352173,-0.06508397,0.7103004720926438
MVK,-0.06411826610565186,0.37945108470874805,0.2899327278137207,0.16066468,0.356531487785134
HLTF,-0.06411981582641602,0.5331135209917215,0.4473259150981903,0.09642024,0.5816335745072401
OCIAD1,-0.06418406963348389,0.6682819502200047,0.4957520067691803,0.7093883,1.8345160993127259e-06
COL5A1,-0.0641939640045166,0.7901119014702539,0.5477050542831421,0.11545423,0.5089687719912944
SARS2,-0.0642857551574707,0.49766898685367145,0.367429256439209,0.25801596,0.13452940898253676
ZFC3H1,-0.06438255310058594,0.490708232307062,0.41019943356513977,0.4531182,0.0062668186854581195
MAP3K20,-0.06439387798309326,0.42987547144152677,0.3036534786224365,-0.36389643,0.031638977675700675
MRE11,-0.06440675258636475,0.5527510893218764,0.4586470425128937,-0.42067435,0.011857919773286534
PTPA,-0.06442928314208984,0.7767611289870777,0.5662256479263306,-0.4399899,0.008171047991722268
HEBP2,-0.06443607807159424,0.7922954613668878,0.5977048277854919,0.016342355,0.9257623342189214
MTERF3,-0.06447756290435791,0.5834047381658192,0.4406728148460388,0.60079443,0.00013556013631602518
SUMO2,-0.06451642513275146,1.0958718562637477,0.8195090293884277,0.5536149,0.0005608542307401037
EMC10,-0.06452465057373047,0.5550951467181957,0.4553670883178711,0.0025416538,0.9884385954148274
AP2A2,-0.06454062461853027,0.3774041950788665,0.29617610573768616,0.36728632,0.02997050196141669
HSD17B7,-0.06492352485656738,0.5031732358378368,0.41265833377838135,-0.033441216,0.8487537136307326
SIRT5,-0.06501483917236328,0.4464292744222283,0.36546385288238525,0.1133362,0.5168239778560976
TMEM245,-0.06501603126525879,0.920229882513432,0.7377405166625977,0.64276916,3.131962835119498e-05
WDR74,-0.06502604484558105,0.6331857592997724,0.4868389666080475,0.069792524,0.690343375097468
RABL3,-0.06503534317016602,0.4693396832859962,0.36973416805267334,0.51576495,0.0015183053988201173
URB2,-0.06524157524108887,0.3128215685014868,0.24345280230045319,-0.18453446,0.2885901596857639
PPIL1,-0.06528925895690918,0.3366064464103661,0.28931519389152527,-0.3830318,0.02313818279805363
PHLDB2,-0.06530511379241943,0.6366828253036966,0.4755564033985138,-0.5635744,0.0004229832115552129
AP3M1,-0.0653083324432373,0.4824535652902623,0.3799377977848053,0.061668716,0.7248963084859796
BNIP1,-0.0653454065322876,0.48511906356934087,0.3818722665309906,-0.54647064,0.000682983120305131
PARP4,-0.06535732746124268,0.6125985251222442,0.4805111587047577,0.5973846,0.00015133851490789325
SELENOH,-0.06538796424865723,0.7064466430550285,0.570308268070221,0.16654602,0.3389627615703357
NOMO1,-0.06541216373443604,0.49341629678542354,0.3843207359313965,-0.32633525,0.05571499912500278
PLEKHA5,-0.065482497215271,0.3848565473453803,0.31083381175994873,0.29057723,0.09037849941682438
BPTF,-0.065498948097229,0.38635431322410574,0.2914547622203827,-0.26695544,0.12107940344845924
SORBS2,-0.06552410125732422,0.675390538512931,0.5675926208496094,-0.022349369,0.8985965650340082
RAB2A,-0.06552433967590332,0.5771808905602582,0.44003117084503174,0.5454656,0.0007019306443972354
CNOT1,-0.06562554836273193,0.6783321064352926,0.4866490960121155,-0.388758,0.02099807396714059
TSC2,-0.06575393676757812,0.4681586190847384,0.33427533507347107,0.25926426,0.13258793391700308
STARD10,-0.06577622890472412,0.8574837073621697,0.7306913733482361,-0.09996039,0.5677757769319804
L1RE1,-0.06619846820831299,0.9399857309962867,0.7514336705207825,0.38793856,0.021293854770531185
NR2C2AP,-0.06625890731811523,0.5286636224268606,0.3615770637989044,-0.1833761,0.29168054980528335
EIF2S1,-0.06637310981750488,0.62667127316723,0.4931974709033966,-0.19389465,0.2643925902738252
TGFB2,-0.06638765335083008,0.5930465998954874,0.4553256928920746,-0.4896292,0.0028328356676282983
PAWR,-0.06648421287536621,0.6532980283577511,0.5043776631355286,0.2125098,0.22034030989607428
FAM50A,-0.06651484966278076,0.753300477791162,0.5910905003547668,-0.7353271,4.86870282103475e-07
KIF23,-0.06667625904083252,0.366848830015925,0.29991036653518677,0.116410755,0.5054408405897635
HSP90AA1,-0.06668603420257568,1.0917702878058893,0.8997660875320435,-0.7102727,1.7575107506556341e-06
OSBPL11,-0.06676590442657471,0.3964201400662939,0.2917701303958893,0.03750765,0.8306136338952018
DNMBP,-0.06684088706970215,0.6572772342368955,0.51080322265625,0.43801665,0.0084960999924969
CLN5,-0.06690573692321777,0.7405614608356861,0.5666425228118896,-0.45534015,0.005985543081109952
KRT4,-0.0669325590133667,0.9769112536438674,0.7978897094726562,0.34902284,0.03988054440790549
TOMM22,-0.0671699047088623,0.31542646329666874,0.24382269382476807,0.46566316,0.004816420984278044
CTH,-0.06721138954162598,0.7288931515284406,0.5785509943962097,0.3254329,0.05643524307622936
IRF2BPL,-0.06732869148254395,0.6091158144512894,0.5071120262145996,-0.3205497,0.06046231067813708
PREPL,-0.06734168529510498,0.3873803230798806,0.3053700923919678,0.28720647,0.09435046267927
CASP6,-0.06734192371368408,0.5063575442019111,0.3851507604122162,-0.3261804,0.0558379915894241
USE1,-0.06735396385192871,0.48452075180495013,0.40446990728378296,0.34275758,0.043835630701379955
CYC1,-0.06737768650054932,0.8016144674309036,0.658968448638916,0.688676,4.797839328049261e-06
GGH,-0.06738471984863281,0.625507696894151,0.5045992136001587,-0.47146207,0.0042504935801618215
PPP2R1A,-0.0674060583114624,0.7855100830810183,0.639945924282074,-0.66985,1.0769026722476237e-05
SP100,-0.06751930713653564,0.5490087028814193,0.4608718454837799,-0.2800889,0.10317429078991887
LARP4,-0.06753206253051758,0.5916699566100443,0.4933359920978546,-0.112312645,0.520641394078333
RBM42,-0.06754863262176514,0.4937941501289852,0.36909595131874084,-0.4275233,0.010415911175225891
FAM120A,-0.06755757331848145,0.481619658249697,0.36355316638946533,-0.036327012,0.8358719509686353
NAXD,-0.06761682033538818,0.7445471346622692,0.5828304886817932,-0.030842517,0.8603867328933776
MAK16,-0.06769084930419922,0.39919329000311154,0.310779869556427,-0.3034926,0.07633666184523354
PDIA4,-0.06770062446594238,0.652965318059654,0.5336334109306335,0.59992504,0.00013943610370819665
DDOST,-0.0677269697189331,0.7766968992663261,0.6471856236457825,0.62534916,5.903482324289362e-05
RDH11,-0.0677497386932373,0.5212122460741759,0.3887210190296173,0.44182044,0.007879066693351098
LYPLA2,-0.06783390045166016,0.6851112742434987,0.5124718546867371,-0.5877298,0.00020533158926659215
EXOC2,-0.06788837909698486,0.40884620715450193,0.30627426505088806,0.028764158,0.8697118698586441
TRNT1,-0.06790745258331299,0.48832694793482173,0.39563828706741333,0.027245395,0.8765368952678931
IGFBP7,-0.06801414489746094,0.8791320849723956,0.701612114906311,0.36650035,0.030350761696785918
OCRL,-0.06804943084716797,0.3346707057033946,0.27230846881866455,-0.38344586,0.022977620840410697
DHX38,-0.06806552410125732,0.5767615969566355,0.44817212224006653,-0.12614098,0.47026394594896453
EIF2B3,-0.0680694580078125,0.8125763637163109,0.6440483927726746,-0.6595911,1.6339932941538477e-05
RNF114,-0.06813299655914307,0.6647353410026285,0.5042740106582642,0.36061683,0.03332465056577124
AAK1,-0.06822538375854492,0.6404199039308741,0.5030065774917603,0.1783714,0.30527533054000994
AAMDC,-0.06830298900604248,0.5907619983489436,0.4775809645652771,0.24515484,0.15576791827166075
PDSS2,-0.06831073760986328,0.46329208863109317,0.38502004742622375,0.01129766,0.9486416298011778
MEA1,-0.06836676597595215,0.5837042656653587,0.49296602606773376,0.24919392,0.14885232321061623
YEATS4,-0.06842851638793945,0.4189860006283434,0.3230677545070648,0.43546546,0.0089326361428254
DDT,-0.06851017475128174,0.6308040535589151,0.5499445199966431,-0.52139586,0.0013187196177909845
ATAD2,-0.06889116764068604,0.6539320198915207,0.49680590629577637,-0.15139796,0.3852993390902305
COL7A1,-0.06889939308166504,0.4181886255069262,0.3218076527118683,0.034152213,0.845575856387229
MLH1,-0.06896018981933594,0.43061956404976925,0.3571346700191498,-0.29631105,0.08391826153201512
LLPH,-0.06902158260345459,0.4780758919772043,0.3770366609096527,0.10919222,0.5323643352025318
KRT5,-0.06914734840393066,2.423712052141165,1.5096087455749512,-0.11013406,0.5288129337353176
NUP107,-0.06917977333068848,0.4038697903260809,0.30965760350227356,0.03861824,0.825674092056715
VAMP7,-0.06918847560882568,0.5795972995551669,0.4670216739177704,0.2191556,0.20590769313332616
ADK,-0.06919324398040771,0.5317988365588853,0.3958894908428192,-0.2093394,0.22746345157939724
AK2,-0.06926274299621582,0.5451591002678701,0.4497269093990326,0.35269794,0.03769828534208652
WIPF2,-0.06939780712127686,0.7023044884966424,0.541384220123291,-0.08476016,0.6283081196870248
NUP85,-0.06945657730102539,0.3687484918983785,0.2685122787952423,-0.2039128,0.24001590794043906
TATDN1,-0.06946206092834473,0.6165165211489546,0.4855206608772278,-0.39804617,0.017877497719126213
EGLN1,-0.06952357292175293,0.5258272760206586,0.4304508864879608,0.51408523,0.0015827591401503735
TXLNG,-0.06960451602935791,0.42631514786928537,0.32414498925209045,0.41839552,0.012373654849536826
EIF4E,-0.0696108341217041,0.8126720833111508,0.6019009947776794,-0.5462618,0.0006868827831721948
FAM177A1,-0.06963729858398438,0.7952643554144926,0.6347411870956421,0.6358601,4.045958232727492e-05
RAB11FIP5,-0.06967008113861084,0.7549567143240264,0.6241858005523682,-0.54968053,0.0006254679077154723
WDR5,-0.06972694396972656,0.5265568548969618,0.44027048349380493,-0.008906668,0.9595007159455031
DIS3,-0.06976759433746338,0.7986532826737759,0.6626687049865723,-0.6715009,1.005502377812671e-05
CPSF2,-0.06984114646911621,0.3546743634181724,0.27426305413246155,-0.33605692,0.04840885239714483
CAT,-0.0698632001876831,0.8827201322322634,0.7676576972007751,-0.047017198,0.7885423528443135
MAP1S,-0.06989312171936035,0.6863084567730541,0.53215491771698,-0.6255435,5.863122469252434e-05
SLAIN2,-0.06996428966522217,0.5586193052194938,0.4556526839733124,0.40761748,0.015076921156953874
TRIM25,-0.07003426551818848,0.629198705307998,0.5306321978569031,-0.06091027,0.7281512642292033
MRPS21,-0.07006585597991943,0.7813791549735695,0.6146271824836731,0.69374067,3.820538349410708e-06
ITGA1,-0.07009255886077881,0.7341866353105302,0.5563680529594421,0.57865447,0.0002711762607674514
BSDC1,-0.07018578052520752,0.5474454357008858,0.40529578924179077,-0.1898192,0.2747588351741084
PAPOLA,-0.07019054889678955,0.5906133368011652,0.5031130313873291,-0.41697517,0.012704596203794067
SF3A2,-0.07019054889678955,0.30373009624339387,0.26393988728523254,-0.6425367,3.159385687498347e-05
HMMR,-0.07025861740112305,0.5676355111082017,0.4532526135444641,-0.7159025,1.3327510819217225e-06
IFT27,-0.07048666477203369,0.6478043417962057,0.5084071755409241,-0.5227096,0.0012756211325423447
UBP1,-0.07053446769714355,0.3669101601085182,0.29220250248908997,-0.15925583,0.3608197054756708
MYDGF,-0.07059907913208008,0.6912244352956008,0.5261134505271912,0.44991535,0.006692178771755236
AIF1L,-0.07078874111175537,0.44622802316954974,0.3216315507888794,-0.1395068,0.4241283615193264
RUNX1,-0.07094645500183105,0.43422416016515414,0.3395181894302368,-0.13818093,0.42858866355006264
NAA20,-0.07104992866516113,0.5925434049570052,0.4771369993686676,0.010605622,0.951784213596478
DNAJC13,-0.07107114791870117,0.5279298704022124,0.4192376136779785,-0.50539446,0.001956085753902764
PIH1D1,-0.07109582424163818,0.7481529618776513,0.5265591144561768,-0.4611147,0.005304717302126108
SLK,-0.07110786437988281,0.492144507089594,0.3555709421634674,0.24411024,0.1575937550067117
MESD,-0.07116925716400146,0.5170206774739952,0.43612682819366455,-0.3940991,0.01915264259500026
PAIP1,-0.07120680809020996,0.9440600713189108,0.6609560251235962,-0.5585455,0.0004882835658425945
TOR4A,-0.07121312618255615,0.4637017687936365,0.34207531809806824,0.25700054,0.1361241643855851
ZNHIT2,-0.07121944427490234,0.36945658487953287,0.28612756729125977,-0.38324976,0.023053556250178672
RAF1,-0.07140278816223145,0.5831437200094783,0.48411211371421814,0.60562664,0.00011572639621497655
APMAP,-0.07142651081085205,0.6451273386956664,0.4987262189388275,-0.0681736,0.6971825907972373
TMED7,-0.07145559787750244,0.6854617291472027,0.5765604376792908,0.13322806,0.44547902715125354
OGFR,-0.07148993015289307,0.7517233361227404,0.5544769167900085,0.038358286,0.8268293921458093
DNAJB4,-0.07150149345397949,0.790134872077931,0.6432451605796814,0.44101515,0.008006399121333694
EMC8,-0.07163262367248535,0.4702666859158356,0.37867602705955505,0.54656446,0.000681237780267038
TMLHE,-0.07172071933746338,0.603110242079996,0.5007210969924927,0.6132904,8.957002423283268e-05
ANXA9,-0.07173371315002441,0.6571452074867771,0.5357283353805542,0.109387,0.5316288360202501
PXDN,-0.07174086570739746,0.6757460347961425,0.5247165560722351,0.39350873,0.019349756151756468
IDE,-0.07189548015594482,0.4483622305035163,0.37923383712768555,0.15769942,0.3655928398037682
HARS1,-0.07192075252532959,0.7740443382550423,0.5841429829597473,-0.33806756,0.04699821799148662
FADS1,-0.07192349433898926,0.5503713015541019,0.39646485447883606,0.4189425,0.012248178236063967
ZMAT2,-0.07203459739685059,0.35113827223187516,0.27499791979789734,0.3565432,0.03551974171394015
RPS2,-0.07207083702087402,0.6976408603248062,0.5472316741943359,-0.42088276,0.011811680574417595
THOC5,-0.0721362829208374,0.32002338294189947,0.24798208475112915,0.2628687,0.1270979292560661
CDK12,-0.07224369049072266,0.36072737782661124,0.26656022667884827,-0.096954845,0.5795314564800599
RDH13,-0.07244431972503662,0.6378487698803809,0.5331376194953918,0.5911964,0.00018423064040307797
PUS7,-0.0724802017211914,0.7465807937801426,0.5742579698562622,0.43008512,0.009916171655356265
GOLGB1,-0.07254183292388916,0.5965859297342289,0.444750040769577,0.6842387,5.835997883189551e-06
GNB1,-0.07267129421234131,0.65433914275788,0.5584747195243835,0.13717069,0.4320048211264241
AASS,-0.07269477844238281,0.573926033615828,0.4293400049209595,0.27943087,0.10402063471355077
ABCF3,-0.07272255420684814,0.5268942153159905,0.36373987793922424,-0.017032519,0.9226366435098574
GMPPA,-0.07280170917510986,0.6366247564105982,0.49042004346847534,-0.12584855,0.4713019435953729
PAG1,-0.07283782958984375,0.333730880282511,0.26267728209495544,-0.40682507,0.015293840279529531
ARFGAP1,-0.07285523414611816,0.5696770249919246,0.45783352851867676,-0.39639765,0.0184011834298039
DPH5,-0.07286548614501953,0.5179676533452964,0.4122138023376465,0.42462254,0.011007364738220358
NDUFAF5,-0.0728832483291626,0.3134303192540788,0.25456592440605164,0.18341485,0.29157684542491413
PSMD9,-0.07293105125427246,0.694796703059193,0.46254849433898926,-0.329917,0.05292763153146236
DNAJA2,-0.07298970222473145,0.6382325087278673,0.5042962431907654,0.46355492,0.0050377085403480945
RPN1,-0.07299590110778809,0.563267898930429,0.4681275486946106,0.7781616,3.7557763250495805e-08
VEZF1,-0.07301747798919678,0.551426124463204,0.4305534064769745,-0.29304853,0.08754884985006836
PNKP,-0.07306170463562012,0.5729438226217177,0.47528859972953796,-0.11318091,0.5174024123783136
UTP23,-0.07307374477386475,0.4668679761805089,0.35814550518989563,0.14801696,0.3961227926648278
ADNP,-0.07312357425689697,0.6243659856792788,0.5071903467178345,-0.53116935,0.001026575769442118
LCN2,-0.07323729991912842,0.9442358585255175,0.6950305104255676,0.19863895,0.2526530705510492
CAMK2G,-0.07327401638031006,0.5237948777630368,0.4212680459022522,-0.2008461,0.24731151579143185
PIN4,-0.07329452037811279,0.8154007775212937,0.5896872878074646,-0.54137546,0.0007839298972809151
BRAT1,-0.07330596446990967,0.41575306231666365,0.31811004877090454,0.17769013,0.30715647745396946
CCDC167,-0.07336699962615967,0.4738597994514527,0.38665342330932617,-0.44028938,0.008122659234858193
POLD3,-0.07337987422943115,0.5448536437054985,0.40814656019210815,-0.37601125,0.02600540920698556
SPATA5L1,-0.07339191436767578,0.5097613864298614,0.3928491175174713,-0.007333271,0.9666508356183031
MED22,-0.07342958450317383,0.2996127853298933,0.2550713121891022,-0.12704107,0.4670762801837875
SLC25A22,-0.07343447208404541,0.5849735978273768,0.45707669854164124,0.34770563,0.04068716863249577
NCAPD2,-0.07344686985015869,0.7252662334288781,0.5495858788490295,0.64109266,3.3346537652178105e-05
HGFAC,-0.07353436946868896,0.6495314183715573,0.5272296071052551,-0.20304145,0.24207385949819385
PRMT3,-0.07360541820526123,0.4635548071838209,0.3437637984752655,0.029696796,0.8655249770402966
INTS11,-0.07364881038665771,0.4146097094166271,0.34152084589004517,-0.09790407,0.5758067737079445
TOR1B,-0.07375693321228027,0.6314941613900725,0.5213997960090637,0.25238338,0.14355145932232855
GINS3,-0.07381045818328857,0.6711130479162927,0.5154200792312622,0.559644,0.0004733004997489061
RHOT1,-0.07382607460021973,0.4743470302824979,0.3903388977050781,-0.45454937,0.006084385872494765
TBC1D5,-0.07384884357452393,0.62956030817634,0.46438124775886536,0.21123374,0.22318866491509493
MRPL17,-0.07388818264007568,0.4776436002863839,0.39185479283332825,0.62563723,5.843725083831322e-05
CKS1B,-0.07409167289733887,0.569494025919981,0.405154287815094,0.17588119,0.312186914262388
ZNF622,-0.07420027256011963,0.4121317202037793,0.28703001141548157,-0.4076187,0.015076564333962277
TACO1,-0.07432663440704346,0.45869538969600915,0.35555195808410645,0.055666473,0.7507783259040104
WTAP,-0.07434272766113281,0.4010896488896926,0.27826663851737976,0.40907118,0.014685663075433853
IMMT,-0.07444548606872559,0.45853180995031617,0.3671347200870514,0.5932068,0.00017290325054616495
LUC7L2,-0.07452714443206787,0.6513990082753438,0.533005952835083,0.3943683,0.019063338317122158
MPHOSPH8,-0.07457876205444336,0.3679116393070187,0.29522815346717834,-0.30612686,0.07369323289287814
TNFAIP8,-0.07461655139923096,0.5057443318579722,0.42565155029296875,0.47510505,0.003925165391201601
TRMT1L,-0.074684739112854,0.37132789854190856,0.28770098090171814,-0.064914405,0.7110226042394571
PHAX,-0.07469379901885986,0.6387059847154608,0.5284779071807861,-0.23654069,0.17128787691149816
DFFA,-0.07470333576202393,0.7962921105093277,0.6604087352752686,-0.50555944,0.0019483376782433092
ATP2A3,-0.07476687431335449,0.5676664605286844,0.46507829427719116,-0.10269058,0.5571920708398701
MAP4,-0.07483017444610596,0.918116099117752,0.6566065549850464,-0.26071382,0.1303593509539053
CNOT7,-0.07484328746795654,0.440965533727282,0.3288167119026184,0.1467512,0.4002194059730579
PRDX2,-0.0748831033706665,1.6918345695317973,1.46714186668396,-0.6430206,3.102532709692769e-05
CTPS2,-0.07492995262145996,0.507030706890268,0.3792824447154999,0.64514637,2.863631584966175e-05
RPF1,-0.07510805130004883,0.31031448738176276,0.23713773488998413,-0.1947695,0.26220123577937626
ANXA11,-0.07522177696228027,1.0803939605888697,0.8689558506011963,0.6978752,3.1614185120977634e-06
CASK,-0.07528388500213623,0.4040032947176961,0.3609825372695923,0.22466463,0.19445071671916161
YBX1,-0.07530081272125244,0.6053651536483023,0.5023075938224792,-0.473002,0.004110236518172553
WDR75,-0.07538878917694092,0.35806192092196143,0.26806244254112244,0.47935948,0.003572718832578491
LLGL2,-0.0754079818725586,0.6766241032347629,0.5405544638633728,-0.41241443,0.013818147739640955
TAF4,-0.0754624605178833,0.5398176128944294,0.4037795662879944,-0.06516944,0.7099364530568398
CACNA2D1,-0.07551491260528564,0.9919778196793101,0.754391074180603,0.6220133,6.636590412621913e-05
CAPNS1,-0.0756915807723999,0.9401924570880176,0.7576941847801208,0.50069135,0.002188590631845033
NENF,-0.07578420639038086,0.6883795703717515,0.5336357951164246,-0.07625042,0.663304358103534
DYNC1LI2,-0.07579255104064941,0.5430435842634675,0.3906068801879883,0.061919898,0.7238195257743765
TXNDC5,-0.07586121559143066,0.6331796169918028,0.5170527696609497,0.34684953,0.0412183964837296
NISCH,-0.0758904218673706,0.421486958662852,0.3399483263492584,0.44931933,0.006774010099459252
PTRHD1,-0.07605218887329102,0.5033619920780082,0.3813003599643707,0.039881114,0.8200649243425616
INTS1,-0.07612574100494385,0.3600819103450036,0.2884255647659302,-0.262153,0.1281742531166884
CHCHD3,-0.07642757892608643,0.5509593215835817,0.43148061633110046,0.5968223,0.00015409306206202417
AP1S1,-0.07651615142822266,0.656211306929903,0.48214656114578247,0.52890605,0.0010885985945062297
ICAM1,-0.07657814025878906,1.7852508052433613,1.4667919874191284,0.49230176,0.002663718599142927
GNG10,-0.0766441822052002,0.6615241961591688,0.5727572441101074,0.23352547,0.17697248953521502
COQ7,-0.07668578624725342,0.5761951765100841,0.46297335624694824,-0.26223305,0.12805361006735208
NRDC,-0.07681024074554443,0.5832189947423241,0.41036173701286316,-0.17244932,0.3218713701383594
PTER,-0.07691001892089844,0.4582972151078827,0.3258659541606903,-0.31912863,0.061675947799342795
MYLK,-0.07699155807495117,0.6413116264474866,0.5149434804916382,-0.19092953,0.2719087689495046
SPDL1,-0.07701456546783447,0.49735503670184333,0.39465031027793884,0.20647073,0.23404218774439978
PLCH1,-0.07703828811645508,0.367889078995297,0.286752849817276,0.47610176,0.0038400048146406186
P3H2,-0.07706928253173828,0.713962699877526,0.5006319880485535,-0.33154765,0.05169600232901399
ZNF384,-0.07709801197052002,0.6352180394596434,0.4995230436325073,0.16109142,0.3552385382960977
GNG2,-0.07711517810821533,0.7794496008954002,0.6097095012664795,-0.6930049,3.950193676093865e-06
ATP6V1B2,-0.07716953754425049,0.8370112359376342,0.6858358383178711,-0.3260188,0.055966710065236444
ALG2,-0.07735884189605713,0.587258287175648,0.4709714651107788,0.6855494,5.50985306284528e-06
COPS3,-0.07738995552062988,0.5685525415157913,0.4678162634372711,-0.6481809,2.551398824810672e-05
SEC24C,-0.07742631435394287,0.4919946383498125,0.3620593845844269,0.23496695,0.1742383152334297
RELCH,-0.07745766639709473,0.5293800879800293,0.4103938937187195,-0.013976891,0.9364843031046167
EPS8L2,-0.07760047912597656,1.0525182951653216,0.9092860221862793,0.52835155,0.0011042902294399126
ZC3H18,-0.07762324810028076,0.4502020647117689,0.3496052920818329,0.1608274,0.356038172435041
ADAR,-0.07764005661010742,0.4392235389320833,0.3383585810661316,0.37172148,0.027897152202155807
ACBD6,-0.07766067981719971,0.4632154363294803,0.38252824544906616,-0.50879806,0.0018015848652651323
PYGB,-0.0777214765548706,0.5447468356862979,0.4086438715457916,0.27619722,0.10825629556557376
NUTF2,-0.0777672529220581,0.9756912922987394,0.8107287883758545,0.08980855,0.607911026813562
CLPTM1L,-0.0780869722366333,0.7360904218857182,0.5867738723754883,0.2359286,0.17243128608192038
KIN,-0.07810425758361816,0.4541271899795543,0.331729531288147,-0.14064555,0.42031843801870467
HMGB3,-0.07829523086547852,1.317769824416433,1.053093671798706,-0.62881905,5.219196860494032e-05
SRP19,-0.07848119735717773,0.5178916413462229,0.39592885971069336,0.34869343,0.04008108635610183
MGAT2,-0.07849693298339844,0.678764220417196,0.5763169527053833,-0.63780487,3.7669807032643724e-05
MRPS36,-0.07852864265441895,0.6185355614420505,0.529312789440155,0.36965656,0.02884730024890777
GNAS,-0.07861459255218506,0.5986198436334166,0.49370521306991577,-0.11916273,0.49535994322601207
PCM1,-0.07862687110900879,0.4323806115839782,0.3406786024570465,-0.3620514,0.032578497250402585
TJAP1,-0.07866477966308594,0.6125163270759407,0.4632752537727356,-0.2023061,0.2438197307246742
STOML2,-0.07869875431060791,0.4543688899892671,0.34051552414894104,0.041620683,0.8123528269112966
GSTO1,-0.07886886596679688,0.7965567832313625,0.6076599955558777,0.011216775,0.9490091102023043
WAC,-0.07910215854644775,0.7381409607662808,0.5595192313194275,-0.1513326,0.38550681798137754
CBX2,-0.07922279834747314,0.6428403927876384,0.4784586727619171,0.09900555,0.5714983415997537
TAP1,-0.0792548656463623,0.9464695052782693,0.7815528512001038,0.59476304,0.00016456834887977327
XRN1,-0.07938897609710693,0.3140349954925908,0.22455386817455292,-0.15592454,0.37108172535175893
RBBP4,-0.0794593095779419,0.7399164085601116,0.5962512493133545,0.21035284,0.22516948612305304
RPS27,-0.07952821254730225,0.4828983995879151,0.36555731296539307,-0.1977176,0.25490509558133256
TCEA1,-0.07967746257781982,0.8947530746279232,0.7130824327468872,-0.007752672,0.9647448033507621
MDH1,-0.07971298694610596,1.1505602985116292,0.9636418223381042,-0.4492691,0.006780955720545032
SNX4,-0.0798729658126831,0.5139934273088036,0.3933166265487671,-0.5159017,0.0015131614163344574
DHRS7,-0.07994210720062256,0.5591900716943977,0.40240997076034546,0.3889353,0.020934498397544365
CPPED1,-0.07999992370605469,0.7235688916184614,0.6092197299003601,0.50316066,0.0020636716872225237
MGAT5,-0.080283522605896,0.4338759285947929,0.3344299793243408,-0.0065113837,0.9703870246710183
VAMP3,-0.08036994934082031,0.7093753209722524,0.5648542046546936,0.6901805,4.486059175481056e-06
NDUFA4,-0.08037841320037842,0.6513033353744445,0.4982255697250366,-0.015134429,0.9312361118683141
BRD2,-0.08041000366210938,0.4825451342073246,0.35753118991851807,-0.36093256,0.0331592174161766
DECR2,-0.08046531677246094,0.8698809952845181,0.6945741772651672,-0.20170687,0.24524886172755983
RNF7,-0.08046817779541016,0.4774017760725189,0.38285505771636963,-0.2386591,0.16737261265924724
CDC23,-0.0805131196975708,0.5042686933211877,0.3874001204967499,-0.38129753,0.023820886918365394
ABAT,-0.08055555820465088,0.5343707090060522,0.40771302580833435,0.28050694,0.10263930499474112
SETD2,-0.08062136173248291,0.38633263703923404,0.2861400842666626,-0.01483741,0.9325827582971155
HNRNPA0,-0.08064067363739014,0.4597317069740876,0.3646605312824249,-0.54918313,0.0006340882724337512
GUF1,-0.08068478107452393,0.37028073041784304,0.2996572256088257,0.35845408,0.03447582178039521
NAT10,-0.08070647716522217,0.5913204629779415,0.4873717129230499,0.11224781,0.5208837273787705
AGK,-0.08089733123779297,0.4267311524328194,0.305330365896225,-0.14142388,0.41772494650172487
PRAF2,-0.08099937438964844,0.8590691108768408,0.627887487411499,-0.18795115,0.2795978764895171
INCENP,-0.08105409145355225,0.5551325664627357,0.42414382100105286,0.1340878,0.4425214895320833
TRAFD1,-0.08114314079284668,0.42777154490993,0.358993798494339,-0.3032223,0.07661196365158689
TRMT61A,-0.08115684986114502,0.44572571773254094,0.36420655250549316,-0.32566944,0.05624574069945523
DPF2,-0.081184983253479,0.5151734542403645,0.40911006927490234,0.57822025,0.00027475364238100465
YARS2,-0.08129501342773438,0.5927773590209556,0.48697444796562195,0.50999504,0.0017498554713490562
TMEM63A,-0.08132338523864746,0.5943912255993682,0.45807620882987976,0.46107048,0.00530965351176607
JUND,-0.08139395713806152,0.7264226963530638,0.5847839713096619,-0.26651666,0.12171507936282354
PCBD1,-0.08149957656860352,1.2190101052538984,1.0070056915283203,-0.32279164,0.05858618869182241
LPP,-0.08150100708007812,0.9072288619916701,0.7765641212463379,0.41909143,0.012214179030658648
ANTXR2,-0.08151257038116455,0.5484157112336233,0.4193231463432312,-0.47148815,0.004248081750299025
SMC1A,-0.08170270919799805,0.6094658857206982,0.4869876205921173,-0.6299017,5.020843797672289e-05
ATP11C,-0.08200550079345703,0.5397099186891099,0.42313653230667114,0.04294399,0.8064982686501642
FARP1,-0.08203530311584473,0.5100637857434718,0.3982524275779724,0.26908523,0.11802842145996312
PCBP3,-0.0820465087890625,0.621505816537549,0.4963876008987427,0.6623289,1.46419287440325e-05
EFL1,-0.08207929134368896,0.3938636797334781,0.31307098269462585,-0.19102837,0.2716560355529464
NUP50,-0.08239614963531494,0.5410962371813072,0.4632386267185211,0.5379733,0.0008584741447120038
DDX17,-0.0824117660522461,0.5658791819224744,0.4698235094547272,-0.047456224,0.7866131310709521
REPS1,-0.08247482776641846,0.5055552566298043,0.39720091223716736,-0.5206758,0.0013428847057650143
PTPN12,-0.08268857002258301,0.4839727823687146,0.3757750391960144,-0.3963544,0.01841506196311746
MIF,-0.0828481912612915,1.267620444509756,0.9980946183204651,-0.45951238,0.005486591118801737
CKAP4,-0.08285033702850342,1.28989402076914,1.0888763666152954,0.4890454,0.0028710045802050584
LDLR,-0.08287250995635986,0.9352374112531867,0.7730154991149902,0.63406473,4.319946002479561e-05
NT5DC2,-0.08288431167602539,0.41280371582249564,0.3123610317707062,-0.17181434,0.3236836850873842
RETSAT,-0.0829782485961914,0.8908518117576752,0.7568849921226501,-0.71525204,1.3765024032495876e-06
TMED9,-0.08298277854919434,0.737377683550253,0.65658038854599,0.8150067,2.5218724096368316e-09
ARMC1,-0.08307969570159912,0.49542637487716307,0.37304309010505676,-0.55146194,0.0005954362357738713
VPS26B,-0.08309245109558105,0.4826571242305091,0.37434524297714233,0.45416915,0.006132396734954933
AP1G2,-0.08312332630157471,0.4428642802360987,0.3448878824710846,0.35979572,0.033757967734315
EXOC5,-0.08316075801849365,0.39590202747706504,0.3249736726284027,-0.043002445,0.806239532949176
IQGAP2,-0.08320760726928711,0.6115887607322031,0.5464974641799927,-0.68254185,6.284339671970024e-06
ERLIN2,-0.08321559429168701,0.9544113421562364,0.6967607736587524,0.7292099,6.747197234206775e-07
BCLAF1,-0.08329951763153076,0.3716690623237539,0.2905566394329071,-0.2471661,0.15229571075869244
ADGRL2,-0.08333146572113037,0.640376321861605,0.5332703590393066,-0.6386884,3.646092816092948e-05
EIF2AK2,-0.08337593078613281,0.573959863133362,0.4379854202270508,-0.15442798,0.3757474798555547
GMIP,-0.08358311653137207,0.41649091908285596,0.33594125509262085,0.043677792,0.803255793140013
UBQLN4,-0.08369302749633789,0.7035074253652892,0.5358544588088989,-0.34636974,0.0415185943685712
SLC4A1AP,-0.08385539054870605,0.579963647097778,0.43762126564979553,-0.3867334,0.021735112388792777
ANKRD13A,-0.0838782787322998,0.6234967272931852,0.4862823486328125,-0.44038644,0.008107031665589499
KPNA1,-0.08404326438903809,0.5005750329730967,0.38594868779182434,-0.4619147,0.005215868334163079
CPVL,-0.08412253856658936,0.696381272554265,0.5747837424278259,0.059971996,0.7321835889657388
UBR7,-0.08420884609222412,0.9329724339259268,0.719385027885437,-0.7071366,2.0446721163530346e-06
TOR1AIP2,-0.08421480655670166,0.7762153908943176,0.6151971220970154,0.038577873,0.8258531930489834
WBP11,-0.08435297012329102,0.53493573177102,0.45252490043640137,-0.06289642,0.7196384807752493
MRPL10,-0.0843801498413086,0.5310428159284022,0.43864527344703674,-0.23300411,0.1779689804246737
AP2A1,-0.08444058895111084,0.6424310162170025,0.5381290316581726,0.5358513,0.0009080809882701405
GGA1,-0.08457231521606445,0.3609132395265773,0.291031152009964,-0.10416663,0.5515086633841761
ATP6AP2,-0.08460497856140137,0.3961814888532595,0.3058418333530426,0.30483335,0.0749820786355025
NSRP1,-0.08461272716522217,0.5178070138054742,0.37260106205940247,-0.053411152,0.7605745869778727
ANXA7,-0.08467364311218262,0.6040551696585176,0.4724009335041046,0.30320346,0.07663117971894867
SAP130,-0.08498525619506836,0.5089648157373944,0.37865975499153137,0.22586131,0.19202236695221708
ACTR2,-0.08518862724304199,0.4519364949878464,0.3834906816482544,-0.082411975,0.6378897878693415
POLE3,-0.08519971370697021,0.6405425134913476,0.507436215877533,0.05747188,0.7429636832799494
PRPSAP1,-0.08525538444519043,0.5450599249433506,0.3932678997516632,0.54010797,0.0008110033004747513
SSR1,-0.08527350425720215,0.6518371350856955,0.5475426912307739,0.7598566,1.1970953628855415e-07
PTGR1,-0.08553838729858398,0.9986937455243966,0.8098748326301575,-0.4753115,0.003907391172753606
STXBP2,-0.08576667308807373,0.6813069923429519,0.550719141960144,0.2771517,0.10699270983719443
COX16,-0.0857924222946167,0.22525828788648153,0.17811472713947296,-0.13267395,0.4473907830428076
HLA-B,-0.08580458164215088,1.292684333613324,1.021218180656433,-0.4902579,0.0027922388062241866
SHTN1,-0.08590424060821533,0.8913534431295581,0.6951485276222229,0.22031523,0.2034580193292043
ASS1,-0.0859144926071167,1.177289989638778,0.9269235730171204,-0.052981127,0.7624465074525693
ADGRG1,-0.08605694770812988,0.37639836022392786,0.3002992272377014,0.5136988,0.0015979247493552408
COL6A2,-0.08613109588623047,0.7428315430071046,0.5964661240577698,-0.08053057,0.6456090415387187
RUVBL2,-0.08636307716369629,0.6568738379136976,0.5506222248077393,-0.69333655,3.891263097101262e-06
SYNCRIP,-0.08639490604400635,0.40306358387062396,0.3165794909000397,-0.548249,0.0006505644308598844
PUM1,-0.08641791343688965,0.6329302737054322,0.48043251037597656,-0.5181312,0.00143141554642569
POLR2F,-0.08660566806793213,0.4080302041037373,0.3342478573322296,-0.5856327,0.0002191225850735185
RARS2,-0.08670651912689209,0.6096160363059853,0.5143468379974365,-0.5639564,0.00041835546964938484
CCT5,-0.08674013614654541,0.8356049847827138,0.6779420971870422,-0.5798772,0.0002613273186068419
SCAMP3,-0.0868234634399414,0.6678867178175824,0.522829532623291,-0.2148185,0.21525012574974559
SF3B1,-0.08682644367218018,0.25697710052379175,0.20990435779094696,-0.035109486,0.8413016590401969
ZC3H7A,-0.08685743808746338,0.4587894269179338,0.37198927998542786,-0.2558428,0.13795939309851346
PRSS8,-0.08690071105957031,0.6618991394251768,0.4996183216571808,0.44876352,0.006851096966734611
ATOX1,-0.08692455291748047,0.8229130893742191,0.6584984660148621,-0.44040388,0.00810421222447354
KIAA1671,-0.08694982528686523,0.6093554860438483,0.48004454374313354,0.27774635,0.10621120544818356
DDX24,-0.08705401420593262,0.6713105203563658,0.5453687310218811,-0.33452207,0.04950843070954838
WIZ,-0.08707976341247559,0.4681490065374144,0.35290810465812683,-0.5742357,0.00030959646356732215
SERPINB6,-0.08709943294525146,1.0115594922652382,0.7770209908485413,-0.5679726,0.00037236573920222226
WDR36,-0.08735859394073486,0.5850974609831058,0.4755311608314514,-0.13588473,0.4363745902361209
FOSL2,-0.08741557598114014,0.5138887592979933,0.3844923675060272,-0.1742877,0.3166606391232905
STX16,-0.08748877048492432,0.6388755030427585,0.5445725917816162,0.649769,2.400601473895753e-05
MAFG,-0.0875082015991211,0.5999801930496117,0.46983543038368225,0.028071586,0.8728227278795447
RPS17,-0.08752870559692383,0.5293361466256545,0.4231259524822235,-0.3729778,0.027331812861960323
TOMM5,-0.0877763032913208,0.3662486349412392,0.3032900393009186,0.28066054,0.10244335240141038
NSL1,-0.08781993389129639,0.4529635371907973,0.3721315860748291,-0.039751235,0.8206411136266394
AGFG1,-0.08787190914154053,0.7636952896626251,0.5197986364364624,-0.16915202,0.3313504979530331
LYPLA1,-0.08789193630218506,0.7583916014688166,0.6504182815551758,-0.3923181,0.01975234842617686
RPL36AL,-0.08802676200866699,0.49585229900162187,0.4039890468120575,0.28928578,0.09188477675689607
UTP4,-0.08811163902282715,0.6223600661935311,0.5084332227706909,-0.058285695,0.7394492217042868
LAS1L,-0.08812296390533447,0.39248175885400644,0.31694233417510986,-0.06666765,0.703566027015366
SOD1,-0.0881662368774414,0.6464095979990666,0.4556970000267029,-0.28005195,0.10322168216841852
FKBP8,-0.0882941484451294,0.4826911607134499,0.3943258225917816,0.23497382,0.17422549837417617
SLC3A2,-0.0883486270904541,1.2563860368852062,0.9494783878326416,0.7345692,5.071999278195725e-07
FAM234A,-0.08840179443359375,0.5408499012874609,0.45325982570648193,-0.33600086,0.048448642326704566
NUDT16,-0.08851313591003418,0.4576790611909147,0.335204541683197,0.26413321,0.12521235961779384
STAT3,-0.08866667747497559,0.5659075415953214,0.45495522022247314,-0.17309788,0.3200271439320756
CEBPZ,-0.0887223482131958,0.4097467285395718,0.3281749188899994,-0.0193519,0.9121397163320368
STARD9,-0.08875274658203125,0.24052548022522113,0.18421265482902527,0.42988092,0.0099552663604992
PAXX,-0.08876025676727295,0.6554775460236153,0.5073839426040649,0.33905363,0.046318520962429964
SPTAN1,-0.0888369083404541,0.5953062142268062,0.48090124130249023,0.43386695,0.009215768270678208
NDUFB9,-0.0889592170715332,0.4895420733441577,0.37943035364151,0.5201503,0.00136076233509087
MAP3K7,-0.08897686004638672,0.3693598343629158,0.29249268770217896,-0.16377778,0.347164764290064
BIRC5,-0.08912837505340576,0.4101373758968842,0.32393452525138855,0.21808536,0.20818631236625854
GAMT,-0.08916139602661133,0.4598144330327213,0.36554375290870667,0.030676082,0.8611327193325643
NIPSNAP2,-0.08917248249053955,0.5756087574028841,0.4736991822719574,0.3105609,0.06940550998247864
STK24,-0.08928203582763672,0.5329478005368598,0.4401606023311615,0.5843523,0.0002279446702723457
TCF25,-0.08942806720733643,0.6190475730887246,0.47227510809898376,-0.27394295,0.11128515808429429
GFPT1,-0.08950138092041016,0.8547976574527844,0.5977415442466736,-0.068912834,0.6940566670710552
SNRPF,-0.08954310417175293,0.3925495611778453,0.3268485367298126,-0.3717654,0.02787724917361125
GLS,-0.08955740928649902,0.8813199279311982,0.7205045819282532,0.38265643,0.023284567569433402
RAB11FIP1,-0.08957934379577637,0.7358093457904082,0.6248667240142822,0.7189514,1.1441656169865486e-06
TMX2,-0.08965671062469482,0.6515851892779158,0.5606802105903625,-0.40031403,0.017177437462061
SEC62,-0.08970761299133301,0.6278832449579579,0.5434674024581909,0.43145895,0.009656690249327436
HBA1,-0.08973371982574463,0.9506334978334521,0.755900502204895,-0.33719155,0.047608679689402765
BCAM,-0.0897599458694458,0.899681722470727,0.7231529355049133,0.16701314,0.3375903069174289
ABLIM3,-0.08995330333709717,0.6892354908088137,0.5136539936065674,0.27351433,0.11186828472734635
RPS6,-0.08999192714691162,0.47933677749740494,0.3907702565193176,-0.20493034,0.23762740453413306
NAA25,-0.08999502658843994,0.24123625680340333,0.18584886193275452,0.06594386,0.7066413361120153
MID1,-0.09013521671295166,0.7283736594302199,0.5222808122634888,0.560749,0.0004586417142070561
FBLIM1,-0.09020876884460449,0.6053612890555671,0.4857398569583893,0.29057783,0.09037767042760494
VWA8,-0.0902552604675293,0.664522908990546,0.5128812193870544,-0.17394918,0.31761594594327736
PLCB3,-0.09027814865112305,0.5799649574529463,0.4833765923976898,0.19563276,0.2600509029122289
ESRP1,-0.09032881259918213,0.38022827287758093,0.32942089438438416,0.042838193,0.8069657303601084
ANKLE2,-0.09049689769744873,0.4447316681673926,0.3463685214519501,-0.120543286,0.4903415509939319
CDKN2A,-0.09051752090454102,1.2941933908710255,1.034698247909546,-0.78994685,1.6783993158735524e-08
PPP1CC,-0.09059643745422363,0.49650526625576513,0.42298561334609985,-0.61438423,8.630709629390068e-05
ARL15,-0.09064805507659912,0.48961761706280843,0.377971351146698,-0.09498213,0.5873060339069559
TES,-0.09075164794921875,0.7134161697253476,0.5292074084281921,0.16398901,0.3465346576042591
HDGFL2,-0.09094107151031494,0.6148023026685089,0.48986420035362244,0.5090484,0.0017906555494845153
EML4,-0.09098172187805176,0.8817723991679067,0.6578262448310852,-0.49155828,0.0027098549159341413
PHPT1,-0.09101760387420654,0.8890178970921213,0.6971126794815063,-0.47331524,0.004082198382451267
HNRNPLL,-0.0910879373550415,0.35092906046678257,0.2513766586780548,-0.4376873,0.008551416451007043
GABARAPL2,-0.09121358394622803,0.9753704883236922,0.7808905243873596,0.4449398,0.00740198725540991
TMEM126A,-0.09141266345977783,0.567487066936586,0.4505273103713989,-0.016038802,0.9271379007708458
H1-10,-0.09167635440826416,1.2463153893123686,0.977968692779541,-0.5859902,0.00021671453733459315
ZNF346,-0.0917593240737915,0.40264895816309604,0.33125096559524536,0.13985167,0.4229724275489888
ATAD3A,-0.09180152416229248,0.5979919238916673,0.4866753816604614,0.18463235,0.2883300172348019
ATF7IP,-0.09184372425079346,0.48320774208767964,0.40304645895957947,0.19596452,0.2592272559852022
CPS1,-0.09191536903381348,1.5940096774507488,1.0826541185379028,0.22423631,0.19532536300855424
SLC25A13,-0.09200823307037354,0.6478541634351878,0.4987497627735138,0.13557367,0.4374355277739135
SYNJ2BP,-0.09206819534301758,0.6305574338196925,0.47082090377807617,0.31939512,0.06144695748463537
GGT7,-0.09212636947631836,0.5450334332211717,0.39270859956741333,0.33088636,0.05219265718595304
LSM3,-0.09230303764343262,0.4447528769339477,0.34120461344718933,-0.36547053,0.030854999607227145
UGP2,-0.09236955642700195,0.9466211702658962,0.6226089000701904,-0.0061679967,0.971947796399244
SSNA1,-0.09263491630554199,0.5641113355212796,0.4640220105648041,0.41547325,0.01306262835456208
PSMA2,-0.09264016151428223,0.6356363281620886,0.5368204116821289,0.25794536,0.13463998341310918
TFB1M,-0.09264111518859863,0.47070063990020045,0.39757511019706726,-0.5201404,0.0013611009572001682
WBP2,-0.09264600276947021,0.6109490971549912,0.4372328817844391,-0.40297922,0.016384215303986153
RPL14,-0.09272849559783936,0.5640702318417152,0.47928985953330994,-0.17986012,0.3011902093517642
SDCBP,-0.09277606010437012,0.7500195103332877,0.6012346744537354,-0.5852405,0.00022179179641782762
BRIX1,-0.0927811861038208,0.5733213613705477,0.49701565504074097,0.13412182,0.4424048355745104
CNOT9,-0.09288465976715088,0.46492231330216316,0.342002272605896,-0.30539823,0.07441712098753184
PRDX3,-0.09333133697509766,0.7395649804717084,0.6172426342964172,0.5723447,0.0003274698610070883
CYBRD1,-0.09340322017669678,1.0406642986586725,0.8571783304214478,-0.72443897,8.650746069372876e-07
LPGAT1,-0.09347712993621826,0.4741344508952192,0.3624134957790375,0.19972406,0.25001736446056033
CHMP6,-0.09348320960998535,0.6472643155238386,0.5047986507415771,-0.52509165,0.0012006245976599232
ACAD8,-0.09366059303283691,0.5328277552146341,0.41440334916114807,0.28782764,0.09360861481996124
TFIP11,-0.09369146823883057,0.36671482261241806,0.2735445201396942,-0.20162916,0.2454346291599504
FUBP1,-0.093772292137146,0.774703252031309,0.6665417551994324,-0.42491817,0.010945810984818187
SRPRB,-0.09383201599121094,0.5877068571387458,0.5131416916847229,0.78221625,2.862661781260843e-08
CKMT1A,-0.09394776821136475,1.4052639365123574,1.2209120988845825,0.027173229,0.8768612254369076
CPNE3,-0.09422516822814941,0.6336953868320617,0.4643392860889435,-0.026510555,0.8798422268811901
CSPG4,-0.09432709217071533,0.6843419367498245,0.5680261254310608,-0.0384127,0.8265877033906749
ZNF280C,-0.09433960914611816,0.6220521310397991,0.48399555683135986,-0.5421046,0.0007687185186717256
FAM107B,-0.09434032440185547,0.6302815912296753,0.4832261800765991,-0.5242743,0.0012259070128256414
NUSAP1,-0.09445405006408691,0.6154250318810561,0.49808764457702637,-0.55881035,0.0004846326738924486
EPB41L2,-0.09470319747924805,0.8067300298989415,0.6587638258934021,-0.5586278,0.00048714559795837235
CHD8,-0.09485971927642822,0.41776657562541486,0.31658053398132324,-0.36110774,0.03306776587501236
PPP4R3B,-0.09496796131134033,0.5089863927161506,0.40081819891929626,0.24030516,0.1643750404145085
SMNDC1,-0.09518110752105713,0.5473437888548084,0.3648528456687927,-0.4472677,0.007062259931808825
MED15,-0.09524178504943848,0.41598827648264036,0.3336595296859741,-0.21181199,0.22189470753073193
SUPT4H1,-0.09525859355926514,0.5874603318965217,0.5094861388206482,-0.41677013,0.012752980770678296
KLF5,-0.09527266025543213,0.35762574681987735,0.27833425998687744,-0.26995972,0.11679244549617616
NELFCD,-0.09533226490020752,0.4165238334298276,0.28157439827919006,0.4786702,0.0036278840305130062
RPS4X,-0.0953369140625,0.5371424439393863,0.44196873903274536,-0.2721739,0.11370644117141068
BLVRB,-0.09558761119842529,1.2126762950190622,1.0142189264297485,-0.37329417,0.027190927519931296
SEPTIN3,-0.09559345245361328,1.0691556038188768,0.8387280702590942,0.56305254,0.00042937677954452364
PCNA,-0.09560286998748779,1.1496832701679631,0.9457249045372009,-0.061543584,0.7254331051014508
APPL2,-0.09563803672790527,0.4358930366838565,0.37483569979667664,0.17212482,0.3227966393774463
WFS1,-0.0956583023071289,1.0130339803880408,0.8350444436073303,-0.35493854,0.03641609242642717
DYSF,-0.09585762023925781,0.5944019552991906,0.4643409848213196,0.059932016,0.7323559020773339
S100A4,-0.09612524509429932,1.1671997396498894,0.9452745914459229,0.5377872,0.0008627263582937718
NNT,-0.09614050388336182,1.0162041993277953,0.7767612934112549,-0.1810457,0.2979619208104441
RAB33B,-0.09617352485656738,0.5701958523955706,0.4536774754524231,0.03328143,0.8494679238459492
KIF11,-0.09621083736419678,0.7709823326926621,0.6073426604270935,0.43366393,0.009252267741092375
UFD1,-0.09644579887390137,0.6566090963715405,0.47727900743484497,-0.5052821,0.001961374778240319
GINS2,-0.09663248062133789,0.4370980800775006,0.305731862783432,0.30306116,0.07677651598238479
METTL1,-0.09670722484588623,0.3789080197007843,0.3006085455417633,0.018537005,0.9158261197233768
LRWD1,-0.09673917293548584,0.5970608357035241,0.46617284417152405,0.20651211,0.23394641919028883
WDR76,-0.09674286842346191,0.60235550865244,0.43355390429496765,-0.029534645,0.8662525048820625
POLR1C,-0.09675979614257812,0.4329553664419718,0.3558054268360138,-0.36500984,0.031082799870505613
SFXN1,-0.09686565399169922,0.5527314903804063,0.44694268703460693,0.7251989,8.317780929748693e-07
TIPIN,-0.09694516658782959,0.46067835101579824,0.30596303939819336,-0.019602947,0.9110049267230418
ORC2,-0.0971076488494873,0.3868119291312732,0.31906458735466003,-0.4691756,0.004466366166238229
KIF13B,-0.09719336032867432,0.5309073801910498,0.4505394399166107,-0.21752825,0.2093795829704664
MYO19,-0.09746229648590088,0.4246766346825047,0.3587556481361389,-0.12654999,0.4688141257726945
NRBP1,-0.0978766679763794,0.6567336525452591,0.47147855162620544,-0.13497515,0.4394800796121731
TOR1AIP1,-0.09793329238891602,0.7044708934047886,0.5946397185325623,0.61592174,8.19010046795081e-05
GLDC,-0.0979917049407959,0.596171310798459,0.4453110694885254,0.04362353,0.8034953399985117
PHF10,-0.09803891181945801,0.45121464382099535,0.34650102257728577,0.318447,0.06226486062792246
PSPH,-0.09822368621826172,0.8605292458271765,0.6356105208396912,-0.35316107,0.037430292192588976
CORO2A,-0.09832918643951416,0.39713656524325347,0.31275275349617004,0.11665868,0.5045283308695928
SHPK,-0.09833717346191406,0.4364735448943576,0.34404611587524414,-0.09962766,0.5690717701240913
RAVER1,-0.09844362735748291,0.7024988989634726,0.5620539784431458,-0.55921936,0.000479042952087936
CARD19,-0.09851157665252686,0.6489715215609381,0.5281194448471069,0.7316643,5.925460255809422e-07
OTUD6B,-0.09859812259674072,0.676441531566458,0.5085849165916443,0.37552285,0.026215305008542092
EXOC4,-0.09864223003387451,0.48654125706257223,0.3384670317173004,-0.34705734,0.04108894285029979
RAN,-0.09874582290649414,0.7909455068146058,0.6864814162254333,-0.6759219,8.34984773563967e-06
PPP1R9B,-0.0988926887512207,0.5991596187774797,0.4666728377342224,-0.49209076,0.0026767436708787025
RBIS,-0.09917771816253662,0.5571604927864692,0.4079979658126831,-0.1284998,0.46193519540577516
RPL27,-0.09939002990722656,0.5207657166140747,0.4263952970504761,0.041326307,0.8136569717353784
GTF3C5,-0.09977459907531738,0.3897910562194796,0.2927224338054657,0.093161575,0.5945216897404088
AQR,-0.09991037845611572,0.4595436260291031,0.3741001486778259,-0.42705566,0.010509402007646048
TLE5,-0.09999608993530273,0.7334585355676654,0.642160177230835,-0.7240316,8.834119831614222e-07
ATL2,-0.10019505023956299,0.43372442664796146,0.33502960205078125,-0.47634235,0.0038196919094382192
COMTD1,-0.1005321741104126,0.5970867660097244,0.4725464880466461,0.52572554,0.0011813310279950996
SRR,-0.10058355331420898,0.5647910403486565,0.4374214708805084,0.10768485,0.5380726841605714
C11orf68,-0.10061514377593994,0.479157993680443,0.3771660029888153,-0.25464812,0.13987219957336094
ABCC3,-0.10063552856445312,0.5128482554149902,0.3959018588066101,-0.2836922,0.09863206216959199
NAGLU,-0.10076272487640381,0.5916156050538381,0.4913383424282074,0.34498972,0.04239182058151557
CSTB,-0.10083246231079102,0.9844267695301494,0.7947387099266052,0.04855641,0.7817843223838843
LHPP,-0.10090136528015137,0.5790463657673881,0.42844444513320923,0.31533867,0.06500684037201487
TBC1D13,-0.10094809532165527,0.5950305080606529,0.416421502828598,0.25055945,0.14656561335197307
GNPAT,-0.1013251543045044,0.6199198010703804,0.45737314224243164,0.7243386,8.695618388340678e-07
BAZ2A,-0.10140490531921387,0.4369800747970705,0.3455592691898346,0.24936211,0.1485692575634632
GSDME,-0.10143232345581055,0.6002980604525194,0.46203547716140747,-0.056093574,0.7489273041010396
CD99,-0.10145342350006104,0.9440023312277215,0.7524009943008423,0.18374725,0.2906878740732116
RAB10,-0.10155296325683594,0.6432930352218081,0.48068952560424805,0.7432613,3.1461680154054925e-07
DNAJB6,-0.10161423683166504,0.45328551770699305,0.36008408665657043,0.3940062,0.019183532944876815
ATF2,-0.10184872150421143,0.41638927961913214,0.3118920922279358,0.37538105,0.026276531523331603
PC,-0.10186910629272461,1.0158161276929338,0.7628077864646912,0.1964392,0.2580521787191618
ASAP1,-0.10198915004730225,0.4431081723998213,0.3695124089717865,-0.12314764,0.48094607047313176
RBM8A,-0.10202336311340332,0.32737400761789265,0.25242745876312256,-0.6170974,7.866981649617707e-05
IST1,-0.10208284854888916,0.43433428580396083,0.3428667187690735,-0.43640208,0.008770201856886543
ACBD3,-0.1021113395690918,0.7335640508227934,0.5512093305587769,-0.4534583,0.006223043558982119
PFKP,-0.10235655307769775,0.7565543358420199,0.5774628520011902,-0.03456074,0.8437517322904469
CLN6,-0.10249221324920654,0.34730580701380487,0.27399942278862,-0.12642924,0.46924193843374484
GRPEL1,-0.10285353660583496,0.6529515113572374,0.5756829380989075,0.47700405,0.0037642956450353866
POLA1,-0.10304522514343262,0.5265569397946885,0.43741533160209656,-0.40018746,0.01721590217478634
RBM27,-0.10311269760131836,0.45783034996152655,0.34702014923095703,0.03533399,0.840300019080527
PSMD2,-0.10316407680511475,0.5983373463539489,0.48291507363319397,-0.46555695,0.004827365186106714
ATP5PF,-0.10326087474822998,0.5294950332480702,0.40323835611343384,0.30316558,0.07666986645453112
VTN,-0.10327517986297607,1.3035805854923659,1.0162937641143799,-0.8313401,6.246131577475832e-10
ELMO2,-0.1033484935760498,0.5521131333519694,0.4232936203479767,-0.2152683,0.21426796009931048
ACYP2,-0.1034775972366333,0.4762356215531734,0.3570984899997711,-0.30258027,0.0772691283972868
PAK1,-0.10363209247589111,0.7314803111281155,0.5923441648483276,-0.3626265,0.03228318668070193
BORCS7,-0.10372018814086914,0.4941535616300817,0.3622561991214752,0.01839415,0.9164728765063033
MTA3,-0.10389959812164307,0.5337357986847978,0.4277600944042206,0.36881912,0.02924013112033765
JMJD6,-0.10392379760742188,0.4444891026365786,0.27133145928382874,-0.36471272,0.031230404855133898
NEDD4L,-0.10395801067352295,0.5438771504785084,0.4128831624984741,-0.20529276,0.23678064613794841
WDR44,-0.10410499572753906,0.455408721161147,0.3774929642677307,-0.4492351,0.006785649934084501
CYP2S1,-0.10411274433135986,0.4009849417396723,0.3213936984539032,0.42992026,0.009947729218636066
PKP2,-0.10423862934112549,1.06060144554513,0.8456723093986511,0.20762812,0.2313725925533832
LACTB2,-0.10428476333618164,0.7453044291125261,0.5974397659301758,0.41201824,0.013918629840120716
MRPL53,-0.1043170690536499,0.4741996755016042,0.37568560242652893,-0.11666115,0.5045191222572637
PIEZO1,-0.10464727878570557,0.44953815880519193,0.36848893761634827,-0.32073322,0.06030701560310354
CCDC47,-0.10473847389221191,0.4179152873419949,0.3162030875682831,0.07914106,0.6513333568166777
SORL1,-0.10492122173309326,0.5076706321325155,0.3880128860473633,0.3582641,0.034578495378585455
DIAPH1,-0.10495114326477051,0.5946382353638637,0.45811033248901367,0.21675946,0.21103375316666023
SF3B6,-0.10504341125488281,0.2894480685514428,0.23947982490062714,0.15170637,0.3843207512903092
DCK,-0.10505867004394531,0.9650323660270187,0.773994505405426,-0.046958204,0.7888017373552894
RRP1,-0.10512673854827881,0.5041377400803854,0.4178798794746399,0.3445806,0.04265353801097104
SDHA,-0.10515129566192627,0.541110364420378,0.4448068141937256,0.45835638,0.00562111201074069
NUP42,-0.10527253150939941,0.44802442259933567,0.3756178319454193,-0.13475753,0.44022507071463657
EXOC3,-0.10533308982849121,0.5068036842741424,0.34677615761756897,-0.34867075,0.040094901704149304
STX7,-0.10555052757263184,0.8444506597046199,0.700941801071167,0.29087472,0.09003414317995734
ARHGAP4,-0.10562527179718018,0.44040649420660327,0.3288957476615906,0.2017771,0.2450811251070954
MAP7D3,-0.10568201541900635,0.5039877714705838,0.4113231599330902,0.46508783,0.004875955908436337
HSPA2,-0.10579955577850342,1.067526818950307,0.8379528522491455,0.011401715,0.9481691703193045
PRKCI,-0.10581612586975098,0.6014306555593111,0.4931519627571106,0.21865743,0.20696602998707608
DUSP3,-0.10588061809539795,0.8472160567561317,0.6173251867294312,-0.4051515,0.015760608932655944
CDCA2,-0.10599410533905029,0.6697144701676194,0.49891531467437744,-0.4696798,0.004417960356035032
LARP4B,-0.10607528686523438,0.43426384567101,0.32835060358047485,-0.009723794,0.9557889797558371
AAMP,-0.10624110698699951,0.52495914595456,0.37868866324424744,-0.46691617,0.0046889202410461085
STK4,-0.1062612533569336,0.6806871801579969,0.5149462819099426,-0.31887984,0.061890382154337883
KRT13,-0.10641014575958252,1.5817896528969846,1.3517588376998901,-0.010233624,0.9534732583909629
PLIN3,-0.10655534267425537,1.4755309200065534,1.1974387168884277,0.7776163,3.893780698584678e-08
RABGGTA,-0.10669386386871338,0.5098923565827533,0.39379632472991943,-0.23358916,0.17685110497587428
VRK1,-0.10679161548614502,0.7180333918879748,0.5397540926933289,0.5013208,0.002156137392729898
JAGN1,-0.10688614845275879,0.6516344474387157,0.551115870475769,-0.5655065,0.00040003901640897697
SSH3,-0.10708987712860107,0.7071746764998964,0.5630917549133301,0.45687637,0.005797470572224042
CNPY3,-0.1071157455444336,0.7060452535798363,0.5433264374732971,-0.25821128,0.13422432528721465
SH3BP4,-0.10728681087493896,0.45674342686183356,0.36751800775527954,-0.16817464,0.33419303962634883
ARHGAP12,-0.10750353336334229,0.569148142286518,0.44015857577323914,0.5774372,0.00028131096198554363
TACC3,-0.10750985145568848,0.48943858509433,0.39412921667099,-0.032339692,0.8536809434071845
RPL13,-0.10764062404632568,0.42496250772593724,0.3475729823112488,-0.25427613,0.14047163832820572
MRPL43,-0.1077573299407959,0.46821210516826844,0.39976587891578674,0.6001209,0.00013855433385405377
RNF20,-0.10800361633300781,0.4970740447438238,0.4004322290420532,-0.6225011,6.524503988999795e-05
CASP2,-0.10803115367889404,0.4152070546963928,0.3444194495677948,-0.008212805,0.962653698859967
CTHRC1,-0.10804569721221924,0.7853572834814978,0.6218305826187134,-0.41850117,0.012349339550280544
SERINC1,-0.10817646980285645,0.47298991823541253,0.3782576024532318,0.06753157,0.6999016592292414
KPNB1,-0.10837340354919434,0.6311362636193442,0.5470637679100037,-0.7250204,8.39493531929305e-07
YTHDF1,-0.108420729637146,0.4630415786998927,0.3201354742050171,-0.37906888,0.024722624253473716
PDLIM2,-0.1088874340057373,0.5597308130080929,0.42849746346473694,0.5058449,0.00193499868333135
RRP7A,-0.10892808437347412,0.4937931090259203,0.41603317856788635,-0.36382413,0.031675342999019945
POLR2H,-0.10912966728210449,0.6567511688442742,0.564616858959198,-0.4263041,0.010661125807139314
RRP15,-0.10914969444274902,0.5284052584855012,0.4259810745716095,-0.026498377,0.8798974758600886
SPAG7,-0.10920345783233643,0.39141656782062256,0.30137312412261963,-0.14621639,0.40195745485789713
SRRM2,-0.1094135046005249,0.4583785421298577,0.3533255457878113,0.028958153,0.8688403798795217
NT5C2,-0.10947310924530029,0.5759594541888933,0.4267706871032715,-0.7878606,1.942704211155665e-08
TRIOBP,-0.10949409008026123,0.5920314512758373,0.47400298714637756,0.64062953,3.392702626225072e-05
RPS23,-0.10972654819488525,0.48287088911443093,0.39359250664711,-0.072568506,0.6786716762355919
SAMHD1,-0.10975360870361328,0.6764037512056542,0.49524983763694763,0.2975316,0.08259025898952586
NQO2,-0.1098780632019043,0.5531921917034668,0.4054935872554779,0.038114384,0.8279140037175688
NFKB1,-0.10992562770843506,0.5295828296689996,0.42235803604125977,-0.1633953,0.3483076230615896
ABHD10,-0.11012482643127441,0.5261871086469854,0.3920041620731354,0.44106257,0.00799884839060917
SNAPIN,-0.11025583744049072,0.6764924821457059,0.4455052614212036,-0.2697559,0.11707967774106741
QRICH1,-0.11029291152954102,0.4274269288060082,0.3192066252231598,-0.32698262,0.05520271471680793
RAD18,-0.11067986488342285,0.5544781894401707,0.43126392364501953,0.55611056,0.0005230052312292596
RRP12,-0.11074447631835938,0.613865252354309,0.5127921104431152,0.2713234,0.11488440296250664
YEATS2,-0.11079740524291992,0.5304422689353612,0.4428534507751465,-0.4194534,0.01213193354386161
ENO1,-0.11085295677185059,1.1213595510525678,0.8602954149246216,-0.40498915,0.015806521554860384
ACTR3,-0.11089527606964111,0.5101753137832509,0.4243867099285126,0.081992224,0.6396086562590106
AUP1,-0.11099731922149658,0.5274236547897476,0.3754689693450928,0.39545572,0.01870608693056466
ACO2,-0.11114335060119629,0.5067668713385034,0.39071622490882874,0.42243388,0.011472245876254715
GCDH,-0.11124098300933838,0.47075393212611394,0.3560076355934143,-0.28160477,0.10124450833195785
SLC39A11,-0.11145758628845215,0.4667478399977638,0.33699023723602295,-0.17758003,0.3074613068326387
SCFD1,-0.11157560348510742,0.540294979775557,0.4399811923503876,-0.42598787,0.010725530731253183
GUK1,-0.11179709434509277,0.6530359672934236,0.5199658870697021,0.21233271,0.22073397844950063
SCCPDH,-0.11182785034179688,0.7719140896184992,0.6143404245376587,0.21577878,0.21315677437300626
UTP15,-0.11193525791168213,0.4085727095429045,0.3344804644584656,-0.23746279,0.16957576130149166
BCAS2,-0.11195540428161621,0.344050958406926,0.2764098644256592,-0.4260809,0.010706536812263866
CNOT10,-0.11221563816070557,0.4208710876217288,0.3149443566799164,0.5305081,0.0010443691004418266
INTS13,-0.11225485801696777,0.3939104578261768,0.3140471279621124,-0.46355522,0.005037670273794991
TTF2,-0.11225676536560059,0.5039600964542039,0.42291244864463806,-0.18041122,0.2996867651257018
PAM,-0.11226987838745117,0.5554803635124923,0.4322572946548462,-0.096000284,0.5832875524612365
SLC38A2,-0.11235594749450684,0.7046920691635968,0.5593165755271912,0.41539606,0.013081241792450552
ARFIP2,-0.11238086223602295,0.4625883282265952,0.3541094660758972,0.27652642,0.10781915805355523
SLC1A4,-0.11246061325073242,0.5035527490109944,0.3707018792629242,0.22291699,0.19803592613611634
BLM,-0.11248612403869629,0.459942487277789,0.33824560046195984,0.3889596,0.020925794870413596
MCM3AP,-0.11249494552612305,0.5952337448210909,0.4581913948059082,-0.19317347,0.26620809000341444
RPL27A,-0.1125020980834961,0.4172771114731785,0.3549763262271881,0.0013800934,0.9937221738607006
KNOP1,-0.11254763603210449,0.4793517456730771,0.3929031193256378,-0.16953239,0.33024824133722186
CTDSPL2,-0.1126713752746582,0.6577253786870302,0.5070317983627319,-0.2464442,0.15353549303852404
APOE,-0.11279964447021484,0.7266747172665053,0.5202372670173645,-0.31649256,0.06397804384926378
TACSTD2,-0.11331570148468018,1.1670146094047615,0.9231984615325928,0.5089256,0.001796008839751935
KPNA2,-0.11331653594970703,1.0923686432597284,0.9503786563873291,-0.533694,0.0009610879688749092
NDUFS1,-0.11375844478607178,0.585391973221307,0.445543497800827,-0.017729063,0.9194829514362968
SPTY2D1,-0.11381494998931885,0.4870394671092364,0.37835609912872314,-0.055220224,0.7527134676803277
KRT1,-0.11402833461761475,0.5633678099937537,0.4177011251449585,0.23030737,0.18318635197197314
DDX31,-0.11452746391296387,0.5720265380531935,0.4666776955127716,0.14107276,0.41889388140932243
ABRACL,-0.11465239524841309,0.7279466549774292,0.5706300139427185,-0.18199126,0.2954029461280381
DIMT1,-0.11488974094390869,0.5810988209096211,0.45871174335479736,-0.5730176,0.0003210074227290909
RABEP2,-0.11496484279632568,0.5011075389595648,0.3415045440196991,0.04832567,0.7827966205084862
PPP4C,-0.1150437593460083,0.47701887260245407,0.368040531873703,0.035552677,0.8393246811041394
GOLGA7,-0.11526846885681152,0.6182734677372317,0.49720627069473267,-0.4778418,0.003695158999052942
BET1L,-0.11550593376159668,0.4094470659552637,0.30131995677948,0.21019456,0.2255267577573454
EEA1,-0.11564290523529053,0.6974914569741741,0.5608108043670654,0.118693605,0.4970710293281958
ISOC2,-0.11584270000457764,0.6696658298548281,0.5362225770950317,0.40474477,0.015875837840181345
DGKA,-0.11586213111877441,0.508515648770797,0.387145072221756,-0.0347392,0.842954394383112
EIF1AX,-0.115883469581604,0.512794063685361,0.4083021879196167,-0.10997828,0.5293992443453155
MRTFB,-0.11606001853942871,0.4996168635614652,0.38818544149398804,-0.16015749,0.3580718925899605
RPIA,-0.11606895923614502,0.4649396204458425,0.3935079276561737,-0.33683988,0.04785554248868928
MAN1B1,-0.11620163917541504,0.6359555872189091,0.5048458576202393,-0.4363387,0.00878112035954818
DDX23,-0.11641860008239746,0.4343573058936144,0.34720873832702637,-0.084013246,0.6313497044086174
TSPAN3,-0.11656737327575684,0.6334977384133981,0.4715302586555481,-0.025060685,0.8863702213589469
ACP6,-0.11660408973693848,0.5353441674195951,0.4407946467399597,-0.067605756,0.6995874605044503
UBA6,-0.11665725708007812,0.8118276014580532,0.5958670973777771,-0.56320506,0.0004274996880469932
RHOA,-0.11667275428771973,0.4058364083306113,0.3298802375793457,0.0655034,0.7085149982501762
ANLN,-0.11671686172485352,0.6920456166088542,0.5695301294326782,0.21177316,0.22198150391248264
FAS,-0.11691081523895264,0.4020624010372648,0.3196832239627838,0.26181123,0.12869067725608363
FKBP2,-0.11713516712188721,0.7292290025132961,0.5692214369773865,0.55002695,0.000619524952341179
TMUB1,-0.1175156831741333,0.4995918545249448,0.3768267333507538,-0.50266916,0.0020880328117775346
ARPC5,-0.11760735511779785,0.6446457038751627,0.5103758573532104,0.12567621,0.47191438891746196
CD70,-0.11761295795440674,1.1299951179365173,0.9678824543952942,0.1537366,0.37791469125327204
WDR11,-0.11795127391815186,0.36669318426579156,0.2939567565917969,-0.3180413,0.06261744488305834
C5orf24,-0.1180950403213501,0.47792376291260885,0.3752226233482361,0.20080562,0.24740863379282962
WDFY1,-0.11820471286773682,0.5204098092119345,0.39491143822669983,-0.31778932,0.06283726757382989
DDX27,-0.11837899684906006,0.5947221527186676,0.511276364326477,0.2592096,0.13267241860541504
GLYR1,-0.11839962005615234,0.43980200588060325,0.3524201512336731,0.26964325,0.11723846977521066
ERP29,-0.11843347549438477,0.731901344978357,0.5770858526229858,0.6076208,0.00010833179349197918
WASHC3,-0.11844587326049805,0.6999538542659842,0.5485251545906067,-0.50431436,0.002007475679153271
ATP6V1E1,-0.11858642101287842,0.8072559143681443,0.6485233306884766,-0.599884,0.00013962135885558637
HINT2,-0.11867320537567139,0.7549337786881146,0.6354554295539856,0.49209505,0.0026764782025166284
RSF1,-0.11912214756011963,0.6733133976136381,0.4963325560092926,0.45787573,0.005677874832353515
DSC2,-0.1191704273223877,0.7235971460034131,0.5860388278961182,-0.47426724,0.003998008606511052
SETD1A,-0.1192854642868042,0.39442659632989685,0.3361627161502838,0.3586897,0.03434888744900944
RPP30,-0.11930155754089355,0.3362730701147543,0.2702411115169525,0.0710955,0.6848561939878505
CEP43,-0.11935567855834961,0.4603530119855717,0.35811471939086914,0.05630518,0.7480108273629764
NOLC1,-0.11939585208892822,0.7285448738342444,0.6335536241531372,0.031685468,0.8566100104555575
CARMIL1,-0.1194232702255249,0.5977291237277984,0.41648069024086,0.22960988,0.18455319496662065
NBN,-0.11943304538726807,0.39711765395500304,0.29273921251296997,-0.14468384,0.4069622198481578
PTBP3,-0.11998569965362549,0.5746111404941595,0.4544520378112793,0.5343714,0.0009441575216610445
CPSF7,-0.11999642848968506,0.4463156727676857,0.37234437465667725,-0.005658621,0.9742636701643576
DOCK2,-0.12027347087860107,0.4662206756635896,0.36743882298469543,0.8277043,8.628915972470232e-10
KIF2C,-0.1202782392501831,0.7148285744312158,0.5298345685005188,-0.4067493,0.015314732193271998
MED21,-0.12042796611785889,0.4654164512887637,0.3865727186203003,-0.19509205,0.2613962784821631
MEAK7,-0.12058913707733154,0.6215105397718657,0.5184561610221863,0.21058665,0.2246426238333233
GMEB1,-0.12059354782104492,0.36431604078492624,0.29447343945503235,-0.2175313,0.20937293214192748
RPL19,-0.12064123153686523,0.5607261238202196,0.46648865938186646,-0.085797295,0.6240950140276766
VPS33B,-0.12083828449249268,0.45058328456618535,0.3475755751132965,0.35256553,0.037775209316149666
BAZ1A,-0.12085616588592529,0.492106809510991,0.352704793214798,0.116417035,0.5054175788540501
SNRPD1,-0.12116575241088867,0.3149071726564513,0.25364580750465393,-0.47418374,0.004005327555464121
PLEKHA6,-0.12170755863189697,0.37243428287438546,0.3096260726451874,0.4033043,0.016289595882777494
SMARCD2,-0.1217573881149292,0.5449867620085296,0.4307427406311035,0.089786775,0.6079985590017459
FASTKD5,-0.12188279628753662,0.41210997161098883,0.3316432535648346,0.47732806,0.003737426087249938
HNRNPUL2,-0.12223172187805176,0.5944718941572954,0.4429178535938263,-0.21512423,0.21458208369224227
SMYD3,-0.12238836288452148,0.559479924169906,0.47008323669433594,0.72898465,6.827640603471518e-07
SREK1,-0.12255263328552246,0.625329050229207,0.42669299244880676,0.41212532,0.01389141534082825
PPIL4,-0.12297463417053223,0.6220586946321783,0.45577412843704224,0.081856,0.6401670391739172
ATXN2,-0.12302887439727783,0.8685912378271055,0.5351601243019104,-0.4231746,0.011313080289592449
ERGIC2,-0.12327146530151367,0.6755549101419496,0.5215746760368347,-0.3868095,0.02170704120175094
ALDH6A1,-0.12333965301513672,0.6189232814788534,0.4574914574623108,0.3767393,0.02569511064130444
FHOD1,-0.12383401393890381,0.7043874215872961,0.501584529876709,-0.35480174,0.03649331168258134
EEF1B2,-0.123893141746521,0.8169762843529174,0.6529757380485535,-0.22342929,0.19698014806962869
SAAL1,-0.12409138679504395,0.6228894121423059,0.5155103206634521,0.5983568,0.0001466803102028818
PINX1,-0.12430012226104736,0.5380936914567225,0.41521015763282776,-0.24141791,0.16237069367354914
RMDN1,-0.12431919574737549,0.6857651365781183,0.5323818922042847,0.7629048,9.940423862665091e-08
KIF20A,-0.12446105480194092,0.6561740876751062,0.5451673865318298,0.121116236,0.48826622014630655
QSOX1,-0.12471210956573486,0.8681699668932376,0.6601328253746033,0.65740323,1.7823186796606478e-05
MAP2K2,-0.12480592727661133,0.6155074225132336,0.4390322268009186,0.31256354,0.06753423832930765
HNRNPR,-0.12546753883361816,0.6164797334178435,0.47181886434555054,-0.5526155,0.000576678185884114
IRF2BP1,-0.125555157661438,0.6662436847136963,0.5361806750297546,0.22500686,0.19375423603237235
AKT1S1,-0.12562048435211182,0.689632727380038,0.554803192615509,-0.003996983,0.9818196483602478
TOM1L1,-0.12634193897247314,0.46311385168333247,0.3356684446334839,0.26100025,0.12992224888469633
KDM3B,-0.12653636932373047,0.3784133418630948,0.30666878819465637,0.5078147,0.0018450891751486038
DNAJB1,-0.12667322158813477,0.7549965835645568,0.5360142588615417,-0.46490785,0.004894713553362573
FUBP3,-0.1267644166946411,0.35108411878440154,0.2894166111946106,-0.083037004,0.6353337196435276
ZFR,-0.1270507574081421,0.31262924382724183,0.22896254062652588,0.10038425,0.5661265127478298
GLCCI1,-0.12721097469329834,0.5173883918066805,0.39888036251068115,-0.2763473,0.1080568699803938
EIF3H,-0.12724339962005615,0.6146287147017153,0.42001858353614807,0.3677487,0.029748605991757573
RPE,-0.12737202644348145,0.43571530493856037,0.2850421965122223,-0.31983092,0.06107382396721591
SSR4,-0.1278160810470581,0.7373294245125954,0.6397428512573242,0.15437166,0.3759239450652178
PRPF31,-0.12784123420715332,0.385759358084268,0.32881370186805725,-0.030065946,0.863869187507384
CASP3,-0.12786543369293213,0.8673695209999169,0.6642360091209412,-0.46793362,0.004587541803619156
RPS9,-0.12795937061309814,0.6428576849753501,0.511954128742218,-0.31046307,0.06949799262544769
TRIO,-0.12801790237426758,0.5334317063216428,0.3904635012149811,-0.1255742,0.4722767161402005
DCP1A,-0.12823140621185303,0.3840184193728444,0.2908663749694824,0.6131111,9.011572233223328e-05
ABCB6,-0.12863028049468994,0.9390965536483881,0.7187241911888123,0.1809515,0.29821755687571183
RAC1,-0.1286712884902954,0.38134482330168723,0.30744025111198425,0.36487794,0.03114823933884354
EML2,-0.12880706787109375,0.5877298788020141,0.46793824434280396,0.15808749,0.3643993440126162
GPX4,-0.12889671325683594,0.6737485092231521,0.5180426836013794,-0.21231368,0.2207764225985391
KHSRP,-0.12893521785736084,0.6540779088989727,0.5283271670341492,-0.7861606,2.1859712671519686e-08
HEXIM1,-0.1290503740310669,0.7642084758460227,0.5677128434181213,0.2024773,0.24341251534071318
NRCAM,-0.1291881799697876,0.6200276708196304,0.4455760717391968,-0.19242477,0.2681012433949068
DNAJA1,-0.1293497085571289,0.883999692992334,0.7314543724060059,-0.72357196,9.045389859337884e-07
NMI,-0.12938547134399414,0.4996266461236219,0.4049663543701172,-0.06694,0.7024104335729936
GSN,-0.12940192222595215,0.9449120926715311,0.7534292340278625,0.28275564,0.09979781719385226
ZFAND1,-0.12940967082977295,0.5635218610356358,0.43583056330680847,0.08820373,0.6143648614172637
GPT2,-0.12955081462860107,0.6143864677344623,0.48671993613243103,-0.37350163,0.027098832962545318
ARPC1B,-0.12983334064483643,0.87947450705184,0.7223371863365173,0.67304033,9.428304127548717e-06
OXCT1,-0.12999451160430908,0.9583608927426689,0.7552912831306458,-0.066426516,0.7045901127901922
DNAJA3,-0.13013792037963867,0.6574833043955789,0.5283451080322266,0.5201128,0.0013620478601050552
FAH,-0.13016223907470703,0.8129136426417424,0.6860896944999695,0.49749047,0.002360324850117203
ELAVL1,-0.13019275665283203,0.4247127214174698,0.34608787298202515,-0.61989236,7.144397878081513e-05
SNRPD3,-0.1304314136505127,0.26958014556104537,0.22313566505908966,-0.3529899,0.037529168958442244
PRPF4,-0.13067150115966797,0.43636426647910226,0.36991506814956665,0.4546851,0.00606731645379495
TIMM50,-0.13068437576293945,0.4597297297931065,0.37775957584381104,-0.24462909,0.15668485176376623
HEATR1,-0.1309443712234497,0.5729631202822726,0.43888288736343384,0.34708983,0.04106877090628919
RPL11,-0.13112306594848633,0.429138943168696,0.3370785117149353,-0.3359817,0.04846227851464989
RPL18A,-0.1311342716217041,0.5599619242377047,0.4504433274269104,-0.34544772,0.04210037538431483
PRKCA,-0.13132500648498535,0.6622743429186388,0.4836086928844452,0.043997675,0.8018436154763013
VCPIP1,-0.1319056749343872,0.5052981116629685,0.3944069445133209,0.21229643,0.22081462710371746
CORO1B,-0.13213908672332764,0.6845270597586068,0.5494717359542847,0.15606672,0.37064050292068346
RAB21,-0.13233470916748047,0.5857062582843242,0.49688807129859924,0.3558476,0.03590605775754898
TMA7,-0.13235902786254883,0.42280481445703066,0.29138368368148804,-0.16871235,0.3326272541607293
MTFR1,-0.13297545909881592,0.5363399751580712,0.41459330916404724,0.42021072,0.011961343219475626
RPL15,-0.13319218158721924,0.5125356661783835,0.42803579568862915,-0.13647547,0.4343643311811477
CC2D1A,-0.13349473476409912,0.5399657159977589,0.39710691571235657,0.21967536,0.2048072574898497
COL17A1,-0.13396811485290527,0.824682999888086,0.633337140083313,-0.18217395,0.2949100023256839
ITSN2,-0.1341334581375122,0.5179850292380613,0.4013512134552002,0.71044487,1.7428730856153946e-06
RPS6KB1,-0.1344895362854004,0.44318268738063415,0.34955519437789917,0.30440947,0.07540828451184746
ITIH3,-0.13453316688537598,0.7338270212589761,0.5846343040466309,-0.09800808,0.5753995527422621
EHBP1L1,-0.13457715511322021,0.41169957038462257,0.3066194951534271,0.45056045,0.006604576688953219
RAB34,-0.13463354110717773,0.698201553122706,0.5721051096916199,0.6197705,7.174603094555202e-05
SMG9,-0.13471806049346924,0.5438213378324892,0.42874959111213684,-0.20834824,0.22972200418467995
WASHC5,-0.1349334716796875,0.4782856291178211,0.36168259382247925,-0.19708285,0.25646458261699395
ADD3,-0.13531851768493652,0.5257983132664327,0.39313557744026184,0.44659963,0.007158375896652611
LMCD1,-0.1357630491256714,0.558023815573131,0.3905256688594818,-0.23539865,0.17342544032170107
TXNDC9,-0.1359257698059082,0.5083205102908275,0.39789023995399475,0.010542572,0.9520700376245592
WDR12,-0.13612771034240723,0.4014217404605895,0.34701353311538696,0.020541348,0.9067627427424001
TRIP6,-0.13622558116912842,0.7863602019133266,0.6268143653869629,-0.058202818,0.7398067639498477
TM9SF2,-0.13646745681762695,0.496781075795221,0.3974432945251465,0.28820416,0.09316107072408446
ECSIT,-0.1365365982055664,0.46594773954810664,0.38076910376548767,-0.25555748,0.1384143657571679
LSM6,-0.1366877555847168,0.4216874200095167,0.361153244972229,-0.56075436,0.0004585731099600155
AP1B1,-0.13700199127197266,0.4525112072731732,0.33223956823349,0.023648946,0.8927330089049353
SKA3,-0.1370987892150879,0.5928976064027933,0.44007444381713867,-0.2267288,0.1902752958811015
GNAO1,-0.13718032836914062,1.0969742254604085,0.8154964447021484,-0.7068384,2.0741036703260744e-06
GALE,-0.13724994659423828,0.5582338253946076,0.46202993392944336,0.32791945,0.0544680425214847
UBE2G2,-0.13796591758728027,0.32290499291802427,0.24808166921138763,0.3179102,0.0627317517576146
ARF6,-0.1379845142364502,0.4920823272476226,0.37035977840423584,-0.3988082,0.017639644587958424
LAMP1,-0.13804960250854492,0.8671648864546971,0.7529950737953186,0.38950115,0.0207327906280346
SYNE3,-0.13836443424224854,0.5616025387984407,0.4392443001270294,-0.2407071,0.1636489103325598
SNRNP27,-0.13861262798309326,0.39601582996561024,0.2874460518360138,0.06517031,0.7099328994860491
LSS,-0.13871264457702637,0.6070387143887563,0.4689601957798004,-0.040157236,0.8188398383459633
UBA3,-0.13887953758239746,0.6296071003589848,0.42873719334602356,0.05231458,0.7653511991363136
SGF29,-0.13900887966156006,0.3833605871498188,0.284917950630188,0.2037015,0.24051375599957694
EPS15L1,-0.13940799236297607,0.4723255324565293,0.34371790289878845,-0.5430329,0.0007497324106647094
ZC3H14,-0.13946962356567383,0.33052785132998697,0.2609058916568756,-0.16236645,0.3513927797386136
UNC119B,-0.13987040519714355,0.5594778467178281,0.4060353934764862,-0.24345593,0.15874527660533846
ARID3B,-0.14012789726257324,0.4205241475208165,0.33768096566200256,0.1743117,0.31659307202535764
MRPL14,-0.14028716087341309,0.5087301619221208,0.399684339761734,0.4993305,0.0022602205798210946
CBX3,-0.1405198574066162,0.5915517267776705,0.4733924865722656,-0.30691004,0.0729212355162118
TOMM20,-0.1405496597290039,0.3988842423102569,0.3316393792629242,0.44169435,0.007898876387070179
FYTTD1,-0.14056861400604248,0.46204667879311817,0.38037970662117004,-0.05603612,0.7491762311749058
PKN1,-0.14060986042022705,0.7352628413729189,0.5997927784919739,-0.6500839,2.371684186282661e-05
PTPN2,-0.14090216159820557,0.4081645016444711,0.31981804966926575,-0.31028354,0.0696678888016479
BROX,-0.14111578464508057,0.6947552237230222,0.5304086804389954,-0.3699451,0.02871298366832498
EIF1AD,-0.14146780967712402,0.6033585970640323,0.46456822752952576,0.30902764,0.0708654816058838
AURKA,-0.14156031608581543,0.48561641597157196,0.3897779583930969,-0.24262556,0.1602151703675963
ZNF800,-0.14195024967193604,0.48227502541500705,0.3937400281429291,-0.6093255,0.00010234982646151795
BUD13,-0.14227092266082764,0.41738799560070533,0.334550142288208,0.24987642,0.14770624247458547
CLTC,-0.1422731876373291,0.4656255062791773,0.3717478811740875,0.17322385,0.31966957423552783
RPS3A,-0.14261317253112793,0.5581541398953966,0.43996429443359375,-0.35260284,0.037753524795919396
HSD17B4,-0.14304351806640625,0.6956227499761806,0.593718945980072,0.7189073,1.1467098550935104e-06
C11orf98,-0.14306402206420898,0.6895240552688079,0.5847208499908447,-0.40050697,0.017118973089900912
BANF1,-0.14314675331115723,0.5410980822802548,0.4209350049495697,-0.08568826,0.6245375682908875
DDX39A,-0.14329981803894043,0.7136394173894197,0.5986769795417786,-0.5310488,0.0010298013382354972
LRRC59,-0.14356231689453125,0.5042750465402501,0.4441227912902832,0.37251663,0.027538217197261204
SLC20A2,-0.1435924768447876,0.513491000396551,0.44679155945777893,-0.5678193,0.00037403488585951154
ZW10,-0.143593430519104,0.3747508095267461,0.27538254857063293,-0.3367807,0.04789723337029781
DDX41,-0.14362096786499023,0.3867284022195947,0.3069685697555542,-0.060071792,0.7317544007073528
GHDC,-0.14371228218078613,0.5956058610401028,0.5132330656051636,0.23609105,0.17212725789474642
DNAJC10,-0.14377212524414062,0.56371483483777,0.40632808208465576,-0.18547025,0.28610897803948876
KHDRBS1,-0.14382004737854004,0.5126525570435013,0.40914681553840637,0.6249341,5.990539554373444e-05
LLGL1,-0.14402556419372559,0.5493722844843318,0.4564538598060608,0.013852893,0.9370471168906772
CHD1,-0.14405179023742676,0.5078644945962663,0.4024471342563629,-0.25059935,0.14649912674341675
GET3,-0.1443643569946289,0.6014756722148296,0.4986304044723511,-0.1339654,0.44294199223270453
NOL3,-0.1445409059524536,0.7598132827050622,0.6229766607284546,0.27506965,0.10976333396650438
PIP4K2C,-0.14459729194641113,0.5192807102571313,0.39576706290245056,0.34257215,0.0439572891027506
EIF4G2,-0.14494085311889648,0.6220720851040531,0.4532671272754669,-0.42765477,0.010389752475790333
SKP1,-0.14550983905792236,0.4816389796962929,0.3794909119606018,-0.5832855,0.00023553514544522486
LUC7L,-0.14551353454589844,0.819833706590144,0.6408752799034119,0.5745308,0.0003068864516948893
NGLY1,-0.14563298225402832,0.4148970417053315,0.34467363357543945,-0.43582094,0.008870687749598262
COX7C,-0.14581143856048584,0.5914779156055177,0.483941912651062,0.51693135,0.0014749156911629576
TLK2,-0.1460263729095459,0.47928086419633154,0.3891132175922394,0.38007632,0.024311588980244894
GPNMB,-0.14634919166564941,0.9991566558943014,0.8195215463638306,-0.23198453,0.1799290325368498
MRPL9,-0.14637470245361328,0.4108919176414342,0.3175486922264099,0.70662636,2.095253572600865e-06
SZRD1,-0.14688777923583984,0.5365169795549949,0.3824216425418854,-0.4898325,0.0028196530337901453
UTP11,-0.1471775770187378,0.5105185374631424,0.3991740942001343,-0.04142147,0.813235578580932
UBE2J1,-0.14748120307922363,0.43652057006713424,0.32055094838142395,-0.15278834,0.38089867130085414
STRIP1,-0.14753937721252441,0.4419998970657332,0.2943600118160248,0.3994557,0.017439665656887742
OGDH,-0.14807486534118652,0.706430443355979,0.5913426280021667,0.5448977,0.0007128416286637164
SPECC1L,-0.1482914686203003,0.6042824968478135,0.4660537838935852,-0.10293244,0.556258887908891
PPP4R1,-0.14835035800933838,0.48222968099334346,0.35670167207717896,-0.19729851,0.2559340893264193
MTMR1,-0.14853942394256592,0.3817379720925216,0.3014180362224579,-0.17559801,0.3129788732279859
LZTFL1,-0.14886200428009033,0.3820836076177336,0.29872599244117737,-0.6006893,0.00013602368993637578
HSD17B12,-0.14910376071929932,0.5900948350061358,0.46327951550483704,0.5295993,0.0010692606206793138
THRAP3,-0.14912748336791992,0.3425980578444604,0.28793373703956604,0.16622287,0.3399141630837745
PNISR,-0.14918100833892822,0.5677008730430266,0.443133145570755,0.61815405,7.586406920100847e-05
MRPL18,-0.1491936445236206,0.46919169279038964,0.3878939151763916,0.6026798,0.00012748532995877042
GGPS1,-0.1494274139404297,0.6550685829554952,0.498495876789093,0.038178198,0.82763036285875
CUTC,-0.1494981050491333,0.5165047798286388,0.4200180470943451,-0.41432378,0.013342342718519522
CWC27,-0.1498703956604004,0.5061130550385341,0.3484271168708801,0.4797207,0.0035441015743944045
RPS3,-0.14990627765655518,0.6652392787607011,0.5338447093963623,0.033556506,0.8482383832079416
ZWILCH,-0.1501404047012329,0.42249677896682575,0.3006927967071533,0.018394127,0.9164728765063033
MRPS2,-0.15028882026672363,0.42468123121876994,0.34919288754463196,0.48153353,0.0034034590771601344
FUCA2,-0.15029072761535645,0.38067763467298965,0.3152731955051422,-0.0472216,0.7876438502986426
DDB2,-0.15056777000427246,0.4705009659474477,0.39273083209991455,-0.5106567,0.0017218173930984427
SEC23IP,-0.15100717544555664,0.5004764015834777,0.3899841904640198,-0.070213296,0.6885694975299546
NIBAN2,-0.15137290954589844,0.7642946947509838,0.6281294822692871,0.1990945,0.251544199049806
CANX,-0.15145516395568848,0.7238585497107283,0.6286985278129578,0.8567296,5.165237506185628e-11
HBS1L,-0.15158617496490479,0.4726714454919541,0.3336491286754608,-0.3016553,0.07822351998015702
VAMP5,-0.15173685550689697,0.5631042255206486,0.437311589717865,0.023769107,0.8921911414830007
SLC27A1,-0.15189945697784424,0.4923921795278999,0.3726247549057007,0.14349762,0.4108603023470743
UBE2H,-0.15202999114990234,0.6483473427843466,0.4474603831768036,0.09816033,0.5748034325106554
YKT6,-0.152235746383667,0.46936517720414295,0.38613271713256836,-0.31613314,0.06429709577177317
DPP9,-0.1522510051727295,0.5541212388351362,0.4365455210208893,0.456694,0.0058195302605172595
NT5DC1,-0.15227389335632324,0.46527200093486737,0.3497867286205292,0.075990364,0.6643856775529815
CLASP1,-0.15306293964385986,0.5121910594562811,0.39480045437812805,-0.7676031,7.42377264415511e-08
XRCC5,-0.1531604528427124,0.6003578062897523,0.5060259699821472,-0.50286794,0.002078149561498788
POLR1E,-0.15316641330718994,0.4666243038647474,0.37400704622268677,-0.26491693,0.12405431541272965
SYK,-0.1534132957458496,0.42295691607140157,0.3375982642173767,0.3461143,0.041679145036317825
LRIF1,-0.15405511856079102,0.5667497053965916,0.43885764479637146,-0.46696827,0.004683683009296537
TUBA4A,-0.15415740013122559,1.0536407928170235,0.7716493606567383,-0.36468682,0.031243285192165106
TDP2,-0.15423619747161865,0.35970330791055305,0.27406033873558044,0.032034975,0.8550449002813434
UNK,-0.15450918674468994,0.39287883950984087,0.3092767298221588,-0.10929563,0.5319740183393352
STRN,-0.15459370613098145,0.35540299278973075,0.2646057605743408,0.13247424,0.44808122350615
POLG,-0.1550523042678833,0.4670433128128947,0.38091880083084106,-0.60341036,0.00012447397301882716
ECHDC1,-0.15508341789245605,0.6274799260883892,0.5052649974822998,0.17226398,0.32239974736033405
RCN1,-0.15514159202575684,0.6341693601246136,0.5277969241142273,0.22358456,0.19666109656429567
EPS15,-0.15518558025360107,0.45607025642694615,0.3626115620136261,-0.15314525,0.37977384277969845
YAP1,-0.15528035163879395,0.7882678496750126,0.6186302304267883,-0.37894034,0.02477546571980468
BRD4,-0.15551519393920898,0.5303379251457944,0.40140604972839355,0.66821176,1.1522841400808143e-05
ITCH,-0.15563559532165527,0.4573223132709409,0.3502683937549591,-0.259282,0.13256045729028001
DNAJC17,-0.15569639205932617,0.49313472245063567,0.3674202859401703,0.18937266,0.2759105688745589
ZNF512B,-0.15598368644714355,0.42933315925577337,0.3441888689994812,0.15682621,0.3682871608999531
RBM5,-0.1560426950454712,0.44037319929137536,0.31033092737197876,0.5256414,0.00118387656043594
CEP131,-0.15608632564544678,0.45585080476237727,0.31607940793037415,0.0066869995,0.9695882545163504
SF3A1,-0.15614056587219238,0.36773178666976514,0.30955955386161804,-0.546687,0.0006789639225094881
FOXP1,-0.1562182903289795,0.4041210105349821,0.3190331757068634,-0.14260864,0.41379522315866
MRPL37,-0.1562349796295166,0.46672893971525337,0.3978329598903656,-0.6871687,5.129884370249751e-06
RXRB,-0.15635764598846436,0.33070919271913934,0.27096864581108093,0.20502502,0.23740604807987223
F8A1,-0.1565711498260498,0.3688122131108647,0.26618966460227966,0.14142984,0.4177051229763713
VCP,-0.15670228004455566,0.43729331038797503,0.36050817370414734,0.07015488,0.6888156324671694
UBXN6,-0.15682780742645264,0.5001562291687255,0.3794296979904175,-0.109998085,0.5293247034583988
SPCS3,-0.15721285343170166,0.5788993546748358,0.4638023376464844,0.5115748,0.0016835719829769013
TXNDC12,-0.1574714183807373,0.48822089775944744,0.38106590509414673,0.29525983,0.08507511770866881
PYM1,-0.15897417068481445,0.6234224198126092,0.4960249364376068,0.24115792,0.16283745086265078
CYP51A1,-0.15902531147003174,0.4122123408839803,0.32058706879615784,0.024936423,0.8869298206834497
ALB,-0.15904593467712402,0.7562744026345403,0.5938047766685486,-0.24531949,0.15548157881216335
ALDOA,-0.15911054611206055,1.0194754165035278,0.8103946447372437,-0.031946693,0.8554403971325996
MNAT1,-0.15919089317321777,0.7571819080708347,0.6340103149414062,0.32401624,0.05758097930679372
POLR2K,-0.1593770980834961,0.7129746479005331,0.5484828948974609,-0.47872636,0.0036233628336519263
LAMA3,-0.1597132682800293,0.6499354743107914,0.5446776151657104,0.26820078,0.11928830619022752
RFC5,-0.15978717803955078,0.4950948706418394,0.3824329078197479,-0.62658817,5.650379861377033e-05
PUM3,-0.1599498987197876,0.535849101836696,0.4532221257686615,-0.30376405,0.07606079972893859
MRPS34,-0.1601654291152954,0.5843483291496334,0.48375800251960754,-0.022901097,0.8961067680526459
PDZD11,-0.1603173017501831,0.6780167576764109,0.5160188674926758,0.31128216,0.06872696783426338
HAT1,-0.1610037088394165,0.6837551689301264,0.5191386342048645,-0.0455269,0.79510029274756
GLRX3,-0.1610347032546997,0.7433041654802892,0.547461211681366,-0.35678887,0.03538410043103451
RUSF1,-0.16158437728881836,0.4731308312100825,0.35511523485183716,-0.49961406,0.002245133263494512
LIMCH1,-0.16166090965270996,0.555088650350624,0.39353206753730774,-0.11445654,0.5126614539471502
PES1,-0.16167676448822021,0.6095476639490155,0.5132245421409607,-0.18792547,0.27966464799968127
GRHL2,-0.16217350959777832,0.4487487822439093,0.374755322933197,0.11710744,0.5028791478481197
SLC20A1,-0.16218745708465576,0.7692388763367318,0.6027212142944336,0.6933664,3.885985872048832e-06
CYB5B,-0.1624317169189453,0.8066297257913211,0.6659196019172668,0.15005447,0.3895793697854761
XPNPEP3,-0.1625741720199585,0.593884904493418,0.5293289422988892,-0.17168957,0.32404063225781077
PPFIBP1,-0.16265642642974854,0.5183764652519408,0.41024479269981384,0.47837293,0.0036519058861595537
PEX1,-0.16280043125152588,0.5269975444150172,0.40791451930999756,-0.21431771,0.2163473404794784
PLGRKT,-0.1633319854736328,0.622284641202798,0.47982293367385864,-0.02162966,0.9018458114704003
MBNL1,-0.16353285312652588,0.3109790985038517,0.26284411549568176,0.1258468,0.4713078712130218
NELFB,-0.16367411613464355,0.5268052070973666,0.4383547604084015,0.40764052,0.01507066156447869
COQ8A,-0.16371548175811768,0.6360318041337828,0.5075684785842896,0.6042266,0.00012118550803430539
ATP1A1,-0.16419482231140137,0.6377062248943691,0.48454272747039795,0.8083409,4.288415673421979e-09
DNPEP,-0.16436612606048584,0.5612648011700633,0.4447591006755829,0.33041102,0.05255207109159522
GTF2E2,-0.16459167003631592,0.44777743445160556,0.3165017068386078,-0.4773058,0.0037392693910839768
TMX1,-0.1647624969482422,0.46414906821399327,0.372943639755249,-0.08572916,0.6243716557556891
NOP58,-0.16525733470916748,0.4094682463525148,0.35816773772239685,-0.13676314,0.43338721996480606
NFKB2,-0.16566956043243408,0.6024460929481771,0.4446365535259247,0.38771868,0.02137378593016783
PACS1,-0.16573011875152588,0.540903871748219,0.46748173236846924,-0.06165279,0.724964806786889
GID8,-0.1657423973083496,0.3510454720518209,0.29779914021492004,-0.3349999,0.04916395158141042
VAPA,-0.16590392589569092,0.7698101951699031,0.658684253692627,0.8008752,7.588959239977261e-09
VPS11,-0.16622626781463623,0.3909294086719762,0.3211213946342468,-0.13673271,0.4334904213850937
EPB41L1,-0.16638243198394775,0.8358631635751711,0.6885175704956055,0.54542315,0.0007027408477275325
ATP6V1A,-0.1666477918624878,0.8984141471149751,0.750073254108429,-0.6757101,8.42512843334476e-06
SMAP,-0.16713571548461914,0.6249121365776162,0.4620826244354248,0.11861331,0.4973639754880578
POLR1F,-0.16731035709381104,0.4501425325315588,0.35468244552612305,0.2808557,0.10219471370719868
ERCC6L,-0.1678866147994995,0.3805127057762513,0.2883327007293701,-0.3382802,0.046850957065425296
DUS3L,-0.16800260543823242,0.46113120066237057,0.33702293038368225,-0.09427513,0.5901036970088075
NIF3L1,-0.16861343383789062,0.4560706158292668,0.32887890934944153,0.3558349,0.0359131071291545
TRIM28,-0.1691044569015503,0.7775282521036561,0.6537224054336548,-0.7059977,2.1591550444986936e-06
DNAJC9,-0.16940104961395264,0.6884369750849887,0.4951488971710205,-0.37531385,0.026305539380247028
FKBP15,-0.16957879066467285,0.5690949127753475,0.40690910816192627,0.1176408,0.5009219844572593
PTPRF,-0.16979539394378662,0.4861144090343805,0.3731982111930847,-0.1876218,0.2804564439632653
AIMP1,-0.16997694969177246,0.5693786762089559,0.46013641357421875,-0.14989182,0.39009924273567187
PGLS,-0.17011356353759766,0.9364401866836365,0.6964563131332397,-0.47686112,0.003776201787137116
VPS4A,-0.17053210735321045,0.708196617471093,0.5917772650718689,-0.16303688,0.3493806081925304
HAUS6,-0.17068421840667725,0.5539744454869683,0.4144723117351532,-0.14377806,0.4099366634427105
CCN1,-0.17094922065734863,0.6274637299956245,0.5099549889564514,-0.10069039,0.5649368459558554
ATP2A2,-0.17107081413269043,0.5176004368993192,0.4304417371749878,-0.17753096,0.30759695787152175
NDUFB10,-0.17129993438720703,0.5342731010590689,0.4115872383117676,0.25047094,0.14671315323852124
HADH,-0.17142486572265625,0.6708396430538234,0.4940311014652252,-0.055209585,0.7527594990324781
PGRMC2,-0.17151093482971191,0.7052724047526233,0.5973460078239441,0.24826285,0.15042621888736507
PTPN23,-0.17214441299438477,0.5352936171604546,0.38332927227020264,0.11135131,0.5242397418545571
HDHD2,-0.1722245216369629,0.7732499020339307,0.5712369680404663,-0.29882127,0.0812048680435403
ITM2C,-0.1722952127456665,0.5032507306911813,0.4017413854598999,-0.13073924,0.4541010594891009
VIRMA,-0.17262959480285645,0.46645027924070404,0.37069568037986755,-0.33161092,0.05164865728032572
PKN2,-0.17301702499389648,0.4421169501055236,0.3595375418663025,-0.37431213,0.02674163782381852
DCAF1,-0.17327356338500977,0.5868483520892894,0.3824112117290497,0.06361598,0.71656203629535
SCAF1,-0.1734168529510498,0.4027833481472872,0.2966146767139435,-0.19082335,0.2721805751147675
C1D,-0.17405307292938232,0.3366389492025957,0.27541807293891907,0.26559705,0.12305565045048243
PMPCB,-0.17409205436706543,0.5135144474742069,0.4284372627735138,0.42327297,0.011292089936016651
PIK3R2,-0.17414093017578125,0.41677409416371675,0.35121744871139526,0.1577498,0.36543797586706606
GGA2,-0.17416441440582275,0.4385054818792672,0.33345863223075867,-0.14270012,0.4134928030461079
GNB2,-0.1745760440826416,0.8086658390362753,0.6712554097175598,0.16641004,0.3393626357735917
LSM4,-0.17466044425964355,0.344444310643741,0.2580382227897644,-0.56029105,0.0004646674135949122
CRTC2,-0.1747884750366211,0.5235984327106318,0.4425411820411682,0.37333477,0.027172869220102206
FBLL1,-0.17505168914794922,0.5145381107098815,0.42797592282295227,0.037292056,0.8315735509729446
ZNF22,-0.17680418491363525,0.5885363103122085,0.39274030923843384,0.32570878,0.05621426970317489
RPS8,-0.17692959308624268,0.6147307256909239,0.5098925232887268,-0.27225,0.11360153852867699
LDHA,-0.17729508876800537,0.9911776833053231,0.8154827952384949,-0.20641147,0.23417940094882175
BCCIP,-0.17746436595916748,0.7761879768102883,0.6384559273719788,0.42921743,0.010083102260304877
TPR,-0.17750096321105957,0.40430483602895645,0.31618788838386536,-0.0034129228,0.9844756746497078
MANF,-0.1776641607284546,0.35905120609406516,0.2771320939064026,-0.0059865257,0.9727726626481716
CAVIN2,-0.17815864086151123,1.0138396195992263,0.8170440793037415,0.3319007,0.05143234590636244
AVEN,-0.1783510446548462,0.5208581600629919,0.3884197175502777,-0.28313684,0.0993220670938762
RBM6,-0.17849361896514893,0.46516333741518684,0.36690160632133484,-0.0004032664,0.9981654939123012
NOL8,-0.1787581443786621,0.3854182561205832,0.3068661689758301,-0.130919,0.4534753074945367
PLXNA1,-0.17894017696380615,0.4716486002469086,0.3805564045906067,-0.19962454,0.2502583665532191
PSMB2,-0.1792314052581787,0.5917068261858294,0.4947563111782074,-0.26745176,0.12036311279122963
TP53,-0.17944061756134033,0.7316121011806278,0.5361312627792358,-0.100562625,0.5654333275519873
GANAB,-0.17944514751434326,0.6244618721784471,0.5380208492279053,-0.08840193,0.6135661029703879
ATP2B4,-0.1799616813659668,0.8107576394957762,0.6266825795173645,0.66455656,1.3380455361105807e-05
DHRS11,-0.18000352382659912,0.4762782828375791,0.3524460792541504,0.3838944,0.02280469425697603
DHX29,-0.1800687313079834,0.40292732729939384,0.29848966002464294,0.041384064,0.8134008557215417
POLR2G,-0.1802431344985962,0.3549970284525656,0.28818657994270325,0.42756438,0.010407723173447273
DYNLL1,-0.1807006597518921,0.40474613309901547,0.3032388687133789,-0.23414153,0.17580022502421538
CHMP5,-0.18096351623535156,0.5095417217920389,0.3942258059978485,-0.40042225,0.01714464363970497
RABGEF1,-0.18124604225158691,0.34933558990723984,0.2913051247596741,-0.18987708,0.2746099478139804
UBE2V2,-0.18206477165222168,0.7905660976738502,0.618887186050415,-0.6320597,4.645642002177054e-05
MTO1,-0.18228137493133545,0.6266491589822941,0.5229595899581909,-0.10436167,0.5507597678730866
CIT,-0.18238043785095215,0.5123653258177921,0.4010898172855377,-0.41234955,0.013834555488420552
TPMT,-0.1825246810913086,0.5819385121856726,0.44578689336776733,0.12588364,0.4711774726840024
AATF,-0.18264520168304443,0.43806650745367376,0.37302207946777344,-0.034244936,0.8451620844078701
EIF6,-0.18269145488739014,0.47804765200314103,0.37022829055786133,-0.09878211,0.5723714338070449
NT5DC3,-0.18309664726257324,0.4885616717956792,0.39175280928611755,0.0838027,0.6322080193790038
MED29,-0.18349170684814453,0.39896886585897534,0.31382179260253906,-0.43093747,0.009754490191791537
CASP8,-0.18379342555999756,0.4461693801502871,0.33471164107322693,0.12512259,0.4738841552222524
NSDHL,-0.18441832065582275,0.5593609642953111,0.4387352466583252,0.48745635,0.0029771566228183844
FLII,-0.1844344139099121,0.7028568180235224,0.5908397436141968,-0.31399944,0.06621706145499885
MAP2K4,-0.18455982208251953,0.5161012415352301,0.43140384554862976,-0.28438213,0.09778008774779362
HSP90AB1,-0.18491625785827637,0.9909217750940126,0.8314287066459656,-0.3403813,0.045415899005095316
SON,-0.18541646003723145,0.30993702825720754,0.2558248043060303,0.3067965,0.07303270615659145
PSMA4,-0.18547308444976807,0.6842041995672041,0.6002587676048279,-0.3103002,0.06965208130655452
PCIF1,-0.18548083305358887,0.4969362179213432,0.3604857921600342,-0.5302307,0.0010519094951003925
PPP1R12C,-0.18605399131774902,0.4590958642488311,0.35885554552078247,0.445588,0.0073060253073943945
GTF2I,-0.18669450283050537,0.6683042029701712,0.5442526340484619,-0.6873352,5.092194940634288e-06
OSBPL3,-0.18683481216430664,0.5217211467988334,0.4210517406463623,-0.5115408,0.0016849739920203805
VDAC1,-0.18722760677337646,0.9485422557312592,0.8310474753379822,0.81571615,2.3803645739058217e-09
TAMM41,-0.18724322319030762,0.37584216205112075,0.29942622780799866,-0.2386174,0.16744909943570632
DIAPH2,-0.18740808963775635,0.3020320991389716,0.24441426992416382,0.271638,0.11444759075687455
COX6C,-0.18795907497406006,0.7015918759523218,0.5353713035583496,0.32488242,0.05687829542964174
POLR2C,-0.187994122505188,0.42081298314674026,0.3620830178260803,-0.022330113,0.8986831979781795
UBE4B,-0.18836677074432373,0.5165578899420146,0.41405534744262695,-0.3646251,0.03127404937218172
ATP5PB,-0.18879401683807373,0.47506839234730763,0.36099714040756226,0.26773286,0.11995889539753438
TOP1,-0.18908381462097168,0.49882013468365866,0.42268452048301697,-0.15238203,0.38218178537701836
PYCR3,-0.1890883445739746,0.6287430024184235,0.502630352973938,-0.22216238,0.19959803036241017
BPNT2,-0.1891477108001709,0.5275493927289866,0.4108004570007324,-0.39687055,0.018249627621549087
SPR,-0.1892225742340088,0.703235045404564,0.550410270690918,-0.16113143,0.3551176945679108
CXorf38,-0.1892610788345337,0.40144427225219964,0.2835105359554291,-0.38585016,0.022063310597658904
DCTD,-0.189508318901062,0.5990092103883683,0.4649885892868042,-0.17556144,0.3130813363390741
RAD50,-0.19079291820526123,0.4627245673564092,0.36864736676216125,0.30412287,0.0756974835400243
ZNF292,-0.19089436531066895,0.30237510035616855,0.2556828260421753,0.022091083,0.8997627084251789
NUP214,-0.191686749458313,0.3127907711527096,0.20686347782611847,0.041892745,0.8111483858611512
NEDD1,-0.19178831577301025,0.41403689395254517,0.31515613198280334,0.1735746,0.31867564583133856
CHD1L,-0.19218659400939941,0.502057075869136,0.35489001870155334,0.21449357,0.21596166437095446
GOLM1,-0.19224286079406738,0.6414522551789286,0.5237887501716614,-0.2433468,0.15893782084333885
PRPF6,-0.19228482246398926,0.39743596778810636,0.33137649297714233,-0.17369118,0.3183456651399955
PRXL2A,-0.192649245262146,0.6719952852674124,0.5183984637260437,-0.17773838,0.30702292735608844
CISD1,-0.19278788566589355,0.5326625613003455,0.40700671076774597,0.30425155,0.07556757425353275
GIPC1,-0.19363701343536377,0.5342720133272011,0.43506816029548645,0.14551738,0.40423589280231875
EPHB2,-0.19370508193969727,0.501125499455809,0.3903600871562958,0.48863018,0.0028984182407324165
TRA2B,-0.19381022453308105,0.5294941326965377,0.4117390215396881,-0.42067167,0.01185850270476922
MMS19,-0.19401955604553223,0.42566693372476594,0.3520304560661316,-0.02004015,0.9090279505178921
DPH2,-0.19468557834625244,0.3508270412199477,0.2778172492980957,-0.06161522,0.7251258371790457
FH,-0.1948908567428589,0.5090260018038274,0.40189328789711,0.39866436,0.017684347698903972
ERP44,-0.19534146785736084,0.6728376987839465,0.5580148696899414,0.55804765,0.0004952111897263304
DYNC2H1,-0.19623100757598877,0.2521788746423531,0.20128409564495087,-0.28761467,0.0938623689368047
CALR,-0.1964808702468872,0.6282744699533064,0.5022374391555786,0.07813629,0.6554846563062208
AFG3L2,-0.1966913938522339,0.5371755663226946,0.4100448489189148,0.3262255,0.05580215182818456
KRT14,-0.1971668004989624,2.0558003360041783,1.4376475811004639,-0.0047015594,0.9786152177796427
NAGK,-0.19806694984436035,0.8236448993117125,0.608138918876648,0.12769528,0.4647667049061683
TUBGCP3,-0.19846582412719727,0.47587326112213557,0.37170833349227905,0.098877296,0.5719993062424399
ACADM,-0.19856953620910645,0.8702413725081483,0.6340771317481995,0.20889732,0.2284688821040119
HNRNPH3,-0.19948506355285645,0.5374667002099142,0.4347044825553894,-0.18610184,0.2844422099860571
C8orf82,-0.19997596740722656,0.5831170419066143,0.45145976543426514,0.08888403,0.611625548201014
SETD7,-0.2003343105316162,0.7420782309957732,0.5207383036613464,-0.0073490515,0.966579315427347
TRIM27,-0.2006230354309082,0.4308975520992442,0.3467997610569,-0.10529165,0.5471953596939847
PLK1,-0.20100843906402588,0.339832404374781,0.25354325771331787,0.19363305,0.265050028343537
ME2,-0.20103657245635986,0.6648747581485797,0.5199435353279114,-0.37749648,0.025375609288082048
DIP2B,-0.20175206661224365,0.41323402582069374,0.33450016379356384,-0.18402104,0.28995734885219304
DLD,-0.20203733444213867,0.7579701839662292,0.634990394115448,0.656346,1.8582768287735286e-05
CDK5RAP1,-0.20238041877746582,0.4554435179904207,0.34104064106941223,0.27713132,0.10701957839685672
CERS2,-0.2036985158920288,0.7028781033535104,0.5865118503570557,0.49639776,0.002421580136691638
COPG2,-0.20415222644805908,0.6451160667656851,0.5087369084358215,-0.33059585,0.052412055304383504
FANCI,-0.20507478713989258,0.4367246569402903,0.3732667863368988,-0.13319159,0.4456047504521599
CDC5L,-0.20549798011779785,0.38244475003056716,0.31943419575691223,-0.24787806,0.15108025684429113
GCSH,-0.20558631420135498,0.7603792982630578,0.626492977142334,0.4284302,0.01023661089526953
MAPK14,-0.20649933815002441,0.5634067432643248,0.43313756585121155,0.048203688,0.7833316698276627
TSPYL1,-0.2067354917526245,0.4877036225722705,0.38148054480552673,0.22624213,0.19125416765285427
EHD4,-0.20722079277038574,0.7531752526070403,0.6071240305900574,0.37532735,0.02629971508417336
HMCES,-0.20732998847961426,0.3325462386599235,0.25934505462646484,-0.17835437,0.30532231125503334
SF3B5,-0.20743119716644287,0.48863645222423147,0.36693045496940613,0.45378634,0.006181067028353497
HINT3,-0.20810914039611816,0.48362455377782454,0.37080296874046326,0.014647178,0.9334453141646897
KIFBP,-0.20848262310028076,0.4914001949646827,0.33735421299934387,-0.1919258,0.269368032112509
RPS5,-0.20942485332489014,0.5336427099238389,0.41871774196624756,-0.33702093,0.04772838496063376
PARD3,-0.20956659317016602,0.5894478738903545,0.4843044877052307,-0.27420703,0.11092711440758994
CTR9,-0.21032428741455078,0.36679445698583985,0.3119276463985443,-0.31915286,0.061655121358104616
PKM,-0.21058917045593262,0.9129547188049673,0.7839356660842896,-0.2901376,0.09088915621466159
VPS28,-0.21063446998596191,0.6188532887570132,0.46386390924453735,-0.16050746,0.3570085686392789
HNRNPD,-0.21093535423278809,0.5879590321025905,0.4606643617153168,-0.4770068,0.003764067571897216
ROCK1,-0.21109890937805176,0.4400094304645563,0.348309189081192,-0.15459745,0.37521763156339055
RPL28,-0.21109986305236816,0.48106616955527576,0.40015265345573425,-0.13649091,0.4343116585553452
GTF2H1,-0.21131408214569092,0.6209747632330496,0.49668699502944946,0.7894014,1.744083887703966e-08
FUCA1,-0.21202850341796875,0.5583309008654468,0.4464479982852936,-0.042446025,0.8087001806505562
VPS36,-0.21265661716461182,0.5887720591063275,0.43227970600128174,0.38345376,0.022974578518638645
RPS16,-0.21285712718963623,0.5552077741304007,0.4530174732208252,-0.24758165,0.15158556523926853
RREB1,-0.2132502794265747,0.4638396084266525,0.3451617360115051,-0.36508504,0.031045515483070836
SLBP,-0.21328330039978027,0.5792754557090779,0.4738647937774658,-0.56449896,0.00041186162714146096
NDUFA6,-0.21337652206420898,0.5225928309443424,0.40216079354286194,0.24914972,0.14892681596628568
KRT17,-0.21440505981445312,1.877923910892864,1.4935765266418457,-0.0020818915,0.9905299663560391
KCMF1,-0.21458470821380615,0.47879589981285037,0.3380875885486603,0.03797667,0.8285269530915182
BICD2,-0.2150440216064453,0.5562720701575523,0.4457644820213318,0.3666504,0.03027790146099869
NUP98,-0.21519780158996582,0.33858680668688523,0.25488463044166565,-0.045746557,0.7941326649856232
BAP18,-0.21531176567077637,0.6030067841889958,0.43021708726882935,0.32119197,0.05992000660378836
RBM39,-0.21593189239501953,0.4925111130607922,0.4366924464702606,-0.2675156,0.12027114044782529
NDUFB5,-0.21609258651733398,0.46178302156194123,0.384337455034256,-0.3052047,0.07461039145401768
ATP1B3,-0.2166229486465454,0.5431316323528357,0.4195564389228821,0.08849135,0.6132060121746836
SUCLA2,-0.21687853336334229,0.7035123393963263,0.5459149479866028,0.09917476,0.5708379873350194
VASN,-0.21700119972229004,0.7769897651759261,0.5876381993293762,0.09113211,0.6026103260736323
GMFG,-0.21723294258117676,0.5204586556932217,0.38503602147102356,-0.14899148,0.39298525376425225
DDX56,-0.21737384796142578,0.5867198552960627,0.4657180905342102,-0.24760641,0.15154325684515135
PPIG,-0.21742618083953857,0.39634845076193587,0.31190189719200134,-0.15657578,0.36906213162943996
GPATCH11,-0.21748888492584229,0.5627260019022883,0.48085883259773254,0.016493224,0.9250792199790554
MTCH2,-0.21793103218078613,0.5715503844848466,0.49221518635749817,0.22704461,0.18964210099575463
NCAPH2,-0.21812975406646729,0.615896661721628,0.49437060952186584,0.5633303,0.0004259626828986488
SHMT2,-0.21839427947998047,0.5192550842998637,0.42448899149894714,0.42140165,0.011697194274322502
GAPDH,-0.2185676097869873,1.067699835518616,0.9086218476295471,-0.29456794,0.08584324414047763
UQCRC2,-0.21909916400909424,0.6562512942710103,0.5264406204223633,0.7030912,2.4783855072970044e-06
CDKN2AIP,-0.21921348571777344,0.49741669223314755,0.38239145278930664,-0.49761605,0.0023533685340200853
DUSP12,-0.21957182884216309,0.5063523059657232,0.3903679847717285,0.06633124,0.7049947244848304
SCAMP1,-0.219681978225708,0.3031003769971025,0.24018491804599762,-0.3044981,0.07531907647094213
INTS9,-0.21979987621307373,0.5349058971801671,0.38308635354042053,-0.094347864,0.5898156890135087
SCYL1,-0.21982800960540771,0.5112672517472618,0.4252677857875824,0.2925961,0.08806168063738021
FAM169A,-0.21986651420593262,0.5046674907485267,0.3765459358692169,0.36436054,0.03140611704003851
PTRH1,-0.2203383445739746,0.4873096870976228,0.3758259117603302,-0.47660398,0.003797703067160497
VPS51,-0.22045862674713135,0.468785459448801,0.3633977472782135,0.30940893,0.07050025194649384
GOLPH3L,-0.22087955474853516,0.626994835722796,0.4906676709651947,-0.15383178,0.3776160779672014
GFM1,-0.22093260288238525,0.5636402599750293,0.4567837417125702,0.09744173,0.5776198240473549
SERPINB9,-0.2220454216003418,0.9015579104513306,0.7758203744888306,-0.41653556,0.012808504046298796
MIDEAS,-0.22327899932861328,0.42280023276499473,0.33038875460624695,-0.3524842,0.037822493001469205
UQCRC1,-0.22361218929290771,0.6380776490326174,0.5076771378517151,0.70260197,2.536175821639677e-06
USP24,-0.2238171100616455,0.4465807205871662,0.3355969786643982,-0.01068683,0.9514150329868823
LRRC20,-0.22399210929870605,0.5215123201233465,0.44484877586364746,0.27491748,0.10996801662364476
MPG,-0.22405290603637695,0.4222138951010948,0.33224397897720337,0.011353249,0.9483894327814912
NHP2,-0.22434091567993164,0.44216329083709915,0.3733682334423065,0.008155182,0.962915344661771
ZC3H13,-0.22532284259796143,0.46927535499090695,0.3392222225666046,0.35319927,0.03740828719921958
HNRNPDL,-0.22546720504760742,0.5727745891456184,0.4634442925453186,0.062373016,0.7218783431068285
MZT1,-0.22650635242462158,0.3339869069678273,0.2701704800128937,0.100190535,0.5668799116959358
SLIRP,-0.22657454013824463,0.5400054258939333,0.4486943781375885,0.43639636,0.008771186510130993
XPC,-0.22686243057250977,0.5407335944065782,0.39323365688323975,0.43361562,0.009260965961401397
MFN1,-0.22696614265441895,0.3655842008405772,0.28219106793403625,0.010489367,0.9523120182461597
PTK2,-0.227760910987854,0.6698269790746038,0.49040549993515015,0.15153256,0.384872092354486
DDAH2,-0.22833478450775146,1.1451107810288716,0.9040243625640869,-0.12316214,0.4808938673252611
ATP1A3,-0.2283710241317749,0.6969775291252217,0.5296108722686768,-0.41697532,0.01270456811834769
GNB1L,-0.22843635082244873,0.4191373727179892,0.34887924790382385,0.08254333,0.6373521984444239
ALDH18A1,-0.2287195920944214,0.539443641485321,0.4630570113658905,-0.2343368,0.17542983046664481
SDAD1,-0.22884654998779297,0.5346480692465523,0.4448111951351166,0.36604056,0.030575045172354615
RPS18,-0.22903156280517578,0.5835039337780695,0.48758670687675476,-0.27230263,0.11352890566179613
ECT2,-0.22922062873840332,0.5604738460380347,0.44599345326423645,-0.07940855,0.6502297804135426
NDUFS2,-0.23112332820892334,0.47033089446535603,0.3651944398880005,0.13361919,0.4441322062438497
PRPS2,-0.23126792907714844,0.4132629448166539,0.31306546926498413,0.22831212,0.1871153795439096
H2AC21,-0.23156309127807617,0.8967410117093181,0.748153805732727,-0.070136264,0.6888940003900333
BCAP29,-0.23197448253631592,0.5738147949581708,0.43221867084503174,0.6259512,5.779248969663327e-05
LAMTOR5,-0.23274481296539307,0.6219806456805151,0.5035867691040039,0.321708,0.059487183597517035
ARIH1,-0.23316073417663574,0.5328668784753716,0.37601131200790405,-0.07023185,0.6884916450652324
SAFB,-0.23378920555114746,0.4469865986385382,0.37115126848220825,-0.090931036,0.603414439577419
ATP5F1D,-0.23438620567321777,0.598229177285558,0.463373064994812,0.178339,0.30536469638349073
BUD23,-0.2347698211669922,0.4998989748221804,0.4045690894126892,-0.2414164,0.16237325916454648
SPATS2L,-0.23545527458190918,0.8021000121393074,0.6660764813423157,0.44958094,0.006737997579376579
RALY,-0.23560118675231934,0.6238285769351667,0.4960797429084778,-0.13091925,0.4534744778929782
EXOC7,-0.23607730865478516,0.4973906138946807,0.38620638847351074,0.35198846,0.03811188020542639
NAXE,-0.23660624027252197,0.8004046415160083,0.6623286604881287,-0.3892507,0.02082184171474248
TNS3,-0.23784101009368896,0.5474934759143226,0.42617011070251465,-0.27032366,0.11628093937693391
STK10,-0.23991703987121582,0.6705827928328142,0.5127484202384949,0.42188814,0.01159071537159296
SNRPB2,-0.2405407428741455,0.2880548234075203,0.24050801992416382,0.039252684,0.8228551924768229
TAF10,-0.24108099937438965,0.47932227517423265,0.3535788655281067,0.021443931,0.9026846181875701
UBFD1,-0.2412242889404297,0.4977642529007054,0.39433780312538147,-0.15778033,0.36534404900899903
DNAJC11,-0.24340569972991943,0.4231712067024851,0.338480144739151,0.11721841,0.5024716531416581
ATP5ME,-0.2434089183807373,0.56888026852097,0.44012388586997986,0.3069099,0.07292135253753054
THOC7,-0.24361920356750488,0.41565230000260045,0.3373701572418213,0.09695744,0.5795211511743648
REL,-0.24384737014770508,0.6222639276609482,0.49766305088996887,0.43077943,0.009784304435399193
KIF5C,-0.24407243728637695,0.7959082105539732,0.6031612753868103,-0.64209205,3.212446818467612e-05
H1-5,-0.24408888816833496,1.0619201761013262,0.8567569255828857,0.11148975,0.523720545824579
AIFM1,-0.24460625648498535,0.5272885328983714,0.42605161666870117,0.2831394,0.0993188002534822
LYN,-0.24521887302398682,0.5128330300061297,0.3904045522212982,0.5045322,0.0019970185944420665
COX7A2,-0.2455509901046753,0.6819623827166585,0.5477021336555481,0.44662845,0.007154203019678929
SRA1,-0.2457066774368286,0.45269702563125025,0.3658245801925659,0.36715215,0.030035110071927173
RBMX,-0.2457975149154663,0.3902165566348615,0.32222509384155273,-0.20174617,0.2451548741967587
KRI1,-0.24597835540771484,0.4087819645133743,0.3459961414337158,-0.32369897,0.057840035454165335
BAG4,-0.24604928493499756,0.5363925103356642,0.42243459820747375,-0.1395128,0.424108368452036
ILF3,-0.24607646465301514,0.45998298284421757,0.3729461133480072,-0.7115231,1.6537033573597943e-06
PSMB10,-0.24662578105926514,0.6486581633730215,0.5677893161773682,0.19367608,0.2649417799496865
SAP18,-0.24747741222381592,0.38796923974966846,0.3035571873188019,-0.35232455,0.03791553623823421
PDE12,-0.24753201007843018,0.44992013990886043,0.3532608449459076,0.30189675,0.0779734348797657
IK,-0.24850177764892578,0.3703394401182988,0.3088304400444031,-0.36335522,0.031912249410779886
RPL12,-0.24858605861663818,0.40896604509640383,0.34085240960121155,-0.08513498,0.6267842483604014
TONSL,-0.24894475936889648,0.542858112507327,0.4396224617958069,-0.023362078,0.8940271251584527
MYO9B,-0.2491697072982788,0.4745464518714956,0.3663817048072815,0.35143512,0.03843692190852692
TRIM29,-0.24931883811950684,1.1637443261259197,0.9133070111274719,0.43527794,0.008965461936729195
RHOB,-0.2500268220901489,0.6242343265657272,0.5236124992370605,0.2503841,0.1468578195683661
RAPH1,-0.2500498294830322,0.6849340324240982,0.5031610727310181,0.5236176,0.0012465605100234272
RTF2,-0.2504110336303711,0.6455680830573096,0.4809849262237549,-0.16715562,0.33717249004727856
RGS10,-0.25130999088287354,0.6684282072329953,0.5036546587944031,-0.123655885,0.4791232751774544
SFN,-0.2514108419418335,0.741343650948757,0.641204297542572,0.049745023,0.7765762893600132
VPS37C,-0.25141310691833496,0.5817250720143453,0.44321924448013306,0.14428523,0.4082698038034174
ACIN1,-0.2515885829925537,0.40913531078699167,0.33355554938316345,0.29508886,0.08526440465389544
OVCA2,-0.2517937421798706,0.5198076703112218,0.39108577370643616,-0.6067704,0.00011143134796913117
PPFIA1,-0.25198471546173096,0.6472949337352478,0.4705730974674225,0.28171673,0.10110310008128774
ARHGEF12,-0.2521641254425049,0.541385730613281,0.43717485666275024,0.12040805,0.4908317924986891
TUBA1C,-0.2530660629272461,0.8563168645772176,0.6381032466888428,0.1404674,0.42091306867839473
PPIB,-0.2539052963256836,0.6718355211591226,0.5461483597755432,0.5238464,0.0012393316020155977
TRIM2,-0.2541956901550293,0.4465848247374806,0.3539222180843353,-0.08156939,0.6413420849302569
CHMP2B,-0.2548351287841797,0.4236682643099919,0.32352033257484436,-0.029238177,0.8675831970871071
RPL35A,-0.2550309896469116,0.41806334022372527,0.3650871813297272,-0.08405693,0.6311713937433991
NDUFAF3,-0.2553715705871582,0.3137095289800784,0.25302860140800476,-0.09804937,0.5752375410579748
MT-CO2,-0.25975751876831055,0.745953451816272,0.5913105607032776,0.48069143,0.0034681765949586417
SPNS1,-0.2606503963470459,0.47353402906815895,0.37654805183410645,-0.21430202,0.21638161659241656
COG4,-0.26065385341644287,0.3870580321598761,0.3098284602165222,0.08435569,0.6299543758528383
RPL23A,-0.26100409030914307,0.43489765311524753,0.3669961988925934,-0.020647697,0.9062822058986177
CELF2,-0.26107728481292725,0.5357143248830508,0.41284483671188354,0.30977494,0.07015102727024199
COX5B,-0.2613554000854492,0.7731139151565672,0.6140086054801941,0.40897155,0.014712209669872958
RBM3,-0.26148760318756104,0.6677430200915365,0.5294395685195923,-0.02401665,0.8910753041276579
RALYL,-0.2617572546005249,0.6231034830141438,0.5163200497627258,-0.007974904,0.9637349760200561
BLOC1S1,-0.2619495391845703,0.5071017352986044,0.4225500524044037,0.11877027,0.496791223612042
FMNL2,-0.2624521255493164,0.551520804755501,0.4307002127170563,-0.3795372,0.024530819461531565
TRIM32,-0.262498140335083,0.44386991438749396,0.36677441000938416,-0.19848678,0.2530239967838868
VDAC2,-0.2627297639846802,0.6797879462725346,0.5673573613166809,0.684947,5.657618825655177e-06
ATP2B1,-0.264864444732666,0.5942513457392571,0.47840866446495056,0.06607742,0.7060732333855747
FTL,-0.2690737247467041,0.7075965265537058,0.5450430512428284,0.2681257,0.1193955824142017
IKBKG,-0.2701674699783325,0.3868300152633171,0.31776896119117737,-0.5340916,0.0009511186087185334
NELFE,-0.27042341232299805,0.5519053844153307,0.39485254883766174,-0.26539394,0.12335325565350894
BDH2,-0.2708038091659546,0.6388449244875375,0.5178740620613098,0.14025973,0.4216070007065866
SMYD5,-0.27156388759613037,0.4730355498441114,0.3589008152484894,-0.63802123,3.7370440938752006e-05
TTC9C,-0.27283775806427,0.7151996164506486,0.5595226883888245,0.009002883,0.9590636457061306
PHF3,-0.27348792552948,0.3908749734227702,0.3177975118160248,0.13192442,0.4499841471997614
SSBP1,-0.273698091506958,0.6753812940404157,0.5326585173606873,0.494113,0.002554161222277056
KPNA4,-0.27420520782470703,0.49896970037786836,0.41501039266586304,0.003765666,0.9828714111797929
RUVBL1,-0.276017427444458,0.728016946003256,0.5985260605812073,0.16535266,0.34248378706246857
CSNK2A2,-0.2766836881637573,0.42422911137806235,0.3484591543674469,0.099964894,0.5677581410372025
SRSF6,-0.277315616607666,0.3839569695162687,0.3267686069011688,-0.20090152,0.24717834224680146
ATP6V0D1,-0.2777526378631592,0.5856274865503763,0.47744494676589966,0.19840546,0.2532223987341401
PRKCSH,-0.2784445285797119,0.5325160088169909,0.44649896025657654,0.48185688,0.0033788926705091327
BAD,-0.2795686721801758,0.6689419488752684,0.4687104821205139,0.36485463,0.03115984795603171
SNF8,-0.28018271923065186,0.6067668658169113,0.4472046196460724,-0.38593224,0.02203266203703326
RPL7A,-0.2802959680557251,0.45671362313816516,0.38943836092948914,0.07651192,0.662218261053223
NARS2,-0.2823880910873413,0.6650586454446298,0.5073632597923279,-0.03860005,0.8257546334447369
TBRG4,-0.28244590759277344,0.5161636313543272,0.4569503366947174,0.38230005,0.02342426965719117
KTI12,-0.2836036682128906,0.4436013825805641,0.3656856417655945,0.48122865,0.003426772368765228
RPS25,-0.2838268280029297,0.5676868038003129,0.4615107476711273,-0.2711584,0.11511398456520601
KAT8,-0.2846791744232178,0.4061867041062768,0.33168938755989075,-0.5140683,0.0015834207416181147
SCFD2,-0.2853834629058838,0.3672398671894043,0.31016549468040466,0.31651747,0.06395597343475597
UBE2D3,-0.2855186462402344,0.27855731175970155,0.21407535672187805,-0.13739458,0.43124653023934323
COQ9,-0.28618335723876953,0.7294541518829332,0.5882819294929504,0.23614317,0.17202986252299143
PRRC2B,-0.28672611713409424,0.5483067435433439,0.4330151677131653,-0.42185768,0.011597344573291967
RUFY1,-0.2883877754211426,0.6619449062370703,0.5094397664070129,-0.5603224,0.0004642526981531686
SLC25A4,-0.28918445110321045,0.4130177543047528,0.3361133635044098,0.2622381,0.12804606144034122
AVL9,-0.2899588346481323,0.448121131390801,0.35822629928588867,-0.15357266,0.37842954451308425
SEC24B,-0.2917567491531372,0.5457797117563801,0.4259277284145355,-0.6759046,8.356009705043844e-06
U2SURP,-0.29242563247680664,0.35802999990650725,0.3010796010494232,-0.2480849,0.15072846523004474
KRT2,-0.293148398399353,0.5267251519080346,0.4139068126678467,0.18420215,0.289474374871093
AKAP8L,-0.29329371452331543,0.47962329882195054,0.33710306882858276,0.33974457,0.045846991554338
NDUFS3,-0.2958461046218872,0.4780013610199981,0.375972718000412,0.2470727,0.15245580020112176
COPS7A,-0.2973973751068115,0.4496921367021834,0.3675555884838104,-0.07284892,0.677496850114573
PHB2,-0.30082499980926514,0.5605423824116978,0.4418482780456543,0.2700182,0.11671006880671986
ZNF609,-0.30113422870635986,0.37345863505932264,0.29883891344070435,0.37138897,0.02804842769355503
TRIP10,-0.30115723609924316,0.6863329692359145,0.5350949168205261,-0.09913242,0.5710031597364865
VPS52,-0.30138254165649414,0.35943088926186995,0.27614977955818176,0.107205205,0.5398953677906684
RTN4IP1,-0.3025059700012207,0.5992225368335338,0.5006187558174133,0.2677578,0.119923116785187
NUDT21,-0.30400049686431885,0.4996665945683954,0.4047686457633972,0.37956154,0.02452089431324755
RPS14,-0.3052123785018921,0.5692541675507213,0.45772218704223633,0.063934684,0.715201276929642
HSPA9,-0.3055140972137451,0.869534109818656,0.7195912003517151,0.7338671,5.267221120405404e-07
GCC2,-0.3058946132659912,0.33460430144089226,0.25019681453704834,0.28569207,0.09617771144565719
PABPN1,-0.3062558174133301,0.48740188760646297,0.4114657938480377,-0.33748078,0.0474064321784661
WDR26,-0.30630505084991455,0.4504306533905013,0.36224251985549927,-0.0037347302,0.9830123712794839
EXOC1,-0.30657005310058594,0.5015298268261558,0.4018630087375641,-0.27007797,0.11662605924534392
RPL7,-0.307820200920105,0.5290921931037439,0.4516597390174866,-0.24137098,0.16245494253726364
KIF20B,-0.3080735206604004,0.6964870989837694,0.5493510961532593,0.20458412,0.2384381842924423
ATP6AP1,-0.3085672855377197,0.46260780031832527,0.3666539192199707,0.26498628,0.12395217839673586
METTL16,-0.30858659744262695,0.5420161886313726,0.40665850043296814,-0.09526058,0.5862057484053449
DDX51,-0.3090778589248657,0.38170352210557823,0.2720281183719635,-0.01959837,0.9110254107085597
RPLP1,-0.30937647819519043,0.5279785856181459,0.4167903959751129,0.05497426,0.7537806793369426
VPS16,-0.3095813989639282,0.5369644246882072,0.38160112500190735,0.10822294,0.5360315652917653
NUDT4,-0.31040751934051514,0.4010139265828941,0.3253350853919983,-0.07217455,0.6803237854176994
FBL,-0.3114182949066162,0.4317676823236076,0.3780684769153595,-0.16297397,0.349568863017613
RAP2C,-0.3154904842376709,0.48562430196390344,0.40020185708999634,0.41603056,0.012928796487341477
RPUSD2,-0.31675732135772705,0.3720974649449073,0.2833405137062073,0.26692027,0.12113009720918144
RSRC2,-0.3191189765930176,0.3914454998202057,0.2948509156703949,0.29767185,0.0824387772923948
MRPL12,-0.31948423385620117,0.6263816106246075,0.517491340637207,0.35872608,0.034329328814882855
C2orf49,-0.3202553987503052,0.5168347184100018,0.40521594882011414,0.09921059,0.5706979567507592
ATP5PO,-0.32121551036834717,0.5382578829495036,0.41049808263778687,0.22484705,0.19407920443875526
TMPO,-0.32194411754608154,0.7203366968555055,0.6284351944923401,-0.24209423,0.16116090877264888
GRK2,-0.3222588300704956,0.4423139236403567,0.329003244638443,-0.2685,0.11886094163586146
SRSF7,-0.3252737522125244,0.4522709031817604,0.36234283447265625,-0.5159443,0.0015115634936804325
N6AMT1,-0.32710587978363037,0.4451158825669822,0.3359389901161194,-0.57892525,0.00026896726993094544
NOP56,-0.32853877544403076,0.4937822150332092,0.442696750164032,-0.14021945,0.42174171831850926
APOO,-0.33012568950653076,0.6301370506852104,0.49407222867012024,0.12696187,0.4673565511425241
HOOK3,-0.3310288190841675,0.7494590318284594,0.5455483198165894,0.35228312,0.03793966050141191
PRPF19,-0.3311539888381958,0.40204750191270994,0.3310452103614807,-0.38445538,0.022589951001307618
RPL8,-0.3314666748046875,0.512445385279159,0.43665772676467896,-0.25876376,0.1333638036217874
TRMT10C,-0.33397960662841797,0.47554825901803355,0.39641448855400085,-0.22443663,0.19491592817589612
OPA1,-0.33686280250549316,0.5532466819239638,0.4143749475479126,0.2868085,0.09482802255073255
GPATCH8,-0.3371964693069458,0.4101127238112005,0.30006545782089233,-0.02420764,0.8902143793854391
LRPPRC,-0.33886122703552246,0.576734184403799,0.4980844259262085,0.3483415,0.0402961684916348
TRMU,-0.33906733989715576,0.48972073277294853,0.379723459482193,-0.070358954,0.6879558041877158
LRSAM1,-0.33992671966552734,0.49023236886028143,0.3825952410697937,0.3421001,0.04426833497871965
MTX2,-0.34039556980133057,0.3876066899322144,0.3366127014160156,0.5374558,0.0008703452698559433
CHTOP,-0.34103715419769287,0.5249316398074584,0.410652220249176,-0.12907025,0.45993253646893284
CS,-0.3434973955154419,0.5062181239041526,0.4052274525165558,0.36375448,0.03171042045662831
NHLRC2,-0.343735933303833,0.49622530957447325,0.36157122254371643,0.1753257,0.3137416765389029
MED30,-0.3451731204986572,0.4327770996765164,0.3456932604312897,-0.3995236,0.01741878758617879
DNAJB11,-0.3463641405105591,0.40579206993533956,0.31931567192077637,0.24202521,0.16128406224031078
INTS4,-0.3483160734176636,0.3214182028914645,0.2572101950645447,0.09462485,0.5887189922827686
MCAT,-0.34876322746276855,0.3727892640283947,0.30487462878227234,0.16269694,0.3503997740266227
C1QBP,-0.34987711906433105,0.6766933393937271,0.5544357299804688,0.26290202,0.1270478901399494
MRPL50,-0.3528786897659302,0.47925658177118197,0.40586912631988525,-0.22851345,0.186716214912626
GOT2,-0.35319972038269043,0.7923874251015379,0.6529512405395508,0.25600713,0.1376977084206762
UPF2,-0.3538719415664673,0.46691036041944395,0.35461094975471497,-0.367268,0.02997933935972905
NELFA,-0.35481488704681396,0.7234649257528354,0.553848147392273,-0.63807636,3.729458295477575e-05
TTC38,-0.3554614782333374,0.647136969663623,0.5051825642585754,-0.08353782,0.633288632089209
ATP5PD,-0.3565319776535034,0.6132530400293751,0.476747989654541,0.2774245,0.10663353877671838
PHF23,-0.35663557052612305,0.5833595275674357,0.49134141206741333,-0.14905456,0.3927827213034568
ARRB1,-0.3580113649368286,0.6565290947486138,0.5629191398620605,-0.2839175,0.09835334058217556
ILF2,-0.36250483989715576,0.4624350998423457,0.37449130415916443,-0.7372331,4.3900639867670396e-07
TBC1D10B,-0.36264753341674805,0.3559989328930967,0.3012799322605133,0.39402914,0.019175915552984202
SIRT6,-0.36454272270202637,0.6806854945219719,0.5335115194320679,-0.28399676,0.09825521555759167
HNRNPL,-0.36788249015808105,0.44541908126416857,0.36591899394989014,-0.085920006,0.623597476358866
ALYREF,-0.36872780323028564,0.49123045804803817,0.4158589541912079,-0.64866954,2.5041226828075938e-05
SFPQ,-0.36907529830932617,0.46685635814191834,0.37239333987236023,-0.46287745,0.005110636423230632
BCL10,-0.37087559700012207,0.37694711630978517,0.3043937087059021,-0.42060488,0.011873349118942647
MEMO1,-0.37542295455932617,0.5686655432485789,0.4386387765407562,0.21658728,0.21140537101387544
MED20,-0.37639880180358887,0.6139758847328309,0.4352670907974243,0.5148038,0.001554896429551306
NSF,-0.37716078758239746,0.5342337460685023,0.43899932503700256,-0.48511904,0.003139484305367765
RBM14,-0.3786054849624634,0.4545800426176401,0.3982034921646118,-0.10861942,0.5345300134425374
LYRM7,-0.3792043924331665,0.5179104583758918,0.41706815361976624,-0.09804013,0.5752739568783078
AK3,-0.38516175746917725,0.6752097077803456,0.5448426604270935,0.15028492,0.3888433177745711
ATRN,-0.38567936420440674,0.40061808382274483,0.3451771140098572,0.31725535,0.06330502273112064
RPLP2,-0.3889578580856323,0.47698988276874443,0.39369630813598633,-0.18788981,0.27975752416517824
TFRC,-0.3898463249206543,0.8529848940876846,0.7004908919334412,0.20014986,0.2489881406578972
MIER1,-0.39071083068847656,0.47763965381944246,0.3975660800933838,0.36665294,0.030276628551520773
ANKMY2,-0.39482951164245605,0.5226978370988117,0.42554616928100586,0.39119604,0.02013816152446544
FIP1L1,-0.39633846282958984,0.5220336022048565,0.44258913397789,-0.009973694,0.9546540844662348
POLR1D,-0.3980821371078491,0.4419464080877349,0.3371107876300812,-0.091412604,0.6014900071782443
NONO,-0.39996397495269775,0.5600565716574765,0.45379751920700073,0.17992498,0.30101304705653714
RPUSD3,-0.4010765552520752,0.3483743858482551,0.2841348350048065,0.4859012,0.0030843269170719146
DLST,-0.40113651752471924,0.6080333416386144,0.47574952244758606,0.5165027,0.0014907348393332946
SP1,-0.4014866352081299,0.38623868641749665,0.2863668203353882,-0.3054165,0.07439893274858614
HYOU1,-0.4018794298171997,0.5865818041641384,0.49332374334335327,0.21908346,0.2060607141906549
ZWINT,-0.40346503257751465,0.42914665169323574,0.3363601863384247,0.011639157,0.9470917249077544
POLDIP2,-0.40476393699645996,0.555443772023986,0.4528525769710541,0.503163,0.0020635600287451468
PHB,-0.4064662456512451,0.5688507472924333,0.4375268220901489,0.51497346,0.0015483867341205407
POLR2L,-0.40852952003479004,0.2670289969307372,0.2284083515405655,0.020957492,0.9048822638442594
NACC1,-0.40918469429016113,0.4406043845961124,0.3423037528991699,-0.21556145,0.21362950875991002
FADD,-0.40928852558135986,0.45471248754682797,0.3681916296482086,0.66789883,1.16721086331055e-05
ABCC4,-0.4113168716430664,0.6020632059589541,0.4985303580760956,-0.41292107,0.013690525186187063
TTK,-0.4120478630065918,0.4336748648712059,0.3369809687137604,0.10330014,0.5548418805980293
LMAN1,-0.4123239517211914,0.7152338683180209,0.5515068173408508,0.28883463,0.0924155721460826
RPL10A,-0.412760853767395,0.4382837972039986,0.37140411138534546,-0.23147893,0.1809065755049226
STAG1,-0.4154168367385864,0.6132607912186397,0.44776132702827454,-0.013405301,0.9390769538909547
TRIQK,-0.4204869270324707,0.4078512911416152,0.33408093452453613,-0.2313423,0.18117137057069319
COX4I1,-0.4227180480957031,0.6824835999932305,0.5306211113929749,0.50644594,0.0019071665660115788
PRR11,-0.42642903327941895,0.5415069607510081,0.4610786437988281,-0.25157788,0.1448769722019786
CSTF3,-0.429648756980896,0.288432414008997,0.2398117333650589,-0.41140038,0.014076613160602628
LMNB1,-0.43266749382019043,0.6062302015945454,0.517948567867279,-0.33591437,0.04851015653602254
PNPO,-0.4337136745452881,0.5454961014039249,0.4084188640117645,-0.019708844,0.9105257253966704
CCDC12,-0.4356803894042969,0.42819647018420054,0.33001479506492615,0.22515377,0.19345555333204673
HSPE1,-0.43610918521881104,0.7963408007268321,0.6381125450134277,0.41084144,0.0142207771781949
SF3B3,-0.43857526779174805,0.406477259379904,0.3585564196109772,-0.4523218,0.006370363925824863
STAU2,-0.43978798389434814,0.5848749317251493,0.46266549825668335,-0.15604094,0.3707204329244777
MATR3,-0.4398406744003296,0.4361338060626523,0.36268770694732666,-0.49341324,0.0025960125645655683
DST,-0.44111108779907227,0.4569831398967356,0.34948548674583435,-0.22357765,0.19667530161882793
PTBP1,-0.4454432725906372,0.3500823758460371,0.2785708010196686,0.11247381,0.5200393645688742
HSPD1,-0.44559645652770996,0.7614985221001854,0.6332153081893921,0.23790471,0.16875958167236899
THUMPD3,-0.44632673263549805,0.4772216740670323,0.3605504333972931,-0.3020113,0.07785515150111305
PGRMC1,-0.4516310691833496,0.5171717361859842,0.42959344387054443,-0.23286888,0.1782279787799487
NDUFB11,-0.4517393112182617,0.5056739673550585,0.41474637389183044,0.3317197,0.051567422231682376
MARK2,-0.45229625701904297,0.41965767289301886,0.3415200412273407,0.23524371,0.1737169645458254
TAF6,-0.4535195827484131,0.4417550557089561,0.35954174399375916,-0.06767102,0.6993106829745291
RSL1D1,-0.45464611053466797,0.638116320776131,0.554478108882904,0.1917918,0.2697088487465335
GAK,-0.4566795825958252,0.47309702033352563,0.37532883882522583,0.32014185,0.060808745239574274
HSF1,-0.4571338891983032,0.6068240593962294,0.5024359822273254,0.18549411,0.286045943334069
ATP5MG,-0.4688762426376343,0.6284254143310133,0.4886985123157501,-0.1431743,0.41192632253558137
NUBPL,-0.47545766830444336,0.5005580351067531,0.4105570316314697,-0.37582454,0.026085473731213216
CENPH,-0.4767122268676758,0.4686717762846031,0.40239205956459045,0.14759316,0.39749167771152366
BSG,-0.4767129421234131,0.6513686058566595,0.5257097482681274,-0.26401812,0.12538320034333922
TRAPPC6B,-0.47696852684020996,0.5185277324790093,0.3877221345901489,-0.3917225,0.019956388280642584
EFTUD2,-0.47888195514678955,0.40627235571165227,0.3618616461753845,-0.4387263,0.008377954043705622
SLC25A3,-0.48097240924835205,0.7567001122450515,0.6379777789115906,0.47492436,0.003940780360372452
MINPP1,-0.4844557046890259,0.5039514033469383,0.3912295699119568,-0.16935773,0.3307540100890482
HNRNPH1,-0.4850708246231079,0.5792768962396252,0.4805636703968048,-0.72979265,6.543165832884513e-07
OXA1L,-0.4931591749191284,0.5658516108501495,0.4707920551300049,0.48399252,0.003220434551790035
WRAP73,-0.49510955810546875,0.45048012485227884,0.3736998438835144,-0.23828535,0.1680588272401359
PNPT1,-0.4981076717376709,0.5944234642543224,0.49364879727363586,0.32903957,0.053599919204036714
WAPL,-0.4981842041015625,0.36022918194428144,0.30665382742881775,0.1709992,0.3260193354967591
HNRNPK,-0.49999964237213135,0.5294733914451781,0.42743292450904846,-0.090629146,0.6046226646667254
ATP5MF,-0.508872389793396,0.5999314626649653,0.4872702956199646,0.28568587,0.09618524641537084
NDUFS8,-0.5130921602249146,0.4835432510015831,0.36451733112335205,0.26699173,0.12102682971078421
EIF1,-0.5146870613098145,0.5725467759392483,0.4287467896938324,-0.16498432,0.34357518506872625
RPS7,-0.5154770612716675,0.4846923311633447,0.4161217212677002,-0.24626191,0.15384966310258233
SNRPA,-0.5209360122680664,0.3935075263075521,0.3406095504760742,0.07955494,0.6496261718670037
RPL9,-0.524085283279419,0.5099222519927095,0.44947195053100586,-0.33852452,0.046682196384151074
RAB7A,-0.5255177021026611,0.5218538839671004,0.39709699153900146,0.49356845,0.0025866784781848192
P4HB,-0.5256551504135132,0.8944124700986331,0.7095025181770325,0.75010943,2.1307406531522828e-07
TRAF2,-0.5319857597351074,0.5524238010438196,0.4337044954299927,0.24224237,0.16089696351953636
RAB24,-0.5356545448303223,0.5360221818134555,0.43861153721809387,0.049550593,0.7774280636160644
TTC19,-0.5385816097259521,0.4238834608668447,0.3450603783130646,-0.080807015,0.644472540626443
TIMM44,-0.5407416820526123,0.46410481038501067,0.39126572012901306,-0.19708295,0.2564642891637558
POLR2E,-0.5469928979873657,0.36934605689990135,0.3040199279785156,0.3336503,0.05014169446745504
IKBKB,-0.5520229339599609,0.40822721711387827,0.3051053583621979,0.2979975,0.08208769479878295
HSPA5,-0.5538768768310547,0.8020815457080556,0.6821147203445435,0.7799443,3.335438741077993e-08
ATPAF2,-0.5550967454910278,0.41481780493687626,0.35053586959838867,-0.074973434,0.6686192129703068
NR2C2,-0.561025857925415,0.5107756215342911,0.4031253755092621,-0.0079792775,0.963714931720661
HNRNPA1,-0.5621732473373413,0.6270823835659333,0.5476361513137817,-0.33189368,0.05143758717604321
SHOC2,-0.5632601976394653,0.5422414120741097,0.4095171391963959,0.2734922,0.11189834633108019
RPL31,-0.5752557516098022,0.4797267456650724,0.39740538597106934,0.007788576,0.9645817320481312
TOMM70,-0.5811762809753418,0.44749516423239194,0.33586201071739197,0.27323073,0.11225516128586716
PDIA6,-0.5888426303863525,0.6058657667362737,0.4941416084766388,0.6590388,1.6703392474726806e-05
ELL,-0.5921603441238403,0.43512411084477404,0.32259032130241394,0.18785475,0.2798488667086122
ARFGEF1,-0.5978645086288452,0.54341134893004,0.4172895550727844,-0.07036792,0.6879181452624376
YTHDC1,-0.5997152328491211,0.32578799791917495,0.28457993268966675,0.04115454,0.8144180387487177
RPS13,-0.6002262830734253,0.5945496194134573,0.5098966360092163,-0.16319382,0.34891041818538987
SNRPE,-0.6002984046936035,0.26991997206109614,0.23092874884605408,-0.16534646,0.34250213612327174
RPL6,-0.6072746515274048,0.5011723602363931,0.4220656156539917,-0.23697591,0.17047820926453433
VAPB,-0.6130354404449463,0.6212911472087711,0.4940849840641022,0.53863996,0.0008433902868848139
ARHGAP18,-0.614978551864624,0.4938160882251434,0.4120752513408661,0.0018832181,0.9914333371389071
PRDX4,-0.6309283971786499,0.6106231573461649,0.4831588864326477,-0.14096227,0.4192620823501368
PHF5A,-0.6350939273834229,0.4193245653903351,0.361845463514328,-0.08677451,0.6201361888578685
NAPA,-0.6404293775558472,0.743787025684072,0.6532599329948425,-0.23192242,0.18004892001017028
TUFM,-0.6461843252182007,0.7475625006276502,0.6403995156288147,0.46034813,0.005391065181151989
ARIH2,-0.6543092727661133,0.4306583706918642,0.3541913628578186,-0.16223228,0.35179612430644736
SLC25A6,-0.6592339277267456,0.7404893018450727,0.616795539855957,0.07634681,0.6629041123494263
SNU13,-0.6600205898284912,0.5216530516353926,0.44944921135902405,-0.2181009,0.20815319075949434
RPS10,-0.6618931293487549,0.5581315802926335,0.48938310146331787,-0.32557404,0.056322092077872477
MDH2,-0.6681532859802246,0.8301870835543088,0.6768234968185425,0.5119666,0.0016674759089808546
SRSF3,-0.6756848096847534,0.5458782922511384,0.466949999332428,-0.5875158,0.00020670225910874766
ANAPC5,-0.6805547475814819,0.48883662873184947,0.36302077770233154,-0.22845909,0.18682392310800308
CRYZL1,-0.6850161552429199,0.4531454377662473,0.3567239046096802,0.26198456,0.1284285802393215
INTS5,-0.6921496391296387,0.474860858615301,0.3748627305030823,0.20148006,0.2457913267852198
CD320,-0.718783974647522,0.4521199128811568,0.3835444450378418,0.14153913,0.4173420495494395
ARHGEF6,-0.7227256298065186,0.45947614257008745,0.3560226559638977,0.34223932,0.04417640857140837
PDIA3,-0.7285721302032471,0.7571848206702928,0.6284558773040771,0.41803426,0.01245711561912827
SF3B2,-0.7506595849990845,0.3439586071453857,0.2984500229358673,-0.40396392,0.016099021991713723
EXOC6B,-0.7578811645507812,0.4982251614869489,0.40499913692474365,0.48254064,0.003327440055931068
HSPA8,-0.7587412595748901,0.706195442658085,0.6117616891860962,-0.5514646,0.000595392984104237
TRIP4,-0.7691663503646851,0.4085596890958996,0.3449840545654297,0.14917423,0.39239849673678284
HSD17B10,-0.7781944274902344,0.8038408213867825,0.6529009938240051,-0.2518789,0.14438060357382773
NPM1,-0.8262487649917603,0.8247110785683694,0.723112165927887,0.31106964,0.06892639899893925
EIF4A3,-0.8291709423065186,0.5489043593489491,0.4727339744567871,-0.52511287,0.0011999743585341999
MACROH2A1,-0.8401353359222412,0.7225344993511974,0.5920074582099915,-0.06743151,0.700326056811194
RPL22,-0.8477122783660889,0.5333769518430089,0.4408106803894043,-0.058193263,0.7398484378320243
C17orf75,-0.8729897737503052,0.342958232049267,0.2784111201763153,-0.24515997,0.15575899680878744
TRAP1,-0.8813644647598267,0.8449828712713675,0.7039533257484436,0.14341298,0.41113923471164804
DHX9,-0.8848956823348999,0.528599494318769,0.4409756362438202,-0.43412945,0.009168755656210082
SLC19A1,-0.9052631855010986,0.47177622184391027,0.3727335035800934,-0.4514703,0.006482689286250474
COX5A,-0.9131700992584229,0.6625584342665551,0.5213225483894348,0.4136527,0.013507990449733512
SNRNP70,-0.9236804246902466,0.4215551506063549,0.3734320402145386,-0.313928,0.06628208437727835
HNRNPM,-0.9463216066360474,0.442075508952073,0.3841819167137146,-0.6390567,3.5967337209261094e-05
RPL30,-0.9765111207962036,0.5418334453537277,0.45824649930000305,-0.21471816,0.21546973184797555
SLC25A5,-1.0250122547149658,0.621575678383126,0.5129203796386719,0.40333664,0.01628021798125338
ATP5F1B,-1.0279526710510254,0.7136612998375158,0.5465660691261292,0.16644028,0.33927386685821825
TMEM87A,-1.0499589443206787,0.5048870625123345,0.41156184673309326,-0.45255464,0.006339929189772196
HSP90B1,-1.07979154586792,0.6511041204378674,0.558847963809967,0.6273955,5.4907488661959666e-05
HNRNPAB,-1.0853958129882812,0.639779766083465,0.584577202796936,-0.09429635,0.5900196489481536
SND1,-1.1858534812927246,0.6122419699348286,0.5436246991157532,-0.45462775,0.006074519851753489
NCL,-1.212958812713623,0.6289198026914626,0.5477162003517151,-0.13113615,0.45271987910900946
ATP5F1A,-1.2542779445648193,0.6805616654772708,0.5433520078659058,0.315218,0.06511514329268718
H4C1,-1.258089303970337,0.8834948982777987,0.7457266449928284,-0.17929806,0.30272849832086335
HNRNPU,-1.3134784698486328,0.6044592532551927,0.5429270267486572,-0.43074214,0.009791353317791155
HNRNPC,-1.3753838539123535,0.5128664439559424,0.4445122480392456,-0.042267755,0.8094886243768425
HNRNPA2B1,-1.7132761478424072,0.6439208868668541,0.5705186128616333,-0.36988246,0.028742078899887554
