Feature,R2,RMSE,MAE,Correlation,P_value
MRPL45,0.014951705932617188,0.41436344582284795,0.32032155990600586,0.62959266,5.0767478150317765e-05
RIPOR1,0.01295781135559082,0.46311375515525827,0.37448033690452576,0.640592,3.39744911967405e-05
BCAP31,0.011385560035705566,0.741899334027189,0.6411401629447937,0.770213,6.293974858407713e-08
PHLDA2,0.01138383150100708,0.3885582801021516,0.29311779141426086,0.2923068,0.08839085796789596
CSK,0.011037230491638184,0.6586317936055858,0.5123369097709656,0.63198525,4.6581613953911954e-05
PDCL,0.010862112045288086,0.5363388360517468,0.4302511513233185,0.6627372,1.4402994305025444e-05
SYNPO,0.010573863983154297,0.6214018243598984,0.48050323128700256,0.6909701,4.329927511579416e-06
EMC7,0.010530710220336914,0.5245637591222011,0.4147354066371918,0.6787403,7.404867769419816e-06
SINHCAF,0.010268688201904297,0.534016139572355,0.43985167145729065,0.6672486,1.1988057946875547e-05
SRP9,0.009381115436553955,0.636754064224207,0.5482771992683411,0.782146,2.876317145161751e-08
ELOA,0.008776366710662842,0.40577022024858705,0.3085521459579468,0.56755584,0.00037691889764991123
TMEM209,0.008591890335083008,0.3324575156303671,0.27466315031051636,0.5647796,0.0004085380223104488
RCC1L,0.008351564407348633,0.5202035497746684,0.41850554943084717,0.59719133,0.0001522800955398319
LAMTOR1,0.008311331272125244,0.6782260617307299,0.5387611985206604,0.61527383,8.373234869525499e-05
THEM6,0.00802910327911377,0.5287382549307104,0.43537113070487976,0.5681663,0.00037026737095516857
RAI14,0.007665276527404785,0.8723439025605465,0.7379223108291626,0.6684891,1.1391923127607516e-05
SLC25A10,0.0075972676277160645,0.5976842985864266,0.4989740550518036,0.6760186,8.315694491828704e-06
ANK3,0.007586538791656494,0.39430970874184806,0.3160310685634613,0.49668115,0.002405556513794667
SEC11A,0.007224321365356445,0.7718158251361545,0.6370843648910522,0.6888789,4.754672299603521e-06
IQGAP1,0.007187247276306152,0.7902517892877005,0.6620478630065918,0.67575186,8.41020992028202e-06
MRPL55,0.007139086723327637,0.5049499231003207,0.3895502984523773,0.56871384,0.0003643883939140069
PTCD3,0.006986737251281738,0.4284756303621117,0.31288817524909973,0.57546604,0.0002984392013560801
ARL6IP4,0.006794154644012451,0.5187482454660918,0.41613659262657166,0.5821023,0.00024421892280772096
LMAN2,0.006719410419464111,0.7797440701375697,0.6693527102470398,0.87360054,7.452066072833635e-12
NDUFB6,0.006341278553009033,0.4528909440472953,0.3757871687412262,0.44813347,0.006939373632084422
MRPS15,0.006299734115600586,0.4453693654744878,0.3527959883213043,0.61431915,8.649823541973778e-05
CPSF6,0.006266593933105469,0.448654965429612,0.36565542221069336,0.5967123,0.00015463669757781044
CTNNA1,0.00625079870223999,1.154804357002107,0.9976391196250916,0.83680385,3.787469585951795e-10
CTTN,0.0062136054039001465,0.6839719979273609,0.560764729976654,0.6708818,1.031759948177484e-05
LRP1,0.006167113780975342,1.0637400627344464,0.834216296672821,0.7404259,3.684081036546841e-07
PICALM,0.0059452056884765625,0.6386390934268438,0.5700233578681946,0.75856066,1.2944655270965455e-07
DDR1,0.005761206150054932,0.5865623956597895,0.4728580415248871,0.67557764,8.472508050857824e-06
ZNF24,0.005684614181518555,0.5715299701558497,0.43717658519744873,0.74157834,3.455998475633562e-07
DHCR7,0.0056670308113098145,0.5975781308649287,0.4585697650909424,0.5668214,0.00038506507730274306
ATAD1,0.005559444427490234,0.4763600748116866,0.35549697279930115,0.5702192,0.0003486543677505004
TMCO1,0.005494892597198486,0.7554620689246571,0.6245900392532349,0.7890158,1.7919543198112252e-08
HIRIP3,0.005479693412780762,0.6279960822663533,0.5130193829536438,0.6584802,1.7078459305680195e-05
GNG12,0.005475759506225586,1.367746772816692,1.1800942420959473,0.835332,4.3416471561374433e-10
ENOPH1,0.005423069000244141,0.8010561215436272,0.6757954359054565,0.7603464,1.162082520427237e-07
GMDS,0.00531613826751709,0.8713985303373027,0.7176602482795715,0.56060386,0.0004605444306263867
SUPV3L1,0.005272090435028076,0.5849918108961978,0.4874224066734314,0.7009063,2.746132933264821e-06
FBXO2,0.005243897438049316,1.0638206912980908,0.8642391562461853,0.70058596,2.787534529169629e-06
ZFPL1,0.005238175392150879,0.7339278950056632,0.6149230003356934,0.78513145,2.346597897680185e-08
NOP14,0.005211353302001953,0.496017405124774,0.41618072986602783,0.38222834,0.023452433791785323
LGMN,0.005196332931518555,0.479150047912444,0.38651609420776367,0.51441246,0.0015700219299999555
TPD52L2,0.004999816417694092,0.6595282869107495,0.5617186427116394,0.5185335,0.0014170891913345082
AHNAK,0.00495147705078125,1.877191089863565,1.7354965209960938,0.8482894,1.2433774081020042e-10
PCID2,0.00488513708114624,0.4018968303618551,0.3293464481830597,0.6553074,1.935755750979387e-05
SH3KBP1,0.004877328872680664,0.6121329472816384,0.5006400346755981,0.33901384,0.04634581147253009
RRBP1,0.004761993885040283,1.405823579349987,1.2415649890899658,0.8688703,1.3171052148990736e-11
TFAM,0.004657566547393799,0.5054536466390928,0.4416714608669281,0.44149944,0.007929602384503971
CLIP1,0.004639089107513428,0.5756444812588645,0.47883176803588867,0.6184482,7.509907704896445e-05
PPOX,0.004631936550140381,0.5137651888140504,0.4351562261581421,0.3317637,0.05153449411565958
MRPS14,0.004630744457244873,0.5242022436417059,0.39592334628105164,0.62091166,6.896156707222287e-05
PBRM1,0.004617810249328613,0.7415049174731556,0.5826049447059631,0.58748996,0.00020686851476264093
TST,0.004574000835418701,1.0120316540739505,0.8520759344100952,0.69517326,3.5791570862513866e-06
ANK2,0.004566550254821777,0.5168480384280171,0.4189024865627289,0.47464576,0.0039649570488758555
RTRAF,0.004554688930511475,0.537662651159156,0.4399062395095825,0.50715256,0.0018748923423744107
PPM1A,0.004499495029449463,0.6756128972440171,0.5534437894821167,0.7283051,7.075605151994699e-07
THOC6,0.004493415355682373,0.3678604006953689,0.2850063741207123,0.38411996,0.02271815653255964
ACADSB,0.00448232889175415,0.7888718554138363,0.6066084504127502,0.35685864,0.035345676508080286
ALG1,0.004336237907409668,0.5586626770602384,0.4518508315086365,0.6615151,1.5129107238762709e-05
HSPH1,0.004330992698669434,1.013157179154921,0.8248246312141418,0.67293763,9.469003179369676e-06
SIPA1,0.004295051097869873,1.0897954020833909,0.9778030514717102,0.81670517,2.195321611694453e-09
FAF2,0.004279673099517822,0.6591485136219493,0.5757861137390137,0.8869159,1.3159678433507204e-12
HS2ST1,0.00423198938369751,0.5854250128978046,0.41504690051078796,0.36883605,0.0292321473938559
AARS2,0.004062056541442871,0.4047784931292481,0.3412368893623352,0.2848376,0.09722063307941568
NCBP2,0.004054069519042969,0.5658195877465586,0.44206303358078003,0.8097953,3.826072128348772e-09
KDM2A,0.004017651081085205,0.7027861732447183,0.582886278629303,0.41736764,0.012612394320469643
HMG20A,0.004016697406768799,0.4074607559919022,0.325313925743103,0.4747074,0.003959597560862171
COMT,0.004011392593383789,0.7460019519514467,0.5286327004432678,0.6145812,8.573074324867296e-05
PCK2,0.004000067710876465,0.765170838472259,0.6683806777000427,0.44092906,0.008020112206907203
CSNK1E,0.003960847854614258,0.5520536456733052,0.4454827606678009,0.62417716,6.152263640256937e-05
PHC2,0.003947138786315918,0.6109389263633994,0.4961559772491455,0.66666037,1.2280565129862704e-05
CLPTM1,0.003932595252990723,0.8656432001837789,0.6773810982704163,0.7167177,1.279725835949461e-06
CRNKL1,0.003922164440155029,0.37711320946646376,0.29178935289382935,0.48870286,0.0028936007282119773
STAM2,0.0038709640502929688,0.6402127637584689,0.5141334533691406,0.30248317,0.07736882718357987
HSDL2,0.003864586353302002,0.8166560105841753,0.6900571584701538,0.66366273,1.3874269163532764e-05
NFYC,0.0038241147994995117,0.6289891964252978,0.5165751576423645,0.5463092,0.00068599517392888
HEXB,0.003813505172729492,0.9210580341639574,0.7593037486076355,0.64984953,2.3931804142042558e-05
NUCB2,0.0037965774536132812,0.662895118999365,0.4664921760559082,0.34730983,0.04093207994519672
PSMG4,0.0037906765937805176,0.3451702191594296,0.2600712776184082,0.34322932,0.0435272694880888
ARID2,0.003780663013458252,0.4800469167201687,0.3924024999141693,0.5096621,0.0017641084637546956
TRMT112,0.0037731528282165527,0.6973361238801541,0.582390308380127,0.5842281,0.00022881718655445163
API5,0.003722548484802246,0.609098909874158,0.5102056860923767,0.5035966,0.0020422832768458164
NUP155,0.003720402717590332,0.46489066199793355,0.3654536008834839,0.24081887,0.16344754571082756
CDCA3,0.003700852394104004,0.4714376962179124,0.39964616298675537,0.19203578,0.26908837307398503
ZNF787,0.0036391615867614746,0.5131253137715318,0.3600415289402008,0.5185898,0.0014150951084222175
ZNRF2,0.003627300262451172,0.6372534724006613,0.5076702833175659,0.26220927,0.1280893806662328
S100A11,0.003614962100982666,1.6433087877267827,1.4051916599273682,0.79815286,9.289648902780842e-09
YBX3,0.003575444221496582,1.0119822390999376,0.8882268667221069,0.6615236,1.5123965804734894e-05
H6PD,0.003570079803466797,0.5512952638065266,0.42655107378959656,0.5328844,0.0009816769827488425
NDUFA7,0.003542482852935791,0.6488623778266162,0.5437611937522888,0.42979315,0.009972093940425981
ENSA,0.0035219192504882812,0.8456861040547723,0.7262856364250183,0.66998047,1.0710938217133818e-05
GPN1,0.003508150577545166,0.4074811985499541,0.34315362572669983,0.3878491,0.02132633473563264
PPP2R5C,0.003489673137664795,0.4030609220396088,0.30849018692970276,0.36927846,0.02902413546546495
ATP6V0A1,0.003454864025115967,0.5158436918322763,0.39543652534484863,0.5013213,0.002156112967214969
MCCC1,0.0034519433975219727,0.8075845289719114,0.6883042454719543,0.6492211,2.4516875392265028e-05
NDUFS4,0.003449082374572754,0.5907676736381016,0.4815055727958679,0.42250308,0.011457284278477973
POR,0.0033912062644958496,0.8274622370352195,0.7087242007255554,0.65886676,1.6818085481757287e-05
MRPS26,0.0033423304557800293,0.43155028834871983,0.33976081013679504,0.50680447,0.0018907296472041066
S100A10,0.0033072233200073242,1.5553222587268565,1.3687070608139038,0.89653474,3.268227545238843e-13
PHF6,0.0032379627227783203,0.6551671403834493,0.5421043038368225,0.6488069,2.4909650497436293e-05
DDX1,0.003235757350921631,0.6946702627084659,0.5539203882217407,0.6366981,3.9235297176032256e-05
SNAP23,0.003224790096282959,0.9390296854134794,0.793543815612793,0.83098763,6.447004383338339e-10
ECM1,0.003212273120880127,0.5965544074315443,0.4758327901363373,0.6175545,7.744495983926029e-05
GATC,0.0032007694244384766,0.4683100224980121,0.36549732089042664,0.5662189,0.0003918631083024836
NUDT19,0.003186166286468506,0.6714573160681228,0.5691846609115601,0.67929643,7.2302968144213546e-06
CCNA2,0.0031662583351135254,0.4018876166016967,0.3293076157569885,0.44650742,0.007171718915568549
TPM3,0.003105461597442627,0.6338287247060493,0.5155447125434875,0.28032053,0.1028776294952453
TOMM34,0.0029807090759277344,0.9111006589001821,0.7225807905197144,0.57732064,0.00028229907937913344
FAM20B,0.002974271774291992,0.49590479638979607,0.3419681787490845,0.4444767,0.007471215048271757
PON2,0.0029612183570861816,1.3559810318984584,1.1095070838928223,0.8664448,1.74892887753798e-11
FEN1,0.0029471516609191895,0.9618037591420889,0.7977819442749023,0.6585307,1.704421060218522e-05
PLXNB2,0.0028757452964782715,0.7297275475043621,0.6128410696983337,0.6959032,3.4616071058673082e-06
PQBP1,0.0028743743896484375,0.6362454346003988,0.4904457628726959,0.6196006,7.216940822087622e-05
SRPK1,0.0028034448623657227,0.5683640155406157,0.4455937147140503,0.24915573,0.14891657411364964
MISP,0.0027790069580078125,1.3060351966303747,1.1376397609710693,0.8624595,2.7543389677873934e-11
EHD2,0.002768099308013916,0.7175842866337128,0.5220697522163391,0.2956435,0.08465139220377235
AP1S2,0.0027281641960144043,0.40446536842340824,0.29600459337234497,0.1948247,0.2620633909064905
THYN1,0.0026873350143432617,0.8307697242395043,0.6603241562843323,0.68750566,5.053876867890083e-06
TNFAIP2,0.002657651901245117,0.6734149716673818,0.5459712743759155,0.3960273,0.018520547069341208
TMF1,0.0026543140411376953,0.4798202169517525,0.411851167678833,0.70698005,2.060081011556431e-06
CHDH,0.0026445984840393066,0.5552532373511736,0.3942113518714905,0.39302284,0.019513232851610586
PTGES2,0.002626955509185791,0.4696191994149158,0.3780398368835449,0.52562314,0.0011844324594215674
AK1,0.0026022791862487793,1.083121841522912,0.8803861737251282,0.6732689,9.338363489365268e-06
LPCAT1,0.002541661262512207,0.5820336309806715,0.4354821443557739,0.42192757,0.01158211518846945
ADA,0.0025414228439331055,0.5745768047051303,0.4302331507205963,0.16945411,0.330475001421091
MRPS18B,0.0025321245193481445,0.5983056423647414,0.46543291211128235,0.6322703,4.610411417735891e-05
USP9X,0.002520620822906494,0.57535362979337,0.44599613547325134,0.48662692,0.003033909471204158
SYNGR2,0.002512335777282715,0.636964551602556,0.5427854061126709,0.6586127,1.6988769842924378e-05
WDR77,0.0025030970573425293,1.0408273494437479,0.8170590996742249,0.6569663,1.8133625926428612e-05
THNSL1,0.002494513988494873,0.4665799295193723,0.3559381663799286,0.37246183,0.027562848787997706
DYNLL2,0.002480804920196533,0.5204920954236907,0.4241189956665039,0.5030343,0.002069909428622818
CHAF1B,0.0024614930152893066,0.7245827230400103,0.5992718935012817,0.6427418,3.135172060613516e-05
SAR1A,0.0024472475051879883,0.49388090100597265,0.4175151288509369,0.346987,0.041132725677657044
NDUFB8,0.0024164319038391113,0.48954635000211383,0.3968358039855957,0.5522335,0.0005828319003903718
MRPL52,0.0023978352546691895,0.635202838272977,0.521181046962738,0.6947666,3.6462310573891873e-06
EIF3A,0.0023963451385498047,0.5877519615104912,0.42775803804397583,0.20994331,0.22609466493194014
EHHADH,0.0023665428161621094,0.5628068140177955,0.46599769592285156,0.70770216,1.989913646715545e-06
UCHL5,0.0023468732833862305,0.6831596303958877,0.5391229391098022,0.73975295,3.8235425582667087e-07
ENDOD1,0.0022994279861450195,1.2390027756987014,1.0288372039794922,0.58714503,0.00020909646188480778
DERL1,0.0022872090339660645,0.637866150666244,0.5283512473106384,0.7134827,1.5022432311290103e-06
VPS26A,0.00227200984954834,0.45232738801290706,0.3507976531982422,0.25351626,0.14170230697133435
ANXA5,0.002257227897644043,1.0537377496371552,0.7860659956932068,0.40491277,0.01582816825397338
AHCTF1,0.0022326111793518066,0.3863472936674927,0.2973818778991699,0.24690962,0.15273543235664835
PNP,0.0022068023681640625,1.0156171945125239,0.8325719833374023,0.4508668,0.006563314809790715
MRPL24,0.002202153205871582,0.4855099118465331,0.3659204840660095,0.3919519,0.01987757905626788
AGPS,0.002174198627471924,0.43952176723563935,0.37145334482192993,0.49734855,0.002368200314266681
CPSF4,0.0021730661392211914,0.3619088532288557,0.3003203272819519,0.29664233,0.08355620533789301
SUCLG1,0.0021619200706481934,0.7518889164449291,0.595929741859436,0.57004833,0.00035041007185882466
ITGA3,0.002122640609741211,2.20056024700434,1.9751018285751343,0.71670717,1.2803957790339854e-06
RAB1A,0.0021222829818725586,0.4664552467974415,0.37591078877449036,0.6489701,2.4754238556603217e-05
DNTTIP1,0.002097010612487793,0.44471074320351284,0.3524342477321625,0.24583265,0.154591416308181
ACAA1,0.0020938515663146973,1.1488491021413416,1.0089235305786133,0.8116758,3.2966555595576678e-09
ARL2BP,0.0020752549171447754,0.6306511975414859,0.4988415241241455,0.37325904,0.02720650477125839
RPN2,0.0020363330841064453,0.7326750457624123,0.6138734221458435,0.6849233,5.663511457527825e-06
SMPD4,0.0020138025283813477,0.3481349328471459,0.297320157289505,0.22734493,0.18904111681215685
MYL6,0.0020121335983276367,0.7802056389334738,0.6665287613868713,0.4945634,0.0025275373431762308
NUP58,0.002009868621826172,0.34730818823402765,0.24122995138168335,0.23319706,0.1775996743339125
KRT80,0.002004265785217285,0.85003977430072,0.7131039500236511,0.612116,9.319693399274842e-05
ESF1,0.0020021796226501465,0.4640084302594728,0.3825141489505768,0.1857512,0.2853666827588599
TSNAX,0.001980304718017578,0.5892780445887842,0.4038947820663452,0.5419131,0.0007726892026399108
UPF3B,0.0019704699516296387,0.751738242620354,0.6027575135231018,0.64779365,2.5894535888309757e-05
BCKDHA,0.0019699931144714355,0.38872587126032493,0.30243629217147827,0.14389166,0.40956291117546495
DPP7,0.001958012580871582,0.5722381793526573,0.46035370230674744,0.4293092,0.010065354702783323
STXBP3,0.0019484758377075195,0.5579919574475847,0.4650520980358124,0.7076258,1.997221850450281e-06
DDX10,0.001934647560119629,0.4508197120111834,0.3576325476169586,0.16668949,0.33854075150181856
DDI2,0.0019222497940063477,0.9603156271777146,0.7877368330955505,0.57870543,0.00027075968739519944
STX17,0.0019122958183288574,0.4050750062798538,0.324224591255188,0.38885343,0.020963830926554024
ZNF330,0.0019102692604064941,0.3239546239994212,0.24894161522388458,0.445019,0.007390210323447552
RAD21,0.0018648505210876465,0.5335403884858483,0.41823598742485046,0.35115096,0.03860476141387568
PSMB8,0.0018592476844787598,0.817715703522012,0.6850084662437439,0.2731622,0.11234902183486946
DCUN1D1,0.00185471773147583,0.48763430652670364,0.37346887588500977,0.24886993,0.14939869696838926
POGLUT3,0.0018434524536132812,0.7188959388184144,0.567164957523346,0.2252723,0.19321500102184364
ROCK2,0.0018334388732910156,0.44817247035570823,0.3169015347957611,0.2973618,0.08277397367919641
SLC25A24,0.0018326044082641602,1.114355111450106,0.9305053949356079,0.700933,2.7427070150757406e-06
ZNF281,0.0018021464347839355,0.27635868180736334,0.24850019812583923,0.41496179,0.013186464586750093
RNPS1,0.001773834228515625,0.3762790008470099,0.2797030210494995,0.41112843,0.014146603471871423
PDXP,0.0017728805541992188,1.3203058186198364,1.141379714012146,0.88167286,2.6697321724474412e-12
NIP7,0.0017650723457336426,0.5673442308764782,0.4588554799556732,0.4155352,0.013047684748831338
CGAS,0.0017237663269042969,0.3849036070985425,0.31516605615615845,0.13213246,0.44926364231875937
GULP1,0.0017145872116088867,0.4553981359846996,0.32449549436569214,0.37336484,0.027159530425224048
GATAD2B,0.0017098784446716309,0.7735529341434865,0.6572072505950928,0.5358326,0.0009085266800298482
TIMM10,0.0016832947731018066,0.46152991678966293,0.3714108169078827,0.1904175,0.2732206231886321
GOLGA3,0.0016689300537109375,0.47743420532064546,0.3677084743976593,0.4283542,0.010251522136995032
MRPL38,0.0016605854034423828,0.5049064527396562,0.3981800079345703,0.22343634,0.1969656824700988
EIF4E2,0.0016157031059265137,0.5351205521532147,0.42723727226257324,0.3653991,0.03089021447833344
RIF1,0.0016153454780578613,0.42433661620162966,0.33068302273750305,0.49077457,0.00275924384771714
STAU1,0.0015829801559448242,0.5549832750927777,0.463052898645401,0.11394072,0.5145758788471343
TBCC,0.0015777945518493652,0.9728936208300383,0.7792739272117615,0.39909875,0.017549674266121595
CNN3,0.0015617012977600098,0.9746888764699773,0.7731249332427979,0.4018707,0.01671033319588448
UBE2S,0.0015249848365783691,1.204935371438598,1.0196703672409058,0.6364454,3.96009232533182e-05
BAIAP2,0.0015079975128173828,0.6146391153613532,0.4929797649383545,0.5236067,0.0012469042282235927
CRIP1,0.001506507396697998,1.009281300544826,0.6747929453849792,0.18643177,0.28357388551247026
ARFIP1,0.0014891624450683594,0.5881907055238171,0.45451682806015015,0.2980363,0.08204587868600305
PSMB6,0.001486361026763916,0.6700886999672101,0.54610675573349,0.4220984,0.011544944611577453
PMF1,0.0014758110046386719,0.5131461931096534,0.4268296957015991,0.30782324,0.07202914290735057
TBC1D10A,0.0014757513999938965,0.47803809803602937,0.3884866237640381,0.28168643,0.1011413362775727
USP11,0.0014680027961730957,0.9039822519277602,0.7031530737876892,0.42483485,0.010963130625530604
ELOB,0.001461029052734375,0.6421708088582897,0.5106940865516663,0.5204828,0.0013494267823547133
RANGRF,0.0014504194259643555,0.34455127960596327,0.2720299959182739,0.10482516,0.548981913850285
TNFRSF10B,0.0014314651489257812,0.5670677531547835,0.43528544902801514,0.3109901,0.06900112033811502
WDR3,0.0014208555221557617,0.3585953963829925,0.2732183635234833,0.3423562,0.04409939711349962
TRMT2A,0.0014159679412841797,0.4670249349933557,0.37777021527290344,0.11636186,0.5056208080322598
CAMSAP3,0.0014153122901916504,0.40117397437804586,0.3236653208732605,0.23190558,0.18008137529393342
SSR3,0.001410365104675293,0.6856227082915766,0.5679125785827637,0.7106713,1.7237929306010795e-06
TPM1,0.001410067081451416,1.1829633387304674,0.970507800579071,0.5697877,0.00035310164167518226
HUWE1,0.0014087557792663574,0.8789173379834443,0.6791494488716125,0.49075526,0.0027604707443329574
SMC2,0.0014056563377380371,1.0068584332325639,0.8126187324523926,0.33816865,0.04692817329737495
RAB6B,0.0014002323150634766,0.5064309326672546,0.40768560767173767,0.25714764,0.13589227467151654
UQCC3,0.001369178295135498,0.45966491568535933,0.36882880330085754,0.4009133,0.016996373656363573
EPPK1,0.0013684630393981934,1.0574589238407095,0.8284701704978943,0.56781244,0.0003741103229953598
TRPT1,0.0013680458068847656,0.42213514925340123,0.30228784680366516,0.14824551,0.39538537829541714
AKAP9,0.0013408064842224121,0.4750974210168113,0.3551764488220215,0.27021477,0.11643372910203427
TIMM29,0.001329660415649414,0.6400072794738674,0.5348447561264038,0.49346298,0.002593012713376781
CTNNB1,0.0013262033462524414,1.0338813272106633,0.8323897123336792,0.71938175,1.1196120455534585e-06
KRT8,0.0013197064399719238,3.303872154422528,2.7663564682006836,0.8809775,2.9249896847509075e-12
GSTZ1,0.001293778419494629,0.4301447429565872,0.32024896144866943,0.42092323,0.011802704411242941
EEFSEC,0.001280367374420166,0.5356581624469119,0.4350643455982208,0.51473504,0.0015575492813132274
POLR3D,0.0012714266777038574,0.527754927093116,0.44578856229782104,0.54798007,0.0006553777525607066
PSMD3,0.0012636184692382812,0.5799568640354605,0.45719239115715027,0.2911304,0.08973901730893727
SDSL,0.0012618303298950195,0.5511471770529792,0.418103963136673,0.38118955,0.02386394855833273
FDXR,0.0012429356575012207,0.8851330396364945,0.6885249614715576,0.28453612,0.09759064476827534
SEC24A,0.0012199878692626953,0.5066646514348475,0.3929671347141266,0.2774717,0.1065716509278541
RANBP2,0.0012168288230895996,0.28142980285308383,0.20854437351226807,0.20536548,0.23661098271482192
PCBD2,0.0011909008026123047,0.41361154435129893,0.3325191140174866,0.35171726,0.03827093480220755
ALG5,0.0011866092681884766,0.5954231980296805,0.45944175124168396,0.39552706,0.01868282457051568
NDUFV2,0.0011856555938720703,0.5775088816120801,0.4691816568374634,0.50229067,0.002106952957306534
PPP1R18,0.001183152198791504,0.9192059559752793,0.7343611121177673,0.41131052,0.014099685964171296
FARSB,0.0011800527572631836,0.9908885111950523,0.7823131084442139,0.5619707,0.000442907397085785
UQCRB,0.0011768937110900879,0.6561760633688992,0.5253973603248596,0.5311038,0.0010283276888450037
CLCN7,0.0011630654335021973,0.9585348967725111,0.8361818194389343,0.50528216,0.001961374778240319
ARL6IP5,0.0011464953422546387,0.991789820714731,0.8698344826698303,0.38437042,0.022622378361426224
TAF15,0.0011383891105651855,0.459112190143697,0.3597273826599121,0.16093701,0.3557059131663228
TTC4,0.001122891902923584,0.4565080272338565,0.36818376183509827,0.1597363,0.35935394672189486
AGA,0.001110672950744629,0.9202744442077568,0.7096610069274902,0.2750926,0.10973258428611776
SPINT1,0.001096963882446289,0.9728004624418207,0.7757222652435303,0.25234094,0.1436210732914781
CD44,0.0010557174682617188,1.2885749588502042,1.108176350593567,0.25574407,0.13811669328357123
ERLIN1,0.0010486245155334473,0.8492361366997815,0.7282660007476807,0.71906,1.1379301488019405e-06
ITGA5,0.0010478496551513672,1.294159263340755,1.0292826890945435,0.53818977,0.0008535506166248771
NIT1,0.0010459423065185547,0.5679094559101407,0.4389859735965729,0.38329467,0.023036135097132236
SMAD4,0.0010382533073425293,0.6380958409237064,0.49198222160339355,0.3495272,0.039575137237647835
MMTAG2,0.0010036230087280273,0.5087015732063906,0.3907831907272339,0.20051605,0.24810553482706832
ACP1,0.00098496675491333,1.3320775625282664,1.057631015777588,0.6415689,3.2758998332025874e-05
ATP6V1H,0.0009812712669372559,0.8603450502112356,0.7118781208992004,0.29525185,0.085083954437377
HEATR3,0.0009663701057434082,0.5672072173335319,0.48863089084625244,0.16915844,0.33133182606211653
BCKDHB,0.0009083151817321777,0.4259054370323493,0.33766642212867737,0.36690325,0.030155325200354355
SUGT1,0.0009076595306396484,0.8805163745473149,0.7035527229309082,0.34727293,0.04095500883406151
SLC2A1,0.0008966922760009766,1.1291534258827447,0.9550219774246216,0.57258886,0.00032511159292940387
RPRD2,0.0008902549743652344,0.5174771480306178,0.41495850682258606,0.38469565,0.02249851662180596
MORC2,0.0008895397186279297,0.6273936925179442,0.5130810737609863,0.4556425,0.005948124187704587
SDF2,0.0008854269981384277,0.6634114832904625,0.4886215329170227,0.10609235,0.54413499938956
MSI2,0.000880122184753418,0.6803831727691496,0.5405716300010681,0.59028375,0.00018958867644458294
EPHX1,0.0008707642555236816,1.1720828062820923,0.9179116487503052,0.5020111,0.0021210335547736103
PMM2,0.0008660554885864258,0.7174682798917015,0.5734226703643799,0.11528129,0.5096076069502228
PRPF3,0.0008534789085388184,0.3527338224387673,0.28417685627937317,0.13585415,0.43647899521813505
TAGLN2,0.000825345516204834,1.0406327966163154,0.8567163348197937,0.08488689,0.6277927227161354
ETFA,0.0008248686790466309,1.2044518820469259,0.9803220629692078,0.6032413,0.00012516494031299612
COG1,0.0008245110511779785,0.3825657886450402,0.3026755154132843,0.25033063,0.1469468966943914
GEMIN6,0.0007902383804321289,0.47947963224238266,0.3760000467300415,0.12410897,0.47750144278629486
ZKSCAN1,0.0007843971252441406,0.4614727662400534,0.3690204620361328,0.44503048,0.007388508960837589
MRI1,0.0007814764976501465,0.674544862667713,0.5351250767707825,0.19119635,0.2712268323062384
NDUFA9,0.0007189512252807617,0.5157305291587457,0.41124480962753296,0.28735813,0.09416882254874469
CIB1,0.0007140040397644043,0.8851999728253236,0.7310838103294373,0.44807184,0.006948061270671489
CHORDC1,0.0007078647613525391,0.7140820306490138,0.5242679715156555,0.3208411,0.06021584254892128
CHMP4B,0.0007038712501525879,0.6522569655751571,0.5221911668777466,0.25155276,0.14491831042700123
FN3KRP,0.0006949901580810547,0.4815149779144127,0.36768993735313416,0.2543708,0.14031891044385217
TAOK3,0.000694572925567627,0.4491577272846704,0.35801807045936584,0.4337821,0.009231013249955587
PLOD1,0.0006875991821289062,1.1528820267742041,0.8786205053329468,0.51247376,0.0016468401240572175
WRNIP1,0.0006818175315856934,0.7440306013976795,0.6111484169960022,0.12909463,0.45984727760456895
PLCG1,0.000681757926940918,0.6126503584679903,0.4734562337398529,0.3162444,0.06419823076079727
EWSR1,0.000676274299621582,0.6396310119584927,0.5539636611938477,0.1881367,0.27911463496912026
NEDD8,0.0006653070449829102,1.1041742840390194,0.8731552362442017,0.27294114,0.1126515361241526
FBXL20,0.0006496310234069824,0.5838592293140115,0.4496203064918518,0.21559823,0.21354937311182842
SURF4,0.0006459355354309082,0.7323196950208868,0.5964773297309875,0.1730486,0.32016692433669236
COQ5,0.000640869140625,0.4393385165493192,0.33516231179237366,0.23183301,0.18022160211462385
NDUFA12,0.0006379485130310059,0.5602952345801171,0.4605974555015564,0.35447282,0.036679600212110856
TMEM43,0.0006227493286132812,1.1319530515337042,0.9754538536071777,0.23989059,0.1651264181260922
CTSA,0.0006153583526611328,0.9215559003043232,0.7875612378120422,0.6797278,7.097524053331687e-06
HLA-A,0.0006059408187866211,1.5968243734617142,1.3612231016159058,0.7502312,2.1157818865651945e-07
SMARCB1,0.0005881786346435547,0.7277198515674954,0.5701495409011841,0.44838798,0.006903595652010481
GALNT2,0.0005838274955749512,1.0858921068981906,0.9487028121948242,0.73708016,4.426842282399951e-07
KIRREL1,0.0005820989608764648,0.5783687026351101,0.45337507128715515,0.45464733,0.006072062983008338
VIM,0.0005774497985839844,3.3892615604989937,2.770204782485962,0.27904543,0.10451876483987577
TFB2M,0.0005716681480407715,0.5287601804542306,0.41185465455055237,0.41389257,0.013448594921041253
AGR2,0.0005655288696289062,1.6985507397421238,1.2053300142288208,0.39514476,0.01880769022431231
PDCD6IP,0.0005512833595275879,0.6850385819310697,0.5258976817131042,0.049547046,0.777443201621102
MRTO4,0.0005454421043395996,0.4686892152157917,0.40957507491111755,0.06405328,0.714694966718593
ALDH3B1,0.0005225539207458496,0.7223554242820605,0.5802074074745178,0.28952387,0.09160566722741159
MAZ,0.0005169510841369629,0.42174828357041994,0.3326997458934784,0.091456756,0.6013133720864738
NDUFS6,0.00047892332077026367,0.6687033779613459,0.5527770519256592,0.44156602,0.007919104631588136
TGFB1I1,0.0004616975784301758,0.7895017100261894,0.6019425392150879,0.11273317,0.5190715818796128
DNAJC3,0.00045484304428100586,0.6477477300111666,0.5054329037666321,0.4222956,0.011502167021635907
PRCC,0.000452578067779541,0.6391843087431966,0.46911877393722534,0.3388849,0.046434308295156074
LENG1,0.00044101476669311523,0.5282343091083138,0.42807748913764954,0.14287737,0.41290685008418565
H2AX,0.00043958425521850586,0.7200248441780833,0.49670159816741943,0.4451072,0.007377104310080022
MIA3,0.0004292726516723633,0.5016268252185778,0.39202436804771423,0.4100024,0.01443953804480779
ESYT2,0.00042307376861572266,1.1224797417356782,0.9379932880401611,0.70012987,2.8474705102976366e-06
CTSD,0.0004153251647949219,1.3409305980027353,1.1657060384750366,0.32977262,0.053037784265385475
BUD31,0.0004127621650695801,0.47581734794392794,0.3846186101436615,0.074497424,0.6706044525513158
SLC35B2,0.0004088282585144043,0.6397608534476257,0.5502865314483643,0.15380852,0.37768903457323666
MSRB2,0.0004036426544189453,0.7443295536853558,0.6052395105361938,0.24297537,0.15959478760917425
SUPT6H,0.00040352344512939453,0.5236119790861231,0.4367262125015259,0.30177024,0.07810444835840409
POLR3C,0.00040084123611450195,0.4688966203900114,0.3624785840511322,0.16063038,0.35663562435769025
NDUFA8,0.0003972649574279785,0.503606189428567,0.3804481029510498,0.18182336,0.29585615890152306
CEBPB,0.00039708614349365234,1.1921434466820848,1.0101215839385986,0.53836775,0.0008495215122405261
NBAS,0.00039201974868774414,0.3335143792206656,0.2600514888763428,0.06306665,0.7189103812641763
CHCHD6,0.00037235021591186523,0.6968061498663469,0.5040355324745178,0.09821756,0.5745789677043551
LPCAT4,0.00036257505416870117,0.49238155717398424,0.3959560692310333,0.48823896,0.0029244579828607824
EIF4G3,0.0003584623336791992,0.5614156072162184,0.4450407922267914,0.5387301,0.0008413694948091326
KDSR,0.00035750865936279297,0.5971961400770912,0.4652387201786041,0.3134963,0.06667622148606048
NNMT,0.0003565549850463867,0.6204576894119641,0.49474281072616577,0.34743872,0.040852205814196345
RAB35,0.00035458803176879883,0.4206531456008894,0.3270426094532013,0.44882423,0.006842646016698692
ITPR3,0.0003501772880554199,0.8356664342886266,0.7013614177703857,0.7037602,2.4013077951917587e-06
EIF3B,0.00034332275390625,0.716802404730565,0.5272536277770996,0.07741971,0.6584516611573454
KIAA1522,0.00033020973205566406,0.6699912699799642,0.5550395250320435,0.6837937,5.950637723411386e-06
TENM3,0.0003300309181213379,0.5373033208077402,0.4125639498233795,0.23785967,0.16884245808531337
GNAI1,0.00032204389572143555,0.7769812117112974,0.5755525231361389,0.20476206,0.2380211151942044
URM1,0.0003216266632080078,0.5007865500801976,0.4177718460559845,0.11761886,0.5010028187598979
HADHB,0.00027638673782348633,0.816607801755232,0.6955616474151611,0.2660675,0.1223685311074913
SAR1B,0.00027102231979370117,0.43939912252286445,0.34781402349472046,0.4017907,0.01673407397652308
NCSTN,0.00026607513427734375,0.7371374888029245,0.5778232216835022,0.372575,0.027511999112372586
DCAKD,0.0002605319023132324,0.4430892726554412,0.3601139485836029,0.04703493,0.7884642798630278
BORCS6,0.0002486705780029297,0.4538120782700746,0.3545912206172943,0.3390202,0.046341398359896466
LRRC57,0.00024068355560302734,0.5542621324765905,0.40196648240089417,0.21239994,0.22058440732505508
EMC2,0.0002378225326538086,0.45745246582942745,0.3766953647136688,0.055503987,0.7514828284278319
CNDP2,0.00022977590560913086,1.2562351643459688,1.0257786512374878,0.45975298,0.005458933795223598
RPS6KA1,0.0002281665802001953,0.4651705290499507,0.3589446246623993,0.1815256,0.2966613170744012
RAD23B,0.00021630525588989258,0.7104516098139532,0.5243609547615051,0.44707844,0.007089378552160088
JPT2,0.00019288063049316406,1.251652293133314,0.9857185482978821,0.29064265,0.09030267105397673
RAB9A,0.0001837015151977539,0.6676457388148884,0.5023311376571655,0.117203325,0.5025267930556978
TXN,0.00018328428268432617,0.9331016041402669,0.7468393445014954,0.26741683,0.12041341090680732
STX8,0.00018274784088134766,0.3627921678167156,0.2771671712398529,0.20947798,0.227148722703524
RBMX2,0.00017774105072021484,0.5763510473945892,0.4456101059913635,0.17639197,0.3107612424510212
HDLBP,0.00016957521438598633,0.6210213625008554,0.485161691904068,0.023138031,0.8950375510076886
MYO6,0.0001518726348876953,0.7882678496750126,0.6548593640327454,0.4675521,0.004625339189360935
DENND4C,0.00014823675155639648,0.5192574087669544,0.34263986349105835,0.055740625,0.7504568945912354
TSEN34,0.0001469254493713379,0.4694368099247697,0.35361701250076294,0.29431188,0.08612887053508109
RAP1GDS1,0.00014168024063110352,0.8432708015239894,0.7334532737731934,0.30442035,0.0753973542108006
PRCP,0.00013500452041625977,0.5210002123197097,0.43744567036628723,0.21337155,0.2184307864941424
GOLGA5,0.00010353326797485352,0.6996574091435931,0.5708716511726379,0.49342424,0.0025953520508084195
RBM12B,0.00010222196578979492,0.4956927142842391,0.4058186709880829,0.06806895,0.6976255884393706
VAT1,8.857250213623047e-05,0.9853844689128741,0.7980425953865051,0.0449157,0.7977936920814143
NUFIP2,8.791685104370117e-05,0.6862189321659717,0.5426470041275024,0.03396269,0.8464226977593301
ACTN1,8.726119995117188e-05,1.1137228106809463,0.923522412776947,0.19659136,0.25767638104287893
RTN3,8.612871170043945e-05,0.5866162501376972,0.4634123742580414,0.22186232,0.20022154896240618
HACD3,7.88569450378418e-05,0.45777783181224635,0.3736703097820282,0.019793706,0.9101419554848026
GRWD1,7.241964340209961e-05,0.5432118207942415,0.4316522777080536,0.1363972,0.4346301790346318
ERMP1,6.973743438720703e-05,0.9931696138630034,0.7841688990592957,0.6636907,1.3858544294698293e-05
CBR3,6.431341171264648e-05,0.8570542992245622,0.5707976818084717,0.061438873,0.7258820681263916
BLOC1S3,6.330013275146484e-05,0.4821439088956271,0.3746207654476166,0.056564152,0.7468898316380548
RPP38,5.900859832763672e-05,0.36111740978975143,0.28335270285606384,0.035846565,0.8380136108739202
PPA2,5.3048133850097656e-05,0.7463196816810855,0.5925977230072021,0.74859196,2.325400120128934e-07
CUL3,4.881620407104492e-05,0.659007862443576,0.47738075256347656,0.5254954,0.0011883048453866457
CLASP2,4.7206878662109375e-05,0.5074772241489639,0.3424493372440338,0.01954461,0.9112685275766639
CEP97,4.673004150390625e-05,0.43362650017301524,0.344179630279541,0.030066527,0.8638665138878564
NSMCE3,3.6776065826416016e-05,0.3460123112705678,0.2850176990032196,0.65888983,1.6802704098144558e-05
SDC4,2.8908252716064453e-05,0.9418084959106671,0.7689639329910278,0.6502324,2.358162010855821e-05
NCAPD3,1.6808509826660156e-05,0.8750642344194204,0.6521653532981873,0.07348853,0.6748198292997224
NDRG1,1.2218952178955078e-05,0.7556004438046575,0.6277338862419128,0.3391526,0.04625075908373781
FERMT3,9.834766387939453e-06,0.42608652632618826,0.34425586462020874,0.030790918,0.86061810425891
SP3,8.761882781982422e-06,0.731774657070899,0.6074717044830322,0.06783517,0.6986153719014383
ADPGK,-3.337860107421875e-06,0.6792266423319944,0.593894898891449,0.46476057,0.0049101137672664915
NOC2L,-7.3909759521484375e-06,0.5039191429203931,0.415515273809433,0.005710788,0.9740262737848351
SLC25A11,-1.3470649719238281e-05,0.4533091696997257,0.36317238211631775,0.20211975,0.24426376274595077
PDIA5,-1.6808509826660156e-05,0.6905230036887635,0.5721959471702576,0.1365352,0.43416135833853836
RRP9,-2.2292137145996094e-05,0.5666650641175591,0.456473171710968,0.0011092359,0.9949541871199418
IGF1R,-2.777576446533203e-05,0.7233568249534009,0.5994543433189392,0.4586268,0.005589397886531029
ALDH1A3,-2.8371810913085938e-05,0.973407746131225,0.779443621635437,0.0021586083,0.9901807672471692
ENAH,-3.7670135498046875e-05,0.9093747365105631,0.7416829466819763,0.38706556,0.021612752979834365
DRG1,-3.898143768310547e-05,0.6396622285011402,0.4750853478908539,0.026834572,0.8783844998958992
NUP35,-3.9458274841308594e-05,0.414832640533257,0.3144253194332123,-0.00083045615,0.9962225437141342
PFDN1,-5.340576171875e-05,0.8284697264997636,0.5653263926506042,0.06773711,0.6990309137640268
HLA-C,-5.3882598876953125e-05,1.349317947036737,1.1448824405670166,0.6673466,1.1939956300473615e-05
NME3,-5.7816505432128906e-05,0.8241468280671256,0.6723586320877075,0.5316546,0.00101369316929965
CUL4A,-6.020069122314453e-05,0.5737678937677285,0.4518803060054779,0.51256263,0.0016432501745850942
COMMD9,-6.592273712158203e-05,0.4660275396213283,0.37177130579948425,0.0039029568,0.9822473978457067
NIPBL,-7.76052474975586e-05,0.5071460164910044,0.42921164631843567,0.05810333,0.740236400014893
LARP1,-8.630752563476562e-05,0.6364468655174833,0.49300074577331543,-0.012480048,0.9432751523747056
SH3GL1,-8.749961853027344e-05,0.7914460318113857,0.6272007822990417,-0.028497204,0.8709106825955191
SMARCA4,-9.751319885253906e-05,0.6603242107459575,0.5608780384063721,0.731464,5.988898937655854e-07
KRT18,-0.00010132789611816406,3.5734805152482485,3.039705276489258,0.27325007,0.11222877363315775
RHOF,-0.00010502338409423828,0.6941739522460807,0.5223623514175415,0.58746684,0.00020701725014815858
STAT6,-0.00013172626495361328,0.5057636302934708,0.39113399386405945,0.032826558,0.851502467792895
ZEB2,-0.00013577938079833984,0.5450812759516106,0.4277133643627167,0.16682512,0.3381425208291011
NME7,-0.00014698505401611328,0.560968114500954,0.38680994510650635,-0.022633888,0.8973122732143367
PSMB7,-0.00014960765838623047,0.685533007185345,0.5502668023109436,0.03007095,0.8638467291495603
MCM4,-0.00015056133270263672,0.903594632122751,0.7485942244529724,0.27433333,0.11075607783428741
CRTAP,-0.000152587890625,1.0766870058478957,0.8721821308135986,0.5363491,0.0008962217049006502
EIF2B1,-0.00016069412231445312,0.46655455488631276,0.3696589767932892,0.4553202,0.005988014259127832
FNBP1L,-0.0001684427261352539,0.5674789531098677,0.44954127073287964,0.008171907,0.9628395049057301
EIF4G1,-0.00017690658569335938,0.6636751503776569,0.49879732728004456,0.12198523,0.485127972938328
CBR4,-0.00017964839935302734,0.5567658400661092,0.43121492862701416,0.35505533,0.03635022129459628
TPM2,-0.0001811981201171875,1.056005657307325,0.9011619687080383,0.27141213,0.11476112830311243
PPHLN1,-0.00018703937530517578,0.5038493220383116,0.38476622104644775,0.03903181,0.8238358944190085
MTG2,-0.00018930435180664062,0.32777663311964983,0.2578733563423157,0.078193754,0.6552469667743074
TMEM123,-0.00018966197967529297,0.8977923523301626,0.7474648356437683,-0.0799132,0.6481500259102039
CISD2,-0.00019872188568115234,0.5728803594239904,0.42478832602500916,0.28557628,0.09631848685343458
HECTD3,-0.00020110607147216797,0.5820341174163848,0.465486079454422,0.16813456,0.3343098475818005
EIF3F,-0.0002295970916748047,0.6518295225773164,0.46040764451026917,0.10485635,0.5488622071064059
CENPB,-0.0002384185791015625,0.5660610594064064,0.4752354323863983,0.15076034,0.38732731187232816
LGALS3BP,-0.00024521350860595703,1.3960747818386738,1.1275086402893066,0.6376119,3.7938672837659674e-05
F3,-0.00024580955505371094,0.926013418452631,0.7111153602600098,-0.084789686,0.6281883459811867
PDCD6,-0.0002465248107910156,0.7946060640564085,0.6382225155830383,0.1421909,0.41517840087019997
RP2,-0.0002474784851074219,0.6077180735143491,0.4941504895687103,0.3371934,0.04760742706816105
NDC1,-0.0002491474151611328,0.42474584062256254,0.3330674171447754,0.21544023,0.21389314270450033
NDUFB3,-0.0002874135971069336,0.5549450128826308,0.4679001271724701,0.16889384,0.33209998318831674
PRKAR1A,-0.00029754638671875,0.7395538180913649,0.5273300409317017,-0.115366556,0.5092925452073809
POLR2I,-0.00029921531677246094,0.40395119304487886,0.319845050573349,0.47368544,0.00404927392306997
FOXK1,-0.00030875205993652344,0.35453928484833747,0.28813543915748596,-0.056140862,0.7487222936913808
UROD,-0.00031304359436035156,0.8322835548651704,0.6473862528800964,-0.13307336,0.446012456574085
PRKAR2B,-0.00032711029052734375,0.8394980495355246,0.6724594235420227,0.2576377,0.13512184598842042
ATP13A1,-0.00034499168395996094,0.5062538876796315,0.4074499309062958,0.013472289,0.9387730487867245
AACS,-0.0003579854965209961,0.475794799185819,0.38253435492515564,0.22431785,0.19515869120651702
FLVCR1,-0.0003647804260253906,0.6245627065547715,0.46274861693382263,-0.05152295,0.768804349340066
CLPB,-0.00036835670471191406,0.38448831082100465,0.30602991580963135,0.48067117,0.0034697471295843034
LARS2,-0.00037860870361328125,0.508178813566866,0.4199654757976532,-0.12976721,0.4574926314400064
PTPRC,-0.00037860870361328125,0.6431594816033744,0.5538446307182312,-0.016306221,0.9259265054392102
CAVIN1,-0.0003795623779296875,1.8845497442548889,1.588484764099121,-0.3778097,0.025244384684656892
GOT1,-0.0003815889358520508,0.877804383362251,0.6870238780975342,-0.12105568,0.48848532578842746
OSBPL8,-0.0003961324691772461,0.47674788324439266,0.380170077085495,-0.06142229,0.7259531536577462
TIMM8A,-0.0003992319107055664,0.6900916020431157,0.5099678635597229,0.25812382,0.13436078617798308
COASY,-0.0004144906997680664,0.4892704518526293,0.3912379741668701,0.14015344,0.4219625797163391
ESS2,-0.00043332576751708984,0.5785863427438243,0.44710618257522583,-0.085880436,0.6237579856922536
FKBP9,-0.00043570995330810547,0.8486832405094127,0.6701839566230774,0.44907773,0.006807427875690188
CCDC71L,-0.0004544258117675781,0.7396002395918331,0.6232107877731323,0.44117016,0.00798173949466276
MRPL15,-0.00046825408935546875,0.41484271622293695,0.33577752113342285,0.58611834,0.00021585714672068675
NOC3L,-0.0004687309265136719,0.5801716225023479,0.4824464023113251,0.45406833,0.006145187835183192
TBCE,-0.0004690885543823242,0.6356486121249015,0.4634316563606262,0.20417674,0.23939457256721094
INPP5D,-0.00047218799591064453,0.4222292648879731,0.35232365131378174,-0.0053525902,0.9756550294515112
PSME1,-0.00048291683197021484,0.839660908512585,0.6964432597160339,-0.100897774,0.5641314155470187
THBS1,-0.0004941225051879883,0.9761090561039333,0.7620623111724854,-0.015860932,0.9279437867843371
DHFR,-0.0004955530166625977,0.5669439460186925,0.47170302271842957,-0.10151272,0.5617469275358633
GAPVD1,-0.0005030632019042969,0.638060297361823,0.49277830123901367,-0.2315785,0.1807138128281956
NUP93,-0.0005037784576416016,0.33527955230217654,0.2378568947315216,0.056834675,0.7457188024870686
SPIN1,-0.0005058050155639648,0.6682146969242233,0.5264042615890503,-0.0796664,0.6491667309410891
TLN1,-0.0005161762237548828,1.0099926219330777,0.7060092091560364,-0.03786357,0.8290296883383474
ANXA2,-0.0005178451538085938,2.4824059318552747,2.2131054401397705,0.32533625,0.05651285174854749
S100A16,-0.0005203485488891602,1.7074315629595676,1.3312063217163086,0.68842584,4.851567368149831e-06
CDH1,-0.000525355339050293,1.0951736449249256,0.8892806172370911,0.7791913,3.507389068015798e-08
GOPC,-0.0005320310592651367,0.5897008962883493,0.4599529206752777,-0.06852174,0.6957100044786556
RBM28,-0.0005326271057128906,0.4452010902109533,0.3218226432800293,-0.102913186,0.5563333686539919
YWHAH,-0.0005338191986083984,0.8864801564800798,0.7110738754272461,-0.020585932,0.9065612580751587
MVD,-0.0005462169647216797,0.670766114980086,0.47931304574012756,0.10717467,0.5400114234315148
EGFR,-0.0005469322204589844,1.5178987417210703,1.2883278131484985,0.37130666,0.028085943695792377
BCAT2,-0.0005573034286499023,0.4862819787618083,0.414040207862854,-0.070975214,0.6853620828312854
FZD6,-0.0005600452423095703,0.5849439971967326,0.4680176377296448,-0.26830488,0.11913953502947583
TRADD,-0.0005621910095214844,0.3497209637254576,0.28852593898773193,-0.023143157,0.8950144260821028
MEF2D,-0.0005723237991333008,0.7640266082384262,0.5821194052696228,0.18000777,0.30078680553028403
NAA30,-0.0005811452865600586,0.37170081426861246,0.3206910192966461,-0.07895705,0.6520926116784854
BLMH,-0.0005838871002197266,0.9699355531205069,0.7287150025367737,0.517413,0.0014573150206761705
NUDT5,-0.0005942583084106445,1.112778453054322,0.8776782751083374,-0.32123095,0.05988731839976334
MTHFD1L,-0.0005943775177001953,0.4283955137073554,0.34253671765327454,0.072267935,0.6799322453635301
NANS,-0.0005966424942016602,0.8641814634576193,0.6470383405685425,-0.071271166,0.6841174073968687
SRSF11,-0.0006021261215209961,0.6357537428220319,0.5274903178215027,0.6826017,6.268008471481745e-06
ESYT1,-0.0006235837936401367,1.0251042429321826,0.8437235951423645,0.6780285,7.633820762005052e-06
SLC44A2,-0.0006276369094848633,0.6596475029064142,0.5633149743080139,0.37958503,0.024511312882470007
CPSF1,-0.0006296634674072266,0.35986332265783766,0.2823948562145233,-0.015353393,0.9302435394446213
CDCA7L,-0.0006346702575683594,0.39488351788440357,0.33479031920433044,0.3133868,0.06677654461850148
RPF2,-0.0006374120712280273,0.43578995562940065,0.3543432652950287,0.5868935,0.00021073492212130167
MRGBP,-0.0006388425827026367,0.3990857143416038,0.31614816188812256,0.078250885,0.6550107896343691
BOLA1,-0.0006465911865234375,0.4900418241566715,0.4052424132823944,0.0027516,0.9874837573950552
MAD1L1,-0.0006548166275024414,0.36032546861242654,0.29075661301612854,-0.1566635,0.3687905421218186
CXXC1,-0.0006589889526367188,0.43320834584095635,0.3470102548599243,-0.075514935,0.6663637058566372
GYS1,-0.000667572021484375,0.6857797819353488,0.5239183902740479,-0.18554424,0.2859132845254036
MIA2,-0.0006701946258544922,0.7047847866730251,0.5983127355575562,0.60771626,0.00010798818662554446
COIL,-0.0006747245788574219,0.39420535536185786,0.31379884481430054,-0.002788268,0.9873167573488435
SRSF4,-0.000690460205078125,0.6258013356541698,0.4970354437828064,-0.14399292,0.4092301089987311
TPP2,-0.0006986856460571289,0.9085627674386583,0.7185093760490417,0.014391258,0.9346052340423828
MRPS7,-0.0007069110870361328,0.4748757011506803,0.3845416009426117,-0.07273101,0.6779907655577904
ADSS2,-0.000713348388671875,0.9853031384730823,0.739361047744751,0.20177467,0.2450868194885471
GALNT3,-0.0007183551788330078,0.4947882317540919,0.38392889499664307,0.4555802,0.005955809875464553
RCC1,-0.0007244348526000977,0.5922139023503965,0.4800291955471039,0.16508389,0.34328005171145376
TXNDC15,-0.0007283687591552734,0.5781129887338351,0.4807634651660919,-0.17348473,0.3189301938785763
BMS1,-0.0007317066192626953,0.41935846546284394,0.35067763924598694,-0.1783505,0.30533315360802693
ALDH1B1,-0.0007377862930297852,0.6509966847456913,0.5515044331550598,-0.04706151,0.7883474361671964
AGRN,-0.0007382631301879883,0.9162140003121437,0.7703379988670349,-0.2804892,0.10266199175801147
COL5A2,-0.0007455348968505859,0.6545285626044599,0.5457854270935059,0.49908087,0.0022735792693405607
ABHD14B,-0.0007463693618774414,0.6380540151466298,0.49435555934906006,-0.044603743,0.7991693848376165
SARNP,-0.0007494688034057617,0.7836513616010337,0.6548990607261658,0.6373937,3.824466731062345e-05
SDF4,-0.0007573366165161133,0.6661662269872698,0.5058481693267822,-0.056484062,0.7472360885404115
TMEM109,-0.0007588863372802734,0.9873707010629779,0.8379861116409302,0.25087962,0.146033148598728
FLOT1,-0.0007661581039428711,0.6534269556611377,0.5080618858337402,0.38164422,0.02368310531556322
ANP32E,-0.0007768869400024414,1.0897685472800773,0.9010266661643982,0.59348714,0.00017137479298714322
NEU1,-0.0007780790328979492,0.8089244369045089,0.6667049527168274,0.54215944,0.0007675852478307659
TOR1A,-0.0007822513580322266,0.7724052630976617,0.617572009563446,-0.50971305,0.0017619220877829942
SNCA,-0.0007839202880859375,0.844033688078551,0.714284360408783,-0.07949458,0.6498748635051199
PLEKHO2,-0.0008019208908081055,0.6723691985757112,0.5189985036849976,-0.13535069,0.4381965328088672
EPS8L1,-0.0008040666580200195,0.5832347332411179,0.46277952194213867,0.28884667,0.09240123730084883
IMP4,-0.0008041858673095703,0.44929808869692944,0.3683253824710846,0.16096982,0.35560663275694476
STAT2,-0.0008041858673095703,0.48559264982327066,0.4262695908546448,-0.086984776,0.6192856129895584
PSMD4,-0.0008108615875244141,0.6286891064819113,0.4196198582649231,0.39050084,0.02038032952953673
P4HA2,-0.0008145570755004883,1.4059115532394726,1.13856840133667,-0.32315356,0.0582876815199811
KIF14,-0.0008159875869750977,0.5649275848095899,0.44259482622146606,-0.07023011,0.6884986767714653
COPG1,-0.0008223056793212891,0.681274534361131,0.5384888052940369,0.06342437,0.7173810440085872
EHMT1,-0.0008444786071777344,0.43511150821808486,0.3562796115875244,0.074051164,0.6724678891736466
NPM3,-0.0008493661880493164,0.9133390514398976,0.7613943815231323,-0.0459819,0.7930965935475569
PKP3,-0.0008554458618164062,0.9867703192517688,0.8361841440200806,0.63308233,4.4768402592431617e-05
MPST,-0.0008658170700073242,0.6515255210866476,0.44706183671951294,0.26098233,0.12994968357151582
CSRP2,-0.0008721351623535156,0.8298687120955853,0.6816431283950806,-0.26558512,0.12307310076162427
UFSP2,-0.0008779764175415039,0.3980985209284474,0.29840922355651855,0.21576685,0.21318267315518014
NFATC2IP,-0.0008910894393920898,0.5463439542860228,0.41406556963920593,0.31047866,0.06948322948945113
HMGN1,-0.000895380973815918,0.5333414142960046,0.4611111283302307,0.008985242,0.9591438014548727
WASF2,-0.000897526741027832,0.5654739599733651,0.4131968319416046,0.24993837,0.14760246379849304
DLG1,-0.000897526741027832,0.4362405974350383,0.3753177225589752,-0.11244869,0.5201332978071492
MRPL54,-0.0009001493453979492,0.4195989387221502,0.34030139446258545,0.2613793,0.12934566173831163
CCT7,-0.0009042024612426758,0.8605192023289802,0.6505193710327148,-0.19770195,0.25494367710369753
FDPS,-0.0009096860885620117,0.9425538851565172,0.7407172322273254,0.41413283,0.013389302127746756
GOLIM4,-0.0009140968322753906,0.5940469451023701,0.4897826015949249,-0.18583089,0.2851565340641734
HSPG2,-0.0009225606918334961,0.5376638151754612,0.42077091336250305,0.43598515,0.008842205497845082
NKRF,-0.0009235143661499023,0.37324023603071904,0.2942945659160614,-0.008287352,0.9623151359728166
LPCAT2,-0.0009253025054931641,0.7084762391687351,0.5819709897041321,-0.13048634,0.4549819640470404
TMOD3,-0.0009428262710571289,0.7631197833758486,0.6803815364837646,0.767906,7.28372414071532e-08
TMED8,-0.000957489013671875,0.48727256347941894,0.3756431043148041,0.018127868,0.9176775270882014
RABEP1,-0.0009588003158569336,0.4215941377253012,0.31935834884643555,0.15376423,0.3778278620625362
DR1,-0.0009598731994628906,0.5155853776446792,0.4217028319835663,0.094205126,0.5903809040002315
ARPC5L,-0.0009679794311523438,0.48866042101614937,0.4107833206653595,0.30683845,0.07299147464216589
USP36,-0.000980377197265625,0.44339301700083267,0.3516160249710083,0.2720419,0.11388863135507649
GPRIN1,-0.000987410545349121,0.8076707298676727,0.654373288154602,-0.32623455,0.055794948156738355
GRB7,-0.0009891986846923828,0.7875078579344089,0.5718436241149902,-0.264606,0.1245127706928032
TBL1XR1,-0.0009953975677490234,0.5261076958136036,0.4311586022377014,0.4341348,0.009167797039602214
FAM8A1,-0.001000046730041504,0.43180317644463373,0.3198074400424957,0.27551848,0.10916169531060702
JUP,-0.0010061264038085938,1.772066031355907,1.4653517007827759,0.65645254,1.8504970941987337e-05
FKBP7,-0.0010099411010742188,0.6515811871746447,0.5238870978355408,-0.27585262,0.10871512195307088
IDH3G,-0.0010194778442382812,0.6529001387318016,0.5042497515678406,0.5282465,0.0011072842697281147
GNAI2,-0.0010243654251098633,1.2492695104462166,1.0087045431137085,0.5875104,0.00020673749225286097
ACP2,-0.0010269880294799805,0.7019218323217197,0.5119442939758301,0.09628044,0.5821840422652826
DAXX,-0.0010323524475097656,0.5522712681544474,0.4340806007385254,-0.22881332,0.18612295236132195
GNPDA1,-0.0010361671447753906,0.6258870981828779,0.44008567929267883,-0.15260403,0.3814806339205729
HSD17B8,-0.0010591745376586914,0.9674032448286553,0.7902823090553284,-0.21574861,0.21322256151601016
SHMT1,-0.0010770559310913086,0.5657877998636623,0.4490525722503662,0.017452396,0.9207355425699129
EIPR1,-0.001080155372619629,0.455869077368406,0.3164532780647278,0.067157365,0.7014880486414383
GTF2E1,-0.0010805130004882812,0.2812693774647594,0.21742869913578033,0.0732425,0.6758487602454395
RAC2,-0.001082301139831543,0.8304069316604108,0.6740639805793762,0.053319626,0.7609730434025312
MYO1C,-0.0010854005813598633,1.2743081702893577,1.089807152748108,0.7616292,1.0748075959833953e-07
MICAL2,-0.0010895729064941406,0.4284839420203045,0.3652218282222748,-0.14684068,0.3999288613015121
NEO1,-0.00109100341796875,0.5212668776123899,0.3273843228816986,0.27192497,0.11405026754837284
PML,-0.001094222068786621,1.2426652769233097,1.083226203918457,-0.41990206,0.012030616519263355
RANBP1,-0.0011022090911865234,1.3071202878842467,1.1133613586425781,0.71454895,1.4252650730666704e-06
PALLD,-0.001104116439819336,0.5191067560426843,0.4133388102054596,0.09393437,0.591453907292122
GLTP,-0.0011053085327148438,0.618155071078652,0.4811202883720398,-0.28179988,0.10099808235493792
SMAP2,-0.0011148452758789062,0.5498998637508453,0.4220644235610962,0.45301223,0.006280512972459097
RRM1,-0.0011168718338012695,0.8710537546324681,0.6617423892021179,0.37807205,0.025134962566197187
ADRM1,-0.0011188983917236328,0.5647958948907446,0.39983728528022766,-0.1994664,0.2506414014805427
MME,-0.0011196136474609375,1.2069691268588056,1.0182005167007446,-0.64484894,2.8960234200605697e-05
MPHOSPH10,-0.0011256933212280273,0.4731475546536529,0.3725813329219818,-0.18730545,0.2812830467702713
CCS,-0.0011428594589233398,0.49652914030011136,0.3798295557498932,-0.10769418,0.5380373829348772
SLC25A12,-0.0011457204818725586,0.5169068211604849,0.41899868845939636,-0.35882595,0.03427563737208901
RBBP7,-0.0011695623397827148,0.6159784328769279,0.5043509602546692,-0.34653428,0.04141547117780237
MAPRE3,-0.0011764764785766602,0.7182412212670511,0.5669863820075989,-0.34184504,0.04443716111454392
NUBP2,-0.0011779069900512695,0.5390401642083461,0.41087865829467773,0.5605831,0.00046081681935284703
KIFC3,-0.001187443733215332,0.4760910109468397,0.3847008943557739,0.12728176,0.4662258972136099
MCTS1,-0.001188039779663086,0.6361360047974451,0.4762985110282898,0.44353926,0.007613041109742953
PYCR1,-0.0011905431747436523,0.7357912408260199,0.5962653160095215,-0.15461922,0.37514942836469317
RAE1,-0.001195669174194336,0.43021732956698977,0.33577775955200195,-0.34833634,0.04029930834467175
EDEM3,-0.0012015104293823242,0.4360730367270243,0.34201452136039734,0.03966085,0.8210427547149254
RPA3,-0.0012024641036987305,0.8520899198008618,0.7182223200798035,0.60604537,0.00011413689914015509
MTIF2,-0.0012035369873046875,0.556987560640114,0.45220139622688293,0.54365486,0.0007372433263386217
DTNBP1,-0.0012091398239135742,0.5670517761686342,0.43401068449020386,-0.18104933,0.29795189236943653
REXO4,-0.0012146234512329102,0.4292602842806335,0.3573513627052307,-0.123225,0.48066840066185906
EDC3,-0.0012160539627075195,0.4849289525976554,0.3762008249759674,0.40006313,0.017253748801890106
CWC22,-0.0012271404266357422,0.42452755361667,0.3092586100101471,-0.049419917,0.7780002317871323
PDE4DIP,-0.00122833251953125,0.4460240752261081,0.34109434485435486,-0.3579128,0.034768974912384794
KRT9,-0.0012303590774536133,0.6028957702171981,0.44754093885421753,0.27855796,0.10515136911546477
PCYOX1,-0.0012333393096923828,0.7973551705970497,0.6536087989807129,-0.10509239,0.5479579505769648
MTREX,-0.0012546777725219727,0.36390910703160756,0.311125785112381,0.03702787,0.8327497626144474
LIN7A,-0.0012729167938232422,0.45060307702056474,0.3290054202079773,-0.11155197,0.5234873916412603
STX3,-0.0012843608856201172,0.5745612958739648,0.4631905257701874,0.50784296,0.0018438213721444665
ALDH5A1,-0.0012863874435424805,0.6769419277913826,0.5843941569328308,0.4607395,0.005346828140880732
PHRF1,-0.0012865066528320312,0.4419042259543845,0.34739747643470764,-0.028229741,0.8721124563284186
TRUB2,-0.0012968778610229492,0.5118175731486233,0.34337082505226135,-0.33787215,0.0471338368479474
CD59,-0.0013023614883422852,0.9573172317151846,0.8144881129264832,0.75383973,1.7141760686369555e-07
GMPPB,-0.001306295394897461,0.5458180977488328,0.3804776072502136,0.23024675,0.18330474067244656
UBE2C,-0.0013217926025390625,0.8338343822666575,0.6819582581520081,0.0750233,0.6684115191835407
MRPL22,-0.0013276338577270508,0.4379307465629372,0.36326363682746887,-0.14265415,0.41364458893422174
AGL,-0.0013437271118164062,0.5857368379954717,0.4564778804779053,-0.10286436,0.556521430182759
LIG1,-0.0013468265533447266,0.5642136326412268,0.44629329442977905,0.5233401,0.001255379917437572
GPSM1,-0.0013524293899536133,0.4824564994711049,0.3788411617279053,-0.33530897,0.04894216752330716
NAV1,-0.0013699531555175781,0.5065004565151224,0.42319753766059875,-0.032998912,0.8507314047355885
MECR,-0.001376032829284668,0.6180365311865255,0.5153189301490784,0.7982333,9.234777098106104e-09
IMP3,-0.0013762712478637695,0.5788005541891069,0.451630562543869,0.012509365,0.9431420757930442
EXOSC2,-0.0013766288757324219,0.4641783784756224,0.3566601276397705,-0.25596175,0.13776997202747268
LEO1,-0.001377105712890625,0.3464703639830587,0.26091498136520386,0.15846413,0.3632429060649563
NOB1,-0.0013810396194458008,0.5317659677350772,0.40880364179611206,-0.14682372,0.3999837885691195
NUDT9,-0.0013822317123413086,0.42067140620811616,0.34116029739379883,0.27741808,0.10664200150402854
EIF3E,-0.0013865232467651367,0.6547715017102564,0.4945213198661804,0.04290486,0.8066711216772027
PLS1,-0.0013900995254516602,0.8969847834581831,0.7117835283279419,0.38140196,0.023779312281727808
COL1A1,-0.0013976097106933594,1.05945779932579,0.8829392194747925,-0.3193631,0.06147438036191776
SLC25A46,-0.0014067888259887695,0.4626385932188993,0.36920154094696045,-0.08364852,0.6328367458221149
BMP2K,-0.0014189481735229492,0.6650048245706722,0.5135692954063416,0.15570933,0.371750813737564
SUPT7L,-0.0014244318008422852,0.3271186587317062,0.25505003333091736,-0.12632991,0.4695938872649865
EP400,-0.0014259815216064453,0.5426808698689154,0.4373416304588318,-0.050335824,0.7739912251998773
USP39,-0.001437544822692871,0.3259697590569951,0.2395867556333542,-0.1336349,0.4440780678643175
DNPH1,-0.0014456510543823242,0.9062884092412843,0.700574517250061,-0.27471164,0.11024528437626357
PRDX5,-0.0014470815658569336,0.6715703539701926,0.4991709589958191,-0.10924766,0.5321549785161405
TTN,-0.0014494657516479492,0.3069846901765064,0.23558685183525085,0.103676364,0.5533935361447324
PBXIP1,-0.001454472541809082,1.0574808499561525,0.8149727582931519,0.5170675,0.0014699228605113354
CHD2,-0.0014696121215820312,0.41092011302528325,0.31819963455200195,0.49012664,0.0028006733278104403
CYFIP1,-0.0014700889587402344,0.39287489496412337,0.2991560399532318,-0.20031616,0.24858695833027242
FXR2,-0.001482248306274414,0.656893051799555,0.5251436233520508,-0.33381858,0.050018991845496553
DUS2,-0.001483917236328125,0.30548946281123146,0.22360146045684814,-0.17891087,0.3037910653488662
DCTN1,-0.0014914274215698242,0.6934656625867788,0.546535074710846,-0.13346258,0.4446713250754691
PABPC1L,-0.0014930963516235352,0.6228270905389132,0.4770728051662445,-0.17736004,0.30807054708242865
POLR2A,-0.0014941692352294922,0.44518703232418905,0.35522374510765076,-0.2536315,0.14151512500925145
NDUFC2,-0.0014965534210205078,0.5160899233697844,0.4331580400466919,0.5916936,0.00018136900685948064
RAB25,-0.0015026330947875977,0.5948411301880069,0.4698715806007385,0.67382145,9.124117534902275e-06
PSMD1,-0.0015137195587158203,0.5684341433920382,0.4190906286239624,-0.45304102,0.006276782627888998
TUBB2A,-0.0015149116516113281,0.9556721593224181,0.7613552212715149,-0.62893605,5.197413872669358e-05
CNOT3,-0.001518845558166504,0.6054255562418653,0.4405941665172577,0.2332645,0.17747092175981394
ATXN2L,-0.0015261173248291016,0.6960818074547336,0.5106511116027832,0.28327468,0.09915052016851518
EI24,-0.0015332698822021484,0.6171795083989258,0.4738873541355133,0.51458,0.0015635304202834583
NPEPL1,-0.0015370845794677734,0.40765345676645104,0.33145564794540405,-0.07646584,0.6624093809279084
ARHGAP35,-0.001567840576171875,0.5489154624003015,0.4347771108150482,0.32430378,0.05734695951866012
HIP1,-0.001569509506225586,0.4823450189443393,0.37826406955718994,-0.23694837,0.17052935602934546
CLTA,-0.0015712976455688477,0.429338226548268,0.3241442143917084,-0.011840011,0.9461799458379982
CPNE8,-0.0015960931777954102,0.37446617834339374,0.31036579608917236,0.16402107,0.3464394197997633
CDH13,-0.0015960931777954102,1.0429229726281957,0.8853638768196106,-0.48503026,0.0031458012645272098
DPM1,-0.001600503921508789,0.5938800619122816,0.47788000106811523,-0.28049114,0.10265955541323893
ZNRD2,-0.001606583595275879,0.685636856825062,0.5338360667228699,-0.101461984,0.5619432246748625
PDXDC1,-0.0016107559204101562,0.8543628529352784,0.6167459487915039,0.33191517,0.05142159819514154
HAUS8,-0.0016171932220458984,0.49022478497004546,0.3701467216014862,-0.23764628,0.16923635355685446
GRB2,-0.0016252994537353516,0.8494922425655137,0.6816779375076294,-0.003449209,0.9843108539093233
PEX19,-0.0016326904296875,0.5043589606210566,0.40224239230155945,0.0010466352,0.9952388750165679
SYNM,-0.0016382932662963867,1.0942390438487415,0.807296872138977,0.19076365,0.2723331814874119
GPC6,-0.0016440153121948242,0.7467298342673736,0.6123144030570984,0.21820602,0.20792856960925568
CARS2,-0.0016471147537231445,0.6159969145570618,0.500216543674469,-0.15773791,0.36547430299904404
PFKM,-0.0016540288925170898,0.6740878724056873,0.5644451975822449,-0.3268061,0.05534203879214844
BUB3,-0.0016602277755737305,0.6353740651800921,0.5211852192878723,-0.38608184,0.021976846087328264
ITIH2,-0.0016603469848632812,0.8737540229410053,0.7123432755470276,-0.04990508,0.7758760639189884
SVIP,-0.0016608238220214844,0.5371808368653533,0.4188365340232849,-0.32184595,0.059371797870171536
KIF21A,-0.0016622543334960938,0.7151196056976665,0.5217034220695496,-0.2834286,0.09895905816988808
UCHL1,-0.0016713142395019531,1.597523802697837,1.313211441040039,-0.07844334,0.6542152284862851
BAG3,-0.001686692237854004,0.6155097466261875,0.494909405708313,-0.3349733,0.04918306267087812
PGAM1,-0.0016942024230957031,0.7405533317302954,0.5357734560966492,-0.25881046,0.13329121311895284
HTATIP2,-0.0016945600509643555,0.868466267804197,0.7228866219520569,0.2733588,0.11208030795510343
SMC5,-0.0017000436782836914,0.35431111653061714,0.2830367982387543,-0.3189539,0.061826514470926755
MRPL13,-0.0017061233520507812,0.5046782383497067,0.3987334668636322,0.7365911,4.546242113956654e-07
RSRC1,-0.001712799072265625,0.5484691273842996,0.44289907813072205,-0.19144863,0.27058279461608165
CDKN2C,-0.0017284154891967773,0.627482704554962,0.5274261236190796,-0.31198826,0.0680677156884682
PRR36,-0.0017288923263549805,0.6367890254830816,0.5281837582588196,-0.34424612,0.04286848450184974
LYAR,-0.0017330646514892578,0.7661929845833793,0.6208910346031189,-0.18713027,0.2817415641683057
LRPAP1,-0.0017342567443847656,0.7780851729285019,0.6358789801597595,0.65266806,2.1460003832735427e-05
DSG2,-0.0017344951629638672,1.291877124417371,1.0856966972351074,0.4046,0.01591700661198127
ME3,-0.0017377138137817383,0.6016373525841839,0.43001416325569153,0.3895774,0.020705714265721268
LAMTOR3,-0.0017453432083129883,0.4720424576015661,0.38380178809165955,-0.11962551,0.49367441443907906
MSLN,-0.0017480850219726562,0.9480244536827234,0.6852368116378784,-0.048684653,0.7812223771076309
ARHGEF16,-0.0017534494400024414,0.4209644062360984,0.31809523701667786,0.3040353,0.0757860754210759
SPRYD4,-0.0017545223236083984,0.5865672986541035,0.4804386794567108,0.7481156,2.3897963674898374e-07
KRT73,-0.0017696619033813477,2.057037518090051,1.6746172904968262,0.62735486,5.498687460299974e-05
PLAA,-0.0017753839492797852,0.7680849920644442,0.6150382161140442,-0.41484094,0.013215879111723696
QPRT,-0.0017962455749511719,0.7460910337708246,0.6036590337753296,-0.08479456,0.628168465419305
RBM45,-0.0018159151077270508,0.4774022754809131,0.3550102710723877,-0.15331736,0.3792324123341625
AK6,-0.0018249750137329102,0.5547803881600959,0.4207089841365814,-0.07589478,0.6647827912536074
TRMT5,-0.0018284320831298828,0.5880024192186141,0.4571671187877655,-0.344466,0.04272713147245181
ANP32A,-0.0018374919891357422,1.0956108067970112,0.8934733271598816,-0.2879737,0.09343487095237198
NUP153,-0.001845240592956543,0.40344930807336316,0.3310299813747406,-0.082839474,0.6361410945473124
MYH9,-0.0018500089645385742,0.98652347858484,0.8237951993942261,0.49155882,0.0027098251007878003
AKR1A1,-0.0018514394760131836,1.4178463381217976,1.1818530559539795,-0.5315408,0.001016699961388476
PNO1,-0.0018527507781982422,0.3818613419533042,0.3198912441730499,-0.025937453,0.882421818276026
NUDCD3,-0.001865983009338379,0.5110533953239739,0.4043304920196533,0.19685219,0.25703283116652503
ZGPAT,-0.0018687248229980469,0.4058741334612789,0.3122129440307617,-0.027381523,0.8759247424909349
FAM83H,-0.0018830299377441406,1.0635305343677979,0.8831112384796143,0.690716,4.379630365258614e-06
PCNP,-0.001885056495666504,1.0064856496167849,0.8469940423965454,-0.20324758,0.2415859697393073
RRS1,-0.0018935203552246094,0.6418618845505082,0.5334654450416565,-0.034383416,0.8445433663157169
RBMXL1,-0.0018957853317260742,0.603501649960188,0.46337634325027466,-0.14663191,0.40060647079855183
SEPTIN5,-0.001896500587463379,0.49429113937916186,0.41830357909202576,0.5269152,0.0011458630265541653
PDLIM5,-0.001904129981994629,1.1593424193541897,0.9507529139518738,-0.3586104,0.03439156315878797
GPC4,-0.0019161701202392578,0.6115585477893276,0.47095489501953125,-0.25515565,0.13905715098746832
ADIRF,-0.0019167661666870117,0.7857144776876637,0.6167632341384888,0.058266338,0.7395330721180327
PHLDA1,-0.0019241571426391602,0.5919012349083778,0.45169177651405334,0.061670672,0.7248881297246961
P4HA1,-0.0019271373748779297,1.0756550567346377,0.8726043701171875,-0.38698748,0.021641468653642405
SEC61B,-0.001936793327331543,0.5854456299328988,0.4768855571746826,0.5188273,0.001406702334550642
RFTN1,-0.001936793327331543,0.6533457661276166,0.529276967048645,-0.41046736,0.014317968209469626
MRPL30,-0.0019468069076538086,0.43438487007399024,0.3477210998535156,-0.33017802,0.05272889173617802
LEMD3,-0.001955389976501465,0.6862005394168269,0.5156408548355103,0.6990561,2.9932457328432157e-06
SORT1,-0.001956939697265625,0.5059676183414956,0.36114194989204407,0.00691517,0.9685510890436596
FAF1,-0.0019600391387939453,0.8149027143816341,0.6936273574829102,0.43438193,0.009123729118428498
CMSS1,-0.001980423927307129,0.6435523025862131,0.5022547245025635,-0.37577638,0.026106161877694836
PRKACA,-0.001984119415283203,0.5714891914587117,0.4834887385368347,0.13518831,0.43875126155401983
MPZL1,-0.0019856691360473633,0.5491425777481447,0.43570566177368164,0.35960436,0.03385959372571047
PSMB3,-0.002001523971557617,0.5746526570878634,0.4225374162197113,-0.35497057,0.036398001823692544
JPH1,-0.002007722854614258,0.6977080749878776,0.5842730402946472,-0.20588298,0.23540568111241875
EHMT2,-0.002010822296142578,0.5001278356210972,0.39339977502822876,0.3709894,0.028231011304981145
RAB11B,-0.00201261043548584,0.47611373346127844,0.3857842981815338,0.4752879,0.003909419564655018
ARID3A,-0.0020180940628051758,0.4726737783665496,0.4069318473339081,0.50354946,0.002044584736020754
NTMT1,-0.0020242929458618164,0.7433079343427985,0.5479440689086914,-0.33684754,0.04785017595796888
CST3,-0.0020318031311035156,0.796318682787984,0.5662081837654114,0.42013887,0.011977447368571037
UTP14A,-0.002035379409790039,0.5620202561831183,0.4418518543243408,-0.17736876,0.30804642717928776
MCM2,-0.00203549861907959,1.0084061759195198,0.8229377865791321,-0.44981268,0.006706225761163589
SIRT3,-0.0020482540130615234,0.5271884548266798,0.3983891010284424,-0.2002982,0.24863036297977203
MYEF2,-0.0020520687103271484,0.9654409745544589,0.8380002975463867,-0.48118672,0.0034299821238449758
DNAJC2,-0.0020585060119628906,0.5932964801415803,0.45845985412597656,-0.27959108,0.1038140856236619
UBE2N,-0.0020629167556762695,0.9589583010731875,0.7816194891929626,-0.5506736,0.0006085643108635798
S100A6,-0.0020940303802490234,1.5198583569535078,1.2547366619110107,0.6768732,8.019273615508967e-06
PDS5B,-0.0020962953567504883,0.7908564654693097,0.6279597878456116,-0.55190384,0.0005881875315501898
LMNA,-0.002115607261657715,2.401637623293865,2.1425769329071045,0.25069997,0.14633171773401274
PVR,-0.0021189451217651367,0.8657419339188959,0.7335451245307922,0.5861586,0.00021558899017630988
PARVA,-0.002121448516845703,0.6237695741735546,0.4566573202610016,0.20460159,0.238397377551097
PPIL2,-0.0021442174911499023,0.5492235164516898,0.4099334180355072,-0.39067566,0.020319187020056462
DDX20,-0.0021448135375976562,0.4497696525389427,0.3514578342437744,0.2070686,0.23266067175908547
CHD3,-0.0021486282348632812,0.6344768395446712,0.5245402455329895,0.10906693,0.5328376728104047
CBX8,-0.002154231071472168,0.6639488122897984,0.519635021686554,-0.4828601,0.003303634171207795
DARS2,-0.002169966697692871,0.5623177127051687,0.45052653551101685,-0.019395597,0.911942396158871
PTPN11,-0.0021746158599853516,0.6719024120327827,0.4872044622898102,-0.41902068,0.012230325499821528
UBAC1,-0.0021753311157226562,0.35537882076038363,0.27542194724082947,-0.30108315,0.07881850645741587
TM9SF3,-0.002177119255065918,0.7490149625574773,0.6239197254180908,0.84822047,1.2520516532459236e-10
WIPF1,-0.0021800994873046875,0.8077996819252092,0.6283090710639954,0.37693056,0.025614068705087437
SIL1,-0.002183675765991211,0.5988199461137657,0.500464916229248,0.7745009,4.776215942617701e-08
CHAMP1,-0.0021867752075195312,0.5940549468915313,0.4541931748390198,-0.34392133,0.04307806097340501
DIABLO,-0.00218808650970459,0.5192307198149503,0.3721993565559387,-0.06808148,0.6975726051836141
CTSH,-0.0021933317184448242,0.7147378895238294,0.5856603980064392,-0.07079479,0.6861209175487624
SH3GLB2,-0.00219571590423584,0.9342694570583914,0.742371678352356,-0.5442097,0.0007262598767350761
CRIP2,-0.0022203922271728516,1.1610558101701374,0.9510780572891235,-0.36815205,0.029556184560540884
RNF169,-0.002220749855041504,0.45810940719859916,0.35711702704429626,-0.27042904,0.11613314595933519
SUDS3,-0.0022214651107788086,0.587766412432006,0.47321832180023193,-0.30646846,0.0733556883156794
NAPRT,-0.002226591110229492,0.9796573275310995,0.7442820072174072,0.22846007,0.18682203311344614
ZNF428,-0.002228379249572754,1.297757365623799,1.0675033330917358,0.3227118,0.058652128936168425
PPIC,-0.0022302865982055664,1.3933184396063356,1.1343225240707397,-0.625376,5.8978963106510494e-05
DGLUCY,-0.0022437572479248047,0.47748328197132817,0.36405429244041443,-0.04745689,0.7866105128270255
SYAP1,-0.0022509098052978516,0.46901031259736453,0.3704867660999298,0.07865236,0.6533510841489288
NXN,-0.0022543668746948242,0.5483828601626004,0.45751360058784485,-0.13004601,0.45651836388371003
PLPP6,-0.002254962921142578,0.6284755155806079,0.5192839503288269,-0.24706264,0.15247295988223344
TUBB2B,-0.0022660493850708008,1.770986535420167,1.4281888008117676,-0.72098225,1.0324697569572777e-06
PHLDB1,-0.002276182174682617,0.4611464527896604,0.3581336438655853,-0.21473381,0.21543529411925016
PSMF1,-0.002279520034790039,0.941445409189853,0.7363927364349365,-0.06580654,0.7072253115014168
ITPRID2,-0.0023086071014404297,0.7551893078391609,0.6719241738319397,-0.3137859,0.06641162811101561
IFIT5,-0.0023201704025268555,0.6130154027403908,0.4688051640987396,-0.43420875,0.009154598111788616
HIBADH,-0.0023206472396850586,1.0424709775255876,0.8643841743469238,-0.025871782,0.8827175176473152
CFDP1,-0.0023255348205566406,1.0335951640032195,0.8115551471710205,-0.54798424,0.0006553028374758961
XAB2,-0.002327442169189453,0.5374768751182231,0.44794970750808716,-0.41557547,0.013037979136454972
CDK1,-0.0023299455642700195,0.9084758062064691,0.7668501138687134,-0.27882975,0.10479827664848045
NME1,-0.00233304500579834,1.1432223077219263,0.8865441679954529,-0.5392361,0.0008301045042102013
KLC1,-0.002335786819458008,0.9404864427784912,0.7681081891059875,-0.20413595,0.23949071752832285
NDUFS7,-0.0023385286331176758,0.4411713979700589,0.3518034815788269,0.15838122,0.3634974269111626
COL18A1,-0.0023421049118041992,0.8003121095036005,0.6464295983314514,0.03694026,0.8331399659702051
KANK2,-0.00235140323638916,1.060100763677864,0.8677142858505249,0.41449213,0.013301067913011885
ATG9A,-0.002355217933654785,0.5021609755456378,0.39105162024497986,0.15703484,0.3676423973546037
OXR1,-0.0023676156997680664,0.7046323725078001,0.5188294053077698,-0.4124844,0.013800461431530096
HDDC2,-0.002383589744567871,0.7593809198219414,0.577177882194519,-0.3386204,0.046616142578976824
MAPK3,-0.0023888349533081055,0.6608687173390705,0.47353461384773254,0.07255385,0.6787331353716449
OGFOD1,-0.0023910999298095703,0.31243058864292517,0.2652362287044525,-0.25927892,0.13256525156655785
MAPT,-0.0024040937423706055,0.53527460390582,0.4538334310054779,-0.355508,0.03609591789123738
PSMD6,-0.0024040937423706055,0.4620325206781691,0.3239913284778595,0.27208695,0.11382639544631279
RFC1,-0.0024116039276123047,0.3920633727528706,0.3168013095855713,-0.23574245,0.1727799500743271
ARL1,-0.0024143457412719727,0.6410722566888442,0.5267270803451538,0.47753832,0.0037200766189313932
TMED4,-0.002420663833618164,0.6184402258737254,0.48413243889808655,0.3743672,0.02671750732984917
CLINT1,-0.0024209022521972656,0.5130174188129119,0.4212833046913147,0.34646162,0.041460954365972885
MBOAT7,-0.002424001693725586,1.1741402158787868,0.9634925723075867,-0.5126564,0.0016394652944842927
L1CAM,-0.00243222713470459,1.5055064221881473,1.2392776012420654,-0.56293046,0.00043088490819995575
MRPL4,-0.0024428367614746094,0.42649976667283757,0.347092866897583,0.3448393,0.042487907197354666
SBDS,-0.002444148063659668,0.5586105824315264,0.38369056582450867,-0.2822249,0.10046300158716541
GSTK1,-0.0024508237838745117,1.3336161919411191,1.1499724388122559,-0.74261504,3.2620054233280444e-07
SARG,-0.002459406852722168,0.7795532875516782,0.6054179072380066,0.5505991,0.0006098182314016724
PDLIM4,-0.0024605989456176758,0.8245702418913222,0.7057488560676575,-0.33197665,0.051375785098635655
CD109,-0.0024656057357788086,0.7400252316013808,0.6036145687103271,-0.24630953,0.15376763399612198
MRPS31,-0.002484440803527832,0.46548004838408413,0.37546518445014954,0.62436134,6.112576096994989e-05
FIS1,-0.002516031265258789,0.703068773352725,0.5523016452789307,-0.41570038,0.013007924683079822
NCS1,-0.0025249719619750977,0.4493213868025772,0.3710342347621918,0.015754513,0.9284261638631981
DPYSL4,-0.0025254487991333008,0.9150515039467358,0.7382163405418396,-0.612012,9.35242300274008e-05
TALDO1,-0.0025544166564941406,0.9482750931126817,0.7151007056236267,-0.10159569,0.5614255303999014
PTGES3,-0.002581357955932617,1.0346210751746538,0.8094127178192139,-0.43796134,0.00850536810783844
TMEM30A,-0.002585291862487793,0.4574343379120272,0.34226149320602417,0.09352833,0.593065249077199
FAHD1,-0.0025930404663085938,0.7105174657807751,0.5686019659042358,0.33845696,0.04672882424559999
AHDC1,-0.002594470977783203,0.5441013297346763,0.40013387799263,-0.28564087,0.09624003338813222
MPP1,-0.002594590187072754,0.5939796154348815,0.4589511454105377,0.12896535,0.460300416490779
STMN1,-0.0026018619537353516,2.1336701733183365,1.7814610004425049,-0.8190744,1.804904919622268e-09
PSME3,-0.002609729766845703,0.8084421798989375,0.6613832712173462,0.41663802,0.012784231688825103
CEP290,-0.0026445388793945312,1.1350341584195225,0.9777566194534302,0.53320074,0.000973585878623924
CLGN,-0.00264585018157959,0.6053005846354436,0.4961341917514801,0.07639228,0.66271491919518
INTS3,-0.002647876739501953,0.37444172469958414,0.3140283524990082,-0.030605227,0.8614507079602709
HPSE,-0.0026540756225585938,0.8377218009690249,0.6275343894958496,0.0521887,0.7658995595529168
CRK,-0.00265657901763916,0.7679823958619437,0.5727418065071106,-0.35981107,0.03374981047274776
CHMP1B,-0.0026586055755615234,0.6217276499250948,0.48162558674812317,-0.099250406,0.5705425922425688
MCCC2,-0.0026613473892211914,0.8299985600654337,0.7007954120635986,0.5448291,0.0007141686532861712
YY1,-0.0026738643646240234,0.5828964408172278,0.43251022696495056,-0.30938783,0.07052042778030763
PPP1R14B,-0.002682805061340332,0.9936893240680792,0.8118506073951721,-0.47501212,0.003933192775916509
NUMBL,-0.002682805061340332,0.4329651580573446,0.35755598545074463,-0.05971963,0.7332694788550933
HDAC7,-0.0026911497116088867,0.37138261093126795,0.30206719040870667,0.052078225,0.7663814813973686
AURKB,-0.0026966333389282227,0.39491095070298815,0.3357042372226715,-0.11374685,0.5152961962756126
SQOR,-0.0026988983154296875,2.1879629462694394,1.933751106262207,0.7836084,2.604393692536654e-08
ALDOC,-0.002699136734008789,0.7122951162797158,0.5304645299911499,-0.20631129,0.2344117104587882
RNF2,-0.002704143524169922,0.7748008041342214,0.5953786373138428,-0.083301805,0.6342521835273852
SLC38A10,-0.002708911895751953,0.5899847758882877,0.4547611176967621,-0.56563044,0.0003986053469231561
REXO2,-0.0027315616607666016,0.5812009483067127,0.4425826072692871,0.16504268,0.34340232774506757
SPTLC2,-0.002740025520324707,0.41233503120690074,0.3329264521598816,0.079119705,0.6514214186227789
FKBP3,-0.0027490854263305664,1.103648327975704,0.8520210385322571,-0.57452834,0.00030690934717534046
PTK7,-0.0027501583099365234,0.8297620104075372,0.6771479249000549,-0.0908048,0.6039194499858784
GOLT1B,-0.002765178680419922,0.7104277407621132,0.5568162798881531,0.6852069,5.593431299260842e-06
ENO2,-0.0027807950973510742,1.9420122701294589,1.6793841123580933,-0.732536,5.656432609787313e-07
LMF2,-0.0027816295623779297,0.5418231597443192,0.44186243414878845,0.4313174,0.00968317041112672
APOOL,-0.002787470817565918,0.49165292501104185,0.3867966830730438,0.41194612,0.01393702042650648
PALM,-0.0027954578399658203,0.508708661951686,0.4253539443016052,-0.44428796,0.007499581214329271
PATJ,-0.002795696258544922,0.36293883234445934,0.312323659658432,0.39950883,0.017423327703173234
CHMP7,-0.002796649932861328,0.2963662054011176,0.24378575384616852,-0.34839112,0.04026580245085393
HDAC1,-0.002813100814819336,0.3338906452208047,0.26871752738952637,0.12796524,0.4638156892810187
POLRMT,-0.002814769744873047,0.35107923777339095,0.2792935073375702,0.37132916,0.028075663475572693
SH3BGRL3,-0.002844691276550293,0.77671205550359,0.5765775442123413,-0.29655993,0.08364611794683781
MRPS23,-0.0028467178344726562,0.5549153947780775,0.45732247829437256,0.46462584,0.004924229786625086
RPL17,-0.0028530359268188477,0.46756414776580424,0.38677966594696045,-0.2026108,0.24309522655380159
COG6,-0.0028537511825561523,0.4502235122421384,0.3623853027820587,0.078524746,0.6538786818001777
CSTF2,-0.0028668642044067383,0.4314651995833499,0.3365473747253418,0.410697,0.014258249611947328
SENP3,-0.0028678178787231445,0.5008942534590207,0.4201226830482483,-0.23543897,0.17334970116536613
CKAP2,-0.002869248390197754,0.6058700708149815,0.4430554509162903,-0.53633744,0.0008964984366630988
RPA2,-0.00287020206451416,0.8719385951102768,0.7268133163452148,-0.315721,0.06466446058192932
CAP1,-0.0028737783432006836,1.0438759961859494,0.7971627116203308,-0.49803266,0.0023304296677655557
RAI1,-0.0028765201568603516,0.34479273520282,0.27383843064308167,7.402152e-05,0.9996632488307721
ANXA6,-0.0028781890869140625,1.368555528943454,1.1078375577926636,-0.82503134,1.0891342939035522e-09
SCIN,-0.0028952360153198242,1.0002624048228006,0.8071327209472656,0.01586701,0.9279162385741656
DBI,-0.0029162168502807617,1.056122488868808,0.8504940271377563,0.46336904,0.005057628310982994
SLC9A3R1,-0.002922654151916504,0.97550333186939,0.772548496723175,-0.17260295,0.32143412590402837
THOC1,-0.002924680709838867,0.3387036767303891,0.25627824664115906,-0.35869092,0.03434818189788575
PTPMT1,-0.002927541732788086,0.7091366943169749,0.5956200361251831,-0.4397033,0.008217605824046386
CLUH,-0.002935647964477539,0.8395971246601064,0.6850481033325195,-0.22890703,0.18593781587187813
AASDHPPT,-0.002940058708190918,1.2316264201614553,0.9908924698829651,-0.6855341,5.513552335845631e-06
MAT2A,-0.002942323684692383,0.8136882529439474,0.620996356010437,-0.384694,0.022499150838243637
CLPP,-0.0029431581497192383,0.3522035053207627,0.2884228527545929,0.10963352,0.5306986887111903
RELA,-0.0029439926147460938,0.6446679866128655,0.4662694036960602,-0.153735,0.37791955702890445
YME1L1,-0.0029516220092773438,0.4707151071123481,0.372741162776947,0.17639674,0.3107479532960961
NDUFV1,-0.0029518604278564453,0.5471587398689618,0.41635388135910034,0.15745921,0.36633283525405314
FDX2,-0.0029532909393310547,0.5336497186711314,0.4349759817123413,0.22925352,0.18525422153999474
PITRM1,-0.002960681915283203,0.7727580312992153,0.6217654347419739,-0.12221695,0.48429275567669744
PLOD3,-0.0029622316360473633,1.0563640690893517,0.8826172947883606,-0.6301361,4.978812604203717e-05
VPS4B,-0.0029674768447875977,0.6351021212214893,0.49793750047683716,-0.39997938,0.017279297309328298
FLNA,-0.0029677152633666992,1.2339240590443419,1.0279992818832397,0.21914148,0.20593753238121595
LARS1,-0.0029963254928588867,0.6427175956029815,0.460309773683548,-0.47841227,0.003648719480328282
GLG1,-0.00299680233001709,0.6048350802179364,0.5182479619979858,-0.08462336,0.6288649231831737
MCM6,-0.0030002593994140625,1.0442156249916708,0.8393142223358154,-0.24573335,0.1547633704101486
POFUT2,-0.003001689910888672,0.7041000387357819,0.5639860033988953,-0.45960218,0.005476262065568621
PFN2,-0.0030018091201782227,1.2148684287554379,1.0271726846694946,-0.76353884,9.560199496951051e-08
NOP53,-0.003014206886291504,0.6715291264097585,0.5500122904777527,-0.074361816,0.6711706459259305
NCOA5,-0.0030165910720825195,0.4277186107778807,0.35187414288520813,-0.30776113,0.0720894317604855
AP2M1,-0.003018975257873535,0.5719799852154048,0.47358083724975586,-0.6079425,0.00010717891136195435
CHRAC1,-0.003019571304321289,0.6733314784735761,0.5490801930427551,-0.17384405,0.31791310014918034
IL6ST,-0.003020167350769043,0.6361000706155537,0.511929988861084,0.25018853,0.14718409734906093
RNF25,-0.003038763999938965,0.30699015092350157,0.24552351236343384,0.30265844,0.07718885411961797
ZFYVE19,-0.003039240837097168,0.5562002481220656,0.420570433139801,-0.042603616,0.8080031291676788
ATG3,-0.0030404329299926758,0.7451120278916011,0.6246933341026306,-0.17467728,0.3155632046920132
NCBP1,-0.0030546188354492188,0.5011964133388512,0.38201311230659485,0.44039452,0.008105727330307996
DHX16,-0.0030785799026489258,0.39446777361882174,0.3311218321323395,0.14847493,0.3946464526517152
MTPAP,-0.003080010414123535,0.39610889112436887,0.3112752437591553,0.28941804,0.09172969769684554
FGD3,-0.003093242645263672,0.5448539718924943,0.4404149055480957,0.10716604,0.540044066225495
TPP1,-0.0030975341796875,1.1018212738181141,0.9497588276863098,-0.5369537,0.0008820020221567715
PSAT1,-0.0031120777130126953,0.9764139291281558,0.7443591356277466,-0.36450875,0.031332081643968536
TPD52L1,-0.0031241178512573242,0.7977977720545569,0.6619191765785217,0.0010542553,0.9952041701746794
MORF4L1,-0.0031276941299438477,0.3734144227626549,0.2894922196865082,-0.12645376,0.4691549233301901
EXOSC8,-0.0031763315200805664,0.37930878169722737,0.2506297528743744,-0.30681217,0.07301735935132712
VGF,-0.003184795379638672,1.4283995116195336,1.17576265335083,0.2533391,0.14199030506531665
CHMP4A,-0.0031942129135131836,0.6082867907221052,0.499260812997818,-0.093346894,0.5937856987914355
PRTFDC1,-0.0032099485397338867,0.6864201778715556,0.5689176917076111,0.045899715,0.7934581818459653
CAPRIN1,-0.003214597702026367,0.708993580655951,0.5108703374862671,-0.33395955,0.049916301512792145
TOP2A,-0.003222227096557617,0.8332444779390195,0.6243696212768555,-0.25671545,0.1365744915082705
SLC12A7,-0.0032308101654052734,0.5492090552655946,0.46083542704582214,-0.10012453,0.5671368675085748
PPP4R2,-0.0032547712326049805,0.5431159938157731,0.44288715720176697,-0.13269645,0.4473133710687886
CAVIN3,-0.003256082534790039,1.0049186381338535,0.8179731369018555,-0.57543737,0.00029869558126552093
SSB,-0.0032595396041870117,0.7107591510120538,0.5613133311271667,0.4430285,0.00769128416205679
PNPLA6,-0.003263711929321289,0.47822046324196127,0.39258575439453125,0.33378884,0.050040627791303784
NUF2,-0.003265857696533203,0.4511280616525294,0.3574770390987396,-0.21583071,0.21304413987345205
DDX28,-0.00327455997467041,0.4607278864485758,0.36992159485816956,-0.27457327,0.11043181640868034
ARHGDIB,-0.003275632858276367,1.1685094187972693,0.9917775988578796,0.37466308,0.026588177883902858
THY1,-0.0032781362533569336,1.2365909917680689,0.9842135906219482,-0.57458633,0.0003063787819936085
LAMB3,-0.0032956600189208984,0.8533722781133317,0.6403458714485168,0.13857202,0.4272705738489476
VPS35,-0.0032961368560791016,0.6630200899713808,0.4830625355243683,-0.2509365,0.14593873733125054
PGP,-0.00329744815826416,0.7312493055291424,0.48645058274269104,-0.27853566,0.10518052388646387
CHMP2A,-0.003305792808532715,0.6161567192588552,0.4967622458934784,-0.3799611,0.024358284995916576
IFIT3,-0.003306865692138672,0.8061496820065083,0.596451461315155,-0.08008963,0.6474234896543805
MTFR1L,-0.0033110380172729492,0.4377663346646434,0.3582581877708435,-0.34485167,0.042479982173345365
EPHA2,-0.0033222436904907227,0.7739013282932072,0.6382704377174377,-0.2500348,0.14744111379398891
CDKAL1,-0.0033243894577026367,0.4180713598915327,0.31570446491241455,-0.32935482,0.05335762908696259
AMACR,-0.0033341646194458008,0.6037347636462358,0.4302797019481659,-0.0063391384,0.9711695651097756
ETHE1,-0.0033360719680786133,1.4287323809961605,1.2717252969741821,-0.77961296,3.410101947604717e-08
UNG,-0.0033518075942993164,0.5025634913876531,0.39483463764190674,0.3233164,0.05815376654107756
S100P,-0.003371000289916992,1.819681868782744,1.2318823337554932,0.46491653,0.004893817738610052
PTMS,-0.0033730268478393555,1.390711920947041,1.169093370437622,0.449591,0.006736605688327747
DPYSL2,-0.0033800601959228516,1.8870781660805869,1.5793964862823486,-0.7995758,8.361133602321323e-09
RMDN3,-0.0033979415893554688,0.7075737405232374,0.5989812612533569,0.74633497,2.6452868467475877e-07
P4HTM,-0.0033979415893554688,0.5514241247611972,0.4582357108592987,-0.25837004,0.133976611612518
EHD1,-0.003413081169128418,0.7268854469473551,0.621743381023407,-0.55634516,0.0005195668234372542
RETREG3,-0.0034290552139282227,0.3832990512687373,0.2788311243057251,0.11912133,0.49551071117171985
AKAP12,-0.003430485725402832,0.8759155932656291,0.6881124973297119,-0.17287838,0.32065052617365214
CARHSP1,-0.0034332275390625,1.1441586249157571,0.8923946022987366,0.7269636,7.589598710885181e-07
DNAJC8,-0.0034333467483520508,0.7865978689808402,0.633037269115448,-0.5299079,0.001060748691110368
SEMA3C,-0.0034339427947998047,0.6427426113177296,0.48405641317367554,-0.62743175,5.483680366140922e-05
YTHDF2,-0.0034357309341430664,0.9451528682386529,0.7334966659545898,-0.4426013,0.007757235248510195
PSMA7,-0.0034508705139160156,0.6781826680357292,0.5267893075942993,-0.32267195,0.05868517041457292
CLTB,-0.0034629106521606445,0.6520635494200698,0.5526557564735413,0.61973804,7.182661419434047e-05
SLC9A3R2,-0.0034685134887695312,0.835128071437167,0.6671594977378845,-0.48830482,0.0029200562190375102
NUB1,-0.0034704208374023438,0.42637119195222295,0.34261855483055115,-0.32557935,0.05631779513028637
MDN1,-0.003475189208984375,0.588134841633907,0.4817603528499603,-0.49639118,0.0024219518408416818
RGS19,-0.0034940242767333984,0.591527871409575,0.4969419240951538,-0.5251117,0.0012000108806011947
MACROH2A2,-0.0035164356231689453,0.8519836924026517,0.6805660128593445,-0.07422535,0.671740501758367
MYOF,-0.003519892692565918,1.78085075053348,1.5212875604629517,0.8249,1.101558296425695e-09
ATL3,-0.003534078598022461,1.2287127847556056,1.0478496551513672,0.3648152,0.03117940107357075
POGLUT2,-0.0035495758056640625,0.5144324528068034,0.37987205386161804,-0.10345182,0.5542574656765292
SERPINE1,-0.003568887710571289,0.7653253708579173,0.6558562517166138,-0.05361194,0.759700581790176
ARL2,-0.003580331802368164,0.3598855786810891,0.2638145685195923,-0.2974426,0.08268659245421207
GARS1,-0.0035903453826904297,0.6995161052919405,0.5571908950805664,-0.27814656,0.10568767597059596
PDCD5,-0.0035915374755859375,1.2501986345778293,0.9574553370475769,-0.6136691,8.842782793789854e-05
MSH2,-0.0035969018936157227,1.0185008487388885,0.8596112132072449,-0.6280158,5.370897265020416e-05
SCARB1,-0.00362396240234375,0.8284227807497577,0.6781848073005676,-0.049589917,0.777255809235923
UTP6,-0.0036281347274780273,0.5006663531346023,0.4023558497428894,-0.27490968,0.10997844276963592
LSM12,-0.003632068634033203,0.7467772862826086,0.530156135559082,0.3383339,0.04681387017533957
PDHA1,-0.003637075424194336,0.5650099545420533,0.4409896433353424,0.2671988,0.12072774260212633
PHC3,-0.003649473190307617,0.5387344191260848,0.4163792133331299,-0.3842262,0.02267749762339083
ACOT9,-0.003650665283203125,1.0759048823039055,0.9372571706771851,0.4570007,0.005782473722512307
PPL,-0.0036754608154296875,1.2978827915496014,1.0572583675384521,-0.54103947,0.0007910266595421121
CDC73,-0.0036934614181518555,0.45683235339927486,0.35711872577667236,-0.20290059,0.24240749416505517
PEG10,-0.0036978721618652344,0.8390455844530869,0.6706271767616272,-0.4123289,0.01383977682941522
HK2,-0.0037001371383666992,0.6661737204036605,0.4918097257614136,0.44728643,0.007059600681844533
JAM3,-0.003702402114868164,0.5247081592575379,0.418283611536026,0.33825237,0.04687025156116532
SEC31A,-0.0037109851837158203,0.7266697137955406,0.4845987558364868,-0.0044219634,0.9798869784906373
ASCC3,-0.003712296485900879,0.47532723536276006,0.3744256794452667,-0.48055497,0.0034787665283937683
USO1,-0.0037305355072021484,0.5749914199769453,0.4379598796367645,0.43157047,0.009635870455266139
PTPRJ,-0.003749847412109375,0.7787782095121183,0.6303262710571289,0.5586662,0.00048661612022570514
SNX12,-0.0037505626678466797,0.8039031789589399,0.5960026383399963,-0.5639919,0.00041792748133305584
MSH6,-0.003754258155822754,1.1009724978131183,0.8975325226783752,-0.42694965,0.010530686789810588
NAA15,-0.0037566423416137695,0.8664506754651811,0.635862410068512,-0.5214342,0.0013174463285363278
MTX1,-0.0037578344345092773,0.4868372967215994,0.39778533577919006,0.43115208,0.009714141890846982
NDUFA10,-0.0037680864334106445,0.5378030632294973,0.4333474040031433,-0.099983014,0.5676875999588551
DHRS1,-0.003769993782043457,0.4715672076516745,0.3669569194316864,0.45316914,0.0062602502280912995
QARS1,-0.0037740468978881836,0.4998811640186498,0.40127095580101013,0.15038882,0.3885115401270045
PSMB4,-0.003791332244873047,0.573594694913555,0.42009609937667847,-0.36067677,0.033293185949056114
GPRC5A,-0.003825664520263672,1.0178550299524542,0.8781358003616333,-0.64443934,2.9411749931790793e-05
UBE4A,-0.003844022750854492,0.43816017681724034,0.3604796528816223,-0.25733212,0.13560197795551351
ST14,-0.003878355026245117,0.7623785047198821,0.5890371799468994,0.27997297,0.10332294094138893
YARS1,-0.0038785934448242188,1.089118907896105,0.8556222915649414,-0.19603282,0.2590582433211786
SMARCC1,-0.0038852691650390625,0.9215726518249688,0.7827511429786682,0.59474856,0.0001646445476943977
AMDHD2,-0.0038944482803344727,0.45707961584588813,0.35963913798332214,-0.061445918,0.7258518958118135
PROCR,-0.003916263580322266,1.2427259034126867,1.0080293416976929,-0.7344631,5.101070492222566e-07
CEP44,-0.003924727439880371,0.4908407040848375,0.40520837903022766,-0.38521618,0.022301408144899795
TIMM10B,-0.0039299726486206055,0.5589337681241898,0.4622300863265991,-0.50738186,0.0018645206578347506
EARS2,-0.0039370059967041016,0.47451077916691553,0.39600351452827454,-0.34555417,0.042032942090403654
RPL35,-0.003951549530029297,0.49827012686935807,0.4125526547431946,-0.17239313,0.32203169515284447
GCAT,-0.003964424133300781,0.436374374301782,0.36075133085250854,0.08970525,0.6083257759272391
ROBO1,-0.003966569900512695,0.4191006992518572,0.3155380189418793,0.18849434,0.27818506200676746
C8orf33,-0.0039713382720947266,0.5928496511317569,0.4698905944824219,-0.47497687,0.003936232475366127
GOLGA1,-0.0039740800857543945,0.7768531286179202,0.6726828217506409,0.61874527,7.43337030883559e-05
SERPINH1,-0.0039746761322021484,2.1843631596715043,1.8918997049331665,-0.8522062,8.32692174818624e-11
GAR1,-0.0039855241775512695,0.43897502747329287,0.3646356165409088,0.13695158,0.4327476737158963
ALDH2,-0.003992438316345215,1.3106615269363877,0.9950984120368958,-0.2669562,0.12107819664709327
PRRC2C,-0.004003047943115234,0.6371599552698459,0.47557273507118225,0.25947702,0.132259044117386
PLBD2,-0.004006862640380859,0.7571368400702229,0.6098987460136414,-0.47075754,0.004316028453494506
NFATC2,-0.004007816314697266,0.5207271722047108,0.4385090470314026,0.12083307,0.4892914479662363
EEF1E1,-0.004011869430541992,0.5947210001567931,0.4672057628631592,-0.39687467,0.018248333524099488
RELL1,-0.0040253400802612305,0.527404894639507,0.38314929604530334,0.027149927,0.8769663019214923
NACA,-0.0040264129638671875,1.1129401504245968,0.8298524618148804,0.08805769,0.6149535225456779
DKC1,-0.004029750823974609,0.3863144890487608,0.3002314567565918,-0.041642673,0.8122556958601975
C19orf53,-0.004035234451293945,0.5106065909290141,0.38207098841667175,-0.28705275,0.09453465854397382
IMPA1,-0.004039883613586426,0.741687887581113,0.6325345039367676,-0.72882754,6.884257764052313e-07
RRAS2,-0.004060268402099609,1.2536387410720682,1.063743233680725,0.6603147,1.5874606530363234e-05
CTCF,-0.0040749311447143555,0.613378237690688,0.4975893795490265,-0.37723327,0.02548629648606219
MRPL2,-0.004075407981872559,0.4514938130657142,0.35625505447387695,-0.46808,0.004573112515548271
SNAP29,-0.004079341888427734,0.5571116278440604,0.4341854751110077,-0.1889406,0.27702777717550653
KARS1,-0.004097700119018555,0.45278417989707137,0.35348156094551086,-0.18986098,0.27465138540895834
COPS8,-0.004099130630493164,0.8432472285189239,0.6954426765441895,-0.23003417,0.18372092767465054
MMP24OS,-0.004111170768737793,0.6857129192054847,0.5239362120628357,0.25604674,0.13763476128207572
EBNA1BP2,-0.0041152238845825195,0.6355934730895666,0.5194103121757507,-0.30411312,0.07570736326462969
RAB32,-0.004121541976928711,0.6478527143834443,0.4879758059978485,-0.50606483,0.001924767694424486
QSOX2,-0.004124999046325684,0.5099362493388169,0.3760482966899872,0.13229333,0.44870666013843613
MALSU1,-0.004125356674194336,0.42139674381429254,0.328197181224823,-0.48333248,0.0032687026706063375
WNK1,-0.004130005836486816,0.715285534698334,0.5473639369010925,-0.40490934,0.015829114385875573
SUGP2,-0.004133701324462891,0.6675037974346025,0.5360895395278931,0.2780245,0.10584716306333668
IKBIP,-0.0041425228118896484,1.3850330691744905,1.1737796068191528,0.034108028,0.8457734375246976
ARCN1,-0.004148125648498535,0.6168135946953859,0.4413509964942932,-0.11436327,0.5130071773762392
ALDH16A1,-0.004155397415161133,0.5057481916039833,0.409461110830307,-0.09480442,0.5880087900373119
PLOD2,-0.004164218902587891,1.5167806879437824,1.2243808507919312,-0.7752108,4.560257362790388e-08
CEMIP2,-0.004164576530456543,0.5294746297516473,0.44158872961997986,0.5677739,0.00037453197978184344
ANTXR1,-0.004178643226623535,0.7247384257186835,0.6231139898300171,-0.5206547,0.0013435985694969517
PFAS,-0.004179835319519043,0.9824164449189055,0.7799031138420105,0.30286616,0.07697587917712358
PTPN6,-0.00419008731842041,0.5737850601521041,0.48208683729171753,0.10150511,0.5617760237040832
MYBBP1A,-0.00419163703918457,0.6051633495305385,0.4955552816390991,0.24972361,0.1479621240787123
MVP,-0.004203438758850098,1.2293970193912733,1.0064281225204468,-0.7441846,2.987248469423565e-07
CDC27,-0.004229307174682617,0.4968413179605465,0.37013858556747437,-0.5505211,0.0006111327862397708
MEN1,-0.004230380058288574,0.4377653134911958,0.3525949716567993,0.10011102,0.5671892856077022
GLUD1,-0.004232645034790039,0.8713039606424426,0.7203874588012695,0.73896337,3.9933971621435815e-07
BLVRA,-0.004236698150634766,0.8250376895040449,0.6492725610733032,-0.24886444,0.1494079564529018
NAP1L4,-0.004247426986694336,1.1127465821357023,0.912721574306488,-0.29172665,0.08905382505603486
HLA-E,-0.004256606101989746,0.2649281139533471,0.2087927609682083,0.24277009,0.15995868734307156
MTX3,-0.0042572021484375,0.3642647259339953,0.2858302891254425,-0.4403373,0.008114938233225908
TPX2,-0.00426483154296875,0.8440686436598674,0.688015878200531,-0.41960904,0.012096698089347137
SLC39A14,-0.004265546798706055,0.39542985312633516,0.29192933440208435,-0.50568277,0.001942566553161257
DNAJB2,-0.004269719123840332,0.601479883837429,0.46802639961242676,-0.12559843,0.47219067668286374
TMEM263,-0.004269719123840332,0.7835373010964268,0.5901009440422058,-0.21032135,0.22524074822602316
G3BP2,-0.004272818565368652,0.5684331996727798,0.42783689498901367,0.30192235,0.07794705546688649
HPRT1,-0.004274725914001465,1.3022708096642155,1.0766290426254272,-0.76460475,8.950940231895543e-08
FNTB,-0.004276871681213379,0.5213621189096558,0.4028412103652954,-0.3902437,0.020470466196621316
HIKESHI,-0.004290580749511719,0.28348457557441104,0.2229207456111908,0.072528005,0.6788415682465835
DNAJB12,-0.004303932189941406,0.8703835846996529,0.7589094638824463,0.18559869,0.2857693268558866
PPP4R3A,-0.004309892654418945,0.5313907885524422,0.43183788657188416,-0.41935122,0.012155102209258112
WARS1,-0.004311561584472656,0.9331189787888237,0.72128826379776,-0.093327954,0.5938605111124726
DAP3,-0.004312872886657715,0.49388084066283294,0.37781810760498047,0.62488395,6.001143513573135e-05
EIF2A,-0.004323244094848633,0.7511460369742705,0.5560852289199829,-0.1949318,0.2617961734819246
CNTNAP1,-0.00432431697845459,0.6613256491599518,0.48642730712890625,-0.4907227,0.0027625469467561325
OSBP,-0.00433039665222168,0.6708757155122987,0.49374744296073914,-0.36452696,0.03132297855457361
CD9,-0.004339337348937988,0.698309707044675,0.5468166470527649,0.62854373,5.270740762258887e-05
GGA3,-0.004345893859863281,0.4316385018827257,0.31919369101524353,-0.09132304,0.6018476306384651
UTP18,-0.00434720516204834,0.5494107720594872,0.446718692779541,0.18546005,0.28613577049924893
ZNF598,-0.004347324371337891,0.6655692565213934,0.48093998432159424,0.2531037,0.1423735439448569
NSUN2,-0.004352927207946777,0.6876445314899287,0.5879563093185425,-0.109462634,0.5313435910641635
SMARCD1,-0.004357337951660156,0.9145488912111743,0.7790328860282898,0.61595577,8.180564239892378e-05
ARGLU1,-0.004362344741821289,0.5568856753986157,0.4346652030944824,-0.45141733,0.006489726999017332
FERMT2,-0.004370689392089844,0.7107396951009559,0.5538572072982788,-0.2647211,0.12434281272119181
GPKOW,-0.004373788833618164,0.48237513883360844,0.3935093879699707,-0.46333626,0.005061149094021256
VLDLR,-0.004390120506286621,0.5127536122916955,0.3875340223312378,0.07134464,0.683808746121784
CSTF2T,-0.004399776458740234,0.5048235447109769,0.3837891221046448,0.09233301,0.5978186122212006
PSMC2,-0.004431724548339844,0.4927314447086287,0.36008238792419434,-0.06702837,0.702035158480371
MLEC,-0.004443526268005371,0.7969474759521952,0.6399657726287842,-0.51460326,0.0015626319665792401
GFM2,-0.004445075988769531,0.4869470296717249,0.3840426802635193,0.45702043,0.005780104315328792
PPIE,-0.00444793701171875,0.6220505500181459,0.5398197174072266,-0.450267,0.0066443129222874785
MYO1B,-0.004458427429199219,0.6104834574286613,0.4908502995967865,-0.37302265,0.027311763622808186
AMPD2,-0.0044596195220947266,0.8121064773662006,0.6282129287719727,-0.66662884,1.2296394169457955e-05
GALNS,-0.0044710636138916016,0.5163224156555093,0.4186084270477295,-0.50904375,0.001790863183095231
SFXN3,-0.004481077194213867,1.2320792663544937,1.0271872282028198,-0.58210903,0.00024416913919432656
PITPNA,-0.00449216365814209,0.37918542625145646,0.2933289408683777,-0.32410184,0.057511237706203144
LDHB,-0.004492282867431641,1.1611863517769927,0.9731200933456421,-0.046943247,0.7888677660701723
AFAP1,-0.004502415657043457,0.7192908615502314,0.5267889499664307,0.5122111,0.0016575008934299482
MKRN2,-0.004507899284362793,0.5290816879623399,0.43038639426231384,-0.56236583,0.0004379229713474115
MAEA,-0.004509449005126953,0.420523598282085,0.34242963790893555,-0.13701287,0.43253986266868505
PSMA6,-0.0045125484466552734,0.6816850008360442,0.5242902636528015,-0.40996426,0.014449551411017973
SERPINE2,-0.004519939422607422,1.115306631443171,0.9197632670402527,0.3201098,0.060835942951294825
UPF1,-0.0045212507247924805,0.6403618016026784,0.5080642700195312,-0.45820737,0.005638657187061757
RABGAP1L,-0.004525899887084961,0.44888732957916666,0.3522886633872986,0.05324318,0.7613056555511566
FAM162A,-0.004526495933532715,0.545184738582504,0.43842238187789917,0.26165345,0.12892968515573935
PDK3,-0.004529237747192383,0.6202120971138354,0.45619872212409973,0.043482706,0.8041177175743991
COX6B1,-0.004531264305114746,0.6579313084827502,0.5135846734046936,-0.30924147,0.07066041495258225
SNIP1,-0.004532217979431152,0.4530413978010072,0.31536048650741577,0.26436773,0.12486502322708902
DBN1,-0.004544734954833984,0.9189162538577734,0.7561726570129395,-0.41581035,0.012981531970924361
IRF3,-0.004548072814941406,0.40186379332512434,0.3214726150035858,-0.15454166,0.3753920860894926
LYRM2,-0.004549980163574219,0.30069544422848776,0.24717292189598083,0.1550868,0.373689474932663
LDAH,-0.0045506954193115234,0.42255821360250734,0.32628723978996277,0.05555547,0.7512595164121646
TPT1,-0.004577994346618652,0.9141907561219357,0.7107776999473572,-0.28335977,0.09904467740777619
NASP,-0.004605650901794434,1.431889157235646,1.2547520399093628,-0.63268816,4.541241651331586e-05
GTF3C1,-0.0046274662017822266,0.3967517834222488,0.29473984241485596,-0.23263516,0.17867648968712405
NADK2,-0.004633426666259766,0.7953258865518898,0.6697263717651367,-0.23921788,0.16635075628720736
RSU1,-0.004633665084838867,0.530106323211815,0.3901674449443817,-0.33350176,0.05025024835543974
GYG1,-0.0046427249908447266,0.7351298004159709,0.6081013083457947,0.029740468,0.865329204993467
UNC13D,-0.004642844200134277,0.5098158420660373,0.4020974934101105,0.054696437,0.7549870700837912
MRPL21,-0.0046575069427490234,0.4706228195636387,0.3820692300796509,-0.39003325,0.02054454471418969
CCT6B,-0.0046579837799072266,0.8703688611832138,0.6904462575912476,-0.5856354,0.00021910402651681936
SEH1L,-0.004667401313781738,0.45986190669319515,0.37569352984428406,-0.41087353,0.014212471518428107
PAICS,-0.00468134880065918,1.2095190292665503,0.990554690361023,-0.68764824,5.022031129538934e-06
TEX264,-0.0046999454498291016,0.8333114660890809,0.7000774145126343,-0.3406716,0.045220444893544536
TUBB3,-0.00470280647277832,1.6661401950287247,1.4045497179031372,-0.8783541,4.107306565903743e-12
ENY2,-0.004709601402282715,0.46447919125958614,0.37137889862060547,-0.40411866,0.01605458638829243
LGALS8,-0.0047147274017333984,0.5528319848887241,0.38971632719039917,0.3448394,0.042487907197354666
MTDH,-0.004716396331787109,0.5140778420428597,0.39881211519241333,0.6098745,0.00010048781702793928
NID1,-0.00471651554107666,0.3850054114754088,0.3153131902217865,0.13130933,0.4521183439449806
ZNF687,-0.004717707633972168,0.36111889529193186,0.2697116732597351,0.025042973,0.8864497005104265
NFRKB,-0.004735350608825684,0.6307698236450591,0.504017174243927,-0.41644844,0.012829190174147747
KAT7,-0.0047454833984375,0.451577784269702,0.36336567997932434,-0.3515849,0.03834873453129181
FAM3C,-0.004752993583679199,0.7476902203630363,0.5993380546569824,0.63626593,3.986234959254869e-05
SEPTIN7,-0.004754543304443359,0.6173692990796933,0.449998140335083,-0.40826166,0.014902475522546373
ABCB7,-0.004762887954711914,0.34166409774527834,0.2659074366092682,-0.35980344,0.033753857285345176
C5orf22,-0.004763960838317871,0.6136124803731107,0.5034803152084351,-0.31625423,0.06418944149513743
GATAD2A,-0.004775881767272949,0.5652958475995228,0.46283334493637085,-0.61111534,9.639075524115205e-05
RPL10,-0.004779934883117676,0.5414133365932454,0.42982199788093567,-0.19930193,0.2510404493703136
SDR39U1,-0.0048007965087890625,0.41369870236644873,0.32723912596702576,-0.24100357,0.16311505082357663
RNASEH2B,-0.004801750183105469,0.5516592022034507,0.464829683303833,-0.5194284,0.0013856648244148042
RHEB,-0.004809021949768066,0.47380695091292024,0.3390099108219147,-0.2556078,0.13833405243110097
SYNE2,-0.004813790321350098,0.6882239128417652,0.5702759027481079,0.5107302,0.0017187253775327754
TRIP13,-0.004814743995666504,0.6996065481566502,0.5471071004867554,-0.49439138,0.002537670550500469
TMEM205,-0.004819631576538086,0.5455529718387503,0.43656712770462036,0.26060367,0.13052771446609188
STT3B,-0.00482332706451416,0.6460116868216804,0.5375584959983826,-0.7581175,1.329405932122023e-07
UHRF2,-0.004827380180358887,0.3999100196483642,0.33021897077560425,-0.22339432,0.19705224194492765
PDHX,-0.004837393760681152,0.5072647955773272,0.39924225211143494,0.09879923,0.5723043589114757
PAFAH1B3,-0.0048427581787109375,1.5089878383421944,1.2280521392822266,-0.48518753,0.0031346247987993937
IARS1,-0.0048493146896362305,0.6091095272755171,0.45299839973449707,-0.25936764,0.13242792783608812
ALDH9A1,-0.004853963851928711,0.6551001329540944,0.4948926568031311,0.57259923,0.0003250128962615046
COA6,-0.00486600399017334,0.885175732013545,0.7006132006645203,-0.42282763,0.011387408473221804
RPL3,-0.004869818687438965,0.4321138713397896,0.35408538579940796,-0.24181291,0.16166330631977924
VAMP8,-0.0048732757568359375,0.8081263052567682,0.686313807964325,-0.5062931,0.001914209850171523
DCAF7,-0.004892230033874512,0.704174170275404,0.5545893907546997,0.62265867,6.488658769087001e-05
AP1M2,-0.004898667335510254,0.6180449939092065,0.5507578253746033,-0.3842776,0.022657851490305043
CCNB2,-0.004909992218017578,0.43901808503879086,0.3659919798374176,-0.4527629,0.006312839786244572
MCU,-0.004914641380310059,0.9226035778957862,0.7853107452392578,-0.60042155,0.0001372105529712438
CPT2,-0.0049228668212890625,0.5258587591620764,0.40545329451560974,0.3700048,0.028685241055631458
TTLL12,-0.0049326419830322266,1.1193910222102277,0.8732532858848572,0.0028084368,0.9872251244313515
BAZ1B,-0.004940032958984375,0.6570104099012183,0.5202218294143677,-0.41679713,0.012746586242114675
HSPB1,-0.004943370819091797,1.7752574707054558,1.3142831325531006,-0.13646057,0.4344149812554284
MBD3,-0.004944324493408203,0.41139325299217405,0.34147483110427856,0.24676773,0.152978982125423
PHGDH,-0.004945039749145508,1.3326879320147977,1.0957344770431519,-0.5736089,0.00031542232536181723
SLC39A6,-0.004945993423461914,0.37529341821497203,0.2739928364753723,-0.11324824,0.5171515554063804
PSMG1,-0.004978775978088379,0.8150070465695983,0.6003400087356567,-0.4848408,0.0031593115228702997
PPP6R3,-0.004979848861694336,0.4331539088258111,0.3354267179965973,0.17690176,0.3093423249909559
CPNE2,-0.004993081092834473,0.41791878160922147,0.3396240472793579,-0.21753554,0.20936397933392517
G6PD,-0.0049953460693359375,0.9822590505309717,0.7313387989997864,0.5546373,0.0005450640586114975
LSR,-0.004998683929443359,0.7491975305951385,0.6109857559204102,-0.480102,0.003514104081183519
CRKL,-0.005000472068786621,1.0728901918471907,0.9029226303100586,-0.6539383,2.0423594435360992e-05
MTOR,-0.005007147789001465,0.5473909941028965,0.4285292625427246,0.36981848,0.028771864200137914
COQ3,-0.005010843276977539,0.3823532151959158,0.28960973024368286,0.29513055,0.0852183070447311
TMEM214,-0.005013823509216309,0.6897677603284694,0.5864460468292236,0.7071588,2.042499484875854e-06
PDRG1,-0.0050237178802490234,0.3829915737228653,0.3190460801124573,-0.48478478,0.003163317281847999
PPIP5K2,-0.005025625228881836,0.47720390681332675,0.3848479092121124,-0.23846129,0.16773560075457028
CPOX,-0.005040168762207031,0.6847986773681457,0.5721971392631531,-0.6606807,1.5643796173036424e-05
PPAT,-0.0050427913665771484,1.1532867711008303,0.9611234664916992,-0.723181,9.228735191068364e-07
ILKAP,-0.005050539970397949,1.1452999723199462,0.9409709572792053,-0.6793584,7.21107579182269e-06
ODR4,-0.005067110061645508,0.5006031630250385,0.39680734276771545,-0.5727301,0.000323755138343559
FTH1,-0.005068063735961914,0.6621258038758447,0.5088109374046326,-0.4215391,0.011667027417683218
KRT19,-0.005084872245788574,3.3860299048953633,2.9907491207122803,0.7878398,1.9455313605595263e-08
MACO1,-0.005092978477478027,0.347404549597535,0.27589496970176697,0.1349999,0.4393956691131959
NOP2,-0.005097746849060059,0.7402241487224446,0.6042885184288025,0.5477825,0.0006589352934455461
ACBD5,-0.005103588104248047,1.0257769919406576,0.872431218624115,-0.31366247,0.06652427067219453
RCN3,-0.005112051963806152,1.341519878287093,1.0923675298690796,-0.43872717,0.008377815947407934
ACSL4,-0.005116581916809082,0.6402392970810048,0.530576229095459,-0.47485143,0.003947099246085503
RCL1,-0.0051212310791015625,0.4849287221335123,0.40540847182273865,-0.04825029,0.7831271575095193
CFL2,-0.005125641822814941,1.3334288215220693,1.000672698020935,0.051696196,0.7680483361807173
MFAP1,-0.005135893821716309,0.3676703099303444,0.2629358470439911,-0.396163,0.018476738950599148
LACTB,-0.005144596099853516,0.7954249559200011,0.6073331832885742,0.48244783,0.0033343786958999633
QTRT1,-0.0051457881927490234,0.5796556829064857,0.46740859746932983,-0.576934,0.0002855978384441267
PIR,-0.005154967308044434,0.6372794508430922,0.517729640007019,0.14302,0.41243551277985574
TMTC3,-0.005157589912414551,0.7761613296998083,0.624552845954895,-0.6909211,4.339492074850984e-06
C18orf25,-0.005159497261047363,0.4561325268206723,0.3432086706161499,0.12347651,0.47976622879924424
ILK,-0.005161285400390625,0.6120508084399277,0.49359163641929626,-0.23847742,0.16770584078564227
UHRF1,-0.0051648616790771484,0.800827099487727,0.6227877736091614,-0.5487088,0.000642407798333671
ABCE1,-0.005166172981262207,0.7172564039187118,0.5249736309051514,0.15987957,0.3589174569041207
HMOX2,-0.005167126655578613,0.8189503941377152,0.6744315028190613,-0.550315,0.0006146202257673671
NPLOC4,-0.005175113677978516,0.5151197096199607,0.3784565031528473,-0.5095903,0.0017671949332836348
GDI1,-0.005188107490539551,1.6154260302569001,1.3543713092803955,-0.7864039,2.1495109664377823e-08
HAGH,-0.005210518836975098,0.8554187220049986,0.700259804725647,-0.655567,1.916127355647445e-05
REEP5,-0.005246877670288086,0.7784582228871236,0.644114077091217,0.37605807,0.0259853482110474
GGCT,-0.005291581153869629,1.2094549147744997,1.032623529434204,-0.5981265,0.000147772103437816
NIFK,-0.005292654037475586,0.5322352977350819,0.39934006333351135,-0.0034589255,0.9842663957923904
RDH10,-0.005303502082824707,0.658293132117888,0.5945782661437988,0.27268586,0.11300164107281627
NUP62,-0.005309700965881348,0.3241286095014759,0.22117282450199127,-0.38695768,0.021652437179519392
ERC1,-0.005310773849487305,0.5512035455398,0.4389359652996063,-0.02846097,0.8710734731473896
GOSR1,-0.005311727523803711,0.6329897408640874,0.5363150238990784,0.7040057,2.3735690974580386e-06
RPLP0,-0.005322933197021484,0.3867177866914099,0.292563259601593,-0.22182424,0.20030066929053097
MRPS27,-0.005338788032531738,0.5251763910337353,0.4230475425720215,-0.643726,3.0213329993864794e-05
GLT8D1,-0.005360007286071777,0.46395030029986867,0.3992784917354584,-0.7535731,1.7412497095683976e-07
EIF5A,-0.005365490913391113,0.6406883813161485,0.47424426674842834,-0.44829482,0.006916665156204374
YLPM1,-0.005381584167480469,0.4322823979253508,0.3390475809574127,-0.54261446,0.0007582384352311811
MARCKSL1,-0.0053833723068237305,1.4708462629029109,1.324911117553711,-0.83803165,3.376265604653455e-10
NOTCH2,-0.005390048027038574,0.6969415034221136,0.5528263449668884,-0.5792605,0.0002662533672428412
NCEH1,-0.005394935607910156,2.0189606028204135,1.7718571424484253,0.831347,6.242248963188714e-10
OSBPL9,-0.00540006160736084,0.3955569389821505,0.3094232976436615,-0.14700945,0.3993813725309728
SLC7A1,-0.0054035186767578125,0.39686402808814997,0.30774253606796265,-0.069770016,0.6904383962805342
RBP1,-0.005427718162536621,1.1899100492444665,0.9943576455116272,-0.80157924,7.198662685054234e-09
PIK3R1,-0.005429863929748535,0.43973965946160554,0.36720162630081177,-0.35716155,0.03517917251685891
EXOSC6,-0.005430936813354492,0.46785375427206627,0.3520142138004303,0.057326265,0.7435927813793161
RAB2B,-0.005452752113342285,0.633925836085169,0.5360571146011353,-0.39710185,0.018175910340338674
CROCC,-0.005456686019897461,0.48889760598294674,0.3594551682472229,-0.37997678,0.024351948173298235
STARD7,-0.005458235740661621,0.44782505281348284,0.3590942919254303,0.17862844,0.30456756024370096
HABP4,-0.0054585933685302734,0.45859954609368075,0.3810080885887146,-0.32231608,0.05898023593244745
CLIC1,-0.0054590702056884766,0.9958288102200203,0.7525936961174011,0.2874828,0.09401991487755557
ARMCX2,-0.0054666996002197266,0.45762151112876764,0.3784286379814148,-0.3715545,0.027973031230673906
PLA2G4A,-0.00547182559967041,0.6295297978948499,0.46150681376457214,-0.22967184,0.1844314279746845
MRPL11,-0.0054779052734375,0.41391317806011524,0.3429518938064575,-0.46684572,0.00469601112532423
SAMM50,-0.005481600761413574,0.3496250063848785,0.28995606303215027,0.19974482,0.24996716313664813
NOM1,-0.005486607551574707,0.5676154022682263,0.4397936463356018,-0.31578773,0.0646048392626797
CA8,-0.005497932434082031,0.7003490752678596,0.5160384178161621,-0.25938457,0.13240176530570927
PSMB1,-0.005501151084899902,0.5775838329518684,0.43271616101264954,-0.391963,0.019873778218464942
AP2B1,-0.00553441047668457,0.5323535172820731,0.4514561891555786,-0.8884784,1.058680828942318e-12
ECHDC3,-0.0055389404296875,0.6702567728704234,0.524456799030304,0.06021409,0.7311428047817355
HDGF,-0.005545496940612793,1.0346939494105676,0.8147264719009399,-0.30848062,0.07139215383335185
SAFB2,-0.005553722381591797,0.4048869300702838,0.31113842129707336,-0.24109077,0.16295809539727657
PEPD,-0.005559444427490234,0.9898615630006539,0.7078065872192383,0.15840463,0.36342574073990713
CAD,-0.005559802055358887,0.8923240650632843,0.6730575561523438,0.44344535,0.00762737854246953
KPNA6,-0.005560874938964844,0.5788708077519658,0.47151848673820496,-0.3345056,0.04952032283835399
PRRC2A,-0.005573630332946777,0.6173700955851283,0.5080296397209167,-0.0044674445,0.9796798938449419
TIMM13,-0.005594134330749512,0.6725510810752611,0.5258817672729492,0.14273183,0.4133879511692847
SRBD1,-0.005595088005065918,0.3318808832203872,0.253111332654953,-0.26022157,0.13111294940494206
ACSL1,-0.005595088005065918,0.6155280487090402,0.45843130350112915,-0.51252246,0.0016448732336667112
BCS1L,-0.005597829818725586,0.39205877387624866,0.33328166604042053,-0.42373967,0.011192929981909162
DDX39B,-0.00563502311706543,0.6982737714119863,0.5905783176422119,0.034427017,0.844348505012938
GTF3C3,-0.005640268325805664,0.43234893886704606,0.3278183341026306,0.3199217,0.060996279626922764
PDHB,-0.005642414093017578,0.6146478672952252,0.4900221824645996,0.13883941,0.4263705077899299
AARS1,-0.005652666091918945,0.8200913994139871,0.5727797150611877,-0.4671625,0.004664204692693607
LYPLAL1,-0.00565493106842041,0.3957618745081458,0.2934032082557678,0.39837137,0.017775676218146685
H1-1,-0.005660414695739746,1.1112710036362166,0.8955172896385193,-0.23433375,0.17543570540565295
PTMA,-0.005672931671142578,1.3318849634292824,1.1150003671646118,0.046862774,0.7892215159484058
CLMN,-0.005677938461303711,0.662480770587754,0.5339480042457581,0.43229944,0.009500810661340694
SNX15,-0.005679965019226074,0.5050322202752603,0.3923811614513397,-0.5104895,0.0017288664986628126
CZIB,-0.0057010650634765625,0.8535685926539618,0.6638372540473938,-0.67316145,9.380538380676e-06
EIF2B2,-0.005701184272766113,0.7323247819759219,0.5907080769538879,-0.68401915,5.892326574935032e-06
TMEM167A,-0.005705475807189941,0.36185989427416027,0.28772464394569397,0.29515585,0.08519018241715728
CBX1,-0.005713343620300293,0.8913727348640151,0.6984714269638062,-0.66546124,1.2896896100666343e-05
POLA2,-0.0057141780853271484,0.7045672777227606,0.5882371664047241,-0.6853526,5.557741970557443e-06
ADAM10,-0.005716562271118164,0.5144737569716737,0.40800338983535767,0.37422705,0.02677896569666033
SLC12A9,-0.0057299137115478516,0.6669437731573937,0.5610173344612122,-0.74265224,3.255234926602223e-07
INF2,-0.00574040412902832,0.7755883875097053,0.6480478048324585,0.71635365,1.3031646212076156e-06
ASMTL,-0.005766868591308594,0.35533133145690493,0.27665597200393677,0.0030833744,0.9859748125273664
SDHAF2,-0.005769491195678711,0.42169999978782613,0.3350256383419037,-0.38838205,0.02113331762413988
POGZ,-0.00577092170715332,0.6709573378381919,0.5314666032791138,0.3816306,0.023688494215620203
GNAI3,-0.005777716636657715,0.6244902677930638,0.4945161044597626,-0.49157295,0.002708938230840298
FAM114A1,-0.005781054496765137,0.7578033761330587,0.5408546328544617,0.46106973,0.005309746937615437
MCM3,-0.005803585052490234,0.8795750425831361,0.7267535924911499,0.044006128,0.8018062535019078
ZNF579,-0.005821108818054199,0.4019949058119796,0.3243752419948578,-0.08871887,0.6122898628159391
DNMT1,-0.005832791328430176,0.9112706708722104,0.7513322830200195,-0.7433108,3.137459459751534e-07
ISG20L2,-0.0058405399322509766,0.5311981344149329,0.4324108958244324,-0.108902335,0.5334599406657758
RPL7L1,-0.0058432817459106445,0.5855959341760754,0.465462863445282,-0.59375304,0.000169935558647293
FTO,-0.005852937698364258,0.9946528166423709,0.8016430139541626,-0.7658863,8.265911865461282e-08
LRP10,-0.005861401557922363,1.1141132123835662,0.9296424984931946,-0.7159473,1.3297918031229383e-06
FMR1,-0.005871415138244629,0.5245644976976584,0.4223606288433075,-0.06299067,0.7192351407342229
KIF4A,-0.005872488021850586,0.7970813783168663,0.5991235971450806,-0.2918409,0.08892289192185762
HOOK1,-0.005887866020202637,0.42119495895376846,0.3360351622104645,-0.3287738,0.053804951525133066
TP53RK,-0.005891680717468262,0.5353332560936257,0.42424091696739197,-0.4779048,0.0036900096255967877
QKI,-0.005901336669921875,0.7220012686472602,0.6071869730949402,-0.7965455,1.0452798126767606e-08
CNPY4,-0.005913972854614258,0.5404447442464004,0.4052579402923584,-0.24493508,0.15615085182745939
GSE1,-0.005918383598327637,0.475348238908702,0.3837915062904358,0.29676178,0.08342595814566887
EIF4B,-0.005930304527282715,0.7758688424899953,0.535636305809021,-0.19265583,0.267516080070978
NUP205,-0.0059354305267333984,0.44219375511570896,0.35689762234687805,-0.005396802,0.9754539364434438
CLU,-0.005962729454040527,1.2949083882775945,0.9597819447517395,-0.05873208,0.7375240492252376
POLDIP3,-0.0059659481048583984,0.7992061848925214,0.6210272908210754,-0.61828756,7.551604343279127e-05
AAGAB,-0.0059664249420166016,0.3489484773733828,0.2593667805194855,-0.14174847,0.41664652294376814
STAMBP,-0.005972862243652344,0.6187327151340681,0.4689392149448395,-0.43318465,0.009338935885490082
HSPA4L,-0.005977153778076172,0.8225954893737449,0.7112352848052979,-0.5962579,0.0001569026539789809
PLEC,-0.005994319915771484,2.537371168953341,2.3199899196624756,0.9239991,2.4803477951949013e-15
GTPBP1,-0.006002664566040039,0.9921944685563601,0.8287740349769592,0.1625799,0.3507512319692796
FLYWCH2,-0.006003260612487793,0.6065925751059063,0.48000025749206543,-0.5374722,0.0008699656673528793
TIMMDC1,-0.006017208099365234,0.7974828384011803,0.6548611521720886,-0.7514173,1.9751248472711535e-07
PRPF40A,-0.006020903587341309,0.2775144051988451,0.20863857865333557,-0.19918124,0.2513336426083817
TERF2,-0.006023526191711426,0.6343900537818762,0.5446450114250183,0.4541626,0.006133227612482919
EIF3G,-0.006037235260009766,0.6809934588018733,0.5086535215377808,-0.58826697,0.00020192655644290632
JAK1,-0.006042599678039551,0.5523079619083621,0.3730328679084778,-0.28723896,0.09431148667914113
CBR1,-0.006051301956176758,0.9720206271168892,0.7461251616477966,-0.27282804,0.11280645618447635
MAFF,-0.006066441535949707,0.624039102038328,0.49426499009132385,-0.27244022,0.11333943584839101
ARAP1,-0.006072998046875,0.3726438972137213,0.29602155089378357,-0.069078006,0.6933591641207286
SPEN,-0.006093502044677734,0.41088896200041747,0.3163554072380066,0.2241693,0.19546238126165943
SEPTIN9,-0.006096005439758301,0.7076921272237733,0.5957486033439636,-0.1562846,0.36996446695028057
DSTN,-0.006110787391662598,0.8957530510584543,0.6040340662002563,-0.3941463,0.01913695556835889
TMEM33,-0.006129026412963867,0.4796392056138786,0.3707045018672943,-0.32413137,0.0574871642510758
RHOC,-0.006129622459411621,1.0492081903649155,0.8867531418800354,0.5393961,0.0008265702416452682
VRK3,-0.006130695343017578,0.5208801312085143,0.45039066672325134,-0.33337522,0.05034291999226065
PEBP1,-0.006139636039733887,1.3828032757295183,1.1181060075759888,-0.66127294,1.5276854933561744e-05
SPINT2,-0.006172537803649902,1.049211371673523,0.8030028343200684,0.65263706,2.1485876997642166e-05
PA2G4,-0.006232261657714844,0.7478847477370257,0.6045395731925964,-0.3279319,0.0544583728336946
MFF,-0.006252169609069824,0.7617045865820645,0.5947157144546509,0.57247853,0.0003261759979432938
CAP2,-0.006258487701416016,0.7208883156139476,0.5595047473907471,-0.21047446,0.2248953375705458
POP7,-0.006269931793212891,0.43025231086580285,0.338601678609848,0.027359515,0.8760239043008852
SPRY4,-0.006277799606323242,0.7110531890975739,0.5608745813369751,0.013506555,0.9386178549740445
DHTKD1,-0.00628209114074707,0.7495993100157039,0.5656813979148865,0.4295109,0.010026398802748328
SURF6,-0.006284594535827637,0.5442002964094673,0.4350719451904297,-0.35442433,0.03670714623255422
CDC37,-0.006294131278991699,0.7203875835616368,0.5194724798202515,-0.47999394,0.003522586704827651
NAPG,-0.0063016414642333984,0.5108078573397045,0.4213254153728485,0.13021176,0.45593991221359437
UBE2L3,-0.006303668022155762,0.8973436413844098,0.6888973116874695,-0.50578564,0.0019377557358370618
ASF1B,-0.0063152313232421875,0.41758253846365334,0.32849571108818054,-0.26325172,0.12652443057621532
ACTR1B,-0.006322145462036133,0.5519025764617389,0.43598857522010803,-0.13703933,0.4324501247437932
SFSWAP,-0.006335854530334473,0.43115847832710186,0.34003910422325134,-0.03658394,0.834727195929444
UBA2,-0.006344914436340332,1.3026960787656063,1.0741370916366577,0.48551953,0.003111139545415459
CTSS,-0.006353616714477539,0.47972196212884954,0.36742058396339417,-0.10692412,0.5409647990102557
IRS2,-0.0063877105712890625,0.5788463782934704,0.4434027671813965,-0.34421766,0.04288683276284084
COG2,-0.0063893795013427734,0.4803023321481507,0.3637007474899292,0.16262043,0.35062952180530876
CTSL,-0.006425976753234863,1.1172455992630137,0.9594632983207703,0.63260967,4.554174747209065e-05
WDR13,-0.006456613540649414,0.6615194207366011,0.4686856269836426,-0.1811389,0.29770901100803787
RAB12,-0.006459832191467285,0.5242437444831216,0.38768312335014343,-0.19059516,0.27276505452555483
ACOX1,-0.006460785865783691,0.6812777277352052,0.5170354843139648,-0.24175161,0.1617728761696384
TSTD1,-0.006461501121520996,0.8094513625129545,0.6159477233886719,-0.15057796,0.38790814209118674
DCTN2,-0.0064847469329833984,0.7882297767491275,0.6100919246673584,0.5230682,0.0012640744733162432
EIF2S3,-0.006492018699645996,0.698445686616645,0.5386965870857239,-0.36195222,0.03262964147456243
MAGT1,-0.006492257118225098,0.7311231160732291,0.56614089012146,-0.6342562,4.289951798294696e-05
MACROD1,-0.0064945220947265625,0.7429068041146982,0.5332652926445007,0.2005531,0.24801626994898568
DDX54,-0.006507515907287598,0.7238488331779999,0.573261022567749,-0.4504402,0.006620837064216881
DDX46,-0.006509661674499512,0.4880627257592911,0.4090712368488312,0.18228486,0.2946112124879286
UQCC2,-0.006510496139526367,0.41628956618148344,0.3226820230484009,0.36312264,0.03203021456681849
AARSD1,-0.0065222978591918945,0.9571695033270571,0.765064001083374,-0.56284803,0.00043190526143815943
SCAF4,-0.00653529167175293,0.5277075748711743,0.45218780636787415,-0.7495116,2.205563836582455e-07
YJU2,-0.006536126136779785,0.5134448866217062,0.4125704765319824,0.68399686,5.898041942039155e-06
DNLZ,-0.006540775299072266,0.6081238397898883,0.4602644145488739,-0.075780794,0.6652573631011984
HMGB2,-0.006574511528015137,1.3609146519176274,1.1281135082244873,-0.7637666,9.426942003736704e-08
ACO1,-0.00659489631652832,0.6328295010767228,0.4731178283691406,-0.3046699,0.07514629747269483
PRKD2,-0.006599307060241699,0.4308496711032458,0.3401488959789276,-0.2829376,0.09957058626390691
MYO5A,-0.006599903106689453,0.5183533818373516,0.4339327812194824,-0.2002591,0.2487246633410388
IGSF3,-0.0066176652908325195,0.5726835788175001,0.46007460355758667,-0.29172772,0.08905245898337863
ITGB5,-0.006622672080993652,0.49031184826741325,0.38969507813453674,-0.17108771,0.32576504486302965
TRIR,-0.006635427474975586,0.7106979301827208,0.5083455443382263,-0.28316918,0.09928183125869997
GADD45GIP1,-0.006636857986450195,0.5344716726385008,0.4226120710372925,-0.52160645,0.0013117279211370945
TAX1BP1,-0.006641745567321777,0.4799313680190258,0.364563524723053,-0.39367172,0.019295145961054503
MYO1E,-0.006641864776611328,0.626321135381178,0.49862197041511536,0.21664232,0.21128642484291887
RAB1B,-0.006649494171142578,0.7683094607704033,0.5815012454986572,-0.60156053,0.0001322248730676624
GRPEL2,-0.006654500961303711,0.39320738734211375,0.3100493550300598,0.096086115,0.5829493569220495
WDR82,-0.006673693656921387,0.38673921010772927,0.30651426315307617,-0.47377825,0.004041062979152407
DHX30,-0.0066754817962646484,0.4518215571519551,0.36709433794021606,-0.089464806,0.6092911184910036
TRABD,-0.006698250770568848,0.5719813138603888,0.4670535922050476,0.0057921465,0.9736566335700405
DNM1,-0.006705641746520996,0.6751940386525376,0.5168726444244385,-0.5231116,0.0012626834610373707
PSMD7,-0.006709456443786621,0.5945422508635572,0.4161164462566376,0.26477614,0.12426176526812757
CENPV,-0.006717681884765625,1.1431436296700055,0.9428107142448425,-0.23813944,0.1683272067632051
TBL2,-0.006738066673278809,0.9065505877569859,0.7463120222091675,0.44174087,0.007891562283897318
IGF2R,-0.006742358207702637,0.7609639658623814,0.574894905090332,0.45336708,0.0062347555427743825
PI4KA,-0.006745815277099609,0.5177288483738738,0.4076973497867584,-0.1949702,0.2617001024540316
SEPTIN11,-0.006753206253051758,0.864732962992752,0.6621118783950806,-0.51558274,0.0015251819052804728
CPNE1,-0.006754159927368164,0.8771586697647763,0.7072648406028748,-0.41692764,0.012715806478102209
FCGRT,-0.006767630577087402,0.6657163333466647,0.5209404826164246,0.31405127,0.06616987255193628
EVPL,-0.006770610809326172,0.9608642115984161,0.7728524208068848,-0.01383551,0.9371255131282021
HEXA,-0.006772398948669434,0.939430442742437,0.8049066662788391,-0.7067391,2.083976163373757e-06
CCDC115,-0.0067778825759887695,0.4451080823488461,0.3599607050418854,0.07875939,0.6529088373670746
TXLNA,-0.006788372993469238,0.7978472668685043,0.6021569967269897,-0.43169442,0.009612804279554034
SRPK2,-0.00679171085357666,0.43766011986456677,0.35060784220695496,-0.029870313,0.864746749578543
OS9,-0.006798982620239258,0.6083041832963946,0.4840368628501892,-0.64398694,2.9917839567723572e-05
SH3BGRL,-0.006812691688537598,0.9046743441400958,0.7071731686592102,-0.29847103,0.08157932679343396
NMES1,-0.0068160295486450195,1.1328759011251668,0.8692673444747925,0.31199986,0.06805696064079074
WASF1,-0.006828665733337402,0.5994773744301695,0.4667574167251587,0.10065865,0.5650600214309885
ABCF1,-0.006828904151916504,0.7112002044570166,0.5619707107543945,-0.5176992,0.0014469450054088466
SQSTM1,-0.00685274600982666,1.6869849372648085,1.3565648794174194,0.7457206,2.7391201315996603e-07
BYSL,-0.006857633590698242,0.4815108465506033,0.3969556987285614,-0.017478619,0.9206168054591854
RFC3,-0.0068814754486083984,0.7415506541852861,0.5953301191329956,0.30448228,0.07533503903126924
CPM,-0.006900191307067871,0.6884161523599169,0.47719335556030273,0.11136842,0.5241753872134381
NOL7,-0.006910562515258789,0.45247081691465607,0.36496883630752563,0.0019731605,0.9910244872935753
COPB2,-0.0069152116775512695,0.5781785837033779,0.45874226093292236,-0.16780758,0.33526437028063893
NRF1,-0.006933450698852539,0.6683307804342712,0.5406961441040039,-0.8074769,4.587022096475107e-09
CAAP1,-0.006941318511962891,0.4175721720314884,0.3420313894748688,-0.401794,0.01673311813949282
CDK5,-0.0069419145584106445,0.662836873578919,0.5101436972618103,-0.54855466,0.0006451320270888726
ZNF706,-0.006949424743652344,0.8632990977656072,0.6678571701049805,-0.4722091,0.004181941414820676
SCARB2,-0.00695037841796875,0.6257821910531997,0.4920223355293274,0.20192629,0.24472511748432477
MMUT,-0.006976008415222168,0.5148930990506789,0.38617849349975586,-0.24442615,0.15703998445691314
B4GALT1,-0.00697779655456543,0.6405091762510758,0.5165865421295166,-0.63004565,4.9949801391534465e-05
PPP2R2A,-0.00698697566986084,0.6762298241812114,0.5511935949325562,0.10275237,0.5569537618326317
IPO9,-0.0069915056228637695,0.5255374915888842,0.43854063749313354,-0.5450954,0.0007090251018547053
PSMC1,-0.006994843482971191,0.5158451361787487,0.36387622356414795,-0.44192937,0.007861971238598234
HNRNPF,-0.006996870040893555,0.365313251158478,0.31558480858802795,0.16675584,0.33834597839202185
GMPS,-0.007012009620666504,0.8876479401658602,0.7267438769340515,-0.5601782,0.0004661618518180775
TIMM8B,-0.007019639015197754,0.5644780189806129,0.4263945519924164,-0.20339313,0.24124182547489453
CCDC43,-0.007021665573120117,0.4961744528180771,0.3427635133266449,0.3386312,0.046608753166363724
PPP1R8,-0.00702977180480957,0.5594677523216443,0.4459730088710785,-0.6294771,5.0978127591590294e-05
TBC1D15,-0.007030606269836426,0.5391785317087778,0.42919933795928955,-0.5269895,0.0011436801627228747
NUDT3,-0.0070345401763916016,0.7438903147307332,0.6207648515701294,-0.5866635,0.00021224365753940485
CDC34,-0.0070465803146362305,0.43042383392339106,0.3578147292137146,-0.45061302,0.006597480581620179
SEPTIN6,-0.007050156593322754,0.44794509117365433,0.3189874589443207,0.25886005,0.1332142101961566
PAPSS2,-0.007060885429382324,0.7605771239485489,0.6088200211524963,0.4061077,0.015492485891756235
ESD,-0.007062315940856934,1.0421146510341188,0.8577871322631836,-0.7326021,5.6365162104288e-07
FGB,-0.00710904598236084,0.6363651955650474,0.5096280574798584,0.34360182,0.04328498104562072
SF1,-0.007110476493835449,0.4278179243871013,0.33949682116508484,0.29887378,0.08114877600780096
GOLPH3,-0.007111310958862305,0.5443670531523886,0.44096851348876953,0.13033867,0.45549697623134355
MICAL1,-0.007116436958312988,0.5502747174733719,0.48173293471336365,-0.22701246,0.1897065716925291
PREB,-0.0071228742599487305,0.4371012334943222,0.34130844473838806,0.5937967,0.0001697004863894116
FTSJ3,-0.0071337223052978516,0.62124065844998,0.5022254586219788,0.09707737,0.5790500052856743
KRAS,-0.00714719295501709,0.5172286959372863,0.3795905113220215,-0.069347866,0.6922195197370853
UBE2Q1,-0.007163405418395996,0.44193329193243847,0.3509674370288849,-0.14468339,0.4069637825191389
ELP1,-0.007174849510192871,0.46432151630195434,0.3646150529384613,-0.48514754,0.003137468594263492
SEL1L,-0.007180571556091309,0.6973790949967739,0.5412214994430542,-0.6822871,6.354295844342567e-06
APEX1,-0.00718379020690918,0.9600102672921925,0.7780345678329468,-0.45580447,0.005928154845386096
BCAT1,-0.007195234298706055,0.6624892953691623,0.46168577671051025,0.14776728,0.39692877748760447
KYNU,-0.007222890853881836,0.8975671616079854,0.6651812791824341,0.275257,0.10951192184689862
GMFB,-0.0072394609451293945,1.0785379033756506,0.8652074337005615,0.5220571,0.0012968721502353811
FAR1,-0.007244110107421875,0.5453905120836378,0.42498886585235596,-0.5659649,0.0003947599873946365
STX4,-0.007261514663696289,0.6430242549257896,0.5557242035865784,-0.6967254,3.3334263372956533e-06
ITGA6,-0.007270336151123047,1.322511951486275,1.0435547828674316,-0.6134331,8.913812889840345e-05
FYCO1,-0.007272243499755859,0.45073958324999436,0.3595544397830963,-0.29555526,0.08474878745806275
PODXL,-0.007289290428161621,1.018111427830203,0.809205174446106,-0.55846834,0.0004893512133014496
DNTTIP2,-0.007297635078430176,0.4680257288104167,0.4066912531852722,0.025393687,0.8848699892400396
UBL3,-0.007298827171325684,0.5246510174571185,0.4406468868255615,0.2289494,0.1858540054331357
RNF126,-0.007300257682800293,0.6109564629463052,0.4942171275615692,-0.65792334,1.745991621421472e-05
POLR3F,-0.007310390472412109,0.5189796330161968,0.40291890501976013,-0.5798562,0.000261493601604876
TAGLN,-0.007313251495361328,1.6607829268724557,1.277122139930725,-0.4232954,0.01128731129428554
TCF12,-0.00731348991394043,0.6399457167910009,0.4804008901119232,0.020580491,0.9065855005794502
PRPF38A,-0.007317900657653809,0.5656850235003635,0.44207337498664856,-0.5698414,0.00035254606632539377
ACOT7,-0.007319927215576172,1.0578165614896757,0.8950515985488892,0.5322275,0.0009986647144687444
THUMPD1,-0.007328629493713379,0.5484657856311926,0.38579457998275757,-0.2804753,0.10267980886211125
FSTL1,-0.007340431213378906,0.6827155657646978,0.5192866325378418,-0.2773625,0.10671520960116435
MRPL39,-0.007342338562011719,0.43765753225937454,0.3633948266506195,-0.54647315,0.0006829364969518509
HPDL,-0.007348418235778809,0.7484655179889718,0.6108802556991577,0.05823127,0.7396843189806369
IARS2,-0.007353067398071289,0.7577496532060565,0.6253830790519714,-0.55943644,0.00047609955058422503
FLNB,-0.007360935211181641,1.0789534661349653,0.9639937281608582,0.33142996,0.05178409726450229
PGM1,-0.007372260093688965,0.7021642054457244,0.5668155550956726,-0.09210275,0.5987359068381682
BIRC6,-0.007379770278930664,0.3917270183565525,0.3140869736671448,0.39039314,0.020418041323508627
NEK9,-0.007409572601318359,0.5796999742343089,0.4595966339111328,0.48067886,0.003469155797097412
NOL9,-0.007416367530822754,0.4896803076726504,0.38331708312034607,-0.2671514,0.12079622387492617
PPP2R5E,-0.007421374320983887,0.8621250885748655,0.7047508955001831,-0.5983372,0.0001467727064528633
NUMB,-0.00742185115814209,0.5640875612646079,0.4754895269870758,-0.59501046,0.0001632765559213728
EIF3I,-0.0074242353439331055,0.8378989479345156,0.6000750064849854,-0.49564838,0.0024643860946994616
MAP2,-0.007435202598571777,1.2795367532887294,1.0983257293701172,-0.77104074,5.970244652004361e-08
SPOUT1,-0.0074388980865478516,0.5423825619415045,0.41426703333854675,0.22531489,0.19312865663636095
SNX27,-0.007443785667419434,0.6166286110949146,0.4611143469810486,0.47044125,0.00434572987861442
CIAO1,-0.007444024085998535,0.5237289016133992,0.3859217166900635,0.069521315,0.6914874574075027
HCCS,-0.007446885108947754,0.5921570339770429,0.5000055432319641,-0.3327315,0.05081624633007512
CERT1,-0.007469892501831055,0.5104506409944375,0.35314857959747314,-0.22634545,0.19104601533186377
MCEE,-0.007473349571228027,0.7190697000434018,0.5497801899909973,-0.55743134,0.0005039086633202163
RNF149,-0.007477402687072754,0.5460574715151277,0.43414953351020813,-0.59933627,0.00014211718208467758
ZC3H11A,-0.007514834403991699,0.7205467571385425,0.5845136046409607,-0.3330626,0.05057230431134269
CTSZ,-0.007525205612182617,1.12973393388346,0.968216061592102,0.71325976,1.5188091897801247e-06
PRMT1,-0.0075490474700927734,0.6894683403951385,0.49518150091171265,-0.58832914,0.00020153613200890838
MAPRE1,-0.007553815841674805,0.983301455309693,0.7602983117103577,-0.4583093,0.00562665120588885
CMPK1,-0.007562518119812012,0.9591281262588808,0.7527939081192017,-0.006915152,0.9685516309142964
PEX11B,-0.007564187049865723,0.500623165655883,0.4075976312160492,-0.36911306,0.029101738082720256
PACSIN2,-0.007600545883178711,0.7706334310226657,0.5653512477874756,-0.30887705,0.07101024478159156
ERI3,-0.007601618766784668,0.4715587863813812,0.38370487093925476,-0.6119342,9.377000342958068e-05
EXD2,-0.007613182067871094,0.360624690559823,0.282810777425766,-0.08261212,0.6370707926822389
ATP6V1C1,-0.007620334625244141,0.34772803604837776,0.254029780626297,0.029304646,0.8672851378874245
NCBP3,-0.007624030113220215,0.3049905077246679,0.25692814588546753,-0.19698124,0.256714979223452
CLIC4,-0.0076291561126708984,0.9489193667895465,0.7474701404571533,-0.46970043,0.004415990322694577
SGPL1,-0.007649421691894531,0.7927510756717194,0.5571199059486389,-0.28824338,0.0931145547080059
PLEKHG3,-0.007653474807739258,0.3211782896402979,0.27411705255508423,0.058628224,0.7379717795407479
PAXBP1,-0.007654666900634766,0.3224238845174701,0.24434161186218262,0.09445446,0.5893937037127773
ARHGAP17,-0.007666826248168945,0.5951466446970468,0.46237584948539734,-0.41760164,0.012557728518026863
AGPAT1,-0.007671952247619629,0.4344893819479513,0.33670327067375183,0.4021139,0.016638328634904432
CLDN3,-0.0076961517333984375,0.4172438101323648,0.33015578985214233,-0.46438533,0.004949525788566525
CREB1,-0.007708549499511719,0.5764940815677219,0.4738386571407318,0.55616045,0.0005222732335704678
NIPSNAP1,-0.0077103376388549805,0.5896775725256291,0.46879783272743225,0.19186984,0.26951020690542865
BZW1,-0.007719755172729492,0.5027190128282334,0.39228999614715576,-0.021748684,0.901308556245595
POLR1B,-0.007720947265625,0.3117339281101225,0.25640109181404114,-0.27906454,0.10449407015455928
MLPH,-0.007757902145385742,0.7823590608122943,0.5740728974342346,0.00011316314,0.9994853834983669
TKT,-0.007764101028442383,1.0019836421133856,0.7501351237297058,-0.056729905,0.7461721875580286
PEX14,-0.007768034934997559,0.549084640777339,0.41279247403144836,0.22718431,0.1893624288745889
SPAG9,-0.007775306701660156,0.5243547857159818,0.3555281460285187,0.24072437,0.1636179526326187
GPX7,-0.00778961181640625,0.5634214483377079,0.4409704804420471,-0.05895189,0.7365764367313715
OPTN,-0.007804751396179199,0.44272930058212856,0.3546573221683502,0.18223268,0.2947519087502495
RBM4,-0.007807612419128418,0.48214715401939834,0.38770100474357605,-0.3392045,0.04621519558301773
ASDURF,-0.007819175720214844,0.3906481163814398,0.3080873191356659,-0.32502896,0.05676011623566514
LEMD2,-0.007825493812561035,0.7753406960197093,0.6061503887176514,-0.39841163,0.017763094302164502
YWHAQ,-0.007836461067199707,1.0637532304295618,0.883013129234314,-0.7082782,1.935521154719517e-06
NCAPG,-0.007845759391784668,0.7897872240496191,0.638025164604187,0.2037669,0.24035943888783845
COPS2,-0.007850170135498047,0.5951149209620673,0.45617926120758057,-0.6125187,9.193837231583711e-05
PDCD11,-0.007852435111999512,0.612261270203606,0.5120447278022766,-0.22047612,0.2031196724181608
GNE,-0.007901191711425781,0.5174961816950926,0.4235488772392273,0.128253,0.46280280436068877
SMARCE1,-0.007936835289001465,0.5714851499331912,0.4870480000972748,-0.667815,1.171245385888779e-05
PDAP1,-0.007943511009216309,0.673225287968742,0.5462479591369629,-0.43136105,0.009674983513672568
SIAE,-0.00794839859008789,0.7050196235035919,0.5461532473564148,-0.42677912,0.010565001088917036
NSFL1C,-0.007964134216308594,0.8708225050318394,0.5885800123214722,0.22840096,0.18693923824579758
CACYBP,-0.007965683937072754,1.0951492079014342,0.9024040699005127,-0.5574329,0.0005038866243795597
SMC1B,-0.007968664169311523,0.523728190311652,0.4258187413215637,-0.67552316,8.492067527418693e-06
PFDN5,-0.007979154586791992,0.9443432907244254,0.7519195675849915,0.20381442,0.2402476076170649
C11orf54,-0.007993936538696289,0.5660282583781555,0.458296537399292,-0.44379196,0.007574582588201071
MDC1,-0.008001208305358887,0.6429657621997926,0.49349862337112427,-0.3674576,0.0298881415655459
IMPDH2,-0.008014082908630371,0.8963487643061164,0.6520925164222717,-0.39673707,0.01829229955481058
PRNP,-0.008025765419006348,0.6443319301474827,0.5269760489463806,0.37724555,0.02548112424807093
MAIP1,-0.00802624225616455,0.5582395110607685,0.428653746843338,-0.1832529,0.2920103271548965
BOLA2,-0.008026361465454102,1.4438313911252016,1.2106595039367676,-0.40271732,0.01646077958557528
RALA,-0.008028388023376465,0.4766704874730311,0.3846206068992615,-0.0077460725,0.9647746005847947
ATIC,-0.008039355278015137,1.1704505400997358,0.9361371994018555,-0.5237922,0.0012410384885325008
ISCU,-0.008045077323913574,0.747655063735834,0.6224830150604248,0.77291733,5.292290597087824e-08
IDI1,-0.008077144622802734,0.5527335931887001,0.47318413853645325,0.40618074,0.015472153130100256
TTC37,-0.008105158805847168,0.458894306841823,0.34891748428344727,0.35084015,0.038789050682193245
TPBG,-0.008107304573059082,1.0127348050663418,0.8518636226654053,0.025096472,0.8862091183158239
RBPMS,-0.008119821548461914,0.6872746791939176,0.5776548385620117,-0.5318851,0.0010076216967089238
GPALPP1,-0.008146166801452637,0.3085191250156024,0.2642177939414978,0.33649337,0.04809980928888728
CCT2,-0.00814664363861084,0.7826614218868636,0.5940507054328918,-0.56649125,0.0003887764799904183
MRPL58,-0.008151054382324219,0.47925019227304116,0.3892112672328949,0.36179793,0.0327093157532837
DEK,-0.008162617683410645,0.7734111819943311,0.5965149402618408,-0.6893274,4.660487638843539e-06
CDC42BPB,-0.008168220520019531,0.5445415030653905,0.43176037073135376,-0.3641951,0.03148895793267129
IPO4,-0.008173823356628418,0.8786180489938511,0.6776728630065918,-0.3502863,0.03911911645651615
PDF,-0.00819861888885498,0.6605684697587684,0.5420719981193542,0.40167242,0.016769259298043685
IRGQ,-0.008204221725463867,1.0877198884899781,0.8793237805366516,-0.681455,6.587763462533477e-06
MUC1,-0.008209824562072754,1.3215010219949617,0.9681338667869568,-0.30681255,0.07301700792724293
PFDN4,-0.008211731910705566,0.8499269440053844,0.6646849513053894,-0.5483136,0.0006494127165501348
PPID,-0.008222341537475586,0.7761675500005318,0.6214307546615601,-0.57320863,0.00031919395997167946
LXN,-0.008254170417785645,0.7880687309948804,0.6240867972373962,0.47189987,0.004210199281291863
SMARCA1,-0.008258819580078125,0.4885158433033687,0.3634338676929474,-0.289836,0.09124074872942103
P3H3,-0.008262157440185547,0.7323127360091644,0.580136239528656,-0.49113387,0.002736503931511494
COQ6,-0.008265972137451172,0.48767160121976894,0.3552805781364441,0.13482627,0.4399895854288004
CRYZ,-0.008279085159301758,0.7421598328904628,0.5683315992355347,-0.15338443,0.3790212910378461
SPTLC1,-0.008292913436889648,0.687059890153582,0.5294080972671509,-0.4270212,0.01051629341666338
RIC8A,-0.008299112319946289,0.6680224882226604,0.4835410416126251,-0.3070299,0.07280358626817433
RHOG,-0.008310437202453613,0.8372844646441836,0.6881431937217712,-0.64240795,3.174667053624655e-05
CSE1L,-0.008312582969665527,0.8652838010426945,0.7176727056503296,-0.547545,0.0006632321126388874
ELAC2,-0.008327960968017578,0.40879539707195023,0.3337794542312622,-0.21698695,0.21054341476760907
CARMIL2,-0.008331894874572754,0.48432880612032037,0.38033631443977356,-0.28451696,0.0976142365594482
TSFM,-0.008332014083862305,0.5203445493432987,0.42526453733444214,0.48391226,0.0032262767770140023
BRI3BP,-0.00834202766418457,0.6191935230846644,0.45419371128082275,0.41345865,0.013556211632424871
DHX36,-0.008367180824279785,0.4972746303608948,0.4011266529560089,-0.42395934,0.011146505897875613
KRT85,-0.008372068405151367,2.437896500641353,2.201063871383667,0.6604193,1.5808379588023843e-05
MRPS16,-0.008376121520996094,0.5878910812426853,0.46069422364234924,-0.42291713,0.01136819332996305
TNKS1BP1,-0.008401274681091309,0.6628965801270493,0.5545496344566345,-0.46791184,0.004589695457746247
PPP5C,-0.008438467979431152,1.2958187259860654,1.0608456134796143,-0.6694724,1.093864848408788e-05
DRG2,-0.008444070816040039,0.4454726884735385,0.33807846903800964,-0.37780997,0.025244285031792314
CDK2,-0.008451342582702637,0.5537809835596597,0.41116437315940857,0.41335878,0.013581059858665149
CNNM4,-0.008453369140625,0.6634825698629985,0.5010779500007629,-0.13939583,0.4245007284298805
ZBTB7A,-0.008460164070129395,0.548437067450111,0.4350334107875824,0.39002237,0.020548367927006286
PREP,-0.008476614952087402,0.8448593829038331,0.6917155981063843,-0.5945905,0.00016547478342852172
NOL11,-0.008482217788696289,0.4397079576614632,0.36091628670692444,-0.4367736,0.008706482559706264
NDUFAB1,-0.008486509323120117,0.48445201077000144,0.3836195468902588,0.3889033,0.02094597970477408
MACF1,-0.008503556251525879,0.6713902032935143,0.5409100651741028,-0.368866,0.029218039688144393
STX18,-0.00851738452911377,0.5153631932832754,0.41243526339530945,0.51554334,0.0015266751122639203
NDUFA2,-0.008517622947692871,0.5744630722000218,0.4606165289878845,-0.12519468,0.47362729876804505
EIF4H,-0.008539438247680664,0.7241645537573481,0.5314370393753052,-0.4262967,0.010662627185702322
UBE2Z,-0.00854182243347168,0.5232274217504981,0.34895750880241394,-0.2387085,0.16728217204603205
ECE1,-0.00855255126953125,0.7902599351325382,0.6353703141212463,-0.6744279,8.894089146830481e-06
RTF1,-0.00857079029083252,0.6652510832985964,0.5225849747657776,-0.36762396,0.02980836590107231
GLOD4,-0.008587360382080078,1.1414552044928572,0.9374984502792358,0.7419366,3.387772374070096e-07
GCN1,-0.008596420288085938,0.6357149039184357,0.48645564913749695,-0.30708462,0.07275007337625822
GNL3,-0.008596658706665039,0.6570577418807193,0.5357035398483276,0.19008675,0.27407040346225836
ACADS,-0.008616209030151367,1.0156189551540362,0.8294848799705505,-0.70161974,2.6559272277985526e-06
KIFC1,-0.008622884750366211,0.723805436562588,0.5527415871620178,0.368456,0.02941181885107838
PCDH1,-0.008625984191894531,0.6817448708467542,0.5269726514816284,0.49295908,0.002623495410065077
PITPNB,-0.00863194465637207,0.9110804437468049,0.7336899042129517,0.6696628,1.085286685355992e-05
AKAP17A,-0.008638620376586914,0.5006109022329558,0.4104034900665283,-0.42154485,0.01166577298337461
DHX8,-0.008639812469482422,0.3523999306830253,0.291593998670578,-0.37376922,0.026980457099241795
NIPSNAP3A,-0.0086517333984375,0.5891857392687522,0.44993019104003906,-0.17362429,0.31853492243213194
GOLM2,-0.008695363998413086,0.93220132073884,0.760035514831543,-0.59975773,0.000140193592817044
SGTA,-0.0087050199508667,1.4460033518328936,1.268802523612976,-0.6943684,3.7129990576785146e-06
EXOSC3,-0.008732438087463379,0.34289277001955265,0.2702268958091736,0.24985546,0.14774117994651906
ITGB4,-0.008735895156860352,1.6031119690006679,1.314149022102356,0.16284007,0.349970225622368
MPRIP,-0.008736729621887207,0.7190913757998529,0.6192246675491333,-0.5936885,0.00017028420714409464
ABHD12,-0.008745074272155762,0.560807675822876,0.452573299407959,-0.2824485,0.10018229416001122
ALKBH5,-0.008758187294006348,0.5414839827756681,0.41622596979141235,-0.555998,0.0005246617081475684
UCK2,-0.008759140968322754,0.9931814066554931,0.7950838208198547,-0.62404877,6.18011055298866e-05
ARHGEF2,-0.008766770362854004,0.8507609663577965,0.6471481919288635,-0.11273338,0.51907069237286
RPS19BP1,-0.008768916130065918,0.583637402394331,0.48469623923301697,0.09677685,0.5802310035277709
POLR1A,-0.008775115013122559,0.41240542295707877,0.31510308384895325,0.15446988,0.3756165615222583
CPD,-0.00879526138305664,0.6700246303927542,0.521364152431488,0.5891683,0.00019632637356418258
TSR1,-0.008797883987426758,0.4356756832406607,0.3509233295917511,-0.08168282,0.6408771451265325
RAP1A,-0.008852005004882812,0.6689713967242834,0.4924565851688385,0.5160323,0.001508264920710517
MRPL41,-0.008863568305969238,0.5110867798439868,0.40856748819351196,-0.68898517,4.732215814932752e-06
CCDC51,-0.008871197700500488,0.6157588600205828,0.4812912940979004,-0.39818496,0.01783395512699885
HIP1R,-0.008876323699951172,0.5792089044368559,0.48038625717163086,0.1368923,0.4329486640317034
HACL1,-0.008894562721252441,0.5253497820439753,0.42770084738731384,-0.6503174,2.35043868604298e-05
RIOX2,-0.00889575481414795,0.5217856918943696,0.4256526827812195,0.091557585,0.6009106704875358
SERF2,-0.008901476860046387,0.43933782124482235,0.340665340423584,0.10975273,0.5302491903626277
CKAP5,-0.008901596069335938,0.6833085255267833,0.5347880125045776,-0.72377974,8.949378831608011e-07
MAPRE2,-0.0089111328125,0.6949073382567797,0.5173846483230591,-0.34519237,0.042262662475789574
JPT1,-0.008914828300476074,1.0086805168906179,0.7909625172615051,-0.5572854,0.0005059875541007245
CHAF1A,-0.00892496109008789,0.5514647929504166,0.4372680187225342,-0.54066837,0.0007989323402510657
GINS4,-0.00895237922668457,0.7426823221353772,0.5784486532211304,-0.384462,0.02258745119291233
TASOR2,-0.008957862854003906,0.569606657752898,0.4694640040397644,-0.30801877,0.07183914336874771
USP14,-0.008959293365478516,0.8376318258472213,0.6483741402626038,-0.34101295,0.044991421409271114
TRUB1,-0.008965253829956055,0.4943792196833994,0.3725953698158264,0.1545606,0.3753328109238755
TUBB4B,-0.008973836898803711,0.9378964857294076,0.7253934741020203,0.18947461,0.27564741702067436
UBE2I,-0.008988261222839355,1.0426343174495076,0.8717010021209717,-0.6734386,9.272105584434034e-06
C12orf57,-0.008989930152893066,0.8410667563352898,0.6370490193367004,-0.67416584,8.992850446277321e-06
HK1,-0.009011507034301758,0.5955834440483239,0.4513671398162842,-0.4258637,0.010750892246343522
PSMB5,-0.009012579917907715,0.6924331711290248,0.534115195274353,-0.13194066,0.44992797080734204
MRPL47,-0.009013175964355469,0.506028813444538,0.41142529249191284,-0.3885326,0.021079056353912988
PDCD4,-0.009013891220092773,0.7853366777346673,0.6269425749778748,-0.7031557,2.4708439976452743e-06
SRP54,-0.009018182754516602,0.5509522355262524,0.406188428401947,-0.4788487,0.0036135310158504196
TBCB,-0.009028077125549316,1.3845825935214089,1.1459298133850098,-0.76574683,8.338052771820016e-08
USP5,-0.00903010368347168,0.939244586219243,0.7207370400428772,-0.6413643,3.301021080666419e-05
SCEL,-0.00903022289276123,0.5077555697880801,0.4101736843585968,0.47359,0.0040577426833659745
TMEM192,-0.009042143821716309,0.6186775136161515,0.5134402513504028,-0.28562197,0.09626294081814557
PGK2,-0.009045720100402832,0.7122255750507118,0.5189477205276489,-0.615961,8.179098015537056e-05
EIF2S2,-0.009053945541381836,0.5204312839038338,0.3952305316925049,-0.2532198,0.14218435383039063
CAV2,-0.009062647819519043,0.5448792143499244,0.4019779860973358,0.18298659,0.29272433122369174
PDE6D,-0.00907289981842041,0.6090383333252971,0.47767987847328186,-0.66680026,1.221039790396241e-05
EEF1A2,-0.009076237678527832,0.8115794395468006,0.6206534504890442,-0.3435708,0.04330509791490061
GSS,-0.009087085723876953,0.7022027431067764,0.5204107165336609,-0.26048386,0.13071101969768506
GPAA1,-0.009098052978515625,0.6394098666874509,0.5139320492744446,0.30339324,0.07643773083781556
MCRIP1,-0.009138107299804688,0.8971498965279199,0.6916730403900146,0.4588158,0.005567311910668441
OGT,-0.00915217399597168,0.6382123828281374,0.525397002696991,-0.6520436,2.198673450401906e-05
CTNND1,-0.009156107902526855,1.108903704185192,0.9239720106124878,0.73642063,4.588556343953783e-07
RPL4,-0.009157061576843262,0.5227325303959203,0.4256855547428131,-0.12088895,0.4890889901257714
NOP9,-0.009176850318908691,0.386605197919851,0.2945384383201599,-0.08281013,0.6362609934765977
ACTN4,-0.009183406829833984,1.1324297554344585,0.9393381476402283,0.63055044,4.905275738693265e-05
SUN1,-0.009197711944580078,0.6537384383016217,0.5556653141975403,-0.14068432,0.420188748521752
GABPA,-0.00920093059539795,0.4637091919714539,0.38481923937797546,0.7291506,6.768308631991332e-07
HMGN4,-0.009205222129821777,0.5383485129177741,0.4358399212360382,0.15261923,0.3814324621370359
BRD3,-0.009213566780090332,0.5750675027034949,0.4653607904911041,0.293672,0.08684587128901602
PRIM1,-0.009221553802490234,0.4606733696850593,0.3498368263244629,0.08864689,0.6125796663970716
DYNLRB1,-0.009227275848388672,0.6935119461042782,0.5488820672035217,-0.3167184,0.06377825624066105
EZH2,-0.009230971336364746,0.5921435961389211,0.47814705967903137,-0.12211155,0.48467246391401536
TTC1,-0.00923776626586914,0.7286908550046161,0.6106496453285217,0.03414418,0.845612070026809
TNPO1,-0.009241700172424316,0.7591808981526357,0.5669713020324707,-0.45828462,0.0056295558985371905
SNX18,-0.009247064590454102,0.7636266436438169,0.6183338165283203,0.32883707,0.05375607339233075
HDAC2,-0.009272933006286621,0.5708228401509771,0.480413556098938,-0.7728135,5.3278211911975e-08
CRABP2,-0.009292125701904297,1.1357412953262565,0.884014904499054,0.1658483,0.34101886049378577
QTRT2,-0.009292244911193848,0.5546290407134613,0.4502633213996887,-0.4401698,0.008141950660328327
NARS1,-0.009331703186035156,0.8674527011916133,0.6687440872192383,-0.5633659,0.000425526318055774
SIRPA,-0.009343385696411133,0.5752816515955388,0.45763924717903137,0.07374963,0.6737276922684926
CRMP1,-0.00935828685760498,1.678693326332869,1.3627135753631592,0.50231135,0.0021059178603725
MRPL44,-0.009369850158691406,0.38793246225116235,0.32039210200309753,-0.4750683,0.003928333483039714
SPCS2,-0.00939035415649414,0.5172462118884946,0.4050885736942291,-0.055859245,0.7499427937606793
F11R,-0.00940406322479248,1.0945010739944647,0.8926356434822083,0.21501452,0.21482178954024003
PPME1,-0.00941169261932373,0.6777736201727703,0.5132067799568176,0.54106206,0.0007905463894002318
DYNLT1,-0.009442806243896484,0.635949260781002,0.4766503870487213,-0.040281273,0.8182893216022646
ATRX,-0.009442925453186035,0.469295391056921,0.35059309005737305,-0.59500897,0.0001632846168217589
TSN,-0.009476661682128906,0.881424682294617,0.6665237545967102,-0.6550853,1.9526976622784026e-05
MIEF1,-0.009479403495788574,0.3032573858204498,0.25906068086624146,0.022520024,0.8978260669424148
MAX,-0.009505391120910645,0.5389003233280936,0.40746891498565674,-0.3234275,0.05806253845457941
THOC2,-0.009509563446044922,0.3170065542221904,0.2610774636268616,-0.3360904,0.04838516019987635
NECAP1,-0.009518742561340332,0.6077167494405457,0.4688741862773895,-0.10721685,0.5398509433919889
RFC2,-0.009528040885925293,0.7243622720964454,0.5924657583236694,-0.51473576,0.0015575217226712985
SLC25A1,-0.009536027908325195,0.6752660694957195,0.5675578713417053,0.035889268,0.8378233126387754
GPD2,-0.009536147117614746,0.6952486544667721,0.5340765714645386,0.58372486,0.00023238226246768384
UBR4,-0.00954139232635498,0.6072231347842202,0.4331949055194855,-0.43212926,0.009532188609263201
SART3,-0.009543299674987793,0.4486980571809336,0.34482428431510925,-0.45817775,0.005642143742355477
MRPS9,-0.00955045223236084,0.4764835417327875,0.38503000140190125,0.6806469,6.821961603838247e-06
SUB1,-0.009553670883178711,0.8844211741548577,0.7359718680381775,-0.61065876,9.788046387944995e-05
PM20D2,-0.009581565856933594,0.8568637221670294,0.6728110313415527,0.3934303,0.019376069157980434
RANBP3,-0.009600162506103516,1.123613668962,0.9458363056182861,-0.6626353,1.4462254542100142e-05
TOMM40,-0.009626626968383789,0.45736312228280407,0.368866503238678,-0.46255964,0.005145166557345414
COX7A2L,-0.00962984561920166,0.7237664844434295,0.6008288264274597,0.467161,0.004664359859454148
NDRG3,-0.00964510440826416,0.585751771101185,0.45549485087394714,-0.55896235,0.0004825487363834863
TUBB,-0.009656786918640137,1.1338313289521629,0.9059790372848511,0.32594627,0.05602450100036261
MIEN1,-0.009661316871643066,0.7366835244941194,0.5479178428649902,0.25662434,0.13671855582182604
PDLIM1,-0.009674549102783203,0.9969207621626889,0.8001522421836853,-0.26549143,0.12321032437966319
UQCRH,-0.009674906730651855,0.8759790120680633,0.6904696226119995,0.23941442,0.16599230852489477
MSN,-0.009687185287475586,0.8996702278813928,0.6372930407524109,-0.11232785,0.5205848279207551
ITGB2,-0.009727239608764648,0.9006438985161431,0.735700786113739,-0.25351617,0.14170230697133435
UCHL3,-0.009745121002197266,0.9196957838830583,0.8085289597511292,-0.6062677,0.00011330105444041762
RBM26,-0.009746670722961426,0.6262698624558125,0.5152668356895447,-0.2915946,0.089205148847316
ARHGAP1,-0.009751319885253906,0.6020120204504859,0.5076305270195007,-0.020499937,0.9069496868433043
ETF1,-0.00976550579071045,0.8304765171610078,0.6167269349098206,-0.36837944,0.029448110454452725
STING1,-0.009788990020751953,0.8854431858953209,0.6806652545928955,0.7324582,5.680027136224962e-07
CORO1A,-0.009793639183044434,0.6618412341329365,0.5309523940086365,-0.47391555,0.004028931329974872
MRPS12,-0.009798526763916016,0.5646689771138063,0.4399469792842865,0.4926497,0.0026423588492206695
DDX47,-0.009816288948059082,0.5698253170679486,0.4662058651447296,-0.06214439,0.7228576591267213
GMPR2,-0.009826421737670898,0.44269875534766745,0.34896138310432434,0.0825804,0.6372005160033222
IGF2BP3,-0.009827017784118652,0.689146778895258,0.5459392070770264,-0.3494015,0.0396511128124815
PUF60,-0.009830713272094727,0.4121935428526376,0.3385678827762604,-0.18329696,0.2918924993113533
SAE1,-0.0098341703414917,1.113083350009056,0.9099677205085754,-0.7032908,2.4551468850876685e-06
RPRD1B,-0.009855389595031738,0.6553258064821843,0.5349785685539246,-0.59731627,0.00015167075168988893
COPS5,-0.009868144989013672,0.6687387412005857,0.5439744591712952,-0.5586991,0.00048616268925259483
STIP1,-0.009876251220703125,0.848834927878788,0.6689507365226746,-0.6386758,3.6477807762886015e-05
CIRBP,-0.00987708568572998,1.188079291141199,0.99560546875,-0.83280283,5.472825652114947e-10
SEC16A,-0.009886622428894043,0.6067446892690216,0.44936349987983704,0.03824591,0.8273292498609311
SLC4A7,-0.009900808334350586,0.6861234669166988,0.5806400179862976,0.5274047,0.0011315403284564097
MGST1,-0.009918808937072754,1.0939746081109598,0.914086103439331,0.6791204,7.285146657902789e-06
INTS7,-0.009925007820129395,0.33210950938930767,0.27496829628944397,-0.3174894,0.06309968429453493
C1orf198,-0.009927630424499512,0.9091683129931776,0.6947523951530457,-0.09308071,0.594842922283158
UBE3A,-0.009943246841430664,0.7067778960633848,0.5041702389717102,-0.36235026,0.032424784058686006
MRPL32,-0.009946823120117188,0.547100374920465,0.423188179731369,-0.6851139,5.616320816414479e-06
RPL24,-0.0099564790725708,0.5549744414553162,0.4291802942752838,-0.07136793,0.6837105462796468
SPATA20,-0.009973764419555664,0.5571264990738696,0.45846492052078247,-0.49263668,0.0026431537654267316
RNASEH2A,-0.00998997688293457,0.7715406952593123,0.5997093915939331,-0.7487194,2.308429821544824e-07
HYPK,-0.010024547576904297,0.5264941400363056,0.4004247188568115,-0.25489056,0.13948242360814989
FKBP10,-0.010031461715698242,0.9151670840668883,0.7428370714187622,0.33625507,0.048268358271751674
RFX5,-0.010032296180725098,0.5421957922309623,0.4554732143878937,-0.084473625,0.6294743395636373
SNTB2,-0.010046005249023438,1.030981606901217,0.8629478812217712,-0.7612907,1.0972265701964006e-07
PFDN2,-0.010048270225524902,1.2497341350106248,1.026909589767456,-0.6497129,2.4057920694234394e-05
SAMD1,-0.010071754455566406,0.9840912788473712,0.8070915341377258,-0.5629686,0.0004304131125995681
ZNF593,-0.010090947151184082,0.6076865646792955,0.522596538066864,0.2949107,0.08546208907256637
DTD1,-0.010091304779052734,1.1993228730467753,1.079967737197876,0.8210074,1.5351548882147816e-09
GSK3A,-0.01011502742767334,0.5989403487007093,0.48145627975463867,0.29435351,0.0860824131532612
PPIL3,-0.010152101516723633,0.3415491023494287,0.2714158296585083,-0.40126896,0.016889631142554762
SRCAP,-0.010156393051147461,0.5441917258515098,0.37607696652412415,0.19074334,0.2723853856793751
NCOR1,-0.01017618179321289,0.3134955522246054,0.2534463703632355,-0.0062430548,0.971606368630298
PPM1B,-0.01018822193145752,0.583736609523851,0.4728039801120758,0.3165144,0.06395871871001531
LYSMD2,-0.010194659233093262,0.3452549847651116,0.24520404636859894,-0.09579306,0.5841047481747941
GNA11,-0.010197758674621582,0.5484893133136043,0.45716819167137146,0.16887304,0.3321602364359839
SF3A3,-0.010221123695373535,0.41770798579302226,0.33209747076034546,0.18632862,0.28384505279870387
MINK1,-0.010225415229797363,0.6657645459822494,0.49663037061691284,-0.5265775,0.0011558356296963944
COL4A2,-0.010258674621582031,0.6611197398483691,0.5414416790008545,-0.24293631,0.15966384455137916
IGF2BP2,-0.010261774063110352,0.8131953711703049,0.6319979429244995,-0.039092578,0.8235663340358771
RAB27B,-0.010268330574035645,0.8481179663100128,0.621098518371582,0.6585059,1.7061004056565828e-05
ACLY,-0.010272026062011719,1.1049007938264428,0.8051854968070984,-0.6330403,4.483675119455648e-05
USP7,-0.010273456573486328,0.5796884583005156,0.4818989932537079,0.08697259,0.6193347827222943
CCDC88A,-0.010285377502441406,0.38084245301825,0.30913951992988586,0.09392403,0.591495030090091
MCM5,-0.010289788246154785,0.8447196475060175,0.6480126976966858,-0.626501,5.667832606111187e-05
PRC1,-0.010293841361999512,0.5559779187541504,0.4374874234199524,0.23861383,0.16745565660999573
STT3A,-0.010295748710632324,0.7294176260187438,0.5998420715332031,0.7252418,8.299387487187905e-07
FKBP11,-0.010325908660888672,1.0535461466621514,0.8925290107727051,0.2626149,0.12747870457435392
ECI2,-0.010335326194763184,0.8688871892832236,0.7321878671646118,0.52899635,0.0010860638403329622
SUGP1,-0.01036226749420166,0.3541525482654786,0.27498358488082886,0.4960134,0.0024434529804020044
PGD,-0.010373234748840332,1.289118817573044,0.9515858292579651,-0.026622884,0.8793369660184276
VPS29,-0.01038503646850586,0.5897804630508553,0.4459294378757477,-0.22214538,0.1996334184570057
TXNL1,-0.010389328002929688,0.8704773642299136,0.7131038904190063,-0.65066344,2.3192831681938126e-05
PRDX1,-0.01042628288269043,0.9661502409609106,0.7536849975585938,-0.31212172,0.06794361480424707
CCNB1,-0.01046299934387207,0.4643377226478071,0.37729090452194214,-0.24856855,0.14990818538999826
MRPS18A,-0.010464310646057129,0.44336082021334866,0.3480416238307953,-0.61887705,7.399657622944754e-05
ABCD3,-0.010472774505615234,0.8371166932057147,0.6680681705474854,0.6597879,1.621215682943721e-05
DPP4,-0.010536551475524902,1.2555258680357833,1.1143869161605835,-0.6592333,1.657453310907458e-05
TNPO2,-0.01054835319519043,0.5404393952452152,0.4285041093826294,-0.5611332,0.0004536420744894319
CUL4B,-0.010582685470581055,0.4855249505835908,0.4117768704891205,-0.43464482,0.009077053095769607
SYF2,-0.010585665702819824,0.578880769732574,0.46249476075172424,-0.56192,0.00044355176883970916
APOL2,-0.010614514350891113,1.2737674402721961,1.029392957687378,-0.33044297,0.05252785623535036
CCNK,-0.010637164115905762,0.3163102793258505,0.2458188533782959,0.117372744,0.5019051142455091
YWHAZ,-0.010667562484741211,0.7161006612691821,0.5638322830200195,-0.21725795,0.2099600451721811
MON2,-0.01067054271697998,0.49246176389702184,0.39903879165649414,-0.40651754,0.015378739042344738
GNL3L,-0.0106889009475708,0.4689716292007125,0.3587633967399597,-0.14029066,0.42150378663796484
UBAP2L,-0.010731339454650879,0.83181881767188,0.6038939356803894,-0.23988119,0.16514351365863222
MAGED2,-0.010736584663391113,0.5398848798130013,0.42253512144088745,-0.47934985,0.0035734865897297284
LRRC40,-0.010753512382507324,0.9196894649752936,0.7755463719367981,-0.74288535,3.213082504106537e-07
PCMT1,-0.010758519172668457,0.8389535843896574,0.6632218956947327,0.14523612,0.40515454897808406
VARS1,-0.010769963264465332,0.7912196896911052,0.6173194050788879,-0.49612805,0.0024369084410533802
PIP4K2A,-0.010776758193969727,0.5102612946627912,0.36798736453056335,0.08215298,0.6389503761072065
COPS4,-0.01077878475189209,0.7186185467799047,0.5358613133430481,0.3715376,0.027980731496566404
ADAM17,-0.010803818702697754,0.9404991813485751,0.7718446850776672,0.66836053,1.1452459177664597e-05
SLC16A1,-0.010828137397766113,0.6431718535636307,0.5229137539863586,-0.17786182,0.3066817993094449
PARD6B,-0.010840058326721191,0.7966454867283553,0.6382198929786682,0.47538012,0.0039014955757793734
PSMA3,-0.010875940322875977,0.6833341268984521,0.5047451853752136,-0.37413004,0.026821573880880977
EMC4,-0.010880470275878906,0.5111877948253157,0.3884110450744629,0.09554676,0.5850762686958092
TCAF1,-0.010889649391174316,0.5365496961946652,0.44320017099380493,0.3752867,0.026317294292371105
FKBP4,-0.010905146598815918,1.2160304121618883,1.0128625631332397,-0.57747996,0.0002809490236131959
BCL2L13,-0.010908842086791992,0.5862185249338349,0.46639639139175415,0.65857553,1.7013891269478862e-05
PARK7,-0.010916948318481445,0.9894011413436546,0.8105847835540771,-0.36601758,0.030586303624500797
ATP7A,-0.010930180549621582,0.7478853853178246,0.5798695087432861,0.19899882,0.25177690323567536
ABRAXAS2,-0.010938405990600586,0.36631165200372706,0.26737695932388306,-0.13667944,0.4336713601019709
RAB3GAP2,-0.0109480619430542,0.554913327090714,0.43290045857429504,-0.15014014,0.3893054930262652
HAUS4,-0.010948538780212402,0.3142518412210609,0.2699616551399231,-0.7372538,4.3851301615749753e-07
NDUFAF2,-0.010950565338134766,0.6188906095628468,0.51712566614151,0.37522948,0.0263420556211315
CXADR,-0.010953307151794434,0.7398898246299529,0.607341468334198,-0.15220712,0.38273472672386194
KMT2D,-0.010955333709716797,0.403371923067872,0.3265839219093323,-0.51019824,0.0017412012609844723
IDH1,-0.010979890823364258,1.2101924942529008,0.8763293623924255,0.14146647,0.41758341811800753
PPP3CA,-0.010986566543579102,0.4548556393819208,0.3798370063304901,-0.45355508,0.006210632676242802
C9orf78,-0.010987639427185059,0.5045970351450723,0.3800669312477112,-0.4237457,0.011191668354562971
UGGT1,-0.01103198528289795,0.6638049130973697,0.5632116198539734,-0.5421265,0.0007682674967902077
GSTP1,-0.011033177375793457,0.9529678027487152,0.7601130604743958,0.21866223,0.20695587969773943
HDHD5,-0.011034965515136719,0.548082055004768,0.43409964442253113,-0.024333637,0.8896464085608453
ADO,-0.011035799980163574,0.5983200874385471,0.497717022895813,0.1197187,0.49333575278565794
DAG1,-0.011041402816772461,0.8797007043094814,0.704846203327179,0.4957679,0.0024575188542209302
VTA1,-0.011052846908569336,0.8294330199471834,0.5958722829818726,-0.54614466,0.0006890771665451192
ERH,-0.011070013046264648,0.3874293070574726,0.29034286737442017,-0.5284127,0.001102550109629381
ANXA3,-0.011077404022216797,1.3798110630093405,1.1721091270446777,0.5797198,0.0002625767467746958
MYH14,-0.011080741882324219,0.8687119358972473,0.7043569087982178,0.5494604,0.0006292692927922861
PCNT,-0.011095404624938965,0.4824246394892878,0.3816952705383301,-0.27593794,0.10860146975364048
SAP30BP,-0.011102437973022461,0.4798599200441724,0.3930423855781555,-0.66943777,1.0954355403759474e-05
TM9SF4,-0.011104345321655273,0.717794072899059,0.6075468063354492,0.46790117,0.004590743178710853
CCAR1,-0.011110305786132812,0.33087040546139784,0.2596115171909332,-0.092654794,0.596537036867341
RCC2,-0.011135578155517578,1.4280277477848964,1.2185038328170776,-0.7811567,3.0748526388337495e-08
MED4,-0.01114654541015625,0.34086587814433145,0.27694669365882874,0.25978824,0.1317790481757459
ZC3HAV1,-0.011155128479003906,0.6260188857602634,0.4907943308353424,-0.08185129,0.6401865836554486
USP10,-0.011162400245666504,0.7129605193690286,0.5729710459709167,-0.515409,0.001531768861055612
GPX1,-0.011197686195373535,0.8158540455257723,0.6521828770637512,-0.43094242,0.0097535695650789
TCF20,-0.01121675968170166,0.5785084045907448,0.45856502652168274,0.35649905,0.03554413736897111
RABIF,-0.011222481727600098,0.5555416569030863,0.4293416738510132,-0.36094674,0.03315180148346261
SIN3A,-0.01122593879699707,0.5203892785779219,0.4071362018585205,-0.33059368,0.052413678538433754
CCT4,-0.011226415634155273,0.808749566291799,0.6295122504234314,-0.55333114,0.0005653071264064599
TMEM199,-0.011236429214477539,0.8287993870054468,0.653367817401886,-0.6039995,0.00012209251111738786
LASP1,-0.01124584674835205,1.1981690624653707,0.9814053177833557,0.45959398,0.005477194147618987
COPB1,-0.011258959770202637,0.6372025646769341,0.4495280683040619,-0.2250719,0.1936219328400177
GNAQ,-0.011285543441772461,0.517309990290893,0.40167275071144104,0.29771203,0.08239527894590738
TDRKH,-0.011322259902954102,0.6098769394847057,0.4903181791305542,0.27961484,0.10378352926654445
ATXN10,-0.011324048042297363,0.5902308526429477,0.4622814655303955,-0.09325951,0.5941323322514857
RBM33,-0.011330962181091309,0.6360748873682608,0.4951411783695221,-0.09986783,0.5681359751493658
RBM17,-0.011341214179992676,0.34607237153513215,0.2753523588180542,0.11827696,0.4985933011383958
PSMG2,-0.011342883110046387,0.6710657746742361,0.5376248359680176,0.03339867,0.8489439804769159
MRM3,-0.011366486549377441,0.42025149516010446,0.3079145848751068,0.42211258,0.011541862414567602
RBPJ,-0.011369943618774414,0.6256963665145083,0.5097604393959045,-0.3885143,0.02108566633291887
FN1,-0.01138603687286377,1.3571951477833115,1.0747170448303223,0.13883966,0.42636930466324996
OTUB1,-0.011418342590332031,0.9458329525637316,0.7313132286071777,-0.58676964,0.0002115467229059177
LAMTOR2,-0.011470913887023926,0.46164208241992977,0.384367436170578,-0.44379115,0.007574709300170164
PABPC1,-0.011479616165161133,0.5393473107755128,0.40890470147132874,-0.15549302,0.3724235836953035
CFAP298,-0.011513710021972656,0.635851497599008,0.4859727621078491,-0.09335726,0.5937445064212843
LANCL2,-0.011541485786437988,0.6521307774632051,0.5170517563819885,-0.07631839,0.6630219969895849
MBD1,-0.011552572250366211,0.4553140838951571,0.34966030716896057,0.33816406,0.04693131029942813
C9orf64,-0.01155853271484375,0.5774976832273176,0.42979997396469116,0.47996518,0.00352484361612968
CSTA,-0.011583447456359863,1.0154714028047493,0.7752090692520142,0.57499737,0.00030264568356926574
MCL1,-0.011596918106079102,0.6447234127380294,0.49939706921577454,0.30601797,0.07380101586609358
PFDN6,-0.011606693267822266,0.9479184133213147,0.7333359718322754,-0.50708723,0.0018778556656618925
LBR,-0.011610984802246094,0.6737215704219004,0.5455792546272278,0.29282066,0.08780680161518299
XYLT2,-0.011630773544311523,0.3785771976305137,0.29984012246131897,0.57485,0.00030397918956712145
TGM2,-0.011632442474365234,1.7023109800520544,1.4283133745193481,0.39746514,0.0180606304956396
NUDT8,-0.011654138565063477,0.5386499955102504,0.43522122502326965,-0.053340808,0.7608806874376524
SCPEP1,-0.011664390563964844,0.48644472738947764,0.39028725028038025,-0.15859355,0.36284634366995633
ACY1,-0.011666178703308105,0.7016418497117145,0.5373570322990417,0.10759627,0.5384090065324003
ANKRD22,-0.011744022369384766,0.6573883809687922,0.5206682682037354,-0.31443316,0.06582322328904143
RNF214,-0.011761188507080078,0.5120151331218558,0.3803781270980835,-0.32846308,0.05404534482664619
PSIP1,-0.011797547340393066,1.3988922061852218,1.1446870565414429,-0.8188715,1.8356313348168246e-09
XRCC1,-0.011804938316345215,0.6874227046864,0.5791527032852173,-0.65528244,1.9376497110045072e-05
MEPCE,-0.011805295944213867,0.37211142085103843,0.2638784348964691,0.05609308,0.7489293697832539
DCLK1,-0.011818289756774902,1.015264535171927,0.7383867502212524,-0.6073839,0.00010918690386719566
ACYP1,-0.011832237243652344,1.2664225384878423,1.0823960304260254,-0.74128973,3.511862319198896e-07
GPC1,-0.011833786964416504,1.0881760392332898,0.8852732181549072,-0.58199835,0.00024499529610454943
RAB6A,-0.011835932731628418,0.47819089186161845,0.367379367351532,-0.28236422,0.10028801305277123
NCAPH,-0.01183629035949707,0.8143628845718901,0.6816457509994507,-0.7026218,2.533800387067602e-06
RPS29,-0.011862874031066895,0.6667752227217585,0.4734533727169037,-0.20958883,0.22689753128431092
COPA,-0.011870622634887695,0.6250460607722066,0.49781161546707153,-0.116017245,0.5068907106021192
ANO6,-0.011889100074768066,0.5829570243349426,0.4292309582233429,-0.11070297,0.5266728462462877
TYMP,-0.01191103458404541,1.1485013879145671,0.9135633707046509,-0.402227,0.016604921017398525
ECI1,-0.011919379234313965,0.7865810088085485,0.6589149832725525,-0.12492634,0.4745833440496063
HADHA,-0.01192474365234375,0.7987133214107811,0.6972236633300781,0.40383646,0.016135695379192076
ZMYM2,-0.011957526206970215,0.5903719627436319,0.47330981492996216,0.47048765,0.004341363845102972
CD99L2,-0.011963486671447754,0.8050397453803124,0.6366173624992371,-0.30893576,0.07095375508745674
XPNPEP1,-0.011976838111877441,0.6178755244986569,0.48936811089515686,-0.6557571,1.9018522920023034e-05
TIA1,-0.011992216110229492,0.9929153596104001,0.8555768728256226,-0.8970643,3.015071355506249e-13
PDPR,-0.011995792388916016,0.5682937479309923,0.4642453193664551,-0.7657741,8.32394919482856e-08
UBL5,-0.012029170989990234,0.49052681882064286,0.39422833919525146,-0.73184323,5.869302989356682e-07
FMNL1,-0.012031793594360352,0.3975451331037291,0.32541078329086304,-0.13713337,0.43213127451860456
RRM2,-0.012034058570861816,1.1318705885078153,0.90594482421875,-0.5475401,0.0006633186477970048
TOX4,-0.012051582336425781,0.5023201220518986,0.40972471237182617,-0.5391733,0.0008314934064105548
SMPD1,-0.012070059776306152,0.5514672518610539,0.46243759989738464,-0.14232922,0.4147202113365785
PTPRK,-0.012127876281738281,0.5698681236683947,0.4706135392189026,-0.14772505,0.3970651259762816
GNA13,-0.012127876281738281,0.5947255101687888,0.47255444526672363,0.1101432,0.5287783754947061
ERCC6,-0.012143969535827637,0.7243996288335471,0.5981686115264893,-0.5804224,0.0002570388407307893
SFT2D3,-0.012151837348937988,0.5208749531964912,0.4095623791217804,0.3578536,0.034801117739168184
UBA1,-0.012169957160949707,1.0990664834174586,0.8574647903442383,-0.6032161,0.00012526805088102565
PSME2,-0.012193083763122559,0.7481061548394662,0.6302215456962585,-0.05301211,0.7623115310940505
BAG6,-0.012201547622680664,0.6291064305133421,0.47299128770828247,0.376666,0.025726169461866313
PPM1G,-0.012233257293701172,0.9224362362169916,0.7713696360588074,-0.6667176,1.2251832492860058e-05
GLA,-0.012235283851623535,0.5124333175449414,0.41187557578086853,0.18457222,0.2884896970397594
SPG7,-0.012252211570739746,0.3773835842360406,0.3038141131401062,0.39343047,0.019375989134100047
DCTPP1,-0.012274622917175293,1.3356633936888962,1.1243267059326172,-0.7812778,3.049906789420185e-08
EML3,-0.012276530265808105,0.4511722383043552,0.35129550099372864,-0.07147195,0.683273719049373
CDCA8,-0.012281656265258789,0.5106896397124823,0.41864362359046936,-0.458171,0.005642945349661478
FARSA,-0.012290239334106445,0.8512629760895907,0.7011792063713074,-0.6596515,1.6300597692436322e-05
MRPS17,-0.012307524681091309,0.5609750209149924,0.4735099673271179,-0.633407,4.424432481053236e-05
ALDH1A1,-0.012329578399658203,1.2330813812104975,0.9939512014389038,0.44926158,0.006781993149233988
CCDC22,-0.012338042259216309,0.40874979383714244,0.31603479385375977,-0.017771222,0.9192919223258518
DDX50,-0.012360811233520508,0.543278804594718,0.4470575749874115,0.09943318,0.5698297437129328
NOC4L,-0.01243436336517334,0.49267257523037017,0.4192248284816742,0.24220876,0.16095686577174306
MOB4,-0.012434720993041992,0.40679061204965744,0.2975902855396271,-0.3659655,0.030611808104857117
MED10,-0.012454867362976074,0.39874573546852704,0.2904502749443054,-0.33392525,0.0499412858226252
UBR5,-0.01247704029083252,0.4504635688094762,0.3667551577091217,0.41288945,0.01369845371084501
NUBP1,-0.01247859001159668,0.6168076758861377,0.48723268508911133,0.42877367,0.010169400519640012
EXOSC1,-0.012482643127441406,0.3943236909790794,0.3053681552410126,0.012538318,0.9430106235825273
ADD2,-0.012490034103393555,0.6329891052589137,0.5025314092636108,-0.7323382,5.71649722115763e-07
PURB,-0.01249837875366211,0.46928170565910543,0.39609000086784363,-0.26554197,0.12313628629821613
ATP6V1G1,-0.012504220008850098,0.6902603740361594,0.5500777363777161,-0.47419733,0.00400413482261627
MTHFD1,-0.012514114379882812,1.2541203301235488,1.001997947692871,-0.6848592,5.679440606394176e-06
AXL,-0.012532353401184082,1.025925560334767,0.8493573069572449,-0.582985,0.00023771495315240182
NMD3,-0.012541770935058594,0.5948288802905402,0.4583151042461395,0.06565748,0.707859151244096
KRT7,-0.012548565864562988,3.7104130745809147,3.272132635116577,0.86466414,2.146220592312459e-11
UACA,-0.012549757957458496,0.6067318692337458,0.5170209407806396,0.4130556,0.013656789961782753
PLEKHF2,-0.012560725212097168,0.3816898583601193,0.28464943170547485,-0.47488376,0.003944289770583224
RABGAP1,-0.012561559677124023,0.4272573589474674,0.3361280858516693,-0.03615062,0.8366583322859112
COL6A1,-0.012578010559082031,0.8964262301469254,0.6365725994110107,-0.0038978602,0.9822701679177903
MAGEA4,-0.012635231018066406,1.0734783603493108,0.7720109224319458,0.012200192,0.9445448649412403
SNTB1,-0.012647747993469238,0.6750331773375017,0.5096723437309265,0.26148,0.12919272021632894
GSKIP,-0.012661099433898926,0.42560076606760416,0.34813669323921204,0.19354737,0.26526571212605093
ZHX2,-0.012688875198364258,0.48798364343552014,0.4022289216518402,-0.18128143,0.2973224724733744
RPL26,-0.012705445289611816,0.45524634988883195,0.36333325505256653,0.057879318,0.7412034922968227
GLRX5,-0.01271665096282959,0.46841646089952543,0.35794389247894287,0.4854387,0.003116842834645741
ARF5,-0.012725591659545898,0.6058330055465057,0.4812496304512024,-0.2881836,0.09318553764593791
AKAP2,-0.012728452682495117,0.8947944420507611,0.7254350185394287,0.36859912,0.0293440260456998
UBAP1,-0.0127488374710083,0.46151161001114516,0.3810461461544037,-0.7110876,1.6892051866803936e-06
DPYSL3,-0.01277148723602295,1.5924544959401554,1.3509728908538818,-0.7637386,9.443175304892162e-08
UTP3,-0.012789130210876465,0.5903319555239949,0.4724174439907074,0.043246686,0.8051600174393319
ARPC2,-0.012801289558410645,0.4832084667801772,0.4069405794143677,0.14705965,0.39921867812800466
RNF40,-0.01283729076385498,0.6194122151993618,0.5148000717163086,-0.22413997,0.1955223783623227
MRPS6,-0.012862443923950195,0.38711029037228784,0.31818151473999023,0.555293,0.0005351456873379199
RPS19,-0.012874603271484375,0.5259847012133452,0.3828781247138977,-0.22382323,0.1961712164169191
XPO1,-0.012875914573669434,0.9114181219040911,0.694223940372467,-0.72564214,8.129086225464851e-07
UBXN1,-0.012896180152893066,1.0003696592875473,0.7882394194602966,-0.6093456,0.00010228094754951413
CANT1,-0.012900710105895996,0.5221391203662542,0.3931329846382141,-0.4473383,0.0070521729635392725
LARP7,-0.012902975082397461,0.30784468942401483,0.2511078119277954,0.025069444,0.8863304821919312
CRIPT,-0.01290440559387207,0.4560771667037557,0.3497001528739929,-0.411464,0.014060270031833752
HCFC1,-0.012908220291137695,0.5860093644894402,0.47505906224250793,-0.7311567,6.087459829321534e-07
NUDT2,-0.012909412384033203,0.3491081502155632,0.30527356266975403,0.041285448,0.8138381126786295
APRT,-0.012922406196594238,0.8882563028044852,0.6682477593421936,-0.17898394,0.3035903447812617
GDI2,-0.012942790985107422,0.9048205315745359,0.6693847179412842,-0.4200406,0.011999483325800057
PAK2,-0.012966156005859375,0.9474636539443092,0.797710120677948,0.6650206,1.313041241182115e-05
SDF2L1,-0.012995481491088867,0.7370429983005344,0.5555320382118225,0.33456194,0.04947957163821316
AUH,-0.012996554374694824,0.6557139977924369,0.5204680562019348,0.20714551,0.23248339056174727
PDK1,-0.01300501823425293,0.46604375058888975,0.3866153955459595,-0.39749488,0.01805119918542996
GSTM3,-0.013014435768127441,0.43287372087272574,0.32112613320350647,0.17455272,0.31591386908782837
OAS3,-0.013019442558288574,0.8104958759487689,0.6223886609077454,0.63298637,4.49246001074919e-05
RAB3GAP1,-0.013027071952819824,0.425556000789742,0.3243987560272217,-0.30854255,0.07133243607846759
SNW1,-0.013039827346801758,0.3460523705470047,0.26033687591552734,0.27694377,0.10726697689807106
PPIH,-0.01304614543914795,0.47545346210734435,0.4034736156463623,-0.398711,0.017669856056464338
ENG,-0.013056039810180664,0.7909237655236934,0.6229426264762878,0.11571879,0.5079914696246542
CTSC,-0.013056635856628418,1.0389967015593145,0.8290100693702698,0.55792576,0.0004969215175031162
ACTBL2,-0.013098716735839844,0.4920797230019857,0.40479376912117004,0.4734468,0.004070469247766947
NSMCE2,-0.013102889060974121,0.48284763591037905,0.37451794743537903,-0.009869837,0.9551256835804925
C7orf50,-0.013106584548950195,0.4658354110989896,0.3898739814758301,-0.032185026,0.8543730089270724
AIP,-0.013114213943481445,0.7658019347978621,0.6197617650032043,-0.44304952,0.007688038636491836
HGS,-0.013118386268615723,0.5294131893718474,0.38171717524528503,-0.45010552,0.006666253429913249
TIMM21,-0.013132214546203613,0.5585636584306297,0.44807833433151245,0.28805006,0.09334405518883969
SUCLG2,-0.013133049011230469,1.4186973696454062,1.1456116437911987,-0.48751888,0.002972912171403162
HECTD1,-0.013140678405761719,0.5209650890273652,0.41171982884407043,-0.14568806,0.4036788149216235
HAX1,-0.01315295696258545,0.5666235145332259,0.45194166898727417,-0.0290914,0.8682425228043611
MED24,-0.01316690444946289,0.3946498088403169,0.29641151428222656,-0.18005809,0.30064948571122524
LSG1,-0.013178706169128418,0.5134832811986146,0.4168149530887604,0.06393152,0.7152150176673548
MRPS5,-0.01318204402923584,0.5241220467482195,0.41517508029937744,0.23743342,0.16963002343370814
CCT6A,-0.013228178024291992,0.7963611965896221,0.6442390084266663,-0.504383,0.002004173707111075
MRRF,-0.013254761695861816,0.6522758814062104,0.5109688639640808,0.7760591,4.314060100027309e-08
TIGAR,-0.01328897476196289,0.4825722618296482,0.3856017589569092,-0.030097459,0.8637274877217372
MOGS,-0.013316512107849121,0.6672210300784119,0.5461514592170715,0.43835977,0.00843880577580947
UBXN4,-0.013322591781616211,0.6506371703828098,0.5145959854125977,0.13389839,0.4431721939854484
PCCA,-0.013326287269592285,0.5544544858836511,0.4337621331214905,0.27111578,0.11517342653413708
DUT,-0.013331770896911621,0.9984520912596668,0.8040235042572021,-0.60353523,0.0001239659881063883
PLCD3,-0.013366937637329102,0.5468052683378333,0.4212142825126648,0.2492665,0.14873010146749735
DHPS,-0.013378024101257324,0.9512248876317185,0.7752131819725037,-0.7627152,1.005685455747385e-07
ERLEC1,-0.013405799865722656,0.64023620158337,0.530243456363678,-0.55570674,0.0005289719632247397
MBD2,-0.01341235637664795,0.4957604978530062,0.4110013544559479,-0.25104588,0.14575716555916832
TNC,-0.013413310050964355,0.7392308017326427,0.581953227519989,-0.49268687,0.0026400846438853977
PEA15,-0.013420939445495605,0.9932604717621493,0.7449172139167786,-0.21718794,0.2101107830058856
UFC1,-0.013433575630187988,0.837280478104131,0.6505191326141357,-0.37353078,0.02708594650264446
GPATCH4,-0.013447284698486328,0.8880042953666554,0.7110627889633179,-0.14592801,0.40289645764306126
GRIPAP1,-0.013596892356872559,0.5587627982054243,0.4371638298034668,-0.40097696,0.016977230259831656
GUSB,-0.01360940933227539,0.457806964098689,0.3476588726043701,0.21536542,0.21405620942351639
RAB8A,-0.013611912727355957,0.4172917703630633,0.3105667531490326,-0.6972197,3.2584561082709542e-06
PRPF4B,-0.01362299919128418,0.3454229545001782,0.27057549357414246,-0.3481983,0.040383939737369035
IMPDH1,-0.01362907886505127,0.866726417652005,0.6501296758651733,-0.47277206,0.004130912133078408
PXMP2,-0.013653159141540527,0.4882975461147819,0.38668400049209595,0.34756163,0.04077614351700972
COG5,-0.013656258583068848,0.38991701817454205,0.3026232421398163,0.4513588,0.006497517321666009
EEF1AKNMT,-0.013671875,0.5757065267743198,0.438803493976593,-0.48443985,0.0031880798944519968
BTF3,-0.013700604438781738,0.8375218431271801,0.6538121104240417,-0.25268558,0.14305646651519438
FSCN1,-0.013703465461730957,1.382055301575577,1.1468340158462524,-0.7901465,1.6549141242188594e-08
COMMD6,-0.013720512390136719,0.5137000130608639,0.40091073513031006,0.23872988,0.16724307933986465
OPA3,-0.013752460479736328,0.6610298470988228,0.5260008573532104,-0.61554086,8.297315309053776e-05
ZNF318,-0.013758063316345215,0.3084922575342285,0.2319963127374649,-0.13809806,0.428868645556449
NOA1,-0.013770461082458496,0.34571173490158325,0.27993664145469666,0.17899464,0.3035608822803647
MARS1,-0.013777852058410645,0.640351074084527,0.477501779794693,-0.3394079,0.04607625210778458
PEX16,-0.013790011405944824,0.4908556857494852,0.3853397071361542,0.58396417,0.00023068099512303018
H1-0,-0.013800263404846191,1.093798500075631,0.820685625076294,-0.31267238,0.06743368315257878
CAV1,-0.013803482055664062,1.3302456250361647,1.0794293880462646,0.38873067,0.02100787233676872
OFD1,-0.013836026191711426,0.9440177689189266,0.797457218170166,0.32709438,0.05511471114568584
SEPHS2,-0.013838768005371094,0.3423055623674645,0.26726338267326355,-0.23601519,0.17226907521613383
SRC,-0.013841629028320312,0.41581622794077183,0.32322603464126587,0.095406085,0.5856314756912258
CLCC1,-0.013843894004821777,0.7272366913082263,0.587183952331543,-0.25174,0.14460946650859283
PSMD11,-0.01384580135345459,0.5828172126149952,0.4017344117164612,-0.48291826,0.003299315318572058
ZFYVE16,-0.013869643211364746,0.4888111748423171,0.37367114424705505,-0.37793687,0.025191315709661856
THOC3,-0.013872265815734863,0.4575252145843728,0.3960646986961365,-0.5094878,0.0017716123821757178
GTF3C4,-0.01388084888458252,0.3206368873950528,0.24042662978172302,0.52275836,0.0012740456943216663
CCDC90B,-0.01388096809387207,0.5614147578676916,0.4516066312789917,0.7318592,5.864313436683467e-07
AAAS,-0.013948798179626465,0.44519919911631295,0.34397459030151367,0.36673385,0.03023742128319418
ARHGDIA,-0.013996124267578125,1.051067667785378,0.8899699449539185,-0.61040807,9.87072188227314e-05
IDH2,-0.01400744915008545,1.134973398644701,0.8686723709106445,-0.27630082,0.1081186163084294
LSM8,-0.014045953750610352,0.3384551255558104,0.2567492723464966,0.053734504,0.7591675044507745
DCAF13,-0.014062762260437012,0.47961764432741155,0.3656654357910156,0.15051763,0.3881008508529127
KIF5B,-0.014066219329833984,0.7357062184913965,0.5330854654312134,-0.34830052,0.040321292854998775
HMGCL,-0.014072418212890625,0.8107365030205665,0.6503840088844299,0.2922316,0.08847659607828415
INPPL1,-0.014077425003051758,0.7617888198315562,0.5913695693016052,-0.5298586,0.0010621057852103174
CPT1A,-0.014088988304138184,1.3525233298808599,1.173284888267517,0.68336695,6.062533180970105e-06
OXSR1,-0.014108657836914062,0.7332409970354777,0.5209118723869324,-0.21964607,0.20486898553366184
RPRD1A,-0.014144062995910645,0.8963362627533633,0.7626959681510925,-0.7218245,9.891525120268076e-07
RO60,-0.014156699180603027,0.7552282966518331,0.6172952651977539,-0.7197798,1.0973389701425501e-06
EIF3J,-0.014173507690429688,0.7070186887858194,0.4930444359779358,-0.37198395,0.027778232485485582
ERGIC1,-0.01417553424835205,1.2200219290748018,1.015791654586792,0.4849606,0.0031507692985747755
CKB,-0.01417839527130127,2.602193944782638,2.3678464889526367,-0.8603688,3.475767654143133e-11
PTCD1,-0.014209747314453125,0.4582559364889556,0.358810156583786,-0.0855256,0.6251975283318506
ANAPC7,-0.014245390892028809,0.3889703419320951,0.3082396388053894,-0.2970453,0.08311747618156008
MMAB,-0.014253973960876465,0.8419556788787804,0.6478648781776428,0.5890235,0.0001972168003077089
CENPX,-0.014258623123168945,0.34011564668652716,0.2708078622817993,0.13044515,0.4551257535595107
SEPTIN8,-0.014284372329711914,0.5513852101973846,0.4424499571323395,-0.2684114,0.11898732892536196
BPNT1,-0.014367222785949707,0.7327820159492945,0.5387391448020935,-0.29785255,0.08224381686523442
CDCP1,-0.014371156692504883,0.973168755137463,0.7872105240821838,-0.13353834,0.44441033726674634
ETFDH,-0.014371395111083984,0.5559132960659602,0.4671842157840729,-0.36751476,0.029860729358150095
AHCYL1,-0.014373421669006348,0.5046461129712638,0.38456934690475464,0.24133752,0.16251483394039248
GCLC,-0.01437985897064209,0.5480959749964526,0.4123442769050598,0.36876655,0.029264937055725814
MMP14,-0.014380455017089844,0.9605096314149395,0.7823378443717957,0.45211065,0.006398056503449006
SSU72,-0.014382243156433105,0.5298908181012835,0.40814000368118286,-0.41732574,0.01262222306055384
HINT1,-0.014388084411621094,1.2612266880145617,1.0002976655960083,-0.5926957,0.0001757224977201807
CNNM3,-0.014416694641113281,0.3493621314208868,0.281173974275589,0.05550108,0.751495235233088
ZC3HAV1L,-0.014423131942749023,0.48882640160977286,0.3754362165927887,-0.4563696,0.0058589401358465016
DOCK7,-0.014426589012145996,0.4299579289558866,0.33553165197372437,0.2916928,0.08909262824019228
RPL38,-0.014431238174438477,0.9010133058939356,0.731083869934082,-0.23618722,0.17194743036811191
PCBP2,-0.014432907104492188,0.6182196232081343,0.5177034139633179,-0.727341,7.441645387709229e-07
RPL18,-0.014468550682067871,0.5103723999861601,0.42227888107299805,-0.20241924,0.24355056583230472
ACTR1A,-0.014471292495727539,0.6675724616348996,0.5007271766662598,-0.6022769,0.00012917335577293634
NAT14,-0.014479517936706543,0.38152620675628707,0.3100086748600006,-0.15218529,0.3828037358318519
TCIRG1,-0.014513015747070312,0.7783818812889316,0.6353110074996948,-0.6659809,1.262647796500644e-05
P3H1,-0.014553308486938477,1.1059760557311016,0.985730767250061,0.123596996,0.47933426828900383
PAAF1,-0.014568567276000977,0.5385998108525304,0.39972618222236633,-0.55673575,0.000513887638119217
TCP1,-0.014570355415344238,0.8670057501508729,0.664185106754303,-0.5712715,0.00033801990129499383
TARDBP,-0.01459503173828125,0.4690479126605548,0.3823533058166504,-0.8520015,8.505731917334532e-11
PSMC4,-0.01460874080657959,0.5388996044002461,0.37696778774261475,-0.46298394,0.005099114977014386
GM2A,-0.014619112014770508,0.962839864201446,0.7356895804405212,-0.4256648,0.010791659561198166
ACAD9,-0.014638662338256836,0.44917045001888317,0.3722338378429413,0.6031573,0.00012550975506141958
COPS6,-0.01465749740600586,0.524044567340447,0.41122984886169434,-0.582936,0.00023807102221657802
SRRT,-0.014725685119628906,0.38228873018735965,0.2933419644832611,-0.12582633,0.47138069943022504
HSP90AB2P,-0.014729022979736328,0.9090262343961278,0.6826139092445374,-0.3472798,0.0409507181240243
CDC42EP1,-0.014730572700500488,0.49609915662808,0.3837498724460602,0.12068908,0.48981311533714716
AP1M1,-0.014740467071533203,0.33757076669454217,0.2740248143672943,-0.28881684,0.09243651532373845
CBLL1,-0.014746665954589844,0.4546693267336599,0.3804151117801666,-0.16828544,0.3338698627730112
HMGN5,-0.014748573303222656,0.8836377093293818,0.7576494812965393,-0.4067012,0.015327982700873615
ATP6V1D,-0.014749407768249512,0.5849550020811537,0.46715623140335083,0.75172013,1.9406069143978392e-07
TRMT61B,-0.014768719673156738,0.5144992445633424,0.4259089529514313,0.11503881,0.5105044123259229
RAB27A,-0.014775395393371582,0.8942138241944328,0.7005318403244019,-0.6330332,4.484818408855971e-05
HSPA14,-0.014780879020690918,0.6507390323422515,0.5282639265060425,-0.41350394,0.013544943122677733
DBT,-0.01481163501739502,0.5019506907125737,0.3903081715106964,0.01562785,0.928999863311966
GINS1,-0.014814257621765137,0.2932997296241999,0.24596428871154785,-0.33256716,0.05093759959620695
AGTRAP,-0.014815092086791992,0.841598983126831,0.681533694267273,-0.7122415,1.5966285604763558e-06
LSM14A,-0.014832854270935059,0.6333159575044675,0.48620888590812683,0.04279001,0.8071786659570689
CAND1,-0.014843463897705078,0.833011819487725,0.629420816898346,-0.6681184,1.1567143222598179e-05
CYB5R1,-0.014860868453979492,0.6560942374161983,0.49843209981918335,-0.34250543,0.04400116828042509
ITGB1,-0.01488184928894043,1.6375888887696528,1.4448286294937134,-0.7712241,5.9006421430599003e-08
MTR,-0.0149003267288208,0.5891067498381335,0.48632311820983887,-0.03396021,0.8464338835908686
C19orf25,-0.01491248607635498,0.38712832407375675,0.31367364525794983,0.347725,0.040675174938437614
FNBP4,-0.014923095703125,0.3992606616928571,0.3174656331539154,0.016837537,0.923519325769376
SLC30A7,-0.014924883842468262,0.5012735895423248,0.3971497714519501,-0.4078428,0.01501571644166064
MTAP,-0.014930248260498047,0.8686750901124392,0.7226725816726685,-0.47065675,0.0043254694780045485
LRCH4,-0.0149308443069458,0.7430133441173435,0.5706035494804382,-0.6953952,3.5430303435423584e-06
ZADH2,-0.014943480491638184,0.4520824046352475,0.3462900221347809,-0.3831332,0.023098800445620897
EIF4ENIF1,-0.014971733093261719,0.48544379726061515,0.3632267117500305,-0.4220511,0.011555232271783778
MAP2K1,-0.014994502067565918,0.46267331329902317,0.3525628447532654,0.31233716,0.06774376545718504
KLC4,-0.015000224113464355,0.47854634400460744,0.38141632080078125,0.024251513,0.890016631302332
METTL3,-0.015049338340759277,0.551849627662195,0.4341031610965729,-0.6347339,4.21591610157008e-05
MAN2A1,-0.01505744457244873,0.5093400135779734,0.4323459565639496,-0.78726315,2.0251944269755877e-08
AP1G1,-0.015059947967529297,0.424046051673423,0.33544108271598816,-0.07528325,0.6673282275436242
EEF1D,-0.015075206756591797,0.8867660711492102,0.7680532932281494,-0.45275405,0.006313985886849819
SUMF1,-0.015080690383911133,0.9100027650749201,0.7695425152778625,0.82143825,1.4803512918928402e-09
SRPRA,-0.015097379684448242,0.6636957838973213,0.541843056678772,-0.5350486,0.0009274938045502239
DUSP23,-0.015103340148925781,0.7556346391642033,0.6150918006896973,-0.38187695,0.023590989437974556
CDV3,-0.015109539031982422,1.0281230451107282,0.7727840542793274,-0.28559995,0.09628976809610462
RDX,-0.01512753963470459,0.6370397355443373,0.47557371854782104,-0.18489529,0.2876317701081283
CYP27A1,-0.015197157859802246,0.778815902627832,0.6189891695976257,-0.19199343,0.2691959117411521
PPAN,-0.0152052640914917,0.5324413740991298,0.4309466481208801,-0.24312393,0.1593318506370986
PRMT5,-0.015208244323730469,0.7920316223035289,0.6247697472572327,-0.62295747,6.421197010021928e-05
BAX,-0.01520991325378418,0.7728704435265714,0.627058744430542,-0.6328904,4.50809003499641e-05
NSUN5,-0.015214323997497559,0.3488399841069783,0.2830951511859894,-0.06523889,0.7096405119972068
CEP170,-0.015218377113342285,0.8742300119774031,0.7651163935661316,-0.78200537,2.9038084505672497e-08
GPHN,-0.015218377113342285,1.273748067418243,1.0438871383666992,0.7754739,4.482582794940316e-08
DHODH,-0.015220403671264648,0.7083961842272072,0.5553123354911804,0.05252967,0.7644132692318786
JUNB,-0.015241622924804688,0.6196917659056741,0.5126324892044067,0.3856243,0.022147910631523444
POLR1H,-0.015242457389831543,0.4177975526816537,0.32326632738113403,0.048385095,0.7825356691320002
FOXRED1,-0.015242576599121094,0.29927165955561025,0.2024008333683014,0.33208373,0.05129613378717987
SNRNP40,-0.015272736549377441,0.3996562829551173,0.33042433857917786,-0.33809662,0.04697805503445801
SARS1,-0.015275001525878906,1.047247919874204,0.8385027050971985,0.72006524,1.0816090582825371e-06
OSGEP,-0.015296459197998047,0.6183518159251286,0.4930357336997986,-0.4787579,0.0036208307962067726
WDR91,-0.015330195426940918,0.4615856559745716,0.3748779594898224,-0.27841866,0.10533275521640997
PITHD1,-0.015337109565734863,1.1751551687983501,0.9792258143424988,-0.7781112,3.76831707030176e-08
PBDC1,-0.0153428316116333,0.7835864415688434,0.5706328749656677,-0.17814998,0.30588610764527424
MX1,-0.015351295471191406,1.241833906410531,0.95347660779953,-0.044913657,0.7978026266371746
TRIT1,-0.015382766723632812,1.2513427674834314,0.9246795773506165,0.7046906,2.297750599721382e-06
MYCBP,-0.015429377555847168,0.5131304538265056,0.414618581533432,-0.39571142,0.01862289662772977
PSMD14,-0.015433192253112793,0.6352683556076713,0.4861268699169159,-0.4593655,0.00550352685751207
SIRT1,-0.015438318252563477,0.5063473325340244,0.4245007038116455,-0.12714499,0.46670890174184193
PURA,-0.015469908714294434,0.4077093432392341,0.3404017984867096,0.42765537,0.010389634023004782
LANCL1,-0.015474677085876465,0.7729182571504445,0.5967807769775391,-0.5299137,0.0010605914458053458
C19orf47,-0.015507102012634277,0.48286618301553996,0.3737691640853882,0.31496578,0.06534205337790884
SUPT5H,-0.0155106782913208,0.5757565310592695,0.4627167880535126,0.19022724,0.27370915150931147
GCLM,-0.015535593032836914,1.006814092478676,0.7950823307037354,0.2979112,0.08218062142663851
RACGAP1,-0.015577197074890137,0.6789007785870758,0.5086660385131836,0.14820862,0.3955045105057857
MRPL19,-0.015617847442626953,0.4314195057933531,0.3584192097187042,0.61795765,7.63787914795115e-05
HNRNPUL1,-0.01563394069671631,0.5038114946566149,0.411621630191803,0.20641333,0.23417525890991803
ZNF207,-0.015645503997802734,0.516306369142482,0.42608538269996643,-0.66120154,1.5320752693341112e-05
FNBP1,-0.015675783157348633,0.5523704436028585,0.445383220911026,-0.28644246,0.095268868561583
NDUFB4,-0.015686988830566406,0.5907324607415114,0.48662376403808594,-0.1459561,0.4028051808537408
GSDMD,-0.01569366455078125,0.6540576782267543,0.5339979529380798,-0.3894639,0.020746001020219906
CPA4,-0.015700101852416992,0.9280961786797937,0.7815675139427185,0.11904085,0.4958040586811769
NDC80,-0.01571023464202881,0.4777324417586679,0.3451977074146271,-0.4546375,0.0060732913107132335
NPC1,-0.015717029571533203,0.8759549243512701,0.6993157863616943,0.72040975,1.0629032144405686e-06
DHX37,-0.01573634147644043,0.4104503303928465,0.3297004997730255,0.03619024,0.8364813828882738
RPS24,-0.01577579975128174,0.5075148957514066,0.39379438757896423,-0.16259138,0.3507168641588536
ADAM15,-0.015802502632141113,0.517178276648205,0.38615748286247253,0.29786006,0.08223572266948717
PRPSAP2,-0.015804052352905273,0.7432260976156391,0.5927835702896118,-0.022524662,0.8978050839885933
PYCARD,-0.015816688537597656,0.7100359471717559,0.5683234333992004,-0.08106682,0.6434048832648707
MKI67,-0.015822649002075195,0.5849110832049313,0.4452921152114868,-0.11640672,0.5054557634957684
PAF1,-0.01584792137145996,0.38800046427812035,0.28317153453826904,0.24696147,0.15264647391455788
RAB5A,-0.01586329936981201,0.7138549553153224,0.569040060043335,-0.5768656,0.00028618425400425446
CUX1,-0.015883326530456543,0.46756123167288405,0.3414493501186371,-0.15669112,0.3687053258480837
AIMP2,-0.0158843994140625,0.5590374658138699,0.43075111508369446,-0.4538731,0.006170003503987528
PSMG3,-0.01591360569000244,0.7902348939344255,0.5889806151390076,0.505027,0.001973436704991892
RAB31,-0.015942692756652832,0.5960012221611857,0.4940980076789856,-0.25381103,0.14122396982314964
DEF6,-0.01594984531402588,0.527536964341715,0.4283996522426605,-0.052841336,0.7630555441005047
ATP1B1,-0.01597297191619873,1.1082715201290259,0.9096390008926392,0.70964664,1.8117032789395372e-06
KCTD5,-0.01599562168121338,0.3421727212126959,0.292049765586853,-0.059723273,0.7332540871512006
NPTN,-0.015996575355529785,0.663437964771196,0.5809819102287292,0.6650401,1.3120036316765928e-05
MRPL48,-0.015999794006347656,0.48704099687620583,0.3960997462272644,0.2469135,0.15272888700585982
ZRANB2,-0.01603865623474121,0.5907873727742997,0.44741079211235046,0.49932024,0.0022607678649185984
PLIN2,-0.016048192977905273,0.6705142368950051,0.5457531809806824,0.22574702,0.19225344090512278
POLD1,-0.016057848930358887,0.7380376343215757,0.5934465527534485,0.032917343,0.8510961230366049
SDHB,-0.016094565391540527,0.4449316035438737,0.37132149934768677,-0.49496815,0.002503812249005792
TOP2B,-0.016112923622131348,0.6581034825458207,0.4924829304218292,0.27967447,0.10370663112672321
SLC39A10,-0.01614367961883545,0.4642204786414205,0.37103161215782166,-0.4157204,0.01300311223071491
IFI16,-0.01616036891937256,0.7472896079538526,0.628925621509552,-0.15857704,0.3628967676682075
RPL34,-0.01618516445159912,0.4294816651211102,0.35890763998031616,-0.337869,0.047136073584462625
PDS5A,-0.016185402870178223,0.37589352173709273,0.29136961698532104,0.4387603,0.008372333120471462
EZR,-0.016188502311706543,0.9824683176518553,0.7824975848197937,0.23763324,0.16926058084119064
PI4K2A,-0.016190409660339355,0.7326165105968614,0.5857477188110352,0.11214736,0.5212593643134119
KCTD12,-0.016195178031921387,0.8452193922849339,0.6781283020973206,0.22953771,0.18469493757760938
PRKDC,-0.016226649284362793,0.5170573943909814,0.41113823652267456,-0.47230268,0.004173422367263596
TRA2A,-0.01622903347015381,0.5877535080295954,0.49532803893089294,-0.1849712,0.2874303483203735
TERF2IP,-0.016240239143371582,0.7559224972255264,0.602134644985199,-0.6952296,3.5699676079421578e-06
GALK2,-0.01626729965209961,0.3592495284598381,0.3051508367061615,-0.17387247,0.3178328985711967
ARSA,-0.016289353370666504,0.5580354848588744,0.43464332818984985,0.55677944,0.0005132565870696885
PMPCA,-0.01633620262145996,0.4877708208556631,0.3719729483127594,0.37523144,0.026341178329695764
HSDL1,-0.0163499116897583,0.4619973976497514,0.36068975925445557,0.15829101,0.363774375666093
ADPRS,-0.016356468200683594,0.6435827269400836,0.42713168263435364,0.4612815,0.005286075489791214
PTGES,-0.01639413833618164,0.8532030593876236,0.6505247950553894,-0.1894293,0.2757643532321892
SRP14,-0.016403555870056152,0.5499103234615985,0.4351436495780945,0.36802632,0.029616082012867136
LUC7L3,-0.016413331031799316,0.6139586528297872,0.4989706873893738,-0.534739,0.0009350789219245345
PAFAH1B2,-0.016421794891357422,0.9996109742199895,0.8064224123954773,-0.4860642,0.003072941363732295
LONP2,-0.016423821449279785,0.5330749469439505,0.4206032454967499,0.107969604,0.5369919742945175
CHERP,-0.016437768936157227,0.3556904363516025,0.25803685188293457,-0.49696162,0.002389799149601533
PRPF8,-0.016438841819763184,0.3916279695887137,0.320406436920166,-0.28229743,0.1003719606483117
DPYD,-0.01645052433013916,0.37242946161697527,0.3114330768585205,0.28607994,0.09570723594345859
HPF1,-0.01647794246673584,0.45132461868728135,0.39624759554862976,0.6471579,2.6530336421515847e-05
CTDP1,-0.016489028930664062,0.3216241752748853,0.24860483407974243,-0.30334026,0.07649176589834784
SLC27A2,-0.016543865203857422,0.47639473322844494,0.3809940814971924,-0.48685145,0.0030184505617663693
S100A8,-0.016625404357910156,1.3097823936328714,1.0804109573364258,0.5004689,0.0022001615165608834
PFN1,-0.016726255416870117,0.9398713003989584,0.7185922861099243,-0.3047452,0.07507061672861189
ELMO1,-0.01673603057861328,0.4244247140263157,0.3476194441318512,0.18427874,0.28927053721206014
SPTBN2,-0.016773343086242676,0.7107788160361669,0.5568713545799255,-0.26812086,0.11940257748350949
FRG1,-0.016773581504821777,0.5542639068627644,0.4359700679779053,-0.35185137,0.03819221431560982
CENPF,-0.0167844295501709,0.5327237667801471,0.42055830359458923,-0.4850409,0.003145046040742785
HEBP1,-0.01681363582611084,0.8018354222676098,0.6500717997550964,0.6369759,3.883697574382248e-05
ATXN3,-0.016813993453979492,0.5440289965485453,0.4142904281616211,-0.14095066,0.4193006208760298
PFKL,-0.0168837308883667,0.476004023145255,0.3990163207054138,0.2626366,0.127446105210942
BASP1,-0.016914844512939453,1.148416947161434,0.9461385607719421,-0.03685686,0.8335110936997995
F5,-0.016919612884521484,0.9333847003380081,0.7291173338890076,-0.63268703,4.54141805566005e-05
TXNRD2,-0.01692342758178711,0.7473577607101862,0.5829838514328003,-0.61161566,9.47817439964706e-05
ERBB2,-0.016938328742980957,0.9066080832897139,0.7031216025352478,-0.15612432,0.37046143755926353
PPP2CB,-0.01694357395172119,0.559319937782396,0.4477362632751465,-0.3541784,0.03684702992317959
TFCP2,-0.01694655418395996,0.7343444412041832,0.5519140958786011,-0.34225118,0.04416862393156172
NDUFB2,-0.016953587532043457,0.585275428563377,0.4483793079853058,0.0008966536,0.9959210437299717
KIF22,-0.01696145534515381,0.6358408580333111,0.506748616695404,0.24057922,0.16387972075939125
PAM16,-0.016971826553344727,0.4759407991130898,0.375801682472229,0.24091506,0.16327426135948347
TASOR,-0.01697254180908203,0.41782874142129955,0.34100958704948425,-0.2665443,0.12167493080110549
MRM1,-0.01701676845550537,0.5024172051387265,0.45174506306648254,0.08175181,0.6405941403074579
PSMB9,-0.017032861709594727,0.9202243769217772,0.7239891886711121,-0.6115736,9.491613756956338e-05
GFER,-0.017037630081176758,0.548381311304222,0.45530983805656433,-0.54221934,0.0007663477327888714
EXOSC10,-0.017052888870239258,0.41431511064996795,0.3273058831691742,-0.1640205,0.3464408411426676
UAP1L1,-0.01708066463470459,0.5089939751821214,0.4124472737312317,0.051448833,0.7691280474769211
EIF5,-0.017088890075683594,0.9310372435990442,0.6891891360282898,-0.38948745,0.02073761669132439
GCA,-0.017107486724853516,0.8194160649581165,0.6492406129837036,0.29982525,0.08013882353598062
PRIM2,-0.01710820198059082,0.4874341712424197,0.3903536796569824,-0.71886533,1.1491351287066153e-06
NCOA7,-0.01714158058166504,0.6312077272065464,0.48021262884140015,0.050084826,0.7750894307089675
SMAP1,-0.017142415046691895,0.4235106478920962,0.3202373683452606,0.2604243,0.130802287229493
RALB,-0.017143964767456055,1.0533253102862148,0.8901787996292114,-0.3749223,0.026475321338789905
SEC61G,-0.017198920249938965,0.5744648360686752,0.473488986492157,-0.6080487,0.00010680131119623456
PSPC1,-0.017214298248291016,0.40110543805023596,0.3190528452396393,-0.581498,0.00024876298187882654
TRIM4,-0.01723182201385498,0.3852840938755549,0.307670533657074,0.56070876,0.0004591690239162126
TRIM33,-0.017248868942260742,0.5503900098831064,0.461008220911026,-0.040376972,0.8178647258363202
TRIM56,-0.01726078987121582,0.4508565981879727,0.3600723445415497,0.3567446,0.035408551775528894
TBCA,-0.017261862754821777,1.2745601175735184,1.0133246183395386,-0.6677585,1.1739689477094266e-05
SYNE1,-0.017287492752075195,0.5270076952504538,0.39612606167793274,0.41499394,0.013178641626182423
GNS,-0.017302870750427246,0.9229186018556811,0.773339033126831,0.40207464,0.016649958791030924
WDR1,-0.01730501651763916,0.8412389477348122,0.6004353165626526,-0.06500922,0.7106188500385464
NGDN,-0.017322182655334473,0.554836145819956,0.47062912583351135,0.067174025,0.7014172688657316
NUP88,-0.017322659492492676,0.3344675105457851,0.2388640195131302,-0.24653633,0.15337683862473817
MRPL49,-0.017356276512145996,0.49955361527104636,0.409883588552475,0.64038527,3.4236851560630254e-05
YES1,-0.017356514930725098,0.5047661888262291,0.42581743001937866,0.6544623,2.0009425512152746e-05
SLC4A2,-0.01737236976623535,0.6499635823758441,0.5344153642654419,-0.66132563,1.5244590003481038e-05
BID,-0.017398476600646973,0.574330766612159,0.5072628855705261,0.5046621,0.0019908082437669586
CSRP1,-0.017403602600097656,1.0185919048060301,0.749089241027832,-0.13203134,0.44961370080915336
CDK4,-0.017423272132873535,0.8615401995197257,0.6771699786186218,-0.3039055,0.0759174843258029
ITGB6,-0.017439723014831543,0.825423169701763,0.6693741679191589,-0.3613005,0.03296733877866646
ARHGAP45,-0.017449021339416504,0.5183849452021161,0.3988391160964966,-0.45211986,0.006396850334973365
MCM7,-0.017462730407714844,0.9664437313721417,0.7997016906738281,-0.6926641,4.011581262383566e-06
PYCR2,-0.01749110221862793,0.5405711748086713,0.4012341797351837,0.26288366,0.12707540984433646
DNMT3A,-0.017496109008789062,0.6256075766897302,0.5301380157470703,0.20329164,0.24148164881943474
LYRM4,-0.017525315284729004,0.47063988541749857,0.3987625539302826,0.56354046,0.0004233954713320693
AHCY,-0.01754176616668701,1.1448490886269598,0.961884617805481,0.33668792,0.047962554387702576
RPA1,-0.017547965049743652,0.8010252790093453,0.6346530914306641,0.18641302,0.2836230907264084
EPN2,-0.017566442489624023,0.6023330707320778,0.4991835951805115,-0.57096535,0.0003410838548686826
NUCB1,-0.017566800117492676,0.7504023029266638,0.6390076875686646,0.67304045,9.428304127548717e-06
GBF1,-0.017580866813659668,0.4165371057621212,0.3497040271759033,-0.57375944,0.000314014070250487
EMC1,-0.017582178115844727,0.5048831076409014,0.40505996346473694,0.63243294,4.5833811179784286e-05
ATP5MPL,-0.017588257789611816,0.38143517421642775,0.3301866948604584,-0.19012104,0.2739821300476339
SLC27A4,-0.017603158950805664,0.5233298233647493,0.42418980598449707,-0.5516292,0.0005926835299550542
LAMC1,-0.017613887786865234,0.9859593674642309,0.7569379806518555,0.3434884,0.043358598973571236
SLMAP,-0.017615437507629395,0.7180490807889632,0.6069406867027283,0.36741522,0.029908528087878448
NFS1,-0.017680883407592773,0.6463578437456721,0.5301637649536133,-0.034472946,0.8441435377634132
FUS,-0.01769077777862549,0.7080559234057812,0.5766491889953613,-0.73675805,4.5051629567070106e-07
CFAP20,-0.017701268196105957,0.3889735982045233,0.3037412464618683,0.38040856,0.024177281027530126
RRP8,-0.017707109451293945,0.4346341032721086,0.33152246475219727,-0.48539704,0.003119782138777568
GART,-0.01770949363708496,1.0871553247509196,0.8530895113945007,-0.54891497,0.0006387808926121827
ARMC8,-0.017759203910827637,0.29359040744131365,0.2329190969467163,-0.06723458,0.7011604601478912
SEPTIN2,-0.017760157585144043,0.7596566090173966,0.5161022543907166,-0.31773433,0.06288528500744037
ENDOG,-0.017764806747436523,0.6454996405703182,0.5393877029418945,-0.5585099,0.0004887767033665652
DOHH,-0.017766594886779785,0.6077255765447448,0.4792003035545349,0.09237072,0.597668083993333
SPATA5,-0.017856955528259277,0.3993882448391059,0.2914544641971588,-0.31853035,0.06219263160364177
NQO1,-0.01788163185119629,1.3801347053130613,1.1629737615585327,0.6411296,3.3300607501838077e-05
SETD3,-0.017882227897644043,0.5814101470267165,0.4410693943500519,-0.060656875,0.7292393412777249
KIDINS220,-0.017900586128234863,0.5122422314413637,0.3978523313999176,-0.15084665,0.3870524582730226
RBM25,-0.017968416213989258,0.3474882126942782,0.2791179120540619,-0.090767324,0.6040692234682319
GATM,-0.018007993698120117,0.4500179975937231,0.3714645802974701,-0.23941126,0.16599817312592682
NAA10,-0.018013596534729004,0.7523016580153934,0.5506590604782104,-0.40789324,0.015002046854773785
SERBP1,-0.018016576766967773,0.7863006981180103,0.6136728525161743,-0.5459631,0.0006924950023187438
ZNF768,-0.018039584159851074,0.514320486199797,0.41961124539375305,-0.7157531,1.3426907608975375e-06
MBLAC2,-0.018054962158203125,0.4469718134653132,0.3280412554740906,-0.12883565,0.46075546691992253
DECR1,-0.018059492111206055,1.163195344662041,0.9189050793647766,0.7196666,1.1036295871926498e-06
VKORC1L1,-0.018075108528137207,0.45962630488916184,0.35981255769729614,-0.571149,0.0003392422875850657
SEC63,-0.018085241317749023,0.5055703769975176,0.40078219771385193,-0.44219744,0.007820040738595376
AKAP8,-0.01810145378112793,0.3349669430920031,0.26645344495773315,0.1712609,0.3252684551923829
DSP,-0.018109440803527832,1.119025472472089,0.9113648533821106,0.24892303,0.1493089418781265
ZFAND5,-0.018120527267456055,0.5624731640242238,0.4655054807662964,-0.22215793,0.19960718630346402
IGBP1,-0.018123865127563477,0.6853580921347985,0.4839215874671936,-0.41554916,0.01304432442465659
TPM4,-0.018142342567443848,1.1186773862662358,0.913456916809082,-0.33599886,0.04845008202753842
FLAD1,-0.018143653869628906,0.4476156738958743,0.34466874599456787,-0.06691456,0.7025181735765016
PUDP,-0.018161654472351074,0.344585800609881,0.2908259332180023,-0.43131176,0.009684219294461437
POLD2,-0.01819324493408203,0.5906328392517743,0.44319257140159607,0.4268812,0.01054444913083323
HTATSF1,-0.018193483352661133,0.7769166549477485,0.6389430165290833,-0.6512601,2.2664178510840514e-05
BOP1,-0.018284201622009277,0.5321069985575936,0.45595917105674744,-0.23789616,0.16877518747190676
GLMP,-0.01829206943511963,1.0030930487276954,0.8395306468009949,-0.6937037,3.826956721185004e-06
GPS1,-0.018320083618164062,0.7427109729422111,0.5841139554977417,-0.6926327,4.0172954685032525e-06
HKDC1,-0.01837754249572754,0.7812407683780745,0.6243823170661926,0.3537723,0.037078992323110016
ASRGL1,-0.018391966819763184,0.633635186323269,0.5127220153808594,-0.13188897,0.45010683970550963
CIZ1,-0.018404483795166016,0.39955811829046245,0.2919979393482208,-0.39627206,0.018441578108308734
LPXN,-0.018457412719726562,0.6563333049760925,0.513957142829895,0.25141704,0.14514267120441865
ARHGAP29,-0.018457651138305664,0.47203402902592606,0.37363189458847046,-0.58389544,0.0002311681081309637
UBE2O,-0.01846015453338623,0.8804968787966012,0.7532433271408081,-0.5985779,0.00014563828556685523
SYT1,-0.018464326858520508,0.8681849336636333,0.6520881652832031,-0.24285239,0.15981259073767545
GLB1,-0.018468737602233887,1.113444212647834,0.908035159111023,0.28455886,0.0975626626264226
BCKDK,-0.018471240997314453,0.6029792303126964,0.4432353973388672,-0.22308491,0.19768937971331837
ASPSCR1,-0.018543243408203125,0.729271912926551,0.5494437217712402,-0.56633633,0.0003905285318527288
DAB2,-0.018568754196166992,0.7907003645730472,0.6051173210144043,0.18313158,0.29233554949387897
GALNT1,-0.018590807914733887,0.4453835347054032,0.36578890681266785,-0.70478994,2.286942945233321e-06
HDGFL3,-0.01860189437866211,0.8391843114195563,0.6577619314193726,-0.39469683,0.01895480863103345
STRN3,-0.018624424934387207,0.5156299706421754,0.38399556279182434,-0.09537874,0.5857392505119974
CCT3,-0.01863551139831543,0.9051975518840399,0.7117196321487427,-0.3271051,0.05510626416777411
DDX49,-0.01863682270050049,0.4486942712506949,0.3663569688796997,-0.25221625,0.1438257560528549
UBE2K,-0.018652796745300293,1.1173043356670402,0.9368904232978821,-0.4638992,0.005000986350846182
HSCB,-0.018702387809753418,0.4829513794494321,0.38433751463890076,-0.091100246,0.6027380383102544
NR3C1,-0.01872730255126953,0.421129044025057,0.3469986319541931,-0.64048856,3.410544315841996e-05
RPS26,-0.01875138282775879,0.3788717785128495,0.26283159852027893,-0.23622797,0.17187126139230258
CBL,-0.01875174045562744,0.5031042296108789,0.3744473457336426,-0.16855991,0.33307074034943634
GSR,-0.018753647804260254,1.0489999641003889,0.7375692129135132,0.37747735,0.025383616748829652
AKR1C3,-0.01877140998840332,1.1890423947212299,0.8677636384963989,0.02784996,0.8738192010548814
XIAP,-0.018790125846862793,0.43990186033005124,0.3359546363353729,0.10983249,0.5299485789605556
SEPHS1,-0.01881575584411621,0.7770372486170614,0.5486409664154053,0.4327557,0.009417071099928261
DPYSL5,-0.018841981887817383,1.2888893242310926,1.0174665451049805,0.7789918,3.554279149995331e-08
PAK4,-0.018863677978515625,0.5865749198074264,0.4468124806880951,-0.17679879,0.30962863197542
ABCC1,-0.018865466117858887,0.9215645671522487,0.7699049711227417,-0.7288224,6.886069012241688e-07
XPO5,-0.018866539001464844,0.8866862152449535,0.7243443131446838,-0.18267807,0.2935528728626608
CCDC9,-0.018869996070861816,0.46034071160574164,0.3646755516529083,0.12483673,0.4749029587610425
PLBD1,-0.018870949745178223,0.7361237826746189,0.5754454731941223,-0.5377698,0.0008631250170324581
NSD3,-0.018915414810180664,0.5359911566474511,0.43150588870048523,-0.35778514,0.03483841036457444
RRP1B,-0.018941402435302734,0.5548064950452792,0.41969701647758484,-0.44114432,0.007985848080882053
LETM1,-0.01894235610961914,0.5108624639445432,0.38587281107902527,-0.29860488,0.08143603896867953
GORASP2,-0.018947601318359375,0.3492676007369333,0.28642207384109497,-0.32564077,0.056268637480463284
FLNC,-0.018955230712890625,1.3834315493007405,1.1230608224868774,0.22880131,0.1861467515816879
USP48,-0.019019603729248047,0.4506906527444793,0.3700810968875885,-0.5124017,0.001649760510636661
SYMPK,-0.01902949810028076,0.2796888601813461,0.21638935804367065,0.21969733,0.20476065506505448
SLC27A3,-0.019034624099731445,0.6784552881693026,0.5703275203704834,-0.27775514,0.10619964393692545
MTA2,-0.019034981727600098,0.5559890949565759,0.4437173902988434,-0.40741104,0.01513316054346154
DYNC1LI1,-0.019034981727600098,0.7377288204760847,0.5812841057777405,-0.6606147,1.5685207135803948e-05
CNTN1,-0.019049406051635742,0.7373286969652472,0.6087337136268616,0.2791713,0.10435601573122562
PRKCD,-0.019068598747253418,0.4664178211048382,0.3765746057033539,0.067068584,0.7018647397007703
KIAA1143,-0.019122958183288574,0.333913617139844,0.24813927710056305,0.040304616,0.8181856795850725
SNX6,-0.019129037857055664,0.5472087386719021,0.375942200422287,-0.21921568,0.20578027786031777
RAB14,-0.019132614135742188,0.5646038976023315,0.4607904255390167,-0.16878924,0.3324037419835166
TLN2,-0.01914370059967041,0.5224125634731704,0.41241198778152466,0.19086012,0.2720862922899809
ALDH7A1,-0.019147157669067383,0.6416354003530045,0.4512855112552643,0.01123017,0.9489484941639992
TMED5,-0.019176006317138672,0.5776782242606938,0.4672645628452301,0.7262388,7.881318750336934e-07
PTRH2,-0.019184231758117676,0.6097882165823161,0.48378950357437134,0.45540604,0.005977366329599356
TIMM9,-0.019194602966308594,0.5283311712309022,0.39342111349105835,0.3839674,0.022776672314434653
CHMP1A,-0.019234299659729004,0.49491396613903593,0.39664629101753235,0.18328731,0.29191836134968485
LAD1,-0.01925837993621826,1.0023137386167127,0.837038516998291,-0.22650836,0.19071814436079337
HMGCS1,-0.019277453422546387,0.8884586958850835,0.7154740691184998,-0.6657558,1.274299120110121e-05
SCAF11,-0.019332051277160645,0.46564305929710775,0.34262028336524963,-0.35376602,0.03708261012002657
CYB5A,-0.019338369369506836,0.9728294739190536,0.785139799118042,-0.07997993,0.6478750826756734
KIAA0319L,-0.0193634033203125,0.6808532495710076,0.5518124103546143,0.5788832,0.00026930957301094085
WDR33,-0.019364118576049805,0.3355547476612103,0.2552168369293213,-0.1971297,0.2563492726224335
CDC123,-0.019377946853637695,0.580013232984528,0.4897705018520355,-0.24698076,0.15261335417348237
IVD,-0.019387245178222656,0.7696881594173008,0.6281031966209412,0.52463716,0.001214624597434859
ASPH,-0.01939249038696289,1.5037374030114354,1.2825099229812622,0.8384088,3.258516127000507e-10
CDK6,-0.019409775733947754,0.6612625558234385,0.5081364512443542,-0.40034333,0.0171685739859972
YIPF6,-0.019409894943237305,0.8013010338466559,0.6128220558166504,0.7426843,3.249386267703686e-07
NOP16,-0.019438505172729492,0.7084916349306197,0.5632902383804321,-0.124577574,0.47582758474984627
ARF4,-0.019447803497314453,0.8752350150979993,0.6772152781486511,0.28694138,0.09466829713818024
VBP1,-0.01948869228363037,1.0707561380983956,0.8868971467018127,-0.7186037,1.1643719267677928e-06
TXNRD1,-0.019543886184692383,0.936356992121403,0.6724997758865356,-0.0032049585,0.9854217794065823
ITGAV,-0.019581317901611328,1.521201816319222,1.3068294525146484,0.82970226,7.231682137383051e-10
LIN7C,-0.01958179473876953,0.42473796452023366,0.3470059037208557,-0.0073291324,0.966669799348236
ARID1B,-0.019613027572631836,0.5203739588184373,0.4082498848438263,-0.17715722,0.30863324202247816
ITGB3,-0.01961827278137207,0.7689577473242287,0.6471655368804932,0.51154673,0.0016847279515147832
GTF2B,-0.019620060920715332,0.5781975777922662,0.44749510288238525,0.52112573,0.0013277388324224345
DCAF16,-0.01963198184967041,0.38741082580527625,0.31783902645111084,-0.73370296,5.313886783775175e-07
NEMF,-0.019638895988464355,0.5873100227237947,0.42484718561172485,-0.4010055,0.01696863236329563
PSMC3,-0.01966702938079834,0.5428522657411952,0.4033052623271942,-0.49191692,0.002687514430553434
UBAP2,-0.019688725471496582,0.6599955165595158,0.4895915389060974,0.37589344,0.02605589883784834
SLC29A1,-0.019693970680236816,0.38887501684303455,0.33417439460754395,-0.49414825,0.0025520664964956584
RAB4A,-0.01975393295288086,0.4491448217180306,0.34001731872558594,-0.5230175,0.0012657003006828684
STRBP,-0.019756793975830078,0.5098503305499764,0.4343930780887604,-0.48359323,0.0032495632318682677
ANP32B,-0.019764184951782227,0.7948947686300011,0.6569094061851501,-0.5313523,0.001021703408131469
PPP1R7,-0.01983487606048584,0.7632086243920898,0.5871279835700989,0.5962065,0.00015716131543309727
ARPC4,-0.019835710525512695,0.5722970791137107,0.48154178261756897,0.1472128,0.39872271448255664
GNL1,-0.01984858512878418,0.7928096442496322,0.5950711369514465,-0.645306,2.8463833443481203e-05
TSSC4,-0.019861340522766113,0.5628147833913926,0.4391716718673706,-0.21401085,0.21702150987414262
RCOR1,-0.019868135452270508,0.4624990585678417,0.3489850163459778,-0.55794036,0.0004967155997390853
ZMYM3,-0.019881367683410645,0.4719721201556788,0.3882380723953247,-0.41836402,0.012380907852601302
ENPP4,-0.01991128921508789,0.5030740475177018,0.400404155254364,0.06661119,0.7038059300127177
MRPL34,-0.019947528839111328,0.5425709975936878,0.4337150752544403,-0.009462418,0.9569759463988048
DDAH1,-0.01996135711669922,0.9596973883996066,0.699870765209198,0.53749865,0.000869355309390963
URB1,-0.019968628883361816,0.5230782258008899,0.44672322273254395,0.5314943,0.0010179314165861238
CAST,-0.019972920417785645,1.00835546017374,0.8225617408752441,0.35725322,0.03512890829456505
NF2,-0.019997119903564453,0.5397691379774572,0.4396193325519562,-0.71832323,1.1808961842861459e-06
TRIM21,-0.019998788833618164,0.5024214463490891,0.3844803273677826,-0.28600502,0.09579792532356482
P3H4,-0.020010948181152344,1.0249464253636493,0.8572041988372803,0.36878335,0.029257004029657415
USP8,-0.020013093948364258,0.34645693432717956,0.24844606220722198,-0.04456266,0.7993502615172583
ACAA2,-0.02001368999481201,1.015579046530245,0.8022428154945374,0.50882626,0.0018003537112410955
NUDC,-0.02003324031829834,1.0236458602682192,0.8532751798629761,0.49365455,0.002581515049865305
DERPC,-0.020037412643432617,0.50032983272153,0.3866668939590454,0.38389975,0.022802678655272867
RPL21,-0.020046353340148926,0.47064100939913955,0.3814581632614136,-0.13801304,0.42915557134930926
TUBGCP2,-0.02005767822265625,0.5781333768083071,0.4304884672164917,-0.6184135,7.518922276633397e-05
HSBP1,-0.02010810375213623,0.5037338494203706,0.4320223331451416,-0.64892244,2.4799556357310846e-05
DLGAP5,-0.020114779472351074,0.609743838070698,0.4818689525127411,-0.39619076,0.01846778012112921
PSMA5,-0.020126938819885254,0.6293698846861054,0.48528334498405457,-0.25239584,0.14353093182603335
PHF14,-0.020142316818237305,0.38770334538130014,0.3072720468044281,0.344023,0.043012369189606436
ITM2B,-0.020160913467407227,0.7531082594661104,0.5870485305786133,-0.63018715,4.969683328385893e-05
ZNF148,-0.020161032676696777,0.40019768508945075,0.31592318415641785,-0.06899409,0.6937136762089124
PPP1R2,-0.020161747932434082,0.3803066840624365,0.2947402000427246,0.2619927,0.12841633229876284
GLUL,-0.02019023895263672,0.7962947303508505,0.6199404001235962,-0.1945135,0.2628410672168785
HIGD2A,-0.020199179649353027,0.37798715001799693,0.28492555022239685,0.09959411,0.5692023263235144
EIF3K,-0.020212650299072266,0.6942971134196113,0.4905349314212799,-0.47153336,0.004243910648039865
EPS8,-0.02022230625152588,0.8074267899834721,0.648711621761322,-0.5533241,0.0005654179106679535
MAPK1,-0.02022421360015869,0.793136729220573,0.6577845811843872,-0.5617661,0.00044550812342062474
CCDC6,-0.02026844024658203,0.5864591438147826,0.4638197124004364,0.13281095,0.44691777760131923
LRRC1,-0.020303845405578613,0.6002030307262339,0.49429669976234436,0.46733704,0.004646759000874764
CGN,-0.02030634880065918,0.7921938186784763,0.627650260925293,0.22091347,0.20220234509003696
ASF1A,-0.02031731605529785,0.4655097549985661,0.3811945915222168,0.5120335,0.00166474227607106
SCAMP2,-0.020321249961853027,0.8434390802075344,0.7114968299865723,0.5697739,0.00035324498307250064
ABCB10,-0.020322680473327637,0.5335734552011906,0.4365319013595581,0.7320028,5.819656212743203e-07
GLO1,-0.02037978172302246,1.2393393343181172,0.9527190923690796,-0.58270234,0.00023977980204652866
PRKAA1,-0.020380258560180664,0.47054259542602517,0.353665292263031,0.20540437,0.23652006574894802
USP19,-0.020401835441589355,0.39578102000365745,0.3051494359970093,-0.3118644,0.06818300026695247
RUFY3,-0.02040839195251465,0.8115691942152601,0.6349561810493469,0.6204898,6.997920492817406e-05
EEF2,-0.02040994167327881,1.007003163492789,0.7726274728775024,-0.60877544,0.00010424694474733016
IPO7,-0.020424365997314453,0.7488512540060097,0.5530885457992554,0.14068583,0.4201839751030978
RCN2,-0.020426273345947266,0.5066116218824146,0.3975520431995392,-0.34955314,0.03955952465146438
RRP36,-0.020462989807128906,0.5754452277416953,0.46943598985671997,0.20804319,0.23042022435135157
PPCS,-0.020473003387451172,0.49206037241958966,0.38848933577537537,-0.09212541,0.5986456229899718
DCTN4,-0.020480751991271973,0.6140112692935723,0.4794057011604309,-0.5978202,0.00014923458917572474
HOMER3,-0.020497798919677734,0.45860677567395497,0.3800799250602722,-0.37369117,0.02701495032273095
HARS2,-0.020545244216918945,0.5378311024562331,0.42805027961730957,0.5634294,0.0004247508929436689
SDE2,-0.02056872844696045,0.38878867536533385,0.3117409646511078,-0.14371659,0.4101391115502957
PIP4P1,-0.0206526517868042,0.455832972738529,0.3820136487483978,0.02378379,0.8921250240372441
PIGS,-0.02066981792449951,0.5361728340595021,0.43243804574012756,0.0672891,0.7009294612273773
EXOSC9,-0.02067863941192627,0.433606568567997,0.3466213643550873,0.1978712,0.25452883667813025
PGM3,-0.020714521408081055,0.8442726635702268,0.5881601572036743,-0.108289436,0.5357795099843893
GEMIN4,-0.020745396614074707,0.5378421293405691,0.4142220616340637,0.08259422,0.6371439436270283
ATP6V1F,-0.02078413963317871,0.36210733884302715,0.2851816415786743,-0.095901035,0.5836789347113274
SH3GLB1,-0.020790457725524902,0.7646600909946715,0.6123006939888,0.52470374,0.0012125663441977853
NDE1,-0.02082538604736328,0.4648809337970662,0.3716748058795929,-0.11745309,0.5016103791511863
LAP3,-0.02084958553314209,0.5612143553223974,0.45298418402671814,-0.010402963,0.9527045013155626
MXRA7,-0.020884394645690918,0.6803005785898543,0.5314634442329407,-0.46478894,0.004907145110681962
ALDH4A1,-0.020896553993225098,0.6823128170394616,0.5349850058555603,-0.10996777,0.5294392111340932
HSPA4,-0.02091073989868164,0.6870778261437832,0.49077877402305603,-0.4005992,0.017091064488087327
MRPS33,-0.02092278003692627,0.5164786699216821,0.3934681713581085,-0.035069924,0.8414782880350276
DAD1,-0.020927071571350098,0.6958371872328823,0.5613330006599426,0.49555284,0.002469894680175505
BPGM,-0.020937323570251465,0.6127893455367862,0.4911687672138214,-0.0836858,0.6326850113850777
LAMA5,-0.020955920219421387,0.6484120145638281,0.5435850620269775,-0.63129556,4.775495485550997e-05
PUS1,-0.020967721939086914,0.53794050241676,0.42128029465675354,0.29790804,0.0821839600830536
IGSF8,-0.02097761631011963,0.6613435170004203,0.5435177087783813,-0.29651177,0.08369872084073887
HMGN2,-0.020989298820495605,0.8785640474224283,0.7015482783317566,-0.47951677,0.0035602368234873083
PPP1CB,-0.020999431610107422,0.511802491768797,0.41425180435180664,0.31997356,0.0609520470688307
ACADVL,-0.021007299423217773,1.0866105443312613,0.9567651152610779,0.72679275,7.65740070496163e-07
ME1,-0.021023869514465332,0.8469177052333442,0.6745019555091858,0.409093,0.014679857411452165
MRPS10,-0.02107059955596924,0.5456347161178425,0.3999388813972473,-0.6418354,3.24342566145742e-05
JUN,-0.02107822895050049,0.5974880305890948,0.44300779700279236,0.0037345933,0.9830129134346927
HMG20B,-0.021116971969604492,0.5508296214838049,0.3967868387699127,-0.27984816,0.10348339577355674
GBP1,-0.021140575408935547,0.42316041375609026,0.30494675040245056,-0.07022403,0.688524292489873
PPP2R5D,-0.02114248275756836,0.5766103336992071,0.4340193569660187,-0.47403765,0.004018174109169574
ECHS1,-0.02115309238433838,1.0979982433860915,0.896340012550354,0.49510914,0.002495600248424318
ARPP19,-0.021161198616027832,0.5326217723910683,0.44670480489730835,0.057041164,0.7448256889125967
PDCD10,-0.021258950233459473,0.6624634732667366,0.5520837903022766,-0.5012746,0.0021585078171064732
NUP188,-0.021341323852539062,0.45276278784316126,0.3304220139980316,-0.10860151,0.5345976886418418
DPM3,-0.021347403526306152,0.5511007261686433,0.44805216789245605,0.18582778,0.28516471163723234
TEX10,-0.021358013153076172,0.44040287384490967,0.3525584638118744,-0.19514267,0.2612702984586982
SVIL,-0.02137470245361328,0.6243577518314589,0.5186001658439636,-0.48776633,0.0029561879384888395
BAG5,-0.02139115333557129,0.36150700033567074,0.2777150571346283,-0.35033947,0.039087332935705085
ACACA,-0.0214310884475708,0.5047397078682978,0.36453238129615784,-0.31132275,0.06868898971694778
AKR7A2,-0.021435141563415527,0.8431957685152679,0.6419795155525208,-0.5490019,0.0006372550360454199
TARS1,-0.021435260772705078,0.9539308112104353,0.7117305397987366,0.03544037,0.8398256160200651
SFXN2,-0.021466970443725586,0.5092623041845414,0.4022018611431122,0.37977135,0.024435403271565636
NXF1,-0.021471261978149414,0.41633097914828565,0.3297828733921051,-0.12993288,0.45691351827505367
GOLGA2,-0.021477818489074707,0.67709595350584,0.5257276892662048,0.4175661,0.012566018575625532
KIF2A,-0.021521687507629395,0.7366105405720875,0.5985828638076782,-0.6651079,1.3083810360159746e-05
RNF181,-0.02153599262237549,0.534093483728663,0.44573381543159485,-0.4764395,0.00381151465233166
CDH3,-0.021569490432739258,0.7265671350474845,0.5354011058807373,0.22916539,0.18542783247405195
NAGA,-0.021573305130004883,0.5346313185301729,0.41019588708877563,0.32667643,0.05544456958073483
MYCBP2,-0.021585464477539062,0.3727292811010284,0.32316362857818604,0.52909297,0.0010833540445272817
DNASE2,-0.0216214656829834,0.7726501156030182,0.6019920110702515,-0.24729688,0.15207191292013145
FECH,-0.02163708209991455,0.7359693143734808,0.5489749312400818,0.3414659,0.0446889899514211
CLTCL1,-0.021647334098815918,0.49799834370241913,0.41634321212768555,-0.523369,0.0012544567758303305
TOLLIP,-0.021655797958374023,0.5361978738076735,0.41928207874298096,-0.12721367,0.4664663136307775
DHRS2,-0.02166152000427246,1.174734162634039,0.9484661817550659,-0.009497967,0.9568145741831876
CBFB,-0.02167510986328125,0.6699872888597648,0.5856044292449951,-0.60321665,0.0001252660954692518
PELP1,-0.021689414978027344,0.46398946656200085,0.3616906404495239,-0.39172435,0.019955732172921035
ATP5IF1,-0.021728515625,0.6840844491266491,0.5180788040161133,0.12852672,0.46184052341425597
SLC1A5,-0.02173030376434326,0.7922910979960431,0.6750355362892151,0.7778775,3.827071288603732e-08
FDFT1,-0.021750926971435547,0.7580574269067983,0.6147298812866211,0.03525985,0.8406308575533433
SNRPD2,-0.02175164222717285,0.3289981645653205,0.257389634847641,-0.27425343,0.11086432413147608
UBL4A,-0.02176487445831299,0.6685130706770408,0.4941341280937195,-0.5501187,0.0006179586673681189
DDRGK1,-0.021773576736450195,0.585534224014071,0.4795401990413666,0.52701944,0.001142798247546975
TRAPPC5,-0.021778583526611328,0.42116166665865956,0.31567487120628357,-0.0027899966,0.9873091664501925
TP53I3,-0.02182328701019287,0.7264571985210908,0.5341067314147949,0.13881806,0.4264422977660365
SYVN1,-0.021881699562072754,0.5970061013406768,0.4888162314891815,-0.7040727,2.366052571386006e-06
EFR3A,-0.02188718318939209,0.7166902218503589,0.54680335521698,-0.268267,0.11919354013099724
CD151,-0.021917223930358887,0.8909795289711683,0.773361086845398,-0.69057375,4.4076926568855744e-06
NDUFAF7,-0.021940112113952637,0.4977835763310183,0.3980761766433716,-0.40352085,0.016226839906998882
UBTF,-0.02195417881011963,0.4799775504783169,0.37654539942741394,0.11316788,0.5174508147056572
NECTIN2,-0.021979570388793945,1.1398830875043306,0.956222414970398,-0.6879206,4.961723215316132e-06
GTF2F2,-0.02198052406311035,0.5574874860701922,0.42863190174102783,-0.48436648,0.003193372399864283
THOP1,-0.021989822387695312,0.7643710396914379,0.6146596074104309,0.5919078,0.00018014912087881103
GLIPR2,-0.021991729736328125,0.8667132137404413,0.6710295081138611,-0.024214968,0.8901810626757091
CHD7,-0.021994709968566895,0.6903655414917603,0.5415846109390259,-0.5568684,0.0005119724771255635
TAPBP,-0.022005319595336914,1.080203499165493,0.9367638826370239,-0.7411466,3.539881787934613e-07
STXBP1,-0.02202427387237549,1.4065186138040167,1.2217825651168823,-0.36673948,0.030234647124670142
KIF1A,-0.022066950798034668,1.0433422662781164,0.77479088306427,-0.62363136,6.27133423362243e-05
PROM2,-0.022079944610595703,0.5703145902412466,0.44382399320602417,-0.18353614,0.29125216437319174
LIG3,-0.022095203399658203,0.6002309603024845,0.4954092800617218,-0.70363015,2.416104637444456e-06
CLYBL,-0.02213740348815918,0.7175091938267137,0.552138090133667,0.32406992,0.05753716443167998
SMIM20,-0.02214217185974121,0.7155862922694648,0.5684709548950195,-0.19667052,0.257480968168971
PDCL3,-0.022147536277770996,0.5186351993796342,0.41150930523872375,0.39921573,0.017513565663036735
LRRFIP2,-0.022149085998535156,0.4636790164953517,0.37706804275512695,0.20640402,0.23419679805278082
PABPC4,-0.02216804027557373,0.8339300919673823,0.6653159260749817,-0.58722967,0.0002085477003050392
PSMC6,-0.022168636322021484,0.5827393544704544,0.43925681710243225,-0.49937302,0.002257956304457519
NDUFA5,-0.02216958999633789,0.4393985120958653,0.33764150738716125,0.42047164,0.011903035922973171
SELENBP1,-0.02220737934112549,0.9841921803082192,0.7416054010391235,-0.15093566,0.38676899209126747
PARP1,-0.02221834659576416,1.0198026566242837,0.864990770816803,-0.79598546,1.0888710165422733e-08
UXS1,-0.022221922874450684,0.5123146315033864,0.42409613728523254,-0.30917972,0.07071957823708154
ACOT13,-0.02227461338043213,0.8659989743832336,0.7160086035728455,0.43699482,0.008668716826019275
IBA57,-0.022316932678222656,0.440738324546773,0.3784084916114807,0.012961039,0.9410925651952168
NES,-0.02231729030609131,1.2060379830257646,0.9917322397232056,-0.31072482,0.06925083714079751
GOLGA4,-0.022318124771118164,0.5569077770892275,0.454214483499527,-0.79631215,1.0632475214877644e-08
MRPL46,-0.02239358425140381,0.432241237717042,0.3558134436607361,0.5927437,0.00017545645484127442
DPY30,-0.02245509624481201,0.384559053069237,0.31971725821495056,0.066057235,0.7061593763023732
NECTIN4,-0.02247035503387451,0.5809902636291634,0.42803314328193665,-0.101298906,0.5625752850870147
RNF167,-0.02251756191253662,0.6231973639723225,0.45492297410964966,0.42868173,0.010187350245290808
CORO1C,-0.022536873817443848,0.6725622698518763,0.49854061007499695,-0.63399464,4.330974991237899e-05
MSL1,-0.022551417350769043,0.5022261059110604,0.4063221514225006,0.1564022,0.3695997558716258
ADSL,-0.022560596466064453,0.8981407338823544,0.7077380418777466,-0.5334858,0.0009663470173852094
SPINDOC,-0.022561073303222656,0.8065515427434488,0.6652581095695496,0.619445,7.255853288470272e-05
STX6,-0.022595643997192383,0.6261524542487727,0.4831102192401886,-0.6690114,1.11491087640789e-05
ANPEP,-0.02260303497314453,1.1026344764854925,0.7890253663063049,0.4976378,0.0023521691616319334
GAA,-0.022610187530517578,0.7646606366388988,0.584477424621582,0.45431942,0.006113373464693603
RAB5C,-0.022623300552368164,0.6505581293544717,0.562044620513916,0.6822571,6.362558894019233e-06
ASNS,-0.022641777992248535,0.780457972546646,0.6889692544937134,-0.43531674,0.008958650456939533
EIF3M,-0.022684574127197266,0.8065767424551578,0.5977651476860046,-0.46527958,0.004856049058804977
MTPN,-0.02269446849822998,1.3623111191464439,1.139706015586853,0.65978754,1.621238818402767e-05
NCAM1,-0.022712230682373047,1.2716750604061688,1.0643466711044312,-0.6278677,5.399290292198981e-05
SMN1,-0.022771477699279785,0.4668316050103329,0.3525216579437256,-0.35891214,0.03422936908249242
MRPS22,-0.02277970314025879,0.5084883374083611,0.3872948884963989,0.70232743,2.5691278870116896e-06
UBAC2,-0.022788166999816895,0.6020332575194537,0.48126116394996643,0.41630116,0.012864231099865904
CLNS1A,-0.022849440574645996,1.0911135915333958,0.9197039008140564,-0.20839837,0.2296075449381299
CASP1,-0.02285170555114746,0.427290734275025,0.33719542622566223,0.25108552,0.14569153970149853
CFL1,-0.022855162620544434,1.0167909238789903,0.8310454487800598,-0.4911538,0.002735248741303371
TOM1L2,-0.022884845733642578,0.3982405643327158,0.3365311026573181,-0.36261886,0.03228708939327555
SCRN1,-0.022918224334716797,1.049751486206456,0.7799209356307983,-0.6429053,3.116003086516807e-05
CCDC50,-0.022933483123779297,0.5337538058839852,0.45776551961898804,0.043461546,0.8042109264522618
MRPS25,-0.022933602333068848,0.5990734376739645,0.46996667981147766,-0.6043667,0.00012062861993700868
AMFR,-0.022942304611206055,0.6688620633859869,0.5676649808883667,0.7624397,1.0228214214560953e-07
PITPNM1,-0.023046374320983887,0.765549325122527,0.6571931838989258,0.4865986,0.003035859007973957
PPP2CA,-0.023052096366882324,0.6094006508539228,0.4525125324726105,-0.59925574,0.00014248716797293255
SLC30A1,-0.023056387901306152,0.7872371143971573,0.6411778330802917,-0.6003168,0.0001376775710939275
ASAH1,-0.02310013771057129,0.7149387984325304,0.5954681634902954,0.44714198,0.0070802664765916845
HP1BP3,-0.023102283477783203,0.7395872241352162,0.5640973448753357,-0.38473892,0.022482077466950193
SMU1,-0.023123621940612793,0.39953805355982125,0.3030809760093689,-0.40525904,0.015730264368896168
MELTF,-0.023142218589782715,0.9577005965063,0.7592427134513855,0.40014,0.017230335929161567
AP3B1,-0.023154616355895996,0.46733446967151854,0.36106133460998535,-0.26448286,0.12469470774351656
POP1,-0.02318596839904785,0.5298108916470307,0.45533329248428345,-0.18353984,0.2912422808678045
GBA,-0.023217439651489258,0.6781267464962456,0.5586884021759033,0.26588553,0.12263391455081485
SCLY,-0.02322244644165039,0.4766275486561573,0.37017521262168884,0.6060384,0.00011416343158292959
PIP4K2B,-0.023232340812683105,0.6220956075606779,0.4725216329097748,0.016851848,0.9234545386832289
PTPRS,-0.023241162300109863,0.6113714623248463,0.4784899652004242,-0.18621907,0.2841333318193642
STIM1,-0.02324199676513672,0.7110493750107341,0.553568422794342,-0.36239195,0.03240337149926378
CLPX,-0.0232468843460083,0.46565928364955894,0.39062461256980896,0.6593418,1.6503073847994747e-05
WDR18,-0.02325737476348877,0.43264233104927813,0.33858048915863037,-0.28988925,0.09117855370746589
LSM2,-0.023265719413757324,0.3689629263280559,0.2794889211654663,-0.1408248,0.41972030284221373
GNG5,-0.023311853408813477,0.4962547371443639,0.37387070059776306,-0.27197978,0.11397445340760941
COA4,-0.023319721221923828,0.48433789757172674,0.38623684644699097,0.6038305,0.00012277111814714865
DDX6,-0.02331995964050293,0.7387082111654684,0.5776771306991577,0.6426362,3.1476165907546925e-05
BAG1,-0.023321032524108887,0.34469662717353783,0.2626192569732666,0.41292322,0.01368998678505637
ACAP2,-0.023322224617004395,0.3713829720423744,0.3219315707683563,0.3044019,0.07541597249521972
IAH1,-0.023339152336120605,0.44270849975882004,0.3350529372692108,-0.3156472,0.06473041379828344
RARS1,-0.023341894149780273,0.48394043717594726,0.3938234746456146,-0.2383775,0.16788949384027407
DDX42,-0.02335178852081299,0.4671754140151757,0.3508016765117645,-0.4464,0.007187315545305212
TRIM16,-0.023378610610961914,0.5472087114406821,0.4221612215042114,-0.1635488,0.3478486388583167
ATPAF1,-0.02340984344482422,0.5556884652999167,0.4274205267429352,-0.273944,0.1112837015216537
ANXA4,-0.023421406745910645,1.4655601275631962,1.2251503467559814,0.5469034,0.0006749656895121672
LAMB1,-0.023425817489624023,0.7563712582436541,0.6103122234344482,0.5520487,0.0005858287999463889
TMEM132A,-0.023434042930603027,0.3110677082268816,0.2553185522556305,0.09718558,0.5786249036677846
PTDSS2,-0.023500919342041016,0.6616389986550404,0.5637975335121155,-0.4566294,0.0058273621517571025
UFL1,-0.023504137992858887,0.5201192124513923,0.4427648186683655,0.7103347,1.7522266603712968e-06
CUL1,-0.023527860641479492,0.4970997499993662,0.3821278214454651,-0.5324929,0.0009917708235140878
MIPEP,-0.02353036403656006,0.5938149215942767,0.5068877339363098,0.24507514,0.15590676727038033
MFGE8,-0.023604273796081543,0.9091668051228008,0.7292983531951904,-0.35374108,0.037096879319803024
STRN4,-0.02361297607421875,0.45621081014089687,0.3553414046764374,0.5148532,0.001552998728056688
TRIM22,-0.023615002632141113,0.3552833115357417,0.2925679087638855,-0.119434685,0.4943690199826964
AP3S2,-0.023622751235961914,0.456587877971666,0.3636923134326935,-0.07398909,0.672726851945782
CCDC9B,-0.02369534969329834,0.42588587884021434,0.326020210981369,0.31584066,0.06455759882398632
SMS,-0.023706674575805664,0.9567705383189575,0.7861010432243347,-0.71980536,1.095918375739356e-06
EIF2B4,-0.023734688758850098,0.9080374289688145,0.7493546605110168,0.16468202,0.34447248927373114
SNX2,-0.023741602897644043,0.782022818749525,0.5532850623130798,0.28214985,0.10055740296632842
LCLAT1,-0.023805618286132812,0.5052507192652819,0.3898128569126129,-0.11303868,0.5179322952464893
HTRA2,-0.023879528045654297,0.4153880189444752,0.3037518262863159,-0.16814572,0.33427751429636376
HIBCH,-0.023905158042907715,0.6027197172863548,0.46986526250839233,0.063051574,0.718974615562544
MTHFD2,-0.023925065994262695,0.6517928532733865,0.49176689982414246,-0.25095418,0.14590945316549758
CARM1,-0.023932337760925293,0.5758312188131297,0.40867048501968384,0.17889643,0.30383069549252745
TPI1,-0.02393817901611328,1.2192449787217179,1.0006223917007446,-0.16941331,0.3305930789389339
SLFN11,-0.0239945650100708,0.45367454221902803,0.3653246760368347,0.20807274,0.23035249495374668
IVNS1ABP,-0.024027109146118164,0.5639958889165483,0.44801223278045654,-0.2052277,0.2369323000232257
CAPN2,-0.024034619331359863,1.00692923231071,0.8680483102798462,-0.6371986,3.8520110206643863e-05
FDX1,-0.024042367935180664,0.7027008896844459,0.5585396885871887,-0.44424722,0.007505721674159602
CAPN1,-0.024070024490356445,0.8626815991718396,0.684016764163971,0.30487528,0.07494011130463694
STAMBPL1,-0.024170398712158203,0.44995753034879216,0.3336688280105591,-0.4539727,0.006157334816339938
CDC42,-0.02418684959411621,0.3920715061711924,0.31729936599731445,-0.05221818,0.7657711656042143
AGAP3,-0.02419900894165039,0.5630102492427743,0.4688096046447754,0.5469941,0.0006732955107043408
ISG15,-0.024201273918151855,0.7940033425758014,0.6105366945266724,-0.13649005,0.4343144946840108
FAM114A2,-0.02424335479736328,0.5140620733102808,0.41231200098991394,-0.09826436,0.5743960651485543
YWHAB,-0.02427208423614502,0.7852279098983928,0.6506875157356262,0.08430675,0.6301539090097488
MEAF6,-0.02431178092956543,0.556985500645215,0.4309140145778656,-0.5953127,0.0001617114798627133
KHDRBS3,-0.024314165115356445,0.585051515218352,0.4742276966571808,0.25349462,0.14173736324112493
GDE1,-0.024323701858520508,0.5343898659584698,0.42435935139656067,0.077835165,0.6567308511162271
MSTO1,-0.024329304695129395,0.5805418171339535,0.45478734374046326,0.3211076,0.05999104675520263
RAB3D,-0.02432990074157715,0.3653552217523573,0.26728537678718567,-0.38094592,0.02396133512340252
DHRS4,-0.024332404136657715,0.6811999670081879,0.5340175628662109,0.4468043,0.007128814139241401
CD46,-0.02440774440765381,0.5348351064925828,0.40588903427124023,0.6514961,2.245811486737313e-05
FHL3,-0.02449667453765869,0.5994704641665557,0.512778639793396,0.041805822,0.8115331063228252
LONP1,-0.024512887001037598,0.4923850374576304,0.39950481057167053,-0.30671623,0.07311170584077725
NAP1L1,-0.0245131254196167,0.9109370930116245,0.736375093460083,-0.48493668,0.0031524693345784407
CCDC86,-0.0246049165725708,0.542498377960171,0.4498772621154785,-0.291176,0.08968653675782041
PCCB,-0.024700641632080078,0.57619791780226,0.4344177544116974,-0.051362794,0.7695038352485938
WDR48,-0.024710774421691895,0.46422853550055376,0.36959078907966614,0.13026024,0.4557706126914825
ATP2C1,-0.02473437786102295,0.5672431550686837,0.4508298635482788,0.5181374,0.001431193787282436
ACAT2,-0.02475130558013916,1.2295602987146885,0.9349731206893921,-0.5412432,0.0007867160192598912
RBM12,-0.024758577346801758,0.7792913680491514,0.6371913552284241,-0.31075543,0.06922195734659557
SRSF9,-0.024776101112365723,0.5231003031033888,0.4085513651371002,-0.0125626195,0.9429002697832238
GPD1L,-0.02479267120361328,0.6015218002621078,0.4399969279766083,-0.2025502,0.2432393885923494
CAPZA2,-0.02479565143585205,0.5499904718440699,0.4580022096633911,0.24396811,0.15784330677781522
TAOK1,-0.02481257915496826,0.6427888611641441,0.4965148866176605,-0.28684667,0.09478216102264761
PDCD2L,-0.024874210357666016,0.6592832808862216,0.48350486159324646,0.23159459,0.18068266126939236
EDF1,-0.024901866912841797,0.8888646178773146,0.6197271347045898,-0.2448524,0.15629493931941932
BRD1,-0.02491152286529541,0.6145272687350923,0.48706522583961487,-0.48967963,0.002829567884480476
TRAPPC8,-0.02498447895050049,0.43579528977464577,0.3344375193119049,0.39884183,0.017629213900501442
SMC4,-0.025018692016601562,0.8600038135244406,0.709874153137207,-0.2970852,0.08307408978883474
PTPRA,-0.025029659271240234,0.6113801879163535,0.48007911443710327,0.5019292,0.0021251664076975653
NDUFS5,-0.02505815029144287,0.5612177273704719,0.4600709080696106,-0.22592387,0.19189594913783917
ARFGAP2,-0.025059819221496582,0.5530894187215808,0.43805673718452454,-0.27785543,0.10606831577147476
LAMP2,-0.02506732940673828,0.9352243460813049,0.7826876044273376,-0.56628704,0.00039108839788426074
EXOSC4,-0.025081157684326172,0.4956476653978896,0.40183165669441223,-0.20442426,0.23881321133077923
USP13,-0.025101423263549805,0.7547115709087275,0.6340396404266357,-0.7120426,1.6122436817430094e-06
MET,-0.025106072425842285,0.951260572367201,0.6933419108390808,-0.5423398,0.0007638681908978247
TMX3,-0.02513563632965088,0.6589781276404486,0.527191698551178,-0.29995394,0.0800029068026165
RPS6KA3,-0.025138139724731445,0.5625874663272584,0.39751744270324707,0.014302633,0.9350073994576655
NOL6,-0.02518296241760254,0.5770462901027315,0.4786328375339508,-0.40217784,0.01661945293550785
AKR1B1,-0.02518761157989502,1.2851569920685548,0.9503239393234253,-0.36868694,0.029302544455844095
AP2S1,-0.025199413299560547,0.6291199078352847,0.5180118083953857,0.3908926,0.020243544073181716
TFG,-0.02520155906677246,0.800507103118262,0.6380298733711243,0.100379884,0.5661431984666341
EMG1,-0.025201916694641113,0.3784946487015715,0.31340596079826355,0.09507675,0.5869319476078789
XPO7,-0.02524423599243164,0.6249506454054252,0.5005461573600769,-0.7212636,1.0178104263617071e-06
RING1,-0.02530050277709961,0.628650162962948,0.4963550567626953,-0.64486927,2.8937928354135676e-05
SEC23A,-0.025348901748657227,0.691431896359073,0.5433266758918762,0.38401952,0.022756680641315915
RTCB,-0.025351881980895996,0.7133016994925089,0.5667891502380371,-0.6250395,5.968303656270972e-05
CDH2,-0.025385379791259766,0.6541235395255206,0.5135661363601685,-0.37829727,0.025041271877151144
TRPV2,-0.0253983736038208,0.5918171441664121,0.42258650064468384,0.5652675,0.000402814537088387
B2M,-0.025426268577575684,1.2914072617136274,1.1210987567901611,-0.6030069,0.00012612912862030527
TRIM65,-0.025448203086853027,0.6043845775756632,0.4643973112106323,-0.14893839,0.393155672789272
PSMD5,-0.025487899780273438,0.6710558488687998,0.5042325258255005,0.1645385,0.34489899523168155
ATAD3B,-0.02549147605895996,0.6195348453297143,0.48072150349617004,-0.30629575,0.07352619398162588
CORO7,-0.025556325912475586,0.9116030478262073,0.6961594223976135,-0.607216,0.00010979724936266522
USP15,-0.025566577911376953,0.37527932254659363,0.2915259897708893,-0.027246531,0.8765320706706909
EXOSC7,-0.025571346282958984,0.33531611660147265,0.25339391827583313,-0.022467138,0.8980649546014985
COL6A3,-0.02557373046875,0.8314153693203915,0.6491844058036804,-0.32373637,0.05780941865653249
MAT2B,-0.02560436725616455,0.8591098029420031,0.6395459175109863,-0.14645913,0.4011680956234633
AP3S1,-0.025622129440307617,0.5137672770859865,0.3845347762107849,-0.43130738,0.009685045079042148
LIMA1,-0.025648832321166992,1.248099742360681,1.094077706336975,0.5905522,0.0001879983170299186
NAMPT,-0.025657176971435547,1.0052669224769761,0.8215732574462891,-0.2187213,0.20683029838047476
UMPS,-0.02566385269165039,0.6980229813937816,0.5646602511405945,-0.6382771,3.701925621645907e-05
DPP3,-0.02570033073425293,0.8214159492150785,0.6547836661338806,-0.48888946,0.0028812728926324504
UBE2T,-0.025702953338623047,1.0898670481170678,0.9216453433036804,-0.49703464,0.0023857071431272565
GEMIN5,-0.025729060173034668,0.624820778899785,0.5159728527069092,-0.11458036,0.512202289642996
NSMCE4A,-0.025740385055541992,0.5797364227132914,0.45827212929725647,-0.5757842,0.00029561297480885836
ETV6,-0.025789260864257812,0.46473184408620877,0.2986413240432739,0.26868457,0.11859777322226549
REEP6,-0.025811195373535156,0.6389826214028551,0.5259706377983093,0.38558584,0.022162357379592625
NUP210,-0.025944948196411133,0.6467085619591936,0.5166407227516174,-0.17945515,0.30229799433083915
OGA,-0.02603745460510254,0.6457911805783749,0.48606032133102417,-0.03227309,0.8539792067736409
TMED1,-0.02604234218597412,0.6310025693339348,0.5317500233650208,-0.6787879,7.38975338102383e-06
PANK4,-0.026070713996887207,0.4162359773433254,0.33729955554008484,0.40536502,0.01570040509639647
EIF3D,-0.026082754135131836,0.6294316058193029,0.45170801877975464,-0.20017438,0.248929158507626
DLAT,-0.02611255645751953,0.6402573111837984,0.46314218640327454,0.08135573,0.6422190398024034
ABT1,-0.0261307954788208,0.4666661993376345,0.3858009874820709,-0.18563652,0.28566949745081954
TPRKB,-0.026144027709960938,0.46800218376746494,0.3775307834148407,0.3129654,0.06716354992834685
RANBP9,-0.026177048683166504,0.5659445887205389,0.4510076940059662,0.13987797,0.42288419665838345
RPP25,-0.02619791030883789,0.5729989830760354,0.42721667885780334,-0.07811034,0.6555921699738467
SUMF2,-0.026206016540527344,0.7091458979956187,0.5327252745628357,0.36780912,0.029719760111504255
TBC1D4,-0.02621757984161377,0.6506199475402779,0.47308361530303955,0.44212213,0.007831804449202387
ALDH3A2,-0.026325702667236328,1.0102520772586452,0.8079531788825989,0.2897066,0.0913918495487768
ANKRD17,-0.02632880210876465,0.5256956555100465,0.39428484439849854,-0.51019186,0.0017414697116212802
TCOF1,-0.026338934898376465,0.579969248203072,0.4814372956752777,-0.48573825,0.003095749114493478
MARS2,-0.02636408805847168,0.5297873501358664,0.4101428687572479,-0.04923722,0.7788002066592098
MRPL23,-0.02636563777923584,0.489163433421149,0.4024106562137604,-0.35689932,0.03532329463936554
HM13,-0.02636849880218506,0.80056201445849,0.654035747051239,-0.7051056,2.2528947256154447e-06
RBM7,-0.02637028694152832,0.6081013451628321,0.52048659324646,0.5087356,0.0018043210812382512
ARPC1A,-0.026374340057373047,0.5912823092401397,0.48357853293418884,0.3963904,0.018403483135591436
B4GAT1,-0.026401519775390625,0.6172969817586007,0.465058833360672,-0.6998354,2.886787068387912e-06
TOM1,-0.026441097259521484,0.6210697577298985,0.5027844905853271,0.15130255,0.38560224982976904
CAMK2D,-0.026449203491210938,0.5957810898087049,0.4667854905128479,0.050751418,0.7721743464700395
ACTL6A,-0.02645719051361084,0.7737394186723039,0.6219611763954163,0.5209897,0.001332304783315521
PRKAR2A,-0.026478171348571777,0.5639926655830164,0.418426513671875,0.14577778,0.4033860581640945
CNP,-0.026537656784057617,0.5376633994556416,0.4536180794239044,-0.5015797,0.0021429098614467374
XRCC6,-0.026546239852905273,0.5434575522146958,0.4810464084148407,-0.2813628,0.10155072854579678
RAB8B,-0.02657032012939453,0.6215253565887328,0.47286683320999146,0.09657536,0.5810233102392576
LAMB2,-0.026574134826660156,0.809385492558753,0.6189010143280029,-0.22985433,0.1840732471594224
COX6A1,-0.02659285068511963,0.6715330318200242,0.4665358364582062,0.5223035,0.00128880749811503
BABAM2,-0.026685476303100586,0.4510445683527665,0.3225438892841339,-0.5369776,0.000881445417025679
ZNF638,-0.026692986488342285,0.43492466912829036,0.3401924669742584,0.27046177,0.11608719821724767
ISCA2,-0.02671682834625244,0.5473420737085964,0.43018779158592224,-0.15364544,0.3782010860769365
FXR1,-0.026800155639648438,0.598627933650337,0.4917434751987457,-0.29342374,0.08712519615802328
RACK1,-0.02683579921722412,0.8193246979334678,0.579850435256958,-0.5070746,0.001878429336233389
MAP1A,-0.02684497833251953,0.8179046897250952,0.68308424949646,0.06447869,0.712880359737704
ARMCX3,-0.02686011791229248,0.45029817345282847,0.33641478419303894,0.24064282,0.16376503920118876
CNST,-0.02687668800354004,0.5553326414509631,0.36579790711402893,0.19153896,0.2703527415254877
CAMSAP2,-0.02692103385925293,0.5826822263124454,0.45295342803001404,-0.032024395,0.8550924007689595
GJA1,-0.026988625526428223,0.6218705747437335,0.48548179864883423,0.24028152,0.1644177497602221
SMARCA2,-0.026992321014404297,0.4636768954615046,0.3665469288825989,0.19076924,0.27231913936913316
TECR,-0.026993870735168457,0.40938739466649365,0.2793987989425659,0.19188195,0.26947958515821496
KDM1B,-0.027108311653137207,0.4505109694031337,0.3873235285282135,-0.5174867,0.0014546396348910833
ITGA2,-0.027134418487548828,1.448022065568846,1.251155972480774,0.60422146,0.00012120591412628655
UBQLN1,-0.027138113975524902,0.6073495018335587,0.4832884669303894,-0.44314897,0.007672761899614969
MORF4L2,-0.027234911918640137,0.5289374394426353,0.4138442575931549,0.32020116,0.06075823171721828
COMMD8,-0.027245521545410156,0.38932867481817346,0.3091982305049896,-0.12731408,0.466111817113564
ZDHHC5,-0.02725207805633545,0.6707676922529643,0.5003147125244141,-0.03816917,0.8276706544600742
MYL6B,-0.02732682228088379,0.4779887510157166,0.373584508895874,-0.3983831,0.01777199021169959
EPRS1,-0.027391433715820312,0.578386814528529,0.46336859464645386,-0.30402884,0.07579258739205533
GPI,-0.027399301528930664,1.2029834515423532,0.9633565545082092,-0.4528025,0.006307684541902836
ZMYND11,-0.02756190299987793,0.6475892321029514,0.5019664168357849,0.4150069,0.0131755135374668
BAK1,-0.027579307556152344,0.6858046174864848,0.528471827507019,-0.5622928,0.0004388396769383407
OLA1,-0.02758502960205078,0.9957103215672495,0.7757492065429688,-0.65844476,1.7102486736935086e-05
EIF2B5,-0.027585864067077637,0.5037342635600421,0.38789650797843933,0.64801,2.568132021678599e-05
CPSF2,-0.02759706974029541,0.3476014576285181,0.26792484521865845,0.5854626,0.0002202767760064426
PRORP,-0.027631402015686035,0.4619145302639099,0.35161614418029785,-0.09445603,0.5893870964980398
CRLF3,-0.027666211128234863,0.4903488937301658,0.37270310521125793,-0.108516805,0.5349185251650593
UQCC1,-0.027670979499816895,0.5196614783419347,0.41806653141975403,-0.2198646,0.20440747169259055
ENPP1,-0.02769458293914795,0.5904445493634057,0.4585917890071869,-0.2448224,0.15634735860742363
IPO5,-0.02782273292541504,1.02672038729393,0.8457140326499939,-0.6384633,3.676552044119405e-05
RPL36,-0.02783799171447754,0.4985467533925964,0.413320928812027,-0.14120916,0.4184397391030472
TPRN,-0.027854323387145996,0.5512618004364096,0.41974693536758423,0.34204027,0.04430789170943198
LMO7,-0.027880430221557617,0.9655694741886072,0.7700489163398743,0.76492417,8.775497584336548e-08
CHCHD1,-0.027893781661987305,0.7635764137955644,0.578830897808075,0.5711316,0.0003394163835468166
TBCD,-0.02790355682373047,0.6616183910807345,0.5081416368484497,-0.5313332,0.0010222106529665384
WDHD1,-0.02793753147125244,0.4155083549993025,0.3353514075279236,-0.48967624,0.0028297846025614956
SH3PXD2B,-0.0279463529586792,0.5926564586668203,0.4732690453529358,-0.14335275,0.4113376954981526
GXYLT1,-0.02795863151550293,0.6873119053593078,0.4576074779033661,0.13166475,0.4508843119143923
PLP2,-0.02797865867614746,0.9551624658707771,0.7707082629203796,-0.087163,0.6185651254468904
VAC14,-0.027985692024230957,0.6416372118006456,0.4710010588169098,0.115717396,0.5079967498146568
LRRC47,-0.028084278106689453,0.9576931902457417,0.8010790944099426,-0.2882867,0.09306325219116013
DLGAP4,-0.028098702430725098,0.5110190463538411,0.3934771418571472,0.37404525,0.026858836260362815
MAP4K4,-0.028101444244384766,0.48008846337009237,0.37808701395988464,-0.002050601,0.9906720323307431
SCOC,-0.028103232383728027,0.4501584217902311,0.34346482157707214,-0.0030683577,0.9860431288346444
UBE2M,-0.028108716011047363,1.1403757110329222,0.9339974522590637,-0.69009423,4.50343197120548e-06
PTPN1,-0.02811264991760254,0.7926104257468252,0.6483578681945801,0.47146207,0.0042504935801618215
EPDR1,-0.028135180473327637,0.7697214578935027,0.653293251991272,0.55379975,0.0005579691433835032
ACSL3,-0.028137564659118652,0.6852734447018909,0.5946456789970398,0.2761723,0.10828942802651938
ARFGAP3,-0.02818143367767334,0.5213193882467796,0.40900203585624695,0.009247199,0.9579539627604879
PSME4,-0.028191685676574707,0.7720159317037919,0.5923526287078857,-0.38433287,0.0226367168926127
RAB3B,-0.02819204330444336,0.6089150575896991,0.4548392593860626,-0.024205925,0.8902219025390341
DHX33,-0.028217196464538574,0.5008339186182056,0.4170990586280823,-0.18684448,0.28249026477806183
NSMCE1,-0.02822244167327881,0.3445270598626029,0.27815499901771545,0.40515032,0.015760945621786173
STK26,-0.028251051902770996,0.6320498545092824,0.48836445808410645,-0.25687367,0.1363245301896833
CUL2,-0.02828347682952881,0.510034658245439,0.40829479694366455,-0.26632586,0.1219924083654931
GALM,-0.028286099433898926,0.5440753390984534,0.44733095169067383,-0.27386174,0.11139541294614769
AFDN,-0.028334379196166992,0.5407316653917086,0.45558780431747437,0.16027102,0.3577265388006436
KDM1A,-0.028363466262817383,0.7568994114008029,0.6115636825561523,-0.697603,3.2013978519542325e-06
ZYX,-0.028372526168823242,1.4608078353377139,1.2698993682861328,-0.72366554,9.002063152407257e-07
LGALS1,-0.028384804725646973,2.889108785998122,2.3266255855560303,0.58020186,0.00025876572722245857
ARL6IP1,-0.028392672538757324,0.4622345794263614,0.36950236558914185,0.2847092,0.09737807530353865
BAG2,-0.028399109840393066,1.213137983815728,0.9845978021621704,0.7747772,4.691070507962082e-08
RABAC1,-0.028415441513061523,0.6996850105435585,0.5800302624702454,-0.7288132,6.889433918573414e-07
NT5C3A,-0.028424978256225586,0.46862869282506564,0.39017432928085327,-0.17765881,0.307243222222829
RBX1,-0.028443574905395508,0.5578092120845716,0.4065246284008026,-0.594226,0.00016740314790425853
ALCAM,-0.028474807739257812,0.984200537828447,0.7932793498039246,0.08507744,0.627018256016606
SURF2,-0.02850031852722168,0.40479669681014624,0.2720065712928772,0.16040534,0.35731838798807625
RAB13,-0.028640270233154297,0.7690619959823773,0.6224105954170227,0.566777,0.00038556184237615204
PAK1IP1,-0.02865922451019287,0.32345522173185404,0.24657957255840302,-0.51834077,0.001423935098912765
DYNC1H1,-0.02868330478668213,0.7498008145636985,0.590550422668457,-0.6285441,5.2706734961126674e-05
MAP7,-0.02875375747680664,0.7540266899398808,0.5811777114868164,0.30734137,0.07249881074628323
NUMA1,-0.028781533241271973,0.6445569119980119,0.52825927734375,0.12884578,0.46071990746955194
MOSPD2,-0.028786778450012207,0.6059635232705215,0.437425822019577,-0.38929665,0.020805491931003516
PPIF,-0.0287933349609375,0.7395261733483134,0.5622134804725647,0.3202539,0.06071342620421675
MOCS2,-0.028806209564208984,0.43696515565157906,0.3252107501029968,-0.10642664,0.5428598632825401
RPL29,-0.02891397476196289,0.4815653405672,0.3986491560935974,-0.1006372,0.5651433802417708
CD74,-0.028923630714416504,0.7658745884359557,0.6139039993286133,0.43956122,0.00824074576865125
GALK1,-0.02894771099090576,0.6154521011924716,0.452671617269516,-0.44222295,0.007816060878083578
RBM15B,-0.028979063034057617,0.37787795390426654,0.2962581217288971,-0.2486138,0.14983152029995575
DTX3L,-0.02898263931274414,0.49993367053192783,0.40796032547950745,-0.42081735,0.011826160184380447
IGFBP2,-0.02907705307006836,0.6230969304273799,0.5043344497680664,0.1134533,0.5163882545626999
KTN1,-0.02910304069519043,0.6730015425600623,0.5893099308013916,0.61062104,9.800468648170714e-05
SRSF5,-0.029109597206115723,0.5042250460198218,0.41373899579048157,-0.6691885,1.1067822966890313e-05
ERAP1,-0.029111623764038086,0.7248790886782239,0.614446222782135,-0.6786753,7.425506429659382e-06
METTL7A,-0.02912890911102295,0.5100553719530014,0.40126290917396545,-0.29494822,0.08542040715512221
PMVK,-0.02913522720336914,1.0136617612242325,0.7729824781417847,-0.49861497,0.0022986948520810147
AGK,-0.029149651527404785,0.4163910689458399,0.3069610595703125,-0.2445131,0.1568878923175554
TREX1,-0.029186010360717773,0.446096399569952,0.30363860726356506,-0.43743652,0.008593724868475339
LCP1,-0.0291975736618042,1.1595172085391827,0.9071475863456726,0.29177937,0.08899332347457159
CARS1,-0.029201745986938477,0.6429904206379601,0.4819272756576538,0.4289181,0.01014123809328831
KRR1,-0.029211997985839844,0.44699334931599727,0.3654085397720337,0.35849285,0.03445491821039201
RABEPK,-0.029340505599975586,0.4917095679488612,0.38671985268592834,0.10162696,0.5613041050051417
SUMO1,-0.029376864433288574,0.42867251074069274,0.34423011541366577,-0.44810763,0.006943018954441823
TM9SF1,-0.029394865036010742,0.7807459158666903,0.5895389914512634,-0.69212884,4.1097829561521276e-06
RPS12,-0.029398322105407715,0.8288113610751933,0.6003280878067017,-0.49679032,0.0023994156780770314
RPS20,-0.029407501220703125,0.6604292040055025,0.5149872899055481,-0.4000726,0.017250879749953454
MYG1,-0.02943277359008789,0.8694111263796136,0.6526576280593872,0.19799636,0.2542223766272752
UQCR10,-0.02944934368133545,0.6640272916548112,0.5098928809165955,-0.056778897,0.7459601847783299
SRP72,-0.029451608657836914,0.35349683553595823,0.2548333704471588,-0.3992646,0.01749849281105519
CCDC59,-0.029464125633239746,0.39554341473875093,0.3158126771450043,0.116578236,0.5048243669935646
CTBP2,-0.029476284980773926,0.5167618270373208,0.4373103678226471,0.19148362,0.27049373643468466
ITPK1,-0.02948927879333496,0.4594299264106387,0.3303879201412201,0.17298345,0.3203521158116565
C1orf174,-0.02951633930206299,0.7051135236566627,0.5634548664093018,0.33882084,0.04647827987908877
SS18,-0.029573798179626465,0.5098581924286816,0.38687562942504883,0.048504412,0.7820127907532706
GIT1,-0.029595255851745605,0.5802057042453265,0.47085368633270264,-0.65706205,1.8065192208177326e-05
RBM4B,-0.029631614685058594,0.6644694708103658,0.4963034987449646,0.12048002,0.49057064495114866
NOTCH1,-0.029661178588867188,0.433765291527092,0.3609296977519989,0.4068331,0.015291607969006386
ALG13,-0.029739975929260254,0.3973596429740299,0.2977491319179535,0.6247599,6.0274111726907795e-05
ACSL5,-0.029788732528686523,0.837216370509465,0.6674850583076477,-0.22338788,0.19706548567936766
NUP54,-0.02983570098876953,0.39165110286604604,0.2587622106075287,0.3001966,0.0797471644131679
COA3,-0.02988147735595703,0.5712451102800843,0.4805349111557007,-0.019558236,0.911207073783353
CPSF3,-0.02989494800567627,0.43971095680724903,0.33984217047691345,-0.5421448,0.0007678881297358681
VCL,-0.02990281581878662,1.1001186783666064,0.879030704498291,-0.42461175,0.01100960404526132
MRPL1,-0.02991962432861328,0.5336166287567773,0.4206303656101227,0.33511838,0.04907883808332128
TYSND1,-0.029922842979431152,0.502467682117082,0.43316757678985596,-0.06483039,0.7113807151184884
DARS1,-0.029932260513305664,0.6298997980237686,0.5021092295646667,-0.64703155,2.665838151162755e-05
ZPR1,-0.0299379825592041,0.9277778374379406,0.7676539421081543,-0.06487914,0.7111729526100798
CCDC124,-0.02996361255645752,0.863852023104364,0.6616188287734985,-0.5654426,0.0004007796985307018
MCMBP,-0.02998042106628418,0.7651009615178985,0.6015775799751282,-0.52498376,0.001203935388759463
CAPZA1,-0.0299910306930542,0.512665695061567,0.4211522340774536,-0.17317732,0.3198014772638515
AKAP13,-0.0300445556640625,0.47757280850676703,0.38272273540496826,0.022580922,0.8975516798550359
CNN2,-0.03018796443939209,1.1177063384072359,0.9794091582298279,-0.5327522,0.0009850723987756952
FUNDC2,-0.030214428901672363,0.4353781916610609,0.3439168632030487,-0.24256563,0.16032170205637908
RAB5B,-0.030229687690734863,0.8621873095278169,0.6188293695449829,0.39875844,0.017655115164389366
NSA2,-0.0302731990814209,0.6109412922461003,0.4512293338775635,-0.68564796,5.486006770842374e-06
NEXN,-0.03027808666229248,0.7126116481106306,0.5325765013694763,0.012816561,0.9417481091038566
LRBA,-0.03030240535736084,0.6230574938786996,0.46607083082199097,0.24884212,0.1494456025698595
MRC2,-0.030327796936035156,0.8869916185157212,0.7432788014411926,0.43070093,0.00979915039265638
EIF2D,-0.0303342342376709,0.5682418282202804,0.42072269320487976,-0.3220397,0.05921017788597296
LIMD1,-0.030336380004882812,0.6065818890828969,0.43292543292045593,-0.10249275,0.557955622309742
SNRPC,-0.030337810516357422,0.3571305885932483,0.2822372019290924,-0.43864605,0.008391240083011018
EFNB1,-0.03042447566986084,0.6534547083087919,0.49515435099601746,0.4314161,0.009664708034678754
DCTN3,-0.030425667762756348,0.6493691106167558,0.46927011013031006,-0.23164663,0.1805818485989958
BET1,-0.030437469482421875,0.7805411747195574,0.6063351631164551,0.27794263,0.1059541087271283
MECP2,-0.030462026596069336,0.5145994159434978,0.4011778235435486,-0.10496369,0.5484510943509026
TLE3,-0.030466437339782715,0.7444895329351269,0.6310672760009766,-0.43576705,0.008880054057597004
CUL5,-0.030475497245788574,0.4448929366161326,0.335394948720932,0.15731964,0.3667632863052877
KPNA3,-0.030526280403137207,0.5641641900286648,0.45284929871559143,-0.44466934,0.007442352201757709
TMED2,-0.030568838119506836,0.5629056686307725,0.4510224461555481,0.096887566,0.5797956750379043
VPS45,-0.030598163604736328,0.645549501581999,0.47018787264823914,-0.33636108,0.04819334245697234
RTCA,-0.030613064765930176,0.7429942514754235,0.5627192258834839,-0.023817167,0.8919745154464069
NDUFB1,-0.030614376068115234,0.4930414481749134,0.4101456105709076,0.35476738,0.036512788938861306
TJP1,-0.03062427043914795,0.5469161699329503,0.48158788681030273,0.70542336,2.2190838166884373e-06
SART1,-0.03062760829925537,0.40297569718571863,0.2882269024848938,-0.4135125,0.013542808925872679
TRAPPC4,-0.030640721321105957,0.5314923462949156,0.4317358434200287,0.18148305,0.29677649976059844
UAP1,-0.030678749084472656,0.874434629074465,0.6185998320579529,-0.28392556,0.09834331839153133
RPL22L1,-0.03071463108062744,0.7401799003264405,0.5586608052253723,0.16250396,0.3509793282896886
HMGB1,-0.030768871307373047,1.1593029339131558,0.9574632048606873,-0.7068517,2.072777952055279e-06
SMC6,-0.030778169631958008,0.5069989950914976,0.36120057106018066,0.22332339,0.19719820257808202
DHRS7B,-0.030803799629211426,0.5401350215484488,0.3872131109237671,0.47590744,0.003856480394326881
SURF1,-0.030813217163085938,0.43410981886395844,0.3504686951637268,0.550154,0.0006173574978802691
SCML2,-0.030820250511169434,0.6412321098241337,0.5197984576225281,-0.66812426,1.156441947555185e-05
UFM1,-0.030820846557617188,0.743641803789494,0.5931742787361145,-0.2973969,0.08273601797496084
SERPINB5,-0.03082263469696045,0.8683815030510242,0.6631138920783997,-0.05264114,0.7639275458131953
EIF4A1,-0.030835986137390137,0.8943496919646037,0.642558217048645,-0.51420486,0.001578092900253309
PRKAG1,-0.03085911273956299,0.4439728143902965,0.34449830651283264,0.091184735,0.6024001980291839
SSRP1,-0.030860185623168945,0.7220686301928139,0.6080124974250793,-0.7235477,9.056694939773276e-07
GCFC2,-0.03086411952972412,0.4488413012822292,0.3300520181655884,-0.22553852,0.19267536959200496
ACOT8,-0.030874013900756836,0.45666843261110457,0.35864999890327454,-0.13488887,0.4397753822897284
FKBP5,-0.03088676929473877,0.453607318949858,0.38220497965812683,-0.60940045,0.00010209367754790985
SUZ12,-0.030920863151550293,0.7604596417620134,0.4756872355937958,0.06729747,0.7008940807889125
NUP133,-0.03092813491821289,0.41127417664350696,0.30444687604904175,-0.25392264,0.14104304117418265
CLIP2,-0.030979514122009277,0.36612501026412725,0.3046470284461975,0.14406554,0.4089914797177138
ZMYM4,-0.030995726585388184,0.38415288788061136,0.2857652008533478,0.21989185,0.20435011618994114
SPC24,-0.031028032302856445,0.6008774956845188,0.4961325526237488,0.0034537017,0.9842902513615446
TYMS,-0.03107130527496338,0.5071771902469071,0.4259425699710846,0.008288667,0.9623091773238672
FASN,-0.031173229217529297,1.0771531410149178,0.8825936317443848,-0.24787134,0.15109162143163923
TMEM11,-0.031182527542114258,0.3896509232597128,0.3154384195804596,0.20416664,0.239418396158273
PSMD12,-0.0312349796295166,0.5835820473923661,0.42562994360923767,0.18996257,0.2743896296156086
PLEKHA2,-0.03126645088195801,0.285576510685349,0.24594251811504364,-0.39310238,0.01948636274968078
LGALS3,-0.03128671646118164,1.3974325309121505,1.1008319854736328,0.67383975,9.117076509552438e-06
RBM47,-0.03129863739013672,0.7106360750165726,0.5796443223953247,0.27025536,0.1163768128442969
ZFAND6,-0.03133130073547363,0.4635218408895322,0.40125322341918945,0.4237362,0.011193661780938806
RNMT,-0.031386375427246094,0.5876026145113433,0.43442267179489136,-0.32497275,0.05680538399563024
SORBS3,-0.03139686584472656,0.6504650359788802,0.47922101616859436,-0.019367315,0.9120701684676872
NLN,-0.03142988681793213,0.4678490245170897,0.39383435249328613,0.16763206,0.335777293602324
ATP5F1C,-0.031438350677490234,0.5305582760307818,0.41581740975379944,0.40539813,0.015691077537615495
RABL6,-0.031479835510253906,0.7550061360798258,0.5749555230140686,-0.64386815,3.005196248459541e-05
CIAPIN1,-0.03149545192718506,0.8744552483316035,0.7167660593986511,0.33509144,0.049098179480531634
RWDD4,-0.03150296211242676,0.38942501766358834,0.3109218180179596,0.108867526,0.5335915584434084
RPL13A,-0.031510114669799805,0.5235249175906554,0.3905051648616791,-0.45898473,0.005547642888116659
PSMD10,-0.03155398368835449,0.5801057391545806,0.4384455382823944,-0.17525284,0.31394626841754364
BOD1L1,-0.03155636787414551,0.480511671180573,0.36880630254745483,-0.14011464,0.42209217651061115
COL1A2,-0.03158450126647949,1.1559535497091062,0.9092705249786377,-0.24476272,0.15645161091257423
RRAS,-0.0315934419631958,1.126627539504552,0.9464259743690491,-0.82837015,8.137677145726712e-10
COPE,-0.03161299228668213,0.5894821776655672,0.4142114222049713,-0.12456755,0.47586332974727175
ELP3,-0.03161442279815674,0.5584243837768417,0.42731770873069763,0.075781286,0.6652548832918473
ARHGEF1,-0.031810879707336426,0.5775635286785799,0.4344927966594696,0.16959034,0.3300805628240347
MAOA,-0.03184986114501953,0.6409635114669147,0.5240458846092224,0.14443356,0.4077830915442102
DNAJC7,-0.03188788890838623,0.7813022977490768,0.5835451483726501,-0.03415426,0.8455668030259492
CAPG,-0.031899213790893555,1.3145218671080465,1.060146689414978,0.10423356,0.5512518062068164
METTL26,-0.031922101974487305,0.4423600921522642,0.355000764131546,0.3606038,0.03333147213884679
BTF3L4,-0.03195512294769287,1.058857395800789,0.8108295798301697,-0.5989326,0.00014398186196048246
NUCKS1,-0.0319979190826416,0.8966258483823142,0.6937128901481628,-0.030345622,0.8626143544282413
CUTA,-0.032021284103393555,0.9234451241993386,0.7744852304458618,-0.5139896,0.001586498976444463
LUZP1,-0.032039523124694824,0.7735326303874972,0.6489394307136536,-0.11142309,0.5239702825693225
LAMC2,-0.03207230567932129,0.7755236379462964,0.6149459481239319,0.35202348,0.038091364618955285
DDX18,-0.032106995582580566,0.5103628525943207,0.43808713555336,-0.012050048,0.9452265728258661
EPCAM,-0.032132625579833984,0.7006617526062935,0.5244576334953308,0.24161802,0.16201202618452543
RPP25L,-0.032140135765075684,0.376911002854469,0.29535940289497375,-0.021859523,0.9008079463907783
DIDO1,-0.032187819480895996,0.455836029239449,0.3487076759338379,-0.46649238,0.004731713267269691
HGH1,-0.03224003314971924,0.6589611454132923,0.472364217042923,0.2796394,0.10375190524195292
UBE2R2,-0.03234386444091797,0.5479297548140236,0.4647253453731537,0.52669877,0.0011522433464957221
FNDC3B,-0.03235483169555664,0.8868066013190279,0.7538038492202759,-0.6276149,5.448068140067016e-05
FAM83B,-0.03239178657531738,0.527110860756623,0.4093391001224518,-0.17849036,0.30494757849216836
WAS,-0.03243541717529297,0.388835891544894,0.3011314868927002,0.45075932,0.006577771365684216
COLGALT1,-0.03246927261352539,0.9046050961507981,0.7327033877372742,0.2778552,0.10606862794003978
RFC4,-0.03254735469818115,0.7355992683959816,0.6055630445480347,-0.6808887,6.7511163539431474e-06
KMT2A,-0.03255665302276611,0.39624863931199633,0.3055227994918823,-0.18981712,0.2747643619020267
VAMP7,-0.03261208534240723,0.569597161433763,0.457352876663208,0.22042046,0.20323667115142982
MGLL,-0.03266787528991699,0.4033526022041565,0.32411909103393555,0.6985551,3.063575251085783e-06
ERAL1,-0.03270530700683594,0.5239181873521336,0.43038588762283325,0.109096825,0.5327250622071416
SCRIB,-0.03270590305328369,0.4352214093280796,0.337177038192749,0.049461782,0.7778164572169003
ABLIM1,-0.03272068500518799,0.7960030890625291,0.6655092239379883,-0.015905693,0.9277406881914704
NLE1,-0.032724857330322266,0.3784599625451845,0.3146042823791504,-0.22655468,0.19062515570527128
CALD1,-0.03274869918823242,1.29974167898207,1.0491477251052856,0.23366785,0.17670116087220228
ISOC1,-0.03280329704284668,0.554236188151219,0.4254201352596283,-0.43073624,0.009792457207381287
C1orf131,-0.03281080722808838,0.4603963843865278,0.37317216396331787,0.033011544,0.8506748867867763
VASP,-0.03281843662261963,0.6514729838548206,0.5524924397468567,0.36965013,0.028850303267853806
PGK1,-0.0328211784362793,1.2709429125627194,1.0016769170761108,-0.6504607,2.3374884378052846e-05
NACA2,-0.03282976150512695,0.4092012823046545,0.3175153136253357,0.05163864,0.7682996235055359
TSG101,-0.032889723777770996,0.5520558860241827,0.40817776322364807,0.31584007,0.0645582370270609
NSD2,-0.03292703628540039,0.583073393489432,0.44312331080436707,0.48812434,0.002932121071463596
FGF2,-0.03294026851654053,0.7904524694071787,0.5838288068771362,-0.46866822,0.004515531104838115
PACSIN3,-0.03294074535369873,0.7824082371955834,0.6771451830863953,-0.6310089,4.825055328136448e-05
GLMN,-0.0329669713973999,0.41231647367992674,0.32791879773139954,-0.1664645,0.3392026514790253
UBXN7,-0.03296995162963867,0.6879994355618024,0.5768271684646606,0.4178455,0.012500935424005608
AURKAIP1,-0.033064961433410645,0.5248734435176279,0.4590980112552643,-0.613847,8.789596075112538e-05
NUDT1,-0.03310441970825195,0.5417585814570469,0.4461387097835541,-0.50125897,0.002159308654797027
STAM,-0.03310871124267578,0.5504175432714643,0.3978946805000305,-0.27577603,0.10881740605732707
NCK1,-0.03315877914428711,0.5441762546942817,0.41679811477661133,-0.24398106,0.1578204751764486
WDR61,-0.033191800117492676,0.5671571686676453,0.3891056478023529,-0.5365271,0.0008920122898471947
SMTN,-0.03325450420379639,0.6637128245904038,0.5049077868461609,0.1240416,0.47774276523524095
KIAA1217,-0.033292531967163086,0.5809653077182849,0.45346519351005554,0.032867275,0.8513200879300374
PGM2,-0.03329324722290039,0.4752391514309995,0.37493079900741577,-0.27078018,0.11564162878841096
IGF2BP1,-0.033303260803222656,1.0043712681889119,0.7978938221931458,0.35747552,0.035007248845012266
HCLS1,-0.03332805633544922,0.6675311210964006,0.5689611434936523,0.6225804,6.5064506683972e-05
PDLIM7,-0.033330678939819336,1.3759086380945869,1.13463294506073,0.61827105,7.555884735414534e-05
EIF4A2,-0.03333902359008789,1.0656960606304167,0.8438934087753296,-0.7541904,1.679144147449827e-07
AHNAK2,-0.033361077308654785,0.666164191447662,0.5237597823143005,0.09662222,0.5808390206829397
IDH3A,-0.03337562084197998,0.6482363469296618,0.5064957737922668,0.5203003,0.001355634959789672
NTPCR,-0.033396124839782715,0.7560516034129651,0.5534107685089111,0.44200474,0.007850168841921093
USP47,-0.033455610275268555,0.3290967856040674,0.24511702358722687,0.2873943,0.09412562790184448
TFAP4,-0.03345787525177002,0.4566490498884068,0.3424760103225708,-0.4016326,0.01678110794485968
CHST14,-0.03347647190093994,0.6292682340463336,0.5024861693382263,0.22922616,0.1853082424192374
IL18,-0.03350985050201416,0.7857519897790147,0.5975905656814575,0.06033152,0.7306379636154569
NME2,-0.03351867198944092,0.6350508533224866,0.49923205375671387,-0.3290102,0.053622506547804975
CD276,-0.03355145454406738,0.5783483228564009,0.4876738488674164,0.48947948,0.0028425810227453775
UROS,-0.033579111099243164,0.3644653220144275,0.27617552876472473,-0.27261487,0.11309924671970434
CWC15,-0.033585548400878906,0.32150874410532354,0.2401859313249588,-0.075412005,0.6667920415491132
NOL10,-0.033591270446777344,0.5307771036538055,0.4372454285621643,-0.26711002,0.12085595355857566
MAVS,-0.03369748592376709,0.4748580500918218,0.3833335041999817,-0.59375954,0.00016990085751537122
CAPZB,-0.033714890480041504,0.39458714457480276,0.3249000608921051,-0.05982812,0.7328026426948507
PPT1,-0.03374528884887695,0.6773853997577691,0.5354287624359131,-0.38403255,0.022751696425471882
RNH1,-0.033754944801330566,0.744620501361377,0.5928735733032227,-0.1554296,0.3726210263607446
PCYT2,-0.03380298614501953,0.6860847428073102,0.5375131368637085,-0.047177076,0.7878397690250982
IFI35,-0.03381502628326416,0.8725328745837957,0.6564869284629822,-0.60667825,0.00011177198606303972
FASTKD2,-0.033815741539001465,0.4836133228833648,0.3847312033176422,-0.47741184,0.0037305034884629598
DDX3Y,-0.03382742404937744,0.5004437384904392,0.36852580308914185,0.13461278,0.44072075354253315
SRM,-0.03383016586303711,1.414744765780767,1.1633461713790894,-0.5637391,0.0004209821673995815
TUBB6,-0.03383183479309082,0.8892324167936413,0.6847985982894897,-0.4031397,0.0163374554281427
ERBIN,-0.03383529186248779,0.8546719607208091,0.7125952839851379,0.79520494,1.152435627100013e-08
NUP43,-0.03384852409362793,0.4319213196168151,0.33850768208503723,-0.40585983,0.015561611816348157
SLC7A5,-0.03385913372039795,1.267360298237765,0.9571142792701721,0.5857191,0.0002185382629795728
RBMS2,-0.03387010097503662,0.8060304120907281,0.6477001905441284,-0.59594893,0.00015846036648270123
GBE1,-0.03390324115753174,0.6078161450352751,0.4358202815055847,0.023313813,0.894244898717966
SMCHD1,-0.03392791748046875,0.595697371658308,0.46184584498405457,-0.49573475,0.00245942246167742
NPC2,-0.033960938453674316,0.9838235612386425,0.8220841288566589,0.099707134,0.5687619280068172
ZCCHC3,-0.03396141529083252,0.5155285831818781,0.4296342730522156,-0.5625053,0.00043617518534183223
PIK3R4,-0.03398144245147705,0.45856242162218447,0.32971256971359253,-0.06639217,0.7047359461217712
ADH5,-0.03403747081756592,0.745866591140044,0.5376834273338318,-0.4947131,0.002518739953373885
STAT1,-0.034043312072753906,0.8824798497393144,0.6980377435684204,-0.26419297,0.1251238240538847
MRPL57,-0.03405892848968506,0.48527057977575133,0.39677461981773376,-0.56132245,0.00045119581917349243
CHID1,-0.034064412117004395,0.40931682974179173,0.32416099309921265,-0.14163665,0.4170179702248411
RPS15A,-0.03407621383666992,0.6037914547006282,0.4822692275047302,-0.41701978,0.012694067834292192
ARHGEF7,-0.03407943248748779,0.5069511150403152,0.4189285933971405,0.15868998,0.36255082626368396
NPEPPS,-0.034103989601135254,0.932262732768961,0.6694695353507996,0.080683865,0.644978697986395
ISYNA1,-0.0341414213180542,0.741634283180331,0.522111177444458,-0.15795784,0.36479801727081346
BDH1,-0.03418576717376709,0.5664903249495207,0.44474419951438904,0.25806275,0.13445635101250394
PSMD8,-0.034212589263916016,0.6129088273272101,0.45922502875328064,-0.332167,0.05123420173856122
RPL23,-0.03429090976715088,0.45848990244234816,0.3759162425994873,-0.24408875,0.157631420714589
SARM1,-0.03435015678405762,0.6232381305903245,0.5105847120285034,0.6868875,5.194105236423782e-06
CCAR2,-0.034365177154541016,0.6621798362486482,0.522325873374939,-0.7183438,1.1796805373159856e-06
KEAP1,-0.03445291519165039,0.37725087004068913,0.30647724866867065,-0.35680443,0.035375558846083836
APPL1,-0.03449869155883789,0.5707030592023432,0.3981705904006958,0.22878568,0.18617762307243166
CDCA5,-0.034531235694885254,0.7890848968650976,0.5946722030639648,-0.14929649,0.39200607754395334
MCAM,-0.03453326225280762,1.1700050693793391,0.9366886615753174,-0.6888288,4.7652915155948625e-06
TOR2A,-0.034546613693237305,0.446687332841824,0.33162200450897217,0.15942141,0.3603141062623926
RBM10,-0.03454995155334473,0.4147235164510711,0.33089426159858704,-0.75317097,1.7828478204685055e-07
GDAP1,-0.03457844257354736,0.5978488985617307,0.4545723497867584,0.6306182,4.8933320560296834e-05
ATP11A,-0.03463339805603027,0.6931301543970283,0.5261830687522888,-0.05898851,0.7364181959122891
STX5,-0.034677982330322266,0.5799339449198295,0.4540892541408539,0.7223963,9.606971680836124e-07
MTA1,-0.034741759300231934,0.8667403434345328,0.7235827445983887,0.48640862,0.003048999398015844
CALU,-0.03483474254608154,0.993507288437148,0.8124780058860779,-0.30534062,0.07447456149207399
MRPS35,-0.03492939472198486,0.5050399211174323,0.38700252771377563,0.37189636,0.027817879973101166
TMED10,-0.035086631774902344,0.6001632815949455,0.49883514642715454,0.6107857,9.746415932936101e-05
OTUD7B,-0.035146474838256836,0.5230247236465622,0.3646482825279236,-0.28663725,0.09503403493317716
FAM207A,-0.035172462463378906,0.5226540467083254,0.42122337222099304,0.10954906,0.5310174947451783
SF3A2,-0.035181641578674316,0.29872085790272546,0.2602083384990692,-0.60004354,0.0001389020413148773
CASP7,-0.03519749641418457,0.45046780298023004,0.3579021692276001,-0.17274673,0.3210247150845267
STX12,-0.03521084785461426,0.47465808445772323,0.379734605550766,0.19109404,0.2714881396281135
ITPA,-0.035225510597229004,0.9983216446832822,0.8150407671928406,-0.55687326,0.000511900266314939
MGME1,-0.0352480411529541,0.3931937822838427,0.308789998292923,0.15399933,0.3770902873254012
RBBP5,-0.035318613052368164,0.44772788068873554,0.3348482549190521,0.23947136,0.16588872507642055
ARL3,-0.03535616397857666,1.0865431270018793,0.8823803067207336,-0.77887446,3.582156156218055e-08
LRRC8A,-0.03537118434906006,0.4878287240213447,0.38525524735450745,0.34695005,0.041155745310388826
SPTBN1,-0.03545558452606201,0.6250482540576469,0.5170080065727234,0.45319122,0.006257390874113467
NUDT16L1,-0.03548717498779297,0.6045016039976133,0.4739980399608612,0.38905758,0.020890755232423418
SELENOS,-0.0354921817779541,0.5867844373400378,0.5033883452415466,-0.7461948,2.6664329517417454e-07
CDS2,-0.03550243377685547,0.5352073422288263,0.42965778708457947,-0.060582586,0.7295584385884524
ALAD,-0.03554999828338623,0.6948363999393412,0.5367498397827148,0.07489356,0.66895216973667
CTPS1,-0.03555643558502197,1.2822498049231055,1.0743279457092285,-0.7116448,1.6438939731827208e-06
POGLUT1,-0.0355832576751709,0.517320446433147,0.3854380249977112,0.11562185,0.5083497047563658
TRIM26,-0.035602569580078125,0.5484594824316993,0.4095171391963959,-0.21282172,0.219647721397742
CCDC137,-0.035636305809020996,0.45546509494263704,0.3758399188518524,0.04891067,0.7802315281180014
PLA2G15,-0.03571593761444092,0.5610273740808039,0.4661567807197571,-0.19237451,0.26822877396417666
PCYT1A,-0.0357593297958374,0.47997093773320976,0.33285629749298096,-0.22710699,0.18951702402444973
UGDH,-0.03592407703399658,1.5770637040657294,1.2367738485336304,-0.11752196,0.5013576937554934
SORD,-0.036008238792419434,0.9309679077755164,0.7342308163642883,-0.46323586,0.005071942226842417
DNAAF5,-0.03608274459838867,0.5955014997618756,0.45374155044555664,-0.20530206,0.23675894689911917
ERO1A,-0.03610718250274658,0.7396365849482327,0.6093220710754395,-0.6064408,0.00011265411804255792
YWHAE,-0.03613090515136719,0.9403962221459978,0.7887904644012451,-0.6712355,1.016680280155543e-05
PECR,-0.036211252212524414,0.8093896901333001,0.6137672066688538,-0.4626005,0.00514072575423012
CUSTOS,-0.03622543811798096,0.46559710323048736,0.36500075459480286,-0.01633401,0.9258001365355998
PWWP2A,-0.03632509708404541,0.46233453626047605,0.3431277275085449,-0.34361726,0.04327500277817866
PCLAF,-0.03633403778076172,0.48895403478829935,0.3822591304779053,0.254582,0.1399786930257475
C20orf27,-0.03633522987365723,0.6363514033603248,0.48424503207206726,-0.6725447,9.62610099097699e-06
PLEKHA7,-0.03634905815124512,0.6491854616667336,0.5400258898735046,0.7552144,1.5805932614531424e-07
TCERG1,-0.036402225494384766,0.44976590875984745,0.37700870633125305,-0.31294915,0.06717847404502339
RHOT2,-0.03642833232879639,0.4735824872838955,0.38999879360198975,0.33525866,0.048978207306264156
TXLNG,-0.03648567199707031,0.4196631055660115,0.3229845464229584,0.40751687,0.015104320363836984
OXSM,-0.03653359413146973,0.5146723819497273,0.4131087064743042,0.010860545,0.9506263623696085
POLR3A,-0.036565303802490234,0.31429057925464077,0.25411084294319153,-0.41977087,0.012060178302028256
ADD1,-0.03658759593963623,0.6577384734918106,0.5603664517402649,-0.22942384,0.18491883636434786
NSUN4,-0.03660726547241211,0.4558534361935415,0.3597055971622467,0.6863834,5.311044487572453e-06
AHSA1,-0.03665590286254883,0.9348450897528542,0.7605478763580322,-0.73820853,4.162216091604308e-07
SEC22B,-0.0366741418838501,0.7437523256794447,0.5876283645629883,0.022792147,0.8965984102456055
GSPT1,-0.0366894006729126,0.9560782222169524,0.7470301985740662,-0.033788163,0.8472025805934872
POLR2D,-0.036698102951049805,0.37397221944134706,0.2983448803424835,-0.38777646,0.02135273871857147
PIGK,-0.03671610355377197,0.5264228692266292,0.43069884181022644,0.40831876,0.014887095136044264
RPAP3,-0.036748409271240234,0.5245755193924734,0.39462193846702576,-0.34385183,0.043123005836423325
AKR1B10,-0.036777496337890625,1.6289280585789032,1.1759902238845825,0.34259078,0.043945071892342924
ARMC6,-0.0368114709854126,0.5709959142041042,0.48150062561035156,-0.606145,0.0001137615428963409
RB1,-0.03683805465698242,0.4464319446981233,0.3423428237438202,-0.4821584,0.0033561137804372114
POLE4,-0.03685271739959717,0.5196281285415447,0.37965598702430725,-0.1959543,0.2592526732775272
ISG20,-0.03687238693237305,0.6686656506544301,0.5708017945289612,-0.35635027,0.03562652378356712
CBX5,-0.036963582038879395,0.9093838799426501,0.750061571598053,-0.7167989,1.2745522336285504e-06
BRD7,-0.0370028018951416,0.4376525953386079,0.3877128064632416,0.3027218,0.0771239234727869
MAK16,-0.037012338638305664,0.39341638752327385,0.30602121353149414,-0.26181847,0.12867985386410605
PRDX6,-0.037091612815856934,0.9916505336784851,0.7958551645278931,-0.23200044,0.17989820690279673
SF3B4,-0.037129759788513184,0.2762762263738462,0.20573309063911438,-0.22949323,0.18478236427114195
RPSA,-0.037197232246398926,0.7811571447504123,0.5836125016212463,-0.47619295,0.00383229344983378
HNRNPH2,-0.0372544527053833,0.5394950181962616,0.416729599237442,0.38999432,0.020558243795083794
HSP90AB4P,-0.03729081153869629,0.34556155350186896,0.2817367613315582,0.5094355,0.0017738762109139445
STOM,-0.03732788562774658,1.1942491476444415,1.0306956768035889,0.43203732,0.009549178560490677
FAM136A,-0.03735816478729248,0.6025051064096807,0.4700000286102295,0.18503402,0.28726377757244764
ATG5,-0.037363648414611816,0.3597068291250488,0.28799018263816833,0.16628116,0.3397420811538078
RIOX1,-0.03740394115447998,0.44842721614941866,0.3632756471633911,-0.3265689,0.05552968650806925
SPECC1,-0.03742969036102295,0.7244798899321759,0.6015608310699463,-0.45817247,0.005642776582091185
ILVBL,-0.03743565082550049,0.4729795532454618,0.37281250953674316,-0.67066526,1.0410866047591943e-05
TWF2,-0.03752779960632324,0.6072854873273051,0.4752159118652344,0.09255309,0.596941790818223
TP53BP1,-0.037538766860961914,0.5605459711685603,0.43453001976013184,0.07878647,0.6527970628815711
B3GAT3,-0.037543654441833496,0.49719427095762275,0.39054355025291443,-0.114015274,0.5142991369317439
DYNC1I2,-0.03758680820465088,0.6897258921395988,0.4969981610774994,-0.47370324,0.00404770027359571
S100A2,-0.037796974182128906,0.9036796885954257,0.671768844127655,0.107695855,0.538031046934799
MARCKS,-0.037799715995788574,0.9080093341108157,0.7523577809333801,0.42928863,0.01006932194349467
BCL2L1,-0.03782618045806885,0.6707899736129949,0.5052894353866577,0.3100002,0.06993670634124502
SCO2,-0.03784990310668945,0.561789036837886,0.4649554193019867,-0.5493914,0.0006304658133866353
TRAPPC3,-0.037871718406677246,0.718876371469584,0.5610941052436829,-0.6211893,6.829869128672738e-05
UXT,-0.03787648677825928,0.5127370181604787,0.40847641229629517,0.38055778,0.024117145999009035
IRF2BP2,-0.03793597221374512,0.5649726615047466,0.4599725008010864,-0.53318745,0.0009739261338263181
PTTG1IP,-0.03799247741699219,0.79377840546972,0.617275595664978,-0.54198307,0.0007712342327740538
UBE2A,-0.03799629211425781,0.5823989832963558,0.42432406544685364,0.4531085,0.00626806535963494
BAIAP2L1,-0.038103699684143066,0.8269416343384371,0.6706367135047913,0.45220703,0.006385393638353469
LSM14B,-0.03826248645782471,0.6913999136941518,0.5494950413703918,-0.64739484,2.629169249746928e-05
FAM98A,-0.03828418254852295,0.7317412609129786,0.5885037183761597,0.06914604,0.6930716736279575
ORC2,-0.0383143424987793,0.37630470125372295,0.31116539239883423,-0.082396366,0.6379537057776402
PPP6C,-0.03833186626434326,0.7348673367309192,0.47463977336883545,-0.48755848,0.002970230777987023
PDIA4,-0.03833305835723877,0.6439226687438638,0.5282822847366333,0.43031636,0.009872102162047878
PAPSS1,-0.03836071491241455,0.6985716142690391,0.5434735417366028,0.5930985,0.00017349748603797256
RTN4,-0.03836560249328613,0.758273780671203,0.6274691820144653,0.55295324,0.0005712867931520235
RPS28,-0.03840982913970947,0.6575107951782888,0.49029776453971863,-0.2577824,0.13489495106692714
GPR107,-0.03843653202056885,0.5862722839154613,0.41195061802864075,0.5168561,0.0014776808094996484
CNBP,-0.038450002670288086,0.86046316438396,0.6984587907791138,-0.49931923,0.002260825145628038
SEC13,-0.03854835033416748,0.4184141904963682,0.3063187599182129,-0.33143342,0.0517815071555725
ANXA1,-0.038556814193725586,1.8888160942424392,1.6254596710205078,0.88907945,9.728522437222726e-13
CCT8,-0.03857696056365967,0.9274431273408369,0.7492018342018127,-0.56551135,0.000399982409953849
GSK3B,-0.03859400749206543,0.8138965562026024,0.686872124671936,-0.62370646,6.254829612377948e-05
CYB5R3,-0.03878319263458252,0.6781112985940765,0.5342611074447632,-0.25628453,0.13725714428511876
SPC25,-0.03883051872253418,0.6542367708299378,0.49002745747566223,0.22072364,0.20260013285492107
PRPS1,-0.03884124755859375,1.0823927733282286,0.8754650950431824,-0.7279991,7.189950942158769e-07
MAP1B,-0.03886401653289795,1.618501212542966,1.3732420206069946,-0.77024335,6.281804306124409e-08
ASCC2,-0.03889799118041992,0.4936487667508805,0.36913734674453735,-0.08044684,0.645953235148647
RABL3,-0.038912057876586914,0.4635479440871242,0.3662286102771759,0.49192622,0.0026869372628916025
PSMA1,-0.038934946060180664,0.6424421960900462,0.5181529521942139,-0.3148017,0.06548994255816552
PARN,-0.038967013359069824,0.3474393124897661,0.27648070454597473,-0.19592996,0.25931297204311243
ISCA1,-0.03898036479949951,0.5627479006958167,0.44734278321266174,0.056812007,0.7458167967022241
TK1,-0.039029598236083984,0.7038281633459845,0.5725105404853821,-0.2405173,0.16399166080959038
BCAR1,-0.03904759883880615,0.3169971529136326,0.22653429210186005,-0.031763274,0.8562613903786203
BZW2,-0.03906548023223877,0.8216850423853731,0.6635709404945374,-0.35807842,0.034679026000514236
PCBP1,-0.03906738758087158,0.6315396305418941,0.4932858645915985,-0.49597898,0.0024454220553461747
CCDC97,-0.03909003734588623,0.3824089414379176,0.3055567741394043,0.17435005,0.3164848490102276
ATP6V0A2,-0.039127349853515625,0.4348302342476341,0.3501693904399872,0.17621061,0.3112668279134844
FKBP1A,-0.0392071008682251,0.8102927303587407,0.6229299306869507,0.40345514,0.016245859513854946
DCXR,-0.03921210765838623,0.7511969393051325,0.6053647994995117,-0.44165665,0.007904825703484249
SRGAP2,-0.03928244113922119,0.5293852672459473,0.41068994998931885,0.18236575,0.2943931860248226
UBE2L6,-0.03943324089050293,0.7419820400748115,0.6476525068283081,0.33564305,0.04870340817261599
CAB39,-0.039443016052246094,0.46721287470262973,0.35089030861854553,0.20299552,0.24218258884064942
GTPBP3,-0.03947007656097412,0.40578784697836007,0.34607449173927307,-0.09063625,0.6045940330778543
SLC30A9,-0.03948783874511719,0.44717238008114796,0.3328387439250946,0.030489143,0.8619712935363678
IKZF1,-0.039679884910583496,0.44544602784725706,0.3426016867160797,-0.3040145,0.07580718061140525
NT5C,-0.03973090648651123,0.4372564898326084,0.3277014493942261,-0.28344578,0.09893773619339268
TGFBI,-0.03975200653076172,0.41172461605055277,0.32284456491470337,-0.0129153645,0.9412997173040506
STK3,-0.03977310657501221,0.34404448336447335,0.26357340812683105,-0.09019133,0.6063760207412245
VARS2,-0.03977322578430176,0.3906472581244021,0.3173559308052063,-0.0348159,0.8426121929116105
YBX1,-0.03979766368865967,0.5952876158391992,0.48978957533836365,0.19711272,0.2563912262284805
CSTF1,-0.03985309600830078,0.361923531389376,0.2974693775177002,-0.48664564,0.0030326103847259705
CMBL,-0.03991401195526123,0.7470030910193084,0.5316352844238281,0.5092398,0.0017823416300883496
LZIC,-0.039940476417541504,0.8803532197124799,0.6787353157997131,-0.6671827,1.2020517329524429e-05
ERI1,-0.0399470329284668,0.47322625083397296,0.3884190022945404,-0.6061316,0.00011381221393422857
MPHOSPH6,-0.03998148441314697,0.3005009249016021,0.2365899533033371,0.062165007,0.7227693088667816
SNX1,-0.03998243808746338,0.7923950600564941,0.5325873494148254,-0.3809405,0.023963530572402338
SPATS2,-0.03999817371368408,0.49614365394279675,0.38332992792129517,-0.055345297,0.7521709816015311
WDR43,-0.0400158166885376,0.5252172474733261,0.42392054200172424,-0.4028588,0.016419410988236
YRDC,-0.04001879692077637,0.35116196173910896,0.27453675866127014,0.0100939935,0.9541072433827714
PEX6,-0.04005396366119385,0.4259437286022295,0.3053964376449585,-0.5231208,0.001262385562251561
RNASEH2C,-0.04006397724151611,0.6919929687426682,0.5176825523376465,-0.5668365,0.00038489561331976174
GRHPR,-0.04007840156555176,0.6593861800416594,0.5295331478118896,-0.2712308,0.1150132514644515
DNM2,-0.0400921106338501,0.6797875078662322,0.5001518726348877,-0.68828386,4.88227091962362e-06
CD81,-0.040097594261169434,0.6089573920868333,0.4819425344467163,0.08042055,0.6460616073640697
ADAM9,-0.04010593891143799,0.9902985982740717,0.8092135190963745,-0.78952295,1.7292515494412743e-08
FNTA,-0.04020583629608154,0.54603427568557,0.4128151834011078,-0.44070157,0.008056447742296673
RBM34,-0.04024505615234375,0.4336368436276335,0.32174623012542725,0.4148373,0.013216750205510174
EED,-0.040265560150146484,0.35543623974709,0.29177388548851013,0.08866615,0.6125019319479409
COPZ1,-0.0402836799621582,0.7039919488795987,0.4989355504512787,-0.14667934,0.400452393308651
MRFAP1,-0.040337204933166504,0.620011904932905,0.4824703335762024,-0.0095444415,0.9566033849085717
LSM1,-0.040337324142456055,0.787486286649437,0.5697904229164124,-0.44870824,0.006858791938752752
AK4,-0.040395140647888184,0.8525355318221386,0.6587144136428833,-0.5300788,0.001056059842306669
MRPS30,-0.04048359394073486,0.3718054722455061,0.30031391978263855,-0.56877553,0.000363732018951284
CD58,-0.040494322776794434,0.5597833890152658,0.42823028564453125,0.6212681,6.811197056492067e-05
UQCRQ,-0.04050588607788086,0.6224527426097335,0.5230627655982971,0.6690342,1.1138575713524218e-05
RIN1,-0.04051566123962402,0.46138554150349986,0.3565720021724701,0.042450197,0.8086817243176129
TMSB10,-0.040584444999694824,0.9179638801607861,0.6791505813598633,-0.09387222,0.5917006628709033
BCLAF1,-0.04069674015045166,0.3642874493444086,0.28262388706207275,0.6285146,5.276236780484489e-05
EPHB4,-0.040805697441101074,0.4551893433975214,0.3672521412372589,-0.6806713,6.814804650344046e-06
LNPK,-0.040862321853637695,0.5325789938347852,0.41931986808776855,-0.22959268,0.1845869250865548
TRMT61A,-0.04087555408477783,0.4373435524098126,0.3590455651283264,-0.12309966,0.48111810494951157
DNAJC13,-0.040895819664001465,0.5204400453236122,0.4136051833629608,0.6970097,3.2901196984826903e-06
BRCC3,-0.04090762138366699,0.3308995538881176,0.2789851725101471,-0.0424709,0.8085899714837531
DMAC2L,-0.040976643562316895,0.4507738645004773,0.3684726655483246,0.17465074,0.3156376795000016
HSPB8,-0.04100382328033447,0.6253502103004703,0.5136116147041321,-0.38198817,0.023547065496820115
RPS15,-0.04100966453552246,0.4231303751673104,0.340349018573761,-0.20000249,0.24934424533017893
SPARC,-0.04105043411254883,1.0428196946977046,0.8358672857284546,0.33110592,0.05202731215322868
TARS2,-0.0410844087600708,0.601350077986274,0.43092280626296997,-0.06731798,0.7008071486253431
ABHD16A,-0.04109156131744385,0.6051939309836363,0.4964447021484375,0.16642071,0.3393314071441421
GNPNAT1,-0.04109299182891846,0.6232957970525083,0.48167380690574646,-0.01828947,0.9169465150251846
EEF1G,-0.041112542152404785,0.6657450509497994,0.5324667096138,-0.21333367,0.21851454624571393
TMED7,-0.041135549545288086,0.6756935283196844,0.5649926066398621,0.69639313,3.3846915942666796e-06
ITGA4,-0.04115128517150879,0.6328407328394664,0.48103609681129456,-0.088249356,0.6141808633004116
COX19,-0.04118204116821289,0.5947338536008197,0.47992002964019775,-0.0030094087,0.9863109730716215
SYTL1,-0.0412067174911499,0.7419834057116786,0.5889304280281067,-0.5964565,0.00015590870147139655
HS1BP3,-0.04130744934082031,0.35947190926911277,0.2907143235206604,-0.31686187,0.06365150858747935
BABAM1,-0.041325926780700684,0.43291650754958094,0.30045178532600403,0.07186391,0.6816275103295308
STRAP,-0.041338324546813965,0.8953129380576242,0.7128153443336487,0.45937425,0.00550252210808781
NECTIN1,-0.04134690761566162,0.5669872329710949,0.4453767240047455,-0.26258045,0.1275306613947269
IQGAP3,-0.04145514965057373,0.6620777313862879,0.5291702151298523,-0.51917577,0.0013944723288185049
PBK,-0.04151034355163574,0.5929407829353819,0.48359885811805725,-0.54906976,0.0006360679453052642
DNM1L,-0.041539669036865234,0.9718658728952926,0.7240011096000671,-0.62429243,6.127406100920685e-05
RAB18,-0.041628479957580566,0.9463198000361346,0.7143113017082214,0.47642148,0.003813028557114308
DAGLB,-0.0416407585144043,0.6886643823139246,0.5685879588127136,0.5824007,0.0002420026103540376
TTC17,-0.04165542125701904,0.4161454298218771,0.2992810010910034,0.39312965,0.01947719857426071
SNRPF,-0.04166603088378906,0.38382790638276654,0.3176955282688141,-0.32758373,0.054730387427777506
EIF3L,-0.041675448417663574,0.6791150324058575,0.4483499526977539,-0.30915782,0.0707406030878631
SNRPA1,-0.04176056385040283,0.330100854395801,0.27187442779541016,-0.3050521,0.07476299820522424
ADGRE5,-0.04179036617279053,1.1379085750192033,0.9251386523246765,0.14848565,0.39461190703770865
FXN,-0.041823506355285645,0.4816830185597214,0.39768457412719727,-0.083352685,0.6340443372539037
ZFP91,-0.041825056076049805,0.3503763640360525,0.28795138001441956,0.22894388,0.1858650687682064
IPO8,-0.041872620582580566,0.8250513797713102,0.606162965297699,0.4222703,0.011507642498185254
XPOT,-0.041890501976013184,0.7860571783419024,0.5676344633102417,0.38666776,0.021759379919385174
ZNF326,-0.04189431667327881,0.6598487002173281,0.5152616500854492,-0.4249664,0.010935811351122735
FBXO22,-0.041956543922424316,0.3660415054014079,0.2905611991882324,-0.59101325,0.00018529529594976888
VPS72,-0.041974544525146484,0.4928120480416208,0.41941356658935547,-0.25025696,0.14706984006342066
DRAP1,-0.04203534126281738,0.6243118312219942,0.4911704361438751,-0.6472187,2.6468928526219157e-05
KYAT3,-0.04206526279449463,0.5983195395283177,0.4400043189525604,-0.08070424,0.6448948992338033
TOMM22,-0.04208636283874512,0.31169741803749906,0.24122373759746552,0.43369707,0.009246301134038312
MYL9,-0.04215896129608154,0.8587488841309162,0.6478931307792664,-0.3046257,0.07519063179611225
MRPL27,-0.04217410087585449,0.46376741641364283,0.3885928690433502,0.39106065,0.02018514411946971
GTF2F1,-0.0421750545501709,0.6454012691967037,0.5188459157943726,-0.48785508,0.0029502033282782112
TUBB4A,-0.042175889015197754,0.7487989186146663,0.5963950157165527,0.47915798,0.003588776654149135
ZMPSTE24,-0.042191505432128906,0.7287282761203437,0.486013799905777,0.040792223,0.8160236396191007
SWAP70,-0.042198777198791504,0.702677414744795,0.5297539234161377,-0.23657934,0.17121591392105046
TRPM4,-0.0422896146774292,0.8725554514755255,0.7164182662963867,0.4228595,0.011380573844586695
RNGTT,-0.042301177978515625,0.45007307664595547,0.36650654673576355,0.47035563,0.004353798486297789
SUPT16H,-0.04230833053588867,0.6481424372726717,0.5459047555923462,-0.7716844,5.7291513474455104e-08
TMEM59,-0.042348384857177734,0.7319655560925928,0.5432046055793762,0.070963375,0.6854117263535191
PPTC7,-0.04235875606536865,0.5385357868112168,0.43208253383636475,-0.21472055,0.2154645137672168
ARG2,-0.04237961769104004,0.7014267439640836,0.5639451146125793,-0.40162918,0.016782101562811395
WDR70,-0.04238235950469971,0.5704086692933051,0.4321322441101074,0.5739477,0.00031226136248876875
MIOS,-0.04241502285003662,0.30510245701154676,0.23367315530776978,-0.2121013,0.22124925583676702
SIGMAR1,-0.042450904846191406,0.4423664586831725,0.3317793905735016,0.035006434,0.841761867964655
ARSB,-0.04257655143737793,0.41622172878243996,0.3165995478630066,-0.14480865,0.4065533081148401
LSM7,-0.04269611835479736,0.507821244384598,0.432378888130188,0.23082353,0.18217944393921612
VPS13C,-0.042705416679382324,0.34659959109599187,0.2525036334991455,-0.089673,0.6084549610985192
GDF15,-0.0427478551864624,0.6541413990737379,0.5415652394294739,-0.20245703,0.243460699492085
SRFBP1,-0.04280352592468262,0.5254471759070856,0.4534675180912018,-0.44613945,0.007225217076986922
BIN1,-0.04283905029296875,0.6643688168601319,0.5310707688331604,-0.27235845,0.11345203829613143
ARVCF,-0.04284632205963135,0.6286780138689014,0.4204295575618744,0.41762072,0.012553279385256662
SRI,-0.04285597801208496,0.7035524552451609,0.5290191173553467,-0.17685209,0.309480487040053
ELOC,-0.042909860610961914,0.6263714525239938,0.49732574820518494,-0.6711416,1.020664242176309e-05
TSPYL5,-0.04295670986175537,0.5981787597827617,0.46479368209838867,-0.5603688,0.00046363990100450875
RAD51AP1,-0.04297459125518799,0.5210122532291422,0.43579602241516113,0.42786115,0.010348788898700376
APOB,-0.042981624603271484,0.6931327126970797,0.5293758511543274,-0.06772869,0.6990667664861732
OTULIN,-0.04305136203765869,0.4981603306214988,0.3845674395561218,-0.026025256,0.882026324679491
CRAT,-0.043053388595581055,0.8675831416301487,0.7091061472892761,-0.07775299,0.6570714192121887
PLD3,-0.04313838481903076,0.8448695420112747,0.5712201595306396,-0.032228336,0.8541793051637862
PHIP,-0.043187737464904785,0.7314387933621368,0.5883864164352417,0.46940136,0.0044446359285625035
CADM4,-0.04319298267364502,0.6610896717685961,0.4867284595966339,-0.15518782,0.37337425083282216
KIF23,-0.043225646018981934,0.36279387236491606,0.29642507433891296,0.3465737,0.0413907673340606
ZCCHC8,-0.04323422908782959,0.4675890214585736,0.38316062092781067,0.62460846,6.059628639272276e-05
CHD4,-0.04327845573425293,0.6515230738651796,0.5371692776679993,0.29889733,0.08112372871359136
ABHD11,-0.043288230895996094,0.8791048291833642,0.7511362433433533,-0.072489664,0.6790024803252218
COL4A1,-0.04333782196044922,0.5451858045417602,0.45114120841026306,-0.7197617,1.0983376981870457e-06
PIP4P2,-0.04338264465332031,0.5940272286352383,0.47000738978385925,-0.5870272,0.00020986301693383676
DHX15,-0.04343533515930176,0.4192043650601437,0.3359536826610565,-0.50399685,0.0020228092691463653
NUDCD2,-0.04345977306365967,1.0059765201240198,0.7434484362602234,-0.53660035,0.0008902873857234665
PSAP,-0.043495893478393555,1.0013536589608742,0.810226321220398,-0.6946759,3.6613267147128626e-06
TJP3,-0.04352915287017822,0.4683882430011227,0.38356634974479675,-0.5921759,0.00017863124100821095
GGCX,-0.04359734058380127,0.5151644875513148,0.41555097699165344,-0.67739475,7.843137348866648e-06
TMEM9,-0.043641090393066406,0.4647453588651044,0.37933778762817383,0.32397977,0.05761072241706294
OARD1,-0.04364633560180664,0.4291884732338828,0.33365926146507263,0.37912983,0.024697559626849955
FAT1,-0.0437241792678833,0.5994040917505408,0.45331501960754395,-0.1533782,0.379040787804294
KIAA2013,-0.043736934661865234,0.5700474475888775,0.4399016499519348,0.26455677,0.1245854865850409
UBLCP1,-0.043770790100097656,0.6348997707938524,0.48434099555015564,-0.19975403,0.249944949751649
MESD,-0.04380142688751221,0.5103731299017344,0.43036001920700073,0.17336756,0.3192622421714911
KANK1,-0.043831586837768555,0.49198117548607634,0.4133375585079193,0.13743192,0.4311202200254801
NUP160,-0.04389166831970215,0.4293484824264288,0.3447732627391815,-0.26507288,0.12382485809568167
CTNNBL1,-0.043898582458496094,0.5577271414876952,0.4635028839111328,-0.5183989,0.001421868954580711
PXN,-0.04391467571258545,1.012185773244423,0.8426466584205627,0.7390596,3.972313405539354e-07
TXNDC17,-0.04392099380493164,1.0896168681151215,0.833260715007782,-0.08667107,0.620554421804779
NME4,-0.04398036003112793,0.5844208735039853,0.44264495372772217,0.2951758,0.08516813665817001
SPRYD7,-0.043997764587402344,0.46160796267638776,0.3521662950515747,-0.31830272,0.06239004866053281
ECH1,-0.04402005672454834,1.1371086474422538,0.8673186302185059,0.3911524,0.020153288578512486
SLC12A4,-0.04403126239776611,0.464732870133031,0.3458132743835449,-0.07759869,0.6577102909148086
DNAJA2,-0.04405951499938965,0.629569633754765,0.4949197471141815,0.58650655,0.00021327794574572075
EXOSC5,-0.04406559467315674,0.41908580140624574,0.3305847644805908,0.13157208,0.4512056801671855
SNX5,-0.04408669471740723,0.757850134790052,0.5293843746185303,0.142555,0.4139727115668168
QDPR,-0.04421663284301758,0.6640868014208654,0.5172381401062012,0.3535035,0.037233172799583276
MRPS18C,-0.04430747032165527,0.370507127985425,0.2969774007797241,0.2862053,0.09555546366171219
IER3IP1,-0.044316768646240234,0.459398221058322,0.3743678629398346,-0.47886172,0.0036124878651895963
PIGT,-0.04433596134185791,0.6612233898599144,0.5487019419670105,-0.39712206,0.018169500364351162
ZNF185,-0.04433858394622803,1.038334699163462,0.8787603378295898,-0.47793928,0.0036871937579265306
QRSL1,-0.04439651966094971,0.36121651240168207,0.29090389609336853,-0.38776302,0.021357640963736137
MFN2,-0.04445195198059082,0.4821193843254387,0.38239583373069763,-0.18120871,0.29751958005802065
NAA50,-0.04448592662811279,0.8234388087224241,0.6248255372047424,-0.5476522,0.0006612877140587886
TIPRL,-0.04449498653411865,0.8076514314082293,0.6014941930770874,0.70616037,2.142459761491738e-06
QPCTL,-0.0445176362991333,0.6006409906725749,0.47331854701042175,-0.7254768,8.199065549679165e-07
SUPT4H1,-0.04457521438598633,0.573706885319818,0.4947225749492645,0.37025452,0.028569469840725576
HARS1,-0.04463386535644531,0.7641287605246777,0.5774626731872559,-0.39113113,0.020160648867629034
NCLN,-0.044673800468444824,0.5242498840546559,0.45876291394233704,0.25679523,0.13644843271559426
PPP6R1,-0.044701457023620605,0.5070508967797268,0.4136368930339813,0.004968803,0.9774004256724086
NUP85,-0.0447087287902832,0.3644570018239112,0.26757922768592834,-0.3151082,0.0652138308017821
PUS7,-0.04473721981048584,0.736861220628129,0.5679932236671448,0.66032135,1.5870370155899905e-05
PPP1R21,-0.04476630687713623,0.6819834680413348,0.5316413044929504,0.31982264,0.06108084954122944
PPP1CA,-0.044901132583618164,0.5109651272271859,0.43018361926078796,0.04214628,0.8100261376023477
COQ8B,-0.04490792751312256,0.7546272585501559,0.5955585241317749,0.5045116,0.0019980067372649406
CMTR1,-0.04493987560272217,0.5964847377333822,0.4624561369419098,0.5127329,0.001636383419965994
POMP,-0.044956326484680176,0.4635961604144076,0.35945379734039307,0.102559716,0.5576973688595264
G3BP1,-0.044982194900512695,0.6499189436330902,0.4923175275325775,-0.24790804,0.15102932677113914
STK39,-0.04499959945678711,0.49333660770899745,0.3745385706424713,-0.10680918,0.5414022954912503
METAP2,-0.045006394386291504,0.5188535414623493,0.41942039132118225,-0.20110255,0.24669588242843205
PWP1,-0.045038580894470215,0.5572155576649466,0.43544626235961914,0.34733936,0.04091374430207277
ACTR10,-0.04513752460479736,0.4333322269015981,0.3326714336872101,0.2490111,0.14916050956520904
HDHD3,-0.04517567157745361,0.6416443414230968,0.527087926864624,0.6551089,1.950890707319413e-05
PPA1,-0.04527246952056885,1.085973395982432,0.9504353404045105,0.38916725,0.020851595947385955
C1orf122,-0.045302391052246094,0.514083030545797,0.3789050877094269,-0.27408352,0.11109447052132025
DERA,-0.045302629470825195,0.5528559736341206,0.436168909072876,0.15086797,0.38698452163443803
WARS2,-0.04535400867462158,0.40237704389277607,0.2862008810043335,0.1752815,0.3138656920198269
COMMD4,-0.0453563928604126,0.366721202125364,0.2816656827926636,0.03182115,0.8560024785320849
MGMT,-0.045380592346191406,0.5830604618906634,0.414541631937027,0.0028065518,0.9872337997302796
DMAP1,-0.045456647872924805,0.4550920410648053,0.3531532883644104,0.26394898,0.12548585871515655
MTERF3,-0.04549288749694824,0.5781788672018291,0.4363084137439728,0.6123383,9.250038215187698e-05
FADS2,-0.0454939603805542,0.744134777777019,0.5463566780090332,-0.23253986,0.17885946267838265
FCF1,-0.04551875591278076,0.42175764641560215,0.3343223035335541,-0.2125473,0.22025686622531246
OCIAD1,-0.045555710792541504,0.662407012027677,0.4897620677947998,0.6878357,4.98045200074649e-06
NRP2,-0.04557228088378906,0.5953108950215329,0.48216643929481506,-0.31297058,0.06715872209478432
ABCF2,-0.04566025733947754,0.6187120030999257,0.4135243594646454,-0.17442405,0.31627619858265466
L2HGDH,-0.04567229747772217,0.48982854208085347,0.3812595009803772,-0.31352377,0.06665113193670795
PLS3,-0.04569554328918457,0.951097520745882,0.7837766408920288,-0.698844,3.022848747382991e-06
NVL,-0.04583919048309326,0.3593733414321442,0.30188971757888794,-0.27338374,0.11204630538335171
RWDD1,-0.04584300518035889,0.31515817205687424,0.23708389699459076,-0.068461135,0.6959661157118041
TMSB4X,-0.045855164527893066,1.1543565144114694,0.9282031655311584,-0.2354618,0.1733066882397201
MRPL10,-0.045950889587402344,0.5215481779807426,0.42710158228874207,0.4348661,0.009037922463480633
TWF1,-0.04598689079284668,0.7594817741899345,0.6030457615852356,0.19681373,0.2571277671929537
NIBAN1,-0.046002745628356934,0.9443637721506982,0.72146075963974,0.48551106,0.0031117363671056405
LRRFIP1,-0.04607713222503662,0.6892205945779197,0.5998089909553528,0.12009413,0.4919710372813313
DNAJC19,-0.04608571529388428,0.42824389971559823,0.3396671414375305,0.26493478,0.1240279854517727
ANKZF1,-0.046158790588378906,0.5245033628557766,0.42236244678497314,0.35829255,0.034563084929386284
ARID1A,-0.04617416858673096,0.6882273554404019,0.5057244300842285,-0.44821772,0.006927508301358549
TRMT6,-0.04622018337249756,0.5549264849697262,0.4411160349845886,-0.6308424,4.854035285927574e-05
IWS1,-0.04622924327850342,0.3966866339071101,0.3065672814846039,-0.08295501,0.6356688982019228
FAM98B,-0.046315550804138184,0.9000804971088057,0.7221027612686157,-0.7354789,4.82890875112935e-07
ELF1,-0.04638540744781494,0.6980334416715531,0.584441065788269,-0.049332414,0.7783834816189072
FN3K,-0.04640078544616699,0.6392540101457771,0.49793297052383423,0.22516738,0.1934279541946156
FAM50A,-0.04644513130187988,0.7461789866386035,0.5843145847320557,-0.6881048,4.921277429466019e-06
PIN1,-0.04648303985595703,1.0923721899521794,0.9109416604042053,-0.7506106,2.0698240376848295e-07
RANGAP1,-0.04649198055267334,0.4865522059905613,0.38641515374183655,-0.39506835,0.01883268415223718
NEK7,-0.046500205993652344,0.6515396324554179,0.553472638130188,0.07120262,0.6844055700832401
SMPDL3B,-0.04652559757232666,0.7799417604809519,0.6073909997940063,-0.111583106,0.5233708335980403
PPM1F,-0.04657876491546631,0.7369846887460251,0.574698269367218,0.14541772,0.4045613169547112
SLC35F6,-0.046590209007263184,0.8316126742129726,0.6971942186355591,-0.6897778,4.5676423547723825e-06
TBL3,-0.04659569263458252,0.4925321401720297,0.4194420278072357,0.029772867,0.8651837183038105
DDX60,-0.04662907123565674,0.3481699331039648,0.28591373562812805,-0.34504008,0.04235972931771675
MRPL3,-0.04663276672363281,0.3971960886485125,0.318987637758255,-0.031709813,0.8565010971797204
PHKA2,-0.04664182662963867,0.45662473874485365,0.3657591640949249,0.22541074,0.19293429937115658
MRPL28,-0.04664468765258789,0.5112585954479875,0.40653690695762634,-0.3605631,0.03335288300108848
SELENOF,-0.04667305946350098,0.6258999782139277,0.5033877491950989,0.6042974,0.00012090393477798517
MICALL1,-0.046830177307128906,0.43397070848593444,0.3280867040157318,-0.23832339,0.16798871320553868
NRP1,-0.046840667724609375,0.7338333567332619,0.5939988493919373,-0.054907892,0.7540688983209627
ARMC10,-0.04684329032897949,0.7580209818882648,0.5900208353996277,0.14672515,0.4003037678259819
ALDH3A1,-0.046849846839904785,1.0028851136105694,0.8172111511230469,-0.035576787,0.8392167382846398
RDH11,-0.046854376792907715,0.5160870937896394,0.38901105523109436,-0.07975373,0.6488066378928307
NCBP2AS2,-0.046856045722961426,0.6294018469030934,0.5251778364181519,-0.02354923,0.8931829886964684
DCPS,-0.046871304512023926,0.7413348872064982,0.5412153005599976,-0.21428125,0.2164274111084534
ARPC3,-0.04692566394805908,0.4876294172116743,0.4104568362236023,0.11914266,0.4954329345873861
WDR46,-0.04697847366333008,0.6325759209991048,0.5017891526222229,-0.3505934,0.03893582995022904
CTSB,-0.04702281951904297,1.5903303821568053,1.3289239406585693,-0.83288753,5.430861190639438e-10
PHF2,-0.04703032970428467,0.5513412388402388,0.480367511510849,-0.01812081,0.9177098981651386
LMTK2,-0.04703831672668457,0.4131310620923594,0.3084549009799957,-0.27929884,0.10419114876561891
CENPC,-0.047075629234313965,0.6218210676183692,0.4802977442741394,0.121804215,0.48578068107425887
CD2AP,-0.04708600044250488,0.8828620221586924,0.6962248682975769,0.101687565,0.561069599010343
GTPBP10,-0.04712343215942383,0.4829457022117394,0.3484314978122711,-0.6138985,8.774250008747298e-05
NDUFB7,-0.047211408615112305,0.4632400931849714,0.35996684432029724,0.26439577,0.12482357446003736
ACAD10,-0.04725909233093262,0.5016453909190853,0.41469907760620117,-0.21070325,0.22438017856776146
ESRP2,-0.047281861305236816,0.35903663877443587,0.2974056601524353,0.105477035,0.54648570178412
SNX9,-0.04741406440734863,0.5361749462254833,0.4190201759338379,-0.061688557,0.7248114552937074
RILPL1,-0.04745817184448242,0.5718078083942864,0.4707067310810089,0.04611742,0.7924999869324768
SRRM1,-0.04757726192474365,0.4567504737634399,0.37535491585731506,-0.47179094,0.004220195239492095
BCR,-0.047579288482666016,0.4193998418690352,0.34919193387031555,-0.15970731,0.35944222747625587
NUP37,-0.04765605926513672,0.3623897524604298,0.29867058992385864,-0.21765135,0.20911545269260803
RNF113A,-0.04767405986785889,0.46334890222235187,0.3565058410167694,-0.06497807,0.7107513947715343
CDC40,-0.047692060470581055,0.3255347007340795,0.2428758144378662,0.07334153,0.6754347242835915
SOD2,-0.04769396781921387,1.0284745987280783,0.7213068604469299,-0.0723556,0.6795642827472955
TPD52,-0.047728657722473145,1.246574237468904,1.0099608898162842,-0.52178335,0.0013058779068723149
RPAP1,-0.04777193069458008,0.40992552307611074,0.3333885073661804,-0.060672317,0.7291732737462078
CIP2A,-0.04783344268798828,0.3823472523967303,0.30691662430763245,0.04889696,0.7802916174008615
YIPF4,-0.04792308807373047,0.6474661158013724,0.49183812737464905,0.14425837,0.4083578697826389
PDXK,-0.04794025421142578,0.7793804305559641,0.5797930359840393,-0.13207822,0.44945145017873106
RPS21,-0.04794502258300781,0.8211080780376199,0.6505034565925598,-0.24919237,0.14885493301019617
PPP1R10,-0.047969698905944824,0.46185550762129085,0.3606813848018646,0.4233011,0.011286091489885814
U2AF2,-0.04800248146057129,0.36995824455801213,0.319021612405777,-0.49901822,0.0022769457034297826
MAPK13,-0.04806971549987793,0.507733030703365,0.4193353056907654,-0.36764172,0.029799855386247593
NT5E,-0.04807138442993164,1.8808916352576386,1.5708075761795044,-0.63286304,4.512570337998985e-05
COL12A1,-0.04811549186706543,0.9190737951700738,0.6427373290061951,-0.017494354,0.9205455640027246
HMGA1,-0.04813086986541748,0.8619599393023597,0.666151225566864,0.21513917,0.21454956450372636
ADI1,-0.048149824142456055,0.6238433148105929,0.5140911340713501,-0.5344665,0.000941800959268576
EXOC8,-0.04820382595062256,0.6170344102497948,0.40703949332237244,-0.3933725,0.019395443033708146
AIDA,-0.04825401306152344,0.5822332658864883,0.4334085285663605,-0.4876446,0.002964398754284822
MTCH1,-0.04826688766479492,0.46500044673980256,0.3885349631309509,0.07579233,0.6652092554231336
TTYH3,-0.04831349849700928,0.7491554432397065,0.572231113910675,-0.06543965,0.7087859186852277
PRRC1,-0.0483626127243042,0.5530488969421284,0.4259040355682373,-0.23098302,0.18186909557991746
SPTAN1,-0.04838526248931885,0.5841433458620738,0.46796688437461853,0.14453164,0.40746127594641723
SARS2,-0.0483931303024292,0.49393926445579356,0.36611178517341614,0.306162,0.07365843331542135
CIAO2B,-0.048470497131347656,0.7279152940658208,0.5385716557502747,0.11611386,0.5065343089706054
GIGYF2,-0.04853343963623047,0.6365170071450589,0.4496028423309326,-0.096954346,0.5795333301808147
CRYBG1,-0.04853987693786621,0.5588742598885158,0.443899005651474,0.37173533,0.027890877161285355
GRPEL1,-0.04858255386352539,0.6366831295604497,0.5483219623565674,0.5980065,0.00014834348555729606
SLC12A2,-0.04865550994873047,0.8193341551842019,0.5853700041770935,0.35136834,0.038476364394744555
CMAS,-0.04866445064544678,0.6690627169085334,0.5228413343429565,0.24713966,0.15234102981884656
KRT16,-0.04869544506072998,1.376238698471191,1.1207194328308105,0.21723783,0.21000336183471321
POU2F1,-0.048728227615356445,0.6120414350498254,0.499191015958786,-0.24219199,0.1609866104457314
DCBLD2,-0.04875814914703369,0.9101037595617807,0.7395784258842468,-0.35923597,0.034055949762614834
CADM1,-0.04902005195617676,0.5066704452315193,0.36918362975120544,0.08323781,0.6345136123941469
GRSF1,-0.04904758930206299,0.5605405747328731,0.4643605947494507,0.46296206,0.005101487104689558
AHSG,-0.04907679557800293,1.0159944302563926,0.8177477717399597,-0.45628908,0.0058687665346407476
MRPS28,-0.04913592338562012,0.5393736121202916,0.4313095808029175,0.6047485,0.00011912396159743509
RAP2B,-0.04914557933807373,0.5368493577830916,0.44681501388549805,0.22943383,0.1848993695027816
S100A14,-0.049163818359375,1.6275398506172714,1.188439130783081,0.47170633,0.0042279633403096645
GALNT7,-0.04919314384460449,0.5450924568757969,0.42418497800827026,0.70301616,2.487163925210883e-06
ALDH1L2,-0.04922842979431152,0.9172877931105139,0.6752038598060608,-0.6266632,5.635356899873144e-05
YTHDF3,-0.049273014068603516,0.5009387859059069,0.4163956940174103,0.21331425,0.21855722476737954
METAP1,-0.04928243160247803,0.5390827064597004,0.4185405671596527,0.015170816,0.9310713064055914
SCO1,-0.04928433895111084,0.7402493115531094,0.6312086582183838,-0.091467656,0.6012700499084778
CAMK2G,-0.04928445816040039,0.5179079264606367,0.41495758295059204,-0.32305178,0.0583714286687438
PSMD13,-0.049292802810668945,0.5821732725410618,0.41174349188804626,-0.39817774,0.017836232839758458
GSPT2,-0.04932546615600586,0.6730345987804401,0.4769285023212433,0.21557873,0.21359164273628442
UNC45A,-0.04938197135925293,0.5575027482003528,0.3994676172733307,-0.15158944,0.38469166460111304
TGOLN2,-0.04941415786743164,0.8017869170432032,0.602118968963623,0.38911486,0.020870316684600477
CCDC134,-0.04942178726196289,0.37378740955919754,0.30858346819877625,-0.43846697,0.008420956635821153
DCUN1D5,-0.0494234561920166,0.6142729498085155,0.5007737874984741,-0.33567417,0.048681215832127984
MOV10,-0.04944717884063721,0.39741817684863856,0.3294115960597992,-0.34033942,0.04544412918933121
PODXL2,-0.04945027828216553,0.7843676730113892,0.6573788523674011,-0.62214327,6.606565221757316e-05
CSDE1,-0.04948878288269043,0.7469570896892104,0.5133101344108582,0.15460604,0.37519042394703456
DDX17,-0.0495145320892334,0.5572135787397869,0.4628051221370697,-0.025300547,0.8852898429673428
TMEM201,-0.04951810836791992,0.5424224245622729,0.4206312894821167,-0.063895956,0.7153666805438591
ERGIC3,-0.0495983362197876,0.8325750517021071,0.7028042674064636,0.8758661,5.6270495533462e-12
BUB1B,-0.04961133003234863,0.39312125824328686,0.32077667117118835,0.10110447,0.5633292875118329
NUDCD1,-0.049668312072753906,0.6467346674971068,0.48873651027679443,-0.3483033,0.04031953958155922
DBNL,-0.049678921699523926,0.8533936158012289,0.627894401550293,0.3114583,0.06856199434624792
CD47,-0.04970681667327881,0.9056540206671664,0.7136752009391785,0.08369208,0.6326592374487209
DENR,-0.04972577095031738,0.8047366080993347,0.5948304533958435,-0.5741176,0.00031068599107284293
NOSIP,-0.04972875118255615,0.6896800891459051,0.5310513377189636,0.25349146,0.14174259317393675
CA2,-0.04973244667053223,0.9487143224106929,0.6892581582069397,-0.52577966,0.0011796966463507488
PLPBP,-0.04973745346069336,0.8651842916559092,0.6830965876579285,0.53540367,0.0009188599127006184
UTP20,-0.0498356819152832,0.6989855244137724,0.5659987926483154,-0.3723872,0.027596398271297635
PAFAH1B1,-0.04988288879394531,0.6799194992323734,0.5022722482681274,-0.50686395,0.0018880149366886352
SOD1,-0.049889445304870605,0.6349389411826553,0.4437183141708374,-0.29034778,0.09064462962642804
COMMD3,-0.04990708827972412,0.6593725529846779,0.4811209440231323,0.13969946,0.42348245166219073
KIN,-0.049939751625061035,0.448156095061712,0.3255305588245392,-0.16132528,0.35453150314603676
SKIV2L,-0.050042152404785156,0.5052947498098606,0.36575043201446533,-0.1244584,0.4762527858277475
MPI,-0.05005764961242676,0.37574893947332366,0.29865580797195435,-0.12229302,0.4840188084487531
CNPY2,-0.050095558166503906,0.5851728408967256,0.4756384789943695,0.46701834,0.004678654271993724
RBM15,-0.050098299980163574,0.359058095275847,0.2873193323612213,-0.024449654,0.8891230849612921
NIT2,-0.05019533634185791,0.6481967157251851,0.5446595549583435,-0.014315566,0.9349484790708393
MOCS3,-0.050200700759887695,0.5569156703375916,0.46348071098327637,-0.26689652,0.12116459180858609
HNRNPA3,-0.05032157897949219,0.4413891848075749,0.3401847779750824,-0.592354,0.00017762970815434317
POF1B,-0.050415635108947754,0.5549765357650596,0.4462704360485077,0.053837158,0.7587211102144897
SRSF2,-0.05046987533569336,0.6009046003805169,0.41619202494621277,-0.20328526,0.2414968721498704
RECQL,-0.05047428607940674,0.5172267080698182,0.38414111733436584,-0.42071307,0.01184931110713009
TACC1,-0.05060434341430664,0.7941530901244415,0.6718274354934692,0.69077,4.369049718899873e-06
HSP90AA1,-0.050660133361816406,1.083537846603559,0.8889707326889038,-0.6572646,1.7921170846558187e-05
FAHD2A,-0.050678253173828125,0.6409832022752703,0.5121026635169983,0.10533182,0.5470416244020029
COX20,-0.050821781158447266,0.9351706494949239,0.7384359836578369,0.5005146,0.0021977822221641873
GTSE1,-0.05083513259887695,0.55071458345426,0.4423195421695709,-0.39061192,0.020341467375348164
RBM8A,-0.05084848403930664,0.3196824902713414,0.24275556206703186,-0.6901814,4.48589150527394e-06
GTF3C2,-0.05086052417755127,0.38651831085213195,0.2894212603569031,-0.10582155,0.545168790350177
OCIAD2,-0.050870299339294434,1.0748234382059947,0.8180493116378784,0.1360748,0.43572734224707027
ECPAS,-0.0508723258972168,0.6627732046476185,0.4857749342918396,0.26367745,0.12588948530768343
MAD2L1,-0.05089700222015381,0.6627937088694276,0.5396681427955627,-0.55844814,0.0004896320827972263
DDOST,-0.05091822147369385,0.770559021537752,0.6433321833610535,0.43481272,0.009047333555379174
TKFC,-0.05092430114746094,0.9289512604122439,0.7475444674491882,-7.072091e-05,0.9996784324575675
ACSF3,-0.05095481872558594,0.4655110354134696,0.3635757863521576,0.30866894,0.07121047559798556
POLR1G,-0.05102884769439697,0.7612857859676695,0.6028493642807007,-0.03688375,0.8333916281188688
PRKAR1B,-0.05112338066101074,0.41870608312990604,0.3241623342037201,0.420796,0.011830893088056862
PTGFRN,-0.051212430000305176,0.9429250471580193,0.7689217925071716,0.5330159,0.0009783040996918016
SCAF8,-0.051218509674072266,0.6157717099112588,0.4583217203617096,-0.49151686,0.0027124499274607475
TP53I11,-0.05122506618499756,0.7983171465619106,0.6116684079170227,0.12913701,0.4596985127384021
CYCS,-0.05127239227294922,0.584875594140224,0.43258872628211975,0.2519537,0.14425734355121717
EIF2B3,-0.05135214328765869,0.8061921209807229,0.6419119834899902,-0.6437003,3.0242494583252587e-05
PRSS8,-0.051468849182128906,0.65102113055583,0.48651695251464844,0.44777417,0.006990151937129366
MLLT1,-0.05149650573730469,0.36909761127767615,0.30488649010658264,0.43136337,0.009674559829027147
LTV1,-0.05159580707550049,0.6271007756144624,0.47664690017700195,-0.04399648,0.801848877760937
CIAO2A,-0.05162763595581055,0.5176285341294629,0.40991947054862976,0.321749,0.059452888156565076
TRIM3,-0.05163872241973877,0.5188568441825707,0.38318943977355957,0.44081187,0.008038814738145748
RSL24D1,-0.051703453063964844,0.48148896675204356,0.3738858997821808,-0.61741203,7.78245552145477e-05
PPP2R1B,-0.051731228828430176,0.5515247223968313,0.44858646392822266,0.0043133833,0.9803808426159368
TSC22D4,-0.05173146724700928,0.572482097420779,0.4297165274620056,-0.25309187,0.14239297840897241
PPP1R13L,-0.05180990695953369,1.1167073852080327,0.9235646724700928,-0.6598021,1.6202982180810622e-05
ACSF2,-0.05184745788574219,0.8393405205070715,0.6934767961502075,-0.46825817,0.004555610508461463
TOMM5,-0.05186474323272705,0.3601522747490671,0.29551777243614197,-0.053626724,0.7596362748525419
SEC23B,-0.05190408229827881,0.5685745566017453,0.4175560176372528,-0.104766324,0.5492071968683174
NECAP2,-0.05191314220428467,0.8188465279905204,0.5955633521080017,-0.21918601,0.20584296743610195
SHC1,-0.05193805694580078,0.6121659311776019,0.4774726927280426,0.373405,0.027141700854075326
SACM1L,-0.05201387405395508,0.46429046593058093,0.38956278562545776,-0.523012,0.0012658802109892608
SP100,-0.05203533172607422,0.5450125998169199,0.45534273982048035,-0.5315039,0.0010176787031932139
LLPH,-0.0520402193069458,0.47426358722714873,0.3740766644477844,0.06319168,0.7183756787931681
RCOR3,-0.052098870277404785,0.5624159379241167,0.4145687520503998,-0.16510859,0.34320691081468174
DDX52,-0.05216836929321289,0.41542380059307793,0.3106142580509186,0.24718827,0.15225774826998098
TIMELESS,-0.05235183238983154,0.4789184587425306,0.38083645701408386,-0.49498135,0.002503047025876599
CHCHD3,-0.05241084098815918,0.5447782922079222,0.4208679795265198,0.527051,0.0011418749789634238
RPS6KA4,-0.0524439811706543,0.6306011509993406,0.48288679122924805,-0.077414215,0.6584743864271848
VDAC3,-0.05248856544494629,0.4231606954678147,0.3467061221599579,-0.061877295,0.7240024450446947
IDH3B,-0.05250227451324463,0.6205087701959997,0.5038638710975647,0.4880812,0.00293501221279666
TGFB1,-0.052524685859680176,0.45466221480180363,0.38056257367134094,0.21711668,0.21026390445385626
DHCR24,-0.05254042148590088,0.6670945676810283,0.49656960368156433,-0.116346315,0.5056778775970144
ACSS1,-0.05255842208862305,0.569356796903266,0.45567747950553894,0.1704408,0.32762525948144944
TMEM106B,-0.052667975425720215,0.6013031437598639,0.4492073059082031,0.61115974,9.624676937400371e-05
POFUT1,-0.05267202854156494,0.5916976845584918,0.4522119164466858,-0.49219567,0.0026702610116610074
NCDN,-0.05273020267486572,0.3399578429130243,0.24686796963214874,-0.14663643,0.4005917584158069
WDR55,-0.052770256996154785,0.5162216549127758,0.419717401266098,0.60118407,0.00013385438473955113
ETFB,-0.052883267402648926,1.1041186820106088,0.9238517880439758,0.82358074,1.2338133196602488e-09
TXN2,-0.052929043769836426,0.38156838567944784,0.3227173089981079,-0.32750902,0.05478893669808502
MAP7D1,-0.053014278411865234,0.6643292956991167,0.5228294134140015,-0.2488233,0.1494774158981711
ACAT1,-0.053185224533081055,0.8013160966340646,0.6250535845756531,0.27090022,0.11547397682298781
NCOR2,-0.053209900856018066,0.4720698257588981,0.3717694580554962,0.3438922,0.043096866921163185
RPS6,-0.05341136455535889,0.4712247688460058,0.3821496069431305,-0.12902012,0.4601085140317629
COG8,-0.053428053855895996,0.34222985227632313,0.25796714425086975,-0.12493297,0.474559547462312
ELMOD2,-0.05346119403839111,0.6014103882930437,0.44930148124694824,-0.46306217,0.005090665557884657
VTI1B,-0.053516507148742676,0.555263435201226,0.4777655005455017,0.63904333,3.5985121796855765e-05
MED17,-0.05351662635803223,0.4105906411461256,0.3308432996273041,-0.33878008,0.04650630154295763
NOP10,-0.05363643169403076,0.4658881723810373,0.38151463866233826,-0.008171825,0.9628400466171371
SRSF1,-0.05365145206451416,0.435467084067737,0.3424283564090729,0.07325499,0.6757968759130796
NAE1,-0.053708553314208984,0.716338008180467,0.5263619422912598,0.39748445,0.018054518537526817
TXNDC5,-0.05373084545135498,0.6266335359102702,0.5104780197143555,0.41838545,0.012375962233982562
RAD23A,-0.053739070892333984,0.691010377992297,0.5323827862739563,-0.5210273,0.0013310399708440332
KLC2,-0.05375862121582031,0.6720391893483285,0.5474515557289124,0.2251531,0.1934570059946206
ZNF830,-0.053775787353515625,0.46786815026905415,0.3582307696342468,0.019962294,0.909379865053803
SMC3,-0.05387413501739502,0.5578250798107851,0.42622679471969604,0.6995404,2.926680053744896e-06
TNPO3,-0.054068565368652344,0.40034670705211645,0.30233120918273926,-0.24344888,0.1587576869457281
MED22,-0.05408596992492676,0.2969009362987827,0.2540523111820221,-0.12673426,0.4681616122197189
CLPTM1L,-0.05420529842376709,0.727891874853758,0.5766270160675049,0.4195751,0.012104379912169779
PNN,-0.054247498512268066,0.38255480442243595,0.29758602380752563,-0.38009852,0.024302558033808302
ORC1,-0.05432558059692383,0.6530688476151791,0.5357772707939148,-0.28595227,0.09586179379381539
DPH5,-0.05437421798706055,0.5134845290467458,0.41095829010009766,0.32031763,0.060659228213094545
SNX3,-0.05438065528869629,0.8199150939341135,0.5332010388374329,-0.34133178,0.044778434205654305
DHRS7,-0.05444073677062988,0.5525483805847324,0.3983193039894104,0.19983941,0.2497384570859247
STEAP3,-0.054473161697387695,0.5334512321970664,0.4317726492881775,0.17030282,0.32802269329004524
ERAP2,-0.05460000038146973,0.8450775299394615,0.6584650278091431,-0.5769757,0.0002852401718574466
SGTB,-0.054631590843200684,0.41039271123396864,0.32627326250076294,-0.32971895,0.053078762840252314
MYO18A,-0.054664015769958496,0.5082894652881552,0.4502299129962921,0.09005596,0.6069188921749737
THOC5,-0.05469691753387451,0.3174099602459426,0.2455318421125412,0.29745847,0.08266943436166167
YWHAG,-0.054721951484680176,0.7529783319772732,0.6386069655418396,-0.6458633,2.786897617007872e-05
SEC24D,-0.05482208728790283,0.5863476652768842,0.45726606249809265,-0.15799394,0.3646869636000153
ZC3HC1,-0.0548243522644043,0.47269080169747263,0.36624574661254883,-0.1788605,0.3039292937760368
XRN2,-0.05484318733215332,0.3619883305146657,0.2862265408039093,-0.32425866,0.057383584346848635
CNOT7,-0.0548710823059082,0.43684943398583825,0.32748574018478394,0.20731251,0.23209863428758146
NISCH,-0.05490314960479736,0.41735575636914163,0.33646339178085327,-0.64344174,3.0538283232223805e-05
PRKRA,-0.05491602420806885,0.774696558337324,0.6093868613243103,0.79551995,1.126376858050222e-08
ZNF512,-0.054947614669799805,0.713655119366733,0.5452048778533936,0.83,7.042472880574879e-10
HMBS,-0.055145859718322754,0.6793306883018607,0.532102644443512,0.09895382,0.5717003795956377
CD2BP2,-0.05528581142425537,0.5041938966170602,0.39383888244628906,-0.5181093,0.0014322004750197956
BRIX1,-0.055294036865234375,0.563401876752637,0.4874464273452759,0.12836775,0.4623990698238035
EDC4,-0.05530548095703125,0.5770315448874891,0.489370197057724,-0.17421876,0.31685498682224283
CASK,-0.055307745933532715,0.4002330004556595,0.3565267026424408,0.2086334,0.22907064886177023
GNB1,-0.055318593978881836,0.6490249271014118,0.5506755113601685,-0.47829083,0.0036585664904335434
DDX5,-0.05540263652801514,0.5651515349006077,0.45196041464805603,-0.66588175,1.2677641268718054e-05
KRT4,-0.055415987968444824,0.9716245089252055,0.7959426641464233,0.29685256,0.08332701288944389
DIS3,-0.055442214012145996,0.7932878801069886,0.6578567624092102,-0.6630241,1.423708549692855e-05
SPART,-0.05545914173126221,0.5674006447804861,0.46335864067077637,-0.28986424,0.0912076296596872
TAP2,-0.05546152591705322,0.8263219241695583,0.6292839646339417,-0.45983765,0.0054492363927361965
FUT8,-0.05547964572906494,0.8029369460631264,0.6450955271720886,-0.60726976,0.00010960155400355731
WIPF2,-0.05548655986785889,0.6977215513145029,0.5397320985794067,-0.14651334,0.40099181310409837
CYRIB,-0.0555042028427124,0.5629524954069934,0.4200904965400696,-0.26456535,0.1245728074500118
VPS25,-0.05566084384918213,0.5508358975618652,0.4290790855884552,-0.36541572,0.030882039817412697
ATP6V1B2,-0.05567491054534912,0.8286179568822488,0.6818752884864807,0.62824893,5.3264548147459176e-05
DTYMK,-0.05569601058959961,0.6219434863386923,0.44955575466156006,0.21767867,0.20905693031062494
NFXL1,-0.05570840835571289,0.47232531161699054,0.3411836624145508,0.21977748,0.2045914367766455
DDT,-0.055710434913635254,0.627014442368775,0.5471705198287964,-0.023920804,0.891507424939831
TMX2,-0.05584681034088135,0.6413968483982742,0.5549026727676392,-0.49602214,0.0024429558204301757
PYGL,-0.05585646629333496,0.5405071085904404,0.4007112979888916,0.4249945,0.010929973562418203
MLH1,-0.05593883991241455,0.42798875186079405,0.3538619875907898,0.084755614,0.6283265472395306
CEP41,-0.05598306655883789,0.5375331524671729,0.40263065695762634,-0.515099,0.00154357713194494
OPLAH,-0.05599033832550049,0.47693667809124757,0.38464421033859253,-0.30255955,0.07729030909450163
BST2,-0.05600237846374512,1.049577441792739,0.8279373049736023,0.20933434,0.227474823083223
DDX3X,-0.056014418601989746,0.704680861887994,0.5824386477470398,-0.41737384,0.012610942895204438
RAF1,-0.05602705478668213,0.5789442701119926,0.4808514714241028,0.7327396,5.595236186684881e-07
IGFBP7,-0.056083083152770996,0.8742078192388019,0.6960179209709167,0.31559807,0.06477444755236973
RNF213,-0.056136369705200195,0.7469607603243255,0.6192064881324768,0.35769194,0.03488911557868134
URI1,-0.056180357933044434,0.5179909265526229,0.36570003628730774,-0.056115095,0.7488338337789968
RBBP6,-0.056206464767456055,0.4158516860815819,0.3337731957435608,0.27601427,0.10849965638007474
ABCF3,-0.05634200572967529,0.5228558625310548,0.3614717721939087,0.08497081,0.6274514826351012
TMED9,-0.056358933448791504,0.7282574889180699,0.6458132863044739,0.87410307,7.005148437699605e-12
ARL8B,-0.05642807483673096,0.7945659318554424,0.6382627487182617,0.6350153,4.172864254046127e-05
MAN2B1,-0.0565413236618042,0.7336350629424777,0.5827504396438599,0.019683918,0.9106383807415698
RNF114,-0.0565718412399292,0.6611281244063842,0.5023270845413208,0.35350692,0.037231186693205194
ACBD6,-0.056620240211486816,0.4586711707716474,0.3817105293273926,-0.20805721,0.2303882696874095
LCN2,-0.05664026737213135,0.9369063087000981,0.6964219212532043,0.4387706,0.008370637613901201
PDP1,-0.05664992332458496,0.8432067959232914,0.6912491321563721,0.5106963,0.0017201530128014828
STXBP2,-0.05675852298736572,0.6721442592373706,0.5435177683830261,0.25526497,0.13888208001543817
HSPA13,-0.05680549144744873,0.4319940043945076,0.3403366506099701,0.05170095,0.768027526678275
RPN1,-0.056864380836486816,0.5590177407426591,0.46429017186164856,0.7647264,8.883764897536286e-08
CSNK2B,-0.056903839111328125,0.4514785153915869,0.3743569254875183,-0.6449278,2.887409713449213e-05
PPP2R1A,-0.05694782733917236,0.7816524994656894,0.6359472274780273,-0.6261662,5.735444395342385e-05
SUN2,-0.05696380138397217,0.6658928274120971,0.4949539601802826,0.20357156,0.24082033876144138
ZC3H15,-0.05698072910308838,0.8393131798015594,0.5859664678573608,-0.45830917,0.005626665235121976
AK2,-0.05704963207244873,0.5420367523292361,0.44717147946357727,0.3977372,0.017974656351355138
EIF2S1,-0.05706453323364258,0.6239300868455558,0.4890243411064148,-0.2785976,0.10509989796775089
CNOT1,-0.05706655979156494,0.6756024868414028,0.4873761832714081,-0.34824508,0.04035520159227567
MDH1,-0.057079195976257324,1.138436975345496,0.9483597874641418,-0.37686533,0.025641664892680216
BSDC1,-0.05708575248718262,0.5440845414045682,0.40462690591812134,-0.2894038,0.09174632866952712
NDUFA13,-0.05709719657897949,0.6185613864912942,0.5094618797302246,-0.4144007,0.01332347506454296
CDC42EP4,-0.05712294578552246,0.48655993900102845,0.35949259996414185,0.1306124,0.4545428507214051
CHP1,-0.057218194007873535,1.0583689545972028,0.8695371747016907,0.33602303,0.04843289254356784
GPAT3,-0.05725526809692383,0.6962537930452042,0.5601108074188232,-0.040697765,0.8164421998510373
ADNP,-0.057294607162475586,0.619744063934852,0.5032809972763062,-0.59899086,0.0001437112193491166
APP,-0.05733966827392578,0.44851001724700373,0.32738441228866577,-0.01375438,0.9374937128771882
RUVBL2,-0.05747652053833008,0.6480818083156036,0.5422231554985046,-0.6970568,3.282997114669782e-06
CELF1,-0.05752205848693848,0.6824261093663351,0.5542713403701782,-0.69234806,4.069321537512109e-06
GLRX,-0.057532310485839844,1.0248730324983235,0.8023619651794434,0.38425216,0.022667558837067187
HELLS,-0.057631492614746094,0.49067727253893395,0.3809109926223755,-0.4455159,0.007316650548744695
APEH,-0.05767655372619629,0.8860623455048818,0.6884339451789856,-0.12440246,0.4764524732245233
HEBP2,-0.05773770809173584,0.7897986198232594,0.5967294573783875,0.087074935,0.6189207472203317
UBE2V1,-0.057746171951293945,0.8749924386923923,0.6206571459770203,0.16093387,0.3557156615961751
EPB41L3,-0.057848215103149414,0.6214218712431404,0.5243740081787109,0.2109235,0.22388510826508543
STAG2,-0.057874083518981934,0.6035268838072994,0.47802406549453735,-0.2961109,0.0841375926515319
GPX8,-0.05789923667907715,1.147195209008618,0.9496800899505615,-0.14917004,0.3924118873619507
RPL32,-0.05790412425994873,0.5578951702245272,0.42349112033843994,-0.27474338,0.11020254412445725
MYO1D,-0.057967305183410645,0.5868336246355773,0.43903207778930664,0.15416162,0.37658173527411926
FAM177A1,-0.057967305183410645,0.7909141946446563,0.6299440860748291,0.6239353,6.204797090979157e-05
SNRNP200,-0.058060407638549805,0.3408444786794961,0.28109827637672424,-0.50093985,0.0021757308191732534
ITGA1,-0.05825686454772949,0.7301151419328212,0.5514660477638245,0.6033617,0.00012467243262579667
AKAP1,-0.05833470821380615,0.5154439434871299,0.36002594232559204,-0.013834709,0.9371292977888667
COA7,-0.05838441848754883,0.5574506788290197,0.46264076232910156,-0.078386754,0.654448830319032
XXYLT1,-0.058411240577697754,0.6011617985625156,0.4737938940525055,0.022109888,0.8996776757365624
MED1,-0.05841660499572754,0.40695748713310886,0.3175896108150482,-0.29691955,0.08325409561081898
DCAF8,-0.05843174457550049,0.4770286812636595,0.36562076210975647,-0.061413944,0.725988952979176
PPIA,-0.05844283103942871,1.1258783620210489,0.9150861501693726,-0.43565583,0.008899414242325467
BPTF,-0.058448076248168945,0.38507385301068087,0.29030895233154297,-0.25642464,0.1370347948738652
MAP1S,-0.05846250057220459,0.6826324242895563,0.528214156627655,-0.5764857,0.000289466562486781
UBA5,-0.05868685245513916,0.5426785084393497,0.45812711119651794,0.07339993,0.6751903373633762
ZMYND8,-0.058837175369262695,0.512102871059898,0.3719947040081024,-0.5358026,0.0009092470517263781
UBQLN2,-0.058846473693847656,0.9048012630636808,0.7334968447685242,-0.7550364,1.5973416837284547e-07
KNSTRN,-0.0588831901550293,0.3959568065341042,0.3178327977657318,-0.10531677,0.5470991016795573
MRPL16,-0.058919668197631836,0.4596094947255841,0.363048255443573,0.6452498,2.8524397457710407e-05
PPP6R2,-0.05892777442932129,0.35733550231916433,0.2683415114879608,-0.27474794,0.1101962787459351
PCYOX1L,-0.05893385410308838,0.33524670658442485,0.2353108525276184,-0.28854865,0.09275307240467441
SDC1,-0.05895090103149414,0.6634655906347243,0.5315733551979065,0.20661469,0.2337089061352469
FHL1,-0.05897092819213867,0.9148942798240965,0.7666226029396057,-0.5821327,0.00024399230294178055
SBF1,-0.0590595006942749,0.47687551505884673,0.387956827878952,-0.28506985,0.09693635593850439
BTAF1,-0.05910623073577881,0.38335697223850224,0.29405832290649414,-0.010887422,0.9505045745002483
SPATA5L1,-0.05910634994506836,0.5063578679113584,0.38877445459365845,0.18976575,0.2748967179507946
STUB1,-0.059173583984375,0.5565428530841365,0.4324987828731537,-0.04020254,0.8186388713391771
RAB23,-0.05918991565704346,0.6976232172716469,0.5298600792884827,-0.50093526,0.0021759647149372156
EMC6,-0.05928230285644531,0.439010363161035,0.3496951460838318,-0.21586025,0.2129799436045129
ISY1,-0.05935513973236084,0.43380302671226945,0.34664490818977356,-0.7312431,6.059592626295529e-07
SEC24C,-0.05942678451538086,0.4878676837447822,0.3596533238887787,0.21475661,0.21538547046380332
OCRL,-0.05951499938964844,0.33333089822634693,0.27139800786972046,-0.3581373,0.03464710422118568
COPS3,-0.059656381607055664,0.5638540183823008,0.4613185226917267,-0.633997,4.330599438004704e-05
SF3B6,-0.05967867374420166,0.28344453190972857,0.2325809746980667,-0.12820528,0.4629705581166685
MAP2K3,-0.05970180034637451,0.5613495930791943,0.4621492624282837,0.39351872,0.019346399188221296
KRT10,-0.05975902080535889,0.5137804736081697,0.4010256230831146,-0.43296453,0.009378955004221924
EMD,-0.05979275703430176,0.6333563081020788,0.5175156593322754,-0.16364312,0.3475669445731849
MYDGF,-0.05987393856048584,0.6877534139195542,0.5266396403312683,0.12547736,0.47262138033831713
CPSF7,-0.0598987340927124,0.4341761827005662,0.3633524179458618,0.021653559,0.9017381416496801
EDIL3,-0.0599057674407959,0.7539493370591075,0.5202484130859375,0.12241541,0.4835779991178298
FLOT2,-0.05990934371948242,0.5636120241659226,0.45398929715156555,0.050998308,0.7710955189802934
SLK,-0.059931278228759766,0.48957012206034073,0.35331645607948303,0.33094218,0.052150608047822414
RPS11,-0.059978604316711426,0.5326011249622751,0.43266361951828003,-0.2886743,0.09260461389833434
CC2D1B,-0.060122132301330566,0.41935885632820197,0.318857342004776,-0.3709662,0.028241666126009222
PRDX3,-0.06014859676361084,0.7282555655447807,0.6059110760688782,0.5912335,0.00018401588325728442
TIAL1,-0.06024289131164551,0.3630951845859902,0.30864349007606506,0.072250985,0.68000324652105
TRMT1,-0.06028759479522705,0.7721063738159287,0.666118860244751,0.26326376,0.12650661767992316
RBBP4,-0.06029033660888672,0.7333173237122315,0.591489851474762,-0.26981816,0.11699177226393398
DDX55,-0.06034278869628906,0.3646465201345338,0.2959864139556885,-0.42459998,0.011012067728646097
NDUFAF4,-0.06037294864654541,0.4753927821640936,0.3908221125602722,-0.25027817,0.1470344215026145
OCLN,-0.060437798500061035,0.8805577338947531,0.7467853426933289,-0.6867261,5.231296484723931e-06
MTERF4,-0.0605086088180542,0.42272346441612785,0.3273314833641052,-0.3553505,0.0361842270854863
MRPS36,-0.06051003932952881,0.6133469467449062,0.524128794670105,0.677313,7.870480612415594e-06
SLC25A22,-0.060533761978149414,0.5814478209431505,0.4564765393733978,0.15627465,0.3699951463935345
EGLN1,-0.06054210662841797,0.5236147680022791,0.4277113676071167,0.49662748,0.0024085883493599625
MAP3K20,-0.06059730052947998,0.42910812504871804,0.30323830246925354,-0.26630956,0.12201616168835903
INA,-0.0605999231338501,0.8678271709516635,0.7045674324035645,-0.054239914,0.7569704935058171
COTL1,-0.060620903968811035,1.0686951829560598,0.8423164486885071,-0.38385373,0.022820366011189332
IDE,-0.06067371368408203,0.446009074390368,0.37572044134140015,0.1656164,0.3417038013809256
TSTA3,-0.06067836284637451,0.823820080995968,0.655500054359436,0.03472154,0.8430336954966909
BRK1,-0.06071138381958008,0.4327493470042132,0.31728705763816833,-0.13719217,0.43193210958590633
LRATD2,-0.06075727939605713,0.5749682510981708,0.4580583870410919,0.23725672,0.16995718238948218
PCF11,-0.06082606315612793,0.4684149180256761,0.35742032527923584,0.18024275,0.30014577893052224
GNG10,-0.060826659202575684,0.6566468129045167,0.5681800246238708,0.04278588,0.8071971139895988
WDR5,-0.06086015701293945,0.5243700175906828,0.43788036704063416,0.49487215,0.002509425472813087
KRT15,-0.06095433235168457,1.4574377398009557,1.1066545248031616,-0.37155843,0.02797124198167713
L1RE1,-0.06095588207244873,0.9376718681470083,0.7503675818443298,-0.33808783,0.04698416929643439
MDP1,-0.06098794937133789,0.5597298546147907,0.46737828850746155,-0.64061,3.3951730673443625e-05
D2HGDH,-0.061096906661987305,0.47420633730283795,0.40633928775787354,0.044317562,0.8004315289185329
PTBP2,-0.061113834381103516,0.4109022168869538,0.324476033449173,-0.12025393,0.4913910779086429
FABP5,-0.06111478805541992,1.2107335072634076,1.0452404022216797,0.69092625,4.338469698108953e-06
MGAT1,-0.06112957000732422,0.74011422744846,0.6237688660621643,0.7819898,2.9068519412428256e-08
DMAC2,-0.061466336250305176,0.4059507845319301,0.31494635343551636,0.04615956,0.7923147843308457
SORBS2,-0.061601877212524414,0.6741463172522856,0.5667511820793152,0.15665735,0.3688097266171041
C2CD5,-0.06163835525512695,0.48572935448640936,0.38218799233436584,0.14787427,0.3965834049213089
TRIP11,-0.06168925762176514,0.6015673055085301,0.4634343385696411,-0.23838812,0.16787000534410412
RPS23,-0.061696767807006836,0.47230581423358703,0.3775203824043274,-0.0016433713,0.9925243366036197
MRPL17,-0.06173217296600342,0.47493252525931967,0.3881551921367645,-0.47716638,0.0037508103655703247
RNASET2,-0.061839938163757324,0.8783535385039714,0.694122850894928,0.08359148,0.6330697257696185
GNAS,-0.061844587326049805,0.5939480049852524,0.48734843730926514,0.026497953,0.8798990850620076
CEBPZ,-0.06190931797027588,0.4046696589009444,0.3246074914932251,0.060486875,0.7299697968421859
HLA-B,-0.06203150749206543,1.2784547786062526,1.0147987604141235,-0.34437734,0.04278411799575708
SF3A1,-0.06206202507019043,0.3524526558864587,0.28881293535232544,-0.37501296,0.026435909706582137
ABI2,-0.062065720558166504,0.7079749790339418,0.5580084919929504,-0.38351595,0.022950528268891126
SIPA1L3,-0.062078118324279785,0.45149775704220657,0.3537325859069824,0.2956026,0.08469659599190027
GNL2,-0.062216997146606445,0.5270087414257221,0.4321739971637726,-0.17067355,0.3269550731967797
RELCH,-0.06226980686187744,0.5256357578351498,0.4049990475177765,0.060670566,0.7291804437731356
PEF1,-0.06231212615966797,0.5334244153608608,0.40551838278770447,-0.23441799,0.17527600209546385
ARMCX4,-0.0623469352722168,0.4519066710077425,0.35945525765419006,-0.27090955,0.11546099847980702
RIDA,-0.062462687492370605,0.7020857866585841,0.47546491026878357,0.14915854,0.3924489999040761
SMARCA5,-0.062522292137146,0.6121717731584113,0.5011968016624451,-0.0005327761,0.9975765880659346
RPL36A,-0.06262969970703125,0.40456190038077033,0.31525474786758423,0.06319685,0.7183532537252783
CAT,-0.0626375675201416,0.8797342088132531,0.7646169662475586,-0.20433657,0.23901921133311457
HSD17B11,-0.0626450777053833,0.4271851414390033,0.3321000635623932,-0.15455209,0.37535927902707794
DAZAP1,-0.0627509355545044,0.3754024928476609,0.27127671241760254,0.26050955,0.13067178914463576
MPHOSPH8,-0.06282424926757812,0.3658938446522296,0.29365524649620056,-0.28663084,0.09504178858120933
RDH14,-0.06286394596099854,0.42764678476303075,0.33736440539360046,-0.09847475,0.5735728628373035
TSC2,-0.06286799907684326,0.4675243566665397,0.33384254574775696,0.22335884,0.1971250901744166
PPP1R12A,-0.0629502534866333,0.6473678821187884,0.47472986578941345,0.08685313,0.6198178893605497
STARD10,-0.06295454502105713,0.8563478386106937,0.7297562956809998,-0.03907557,0.8236415335620298
RPF1,-0.06301999092102051,0.30856504186055006,0.23621828854084015,-0.16130008,0.3546075381139819
APLP2,-0.06307148933410645,0.8693158948100986,0.6866777539253235,-0.7241937,8.760744980532472e-07
PREPL,-0.06310510635375977,0.3866107481603053,0.3051515817642212,0.28448763,0.09765029203721456
ADAR,-0.06313061714172363,0.4362566514587501,0.3367426097393036,0.23118083,0.18148481106503878
AP3D1,-0.06314826011657715,0.5039023170021992,0.35063084959983826,0.41417038,0.013380057553975606
PATL1,-0.06316888332366943,0.46194112750840577,0.34028151631355286,-0.42550474,0.010824558984322951
GGH,-0.06317579746246338,0.6242732113795502,0.5030832886695862,-0.410562,0.014293323584420072
LIMS1,-0.06324446201324463,0.6489309937875558,0.5189428925514221,-0.43602073,0.00883603120027721
NUP214,-0.06343185901641846,0.2954797583939455,0.19935250282287598,0.16714416,0.33720604353616085
PDCD2,-0.06351053714752197,0.45327613217536067,0.39555439352989197,-0.2899255,0.09113627409893932
RABGGTB,-0.06351077556610107,0.5239647444629209,0.434860497713089,0.48632777,0.0030546035670608886
SERPINB1,-0.0635225772857666,0.8152924016637045,0.6680364608764648,-0.3799994,0.024342759782454895
TAP1,-0.06353366374969482,0.939550731767178,0.7766126394271851,-0.37906143,0.02472566084847531
ZFR,-0.06356990337371826,0.3036972729715299,0.22273533046245575,-0.1416796,0.4168749924637058
NDUFA4,-0.06358540058135986,0.6462216722267466,0.4949294626712799,0.0784773,0.6540747872333968
SOAT1,-0.06365609169006348,0.7249474572182689,0.6085155010223389,-0.5034452,0.0020496909824058935
DYNC1LI2,-0.06368434429168701,0.5399789069612569,0.38882237672805786,0.20996419,0.22604748192901106
CHMP3,-0.06383681297302246,0.49652447362243524,0.39122679829597473,0.26064417,0.13046574382839263
EMC8,-0.06386971473693848,0.4685602916845108,0.3783542215824127,0.5022207,0.002110474415169712
RNPEP,-0.06396722793579102,0.8123744720912756,0.5643351674079895,0.36460024,0.03128646896074223
COL5A1,-0.06400394439697266,0.7900413635748512,0.5477299690246582,0.1446798,0.4069755026603041
SLAIN2,-0.06411182880401611,0.5570894539962137,0.4546389877796173,0.39847073,0.017744644368535376
GINS3,-0.06421411037445068,0.6681075370226404,0.5178235173225403,0.07362643,0.6742430236175628
DDB1,-0.06423234939575195,0.4677954969202032,0.3621482849121094,-0.5398305,0.0008170404891074286
WDR74,-0.06429708003997803,0.63296902451501,0.4870011508464813,-0.022822453,0.8964612414846563
WASL,-0.0644829273223877,0.6730012547224798,0.49637505412101746,0.39165148,0.019980800036053233
DDX21,-0.06451201438903809,0.7733697957933059,0.6390722393989563,-0.12474853,0.47521758321230484
RPS17,-0.06454384326934814,0.5237125129758523,0.4141709506511688,-0.35232988,0.03791240864287024
FAM91A1,-0.06457972526550293,0.419499082415399,0.3247734010219574,-0.06164827,0.724984232060282
PARP4,-0.06459534168243408,0.6123794193688462,0.48086535930633545,0.5781832,0.000275060984048275
OSTF1,-0.06474125385284424,0.6624366154128991,0.5217792391777039,-0.26667795,0.12148107622075976
HMGA2,-0.06485295295715332,1.1015219714778168,0.9367945790290833,-0.13430774,0.4417666059836576
HSP90AA4P,-0.06489622592926025,0.416692299849091,0.3431551456451416,0.25546092,0.13856861764128076
ZC3H4,-0.06493556499481201,0.47982430076124827,0.34177476167678833,-0.28146783,0.10141774573351672
TAB1,-0.06507241725921631,0.6023169159014339,0.4419175684452057,0.24089307,0.16331375942115217
RHOT1,-0.06519055366516113,0.4724358762139642,0.3885083794593811,-0.036667787,0.8343532971606743
SIGIRR,-0.06519782543182373,0.6204344891340317,0.48908790946006775,0.42674458,0.010571971482712092
NMT1,-0.06521487236022949,0.8119655832292687,0.5550621747970581,-0.13814044,0.42872542369925176
PAIP1,-0.06522274017333984,0.9414195142895772,0.6620630621910095,-0.60131013,0.0001333069824743395
MRE11,-0.06524825096130371,0.5529695152240771,0.45871293544769287,-0.4106506,0.014270294244922205
LDLR,-0.06525635719299316,0.9275990276990387,0.7673458456993103,0.67732024,7.868082118915627e-06
TMA16,-0.06527149677276611,0.484954149350036,0.3734969198703766,0.20931223,0.22752518724500587
MGAT2,-0.06527841091156006,0.6745918258390032,0.5730589628219604,-0.65413046,2.027082578456881e-05
GNG2,-0.06534755229949951,0.775180086624041,0.6053932905197144,-0.71229845,1.592179308236181e-06
LLGL2,-0.06534993648529053,0.6734524992934172,0.5390262007713318,-0.60716945,0.00010996716394263517
LAS1L,-0.06537520885467529,0.3883575817274714,0.3164323568344116,-0.13798445,0.4292517736495573
NUTF2,-0.06566464900970459,0.9701976726607869,0.8045911192893982,0.53383994,0.0009574183880700839
CGGBP1,-0.06570136547088623,0.6059826300637,0.4914146363735199,0.47196972,0.004203801268822806
PROSER2,-0.06574082374572754,0.48774977178680695,0.39532724022865295,0.36703944,0.030089526608166637
PPIL1,-0.06576049327850342,0.3366808761573926,0.2892572283744812,-0.4219992,0.011566513547571485
ATP6AP2,-0.0658806562423706,0.3927468084549242,0.30504992604255676,0.25819674,0.1342470306487697
SYNJ2BP,-0.06588852405548096,0.6229535693674378,0.46417874097824097,0.29089087,0.09001540914848419
PIH1D1,-0.06591498851776123,0.7463414045805812,0.5257285833358765,-0.41791424,0.012484958243816983
GALT,-0.06607401371002197,0.42113146781087496,0.3414267301559448,0.46418104,0.004971086381761459
TRNT1,-0.06620240211486816,0.4879369666369164,0.3954939544200897,0.0017445013,0.992064510041819
LTA4H,-0.06629431247711182,0.6746274105238881,0.5053516030311584,-0.078935534,0.6521816978347982
CPQ,-0.0666501522064209,0.8594979978452645,0.6632934212684631,-0.41789076,0.01249041125187152
RUNX1,-0.06666350364685059,0.43335500794392573,0.33917462825775146,-0.13586281,0.43644933793263657
SRXN1,-0.06668782234191895,1.1987956042957892,0.9290934801101685,-0.31463373,0.06564165104936051
STX16,-0.06670188903808594,0.6327401343518148,0.5377386808395386,0.6737292,9.159580525511224e-06
DNAJC1,-0.06670928001403809,0.8521075473009295,0.674067497253418,0.58642906,0.00021379046408260942
SEPTIN10,-0.06676304340362549,0.7046149256650764,0.601489245891571,-0.64949965,2.42560032252846e-05
ANKFY1,-0.06677901744842529,0.5426495938231993,0.40615391731262207,-0.17161211,0.3242620144788121
NAT10,-0.06681859493255615,0.5875087270697238,0.48520955443382263,-0.0150084905,0.9318072790733153
NDUFB9,-0.06686186790466309,0.4845496601099608,0.37857070565223694,0.47031307,0.004357815130663903
PLSCR3,-0.06693112850189209,0.6316315970545325,0.5222471356391907,0.2664628,0.12179332820344596
PTPA,-0.06694567203521729,0.7776787577524537,0.5656645894050598,0.3800279,0.024331205822323603
NIPSNAP2,-0.06694686412811279,0.5697055879484572,0.4694432318210602,0.33263594,0.050886846165972464
IFT122,-0.06695187091827393,0.4824102917720768,0.38065093755722046,0.0469369,0.7888955404856254
ASL,-0.06695365905761719,0.5592759241772516,0.45565709471702576,-0.34532654,0.04217736486182271
ABCD1,-0.06696784496307373,0.4306750306962325,0.34698233008384705,-0.0559202,0.7496782926830446
MRPL43,-0.06698465347290039,0.45951468491360004,0.39076292514801025,0.5932554,0.00017263777626463158
POLR2B,-0.06701302528381348,0.36235107782939735,0.2946782112121582,-0.62113327,6.843194018563048e-05
SET,-0.06708180904388428,0.5593465787177848,0.42603063583374023,-0.48531365,0.0031256848521457976
BRD8,-0.06710946559906006,0.49408887509250127,0.4123781621456146,-0.07311131,0.6763981257429058
RPL13,-0.06728625297546387,0.41714940915180765,0.3426436483860016,-0.28249112,0.10012894355526164
DBR1,-0.06729781627655029,0.540466112150806,0.45353710651397705,-0.48569793,0.003098578991789943
WDR75,-0.06734097003936768,0.3567195934431052,0.2680557668209076,0.5005918,0.0021937679970180954
HMOX1,-0.06736505031585693,0.9944418580064815,0.7926103472709656,0.6594664,1.6421358513209406e-05
DFFA,-0.06744468212127686,0.7935984324125412,0.6585700511932373,-0.520334,0.0013544888237313555
NOMO1,-0.06746304035186768,0.49389099329235603,0.38464584946632385,-0.33760422,0.047320274474795684
WBP11,-0.06754791736602783,0.5307744085203933,0.445823609828949,-0.03535638,0.8402000281782162
UBR7,-0.06759893894195557,0.9257983435489276,0.7148678302764893,-0.5429549,0.0007513108630597968
NDUFAF5,-0.06760847568511963,0.3126588894314668,0.2536753714084625,0.22219437,0.19953147299172455
HSPBP1,-0.06760990619659424,0.8482647658506769,0.7070472240447998,0.46472624,0.0049137081615505136
PSMC5,-0.06765663623809814,0.5471993438205772,0.37323781847953796,-0.5197248,0.0013753901398284192
SSR1,-0.06773543357849121,0.6465488643692613,0.5440148115158081,0.7706951,6.103501813952957e-08
EIF4E,-0.06773972511291504,0.8119609585217782,0.6023154258728027,-0.58897644,0.00019750705829478215
SLC3A2,-0.06783783435821533,1.2444909289785424,0.9450997710227966,0.5239752,0.0012352794672973943
UPP1,-0.06792032718658447,0.6904225220908679,0.559615433216095,-0.5803965,0.0002572417967464936
FNDC3A,-0.06797397136688232,0.460767779381368,0.3721719980239868,-0.5140497,0.0015841478510883553
LMNB2,-0.06821084022521973,0.5257367550301193,0.3941304683685303,0.04051671,0.8172451084354394
PRPF38B,-0.06834650039672852,0.28228451618884004,0.21696777641773224,-0.22736245,0.18900633897099814
MAGED1,-0.06835925579071045,0.5207309495112323,0.3973139524459839,-0.09962757,0.5690717701240913
SLC25A13,-0.06842291355133057,0.6408197758145397,0.4877760112285614,-0.32755506,0.05475288612260566
RPS2,-0.06848800182342529,0.6964741550450975,0.5461728572845459,-0.4175284,0.012574814420392069
MRPL53,-0.06849813461303711,0.4664458547163648,0.36653149127960205,0.2717123,0.11434465272810834
CNOT2,-0.06858468055725098,0.5364582067940078,0.37033119797706604,-0.1026939,0.5571791880611798
COL6A2,-0.06878328323364258,0.7368753357838779,0.5876243710517883,-0.26397812,0.12544248678616257
COMMD2,-0.06891930103302002,0.6347130621641677,0.4007698595523834,-0.3128563,0.06726400866094688
RPL27,-0.06893610954284668,0.5135022887891149,0.4184168577194214,0.06698794,0.7022066030654857
CCDC93,-0.0690755844116211,0.5840614803789035,0.45342424511909485,-0.17078543,0.32663349367830724
KRT5,-0.06919324398040771,2.4237640888813883,1.5093052387237549,-0.2898945,0.09117243335993125
LSM3,-0.06948733329772949,0.4400834373994567,0.3348732590675354,-0.3100483,0.06989096036985744
EFHD2,-0.0695033073425293,0.629229397414866,0.4783349633216858,-0.04635709,0.7914455833829229
BPHL,-0.06965804100036621,0.5058706274953535,0.38260701298713684,0.018398343,0.9164539962847503
S100A13,-0.06972646713256836,0.9248795121566599,0.7776281237602234,-0.4088519,0.014744144263921361
NAA20,-0.06974220275878906,0.5921815434058161,0.4766191244125366,0.14741395,0.39807123857557314
PCBP3,-0.06974327564239502,0.6179623387675709,0.49445995688438416,0.52680516,0.0011491037746123598
TRIM24,-0.06982076168060303,0.7655636120533611,0.6187809109687805,-0.8058264,5.2115806422887826e-09
PIN4,-0.06982612609863281,0.8140821824284493,0.5887473225593567,-0.12054844,0.4903225343398582
MYH10,-0.06986749172210693,0.879479556127457,0.7172341346740723,-0.5425512,0.00075953021308011
DNAJC21,-0.06991815567016602,0.48012490102840916,0.381548672914505,-0.12522021,0.4735364612413848
PPP1CC,-0.0699458122253418,0.4917821274440675,0.418386846780777,0.14111273,0.4187608653059335
CTH,-0.06998753547668457,0.7298405848152522,0.5784937143325806,0.13936895,0.4245907477679412
DHX38,-0.07016360759735107,0.5773278230320824,0.44854167103767395,-0.270369,0.11621722381319048
BCL7C,-0.07031881809234619,0.48858884659500407,0.3870251178741455,0.0737236,0.6738368266706517
COPS7B,-0.07042646408081055,0.47561208351532286,0.3633853495121002,0.6382049,3.71181221801112e-05
OAT,-0.0704488754272461,0.7885718756012015,0.5874036550521851,0.48843688,0.0029112541097586005
TRRAP,-0.07051098346710205,0.39361956040399465,0.2943173944950104,0.23705417,0.17033302106913045
ABI1,-0.0705115795135498,0.6294973214011436,0.4914056956768036,0.22119989,0.20160294403770088
MIF,-0.07053577899932861,1.2603931845166851,0.989596426486969,-0.42825663,0.010270720811106568
ZFC3H1,-0.07057738304138184,0.49213415189783655,0.4114529490470886,0.02258895,0.8975150957920994
PHAX,-0.07070028781890869,0.6375181878057256,0.5281769037246704,-0.2680918,0.11944421300992376
TMEM245,-0.07075071334838867,0.9227041298299752,0.7388501167297363,0.64933884,2.4406343880793713e-05
EIF5B,-0.07082247734069824,0.709379228083576,0.5185646414756775,0.13450308,0.44109659770207577
MTFP1,-0.07084906101226807,0.5242981454046299,0.4293806254863739,0.72704285,7.558253047060811e-07
LNPEP,-0.0709151029586792,0.7219365428105474,0.554192841053009,-0.56449836,0.00041186729514608043
SIRT5,-0.07101547718048096,0.4476851948273076,0.36580991744995117,0.47106618,0.0042872017311224985
FAM234A,-0.07103407382965088,0.5365173406153858,0.44862183928489685,0.33979985,0.04580941047013766
EMC10,-0.0711745023727417,0.556826215891302,0.4571804702281952,-0.5082915,0.0018238826375268646
AP1G2,-0.07120108604431152,0.44042014642433686,0.3424478769302368,0.4043321,0.015993442265263565
MT-ATP8,-0.07121860980987549,0.5172771226382619,0.4029960036277771,0.004405201,0.9799628737113734
SLTM,-0.07141232490539551,0.3625876460503115,0.29192429780960083,0.13471758,0.44036182256835255
WAC,-0.07142198085784912,0.7355095236477404,0.5573592782020569,0.019797854,0.9101236298930252
GATB,-0.07145309448242188,0.47771085679687747,0.3515090346336365,0.31647712,0.06399177488311301
NT5DC2,-0.07147204875946045,0.4106227583221607,0.31159260869026184,-0.15067668,0.3875935420530953
MAFG,-0.07151603698730469,0.5955523941202653,0.46721410751342773,-0.0064749587,0.9705523097111143
YARS2,-0.07153558731079102,0.5900961986204686,0.4845505356788635,0.22483456,0.19410468448959253
CTBP1,-0.07155406475067139,0.809420913513389,0.6344431042671204,0.56853324,0.0003663191712017054
NFU1,-0.07156968116760254,0.636976108143394,0.5063492655754089,0.4927192,0.002638110676436697
SCG2,-0.07170546054840088,0.5054642006434992,0.3729631006717682,-0.1611054,0.35519633036115106
PLCB4,-0.07171809673309326,0.6805180265714332,0.540175199508667,-0.017126208,0.922212340460683
ASS1,-0.0717993974685669,1.16961349982939,0.9230579733848572,0.10305324,0.5557932585890177
RPL5,-0.07192444801330566,0.47998110517923376,0.3847171366214752,-0.26366925,0.1259017314532812
NR2C2AP,-0.07192456722259521,0.530066321514951,0.3620556890964508,-0.18465775,0.28826223387339095
CYC1,-0.07193255424499512,0.8033230147813663,0.6609991788864136,-0.1568704,0.3681507835395164
NQO2,-0.0720289945602417,0.5436779029228069,0.3988261818885803,0.04586931,0.7935920169937163
MRPL40,-0.07214796543121338,0.5205793778853561,0.3802875578403473,0.3792228,0.024659415575405776
MRPS11,-0.07225275039672852,0.5234178283183332,0.4153289794921875,-0.38375008,0.02286022706406258
AAMDC,-0.07226502895355225,0.5918564719227605,0.478355348110199,-0.41957206,0.012105053952852402
SUMO2,-0.07228457927703857,1.0998630806933551,0.8208296895027161,0.4948561,0.0025103597515177536
ATP2A3,-0.07231926918029785,0.5670197157266137,0.46434009075164795,0.3135402,0.06663608176576491
PSMA2,-0.07238733768463135,0.6297178303723825,0.5265017151832581,0.28373995,0.09857299211893611
CNOT9,-0.07261478900909424,0.4605906523135722,0.3379664719104767,-0.40095448,0.01698396782415544
HSD17B7,-0.07270777225494385,0.5050088809903747,0.41452106833457947,0.00661375,0.969921523509351
AASS,-0.07271122932434082,0.5739304214401603,0.4289800524711609,0.1688121,0.33233757241582607
MAP4,-0.0727536678314209,0.9172288225733476,0.6561610102653503,-0.47713798,0.0037531638020134
MEA1,-0.07291793823242188,0.5849462134748278,0.49503424763679504,0.21589828,0.21289738814994874
ZNF292,-0.07301270961761475,0.28701979348997875,0.2358725666999817,0.09823944,0.574493578801474
PYGB,-0.07302653789520264,0.5435589937182747,0.4085439443588257,0.24259703,0.16026599422969867
ORC3,-0.07303571701049805,0.41048808525325076,0.35564231872558594,-0.105623856,0.5459245776024206
ZC3H14,-0.07305943965911865,0.32075141283008063,0.2535327672958374,-0.18970504,0.2750530805189221
ATP5PF,-0.07313764095306396,0.5222163973927586,0.39696618914604187,0.29566425,0.08462853458551069
SRR,-0.0731421709060669,0.557705473048794,0.4293488562107086,-0.057658844,0.7421560398127881
SNX4,-0.07321381568908691,0.5124061859143847,0.39184483885765076,-0.5302996,0.0010500312746392168
INTS14,-0.07324373722076416,0.28548269007095123,0.2413354367017746,0.34890708,0.039950902593197855
SRSF10,-0.07326912879943848,0.5053001169682074,0.42330366373062134,-0.15723617,0.3670207447481013
EPS8L2,-0.07335758209228516,1.0504441979288293,0.9068822860717773,0.49811336,0.0023260089208127195
M6PR,-0.07345330715179443,0.577163670269448,0.4797070622444153,-0.595165,0.00016247473421224877
GLS,-0.07361650466918945,0.874848999890673,0.7190259099006653,0.37519714,0.026356043929220307
TOE1,-0.07369601726531982,0.4643742249689014,0.3802926242351532,-0.11020799,0.5285342550074519
LMAN2L,-0.07370030879974365,0.7993422068892644,0.6789529919624329,-0.16791248,0.33495796132849315
MLF2,-0.07373344898223877,0.6508226992812516,0.4683661460876465,-0.47688824,0.0037739451635671888
EPN1,-0.07375335693359375,0.5064803329464178,0.3740730583667755,0.0947258,0.5883195159826242
APIP,-0.07375729084014893,0.5680229266116632,0.47461745142936707,-0.673318,9.319135728649077e-06
FHL2,-0.07377099990844727,0.9416758361021135,0.781893789768219,-0.6243297,6.119371297135799e-05
SELENOH,-0.07379233837127686,0.7092275911676419,0.5705529451370239,0.19976705,0.24991321862572352
METTL1,-0.07398617267608643,0.37496246706371134,0.29817596077919006,-0.030513056,0.8618638579420984
PGAM5,-0.07406401634216309,0.4945919704673985,0.41206833720207214,0.46894175,0.004488973276775636
GATD1,-0.07425796985626221,0.4790456677818559,0.38081008195877075,-0.4911561,0.002735105966998042
RPL37A,-0.0743093490600586,0.44365663688004914,0.3360947072505951,-0.31113085,0.06886886089483982
DNMBP,-0.07437741756439209,0.6595947993067692,0.5115158557891846,0.58684725,0.00021103745971942523
INTS1,-0.07446432113647461,0.35980385609299725,0.28810784220695496,-0.2433971,0.15884899809041617
BCAM,-0.07454705238342285,0.8933799697910678,0.7200669050216675,-0.13085632,0.4536935210560429
ZNHIT2,-0.07457578182220459,0.3700349258357542,0.2861558794975281,0.022851411,0.8963305304706511
H1-10,-0.0746157169342041,1.2365383071981462,0.9725082516670227,-0.48891398,0.0028796535952439707
GOLGB1,-0.0746924877166748,0.5971837638207124,0.44547557830810547,0.70564026,2.1962692536861926e-06
ABAT,-0.07469618320465088,0.532919895837389,0.40597978234291077,0.2918253,0.08894076874331117
POLD3,-0.07474279403686523,0.5451994431698531,0.4066936671733856,0.38080525,0.024017705772182447
TGFB2,-0.07475340366363525,0.5953682880844204,0.4571893513202667,-0.56939286,0.00035721473637389536
VEZF1,-0.07479095458984375,0.5518816243570107,0.43106600642204285,-0.16893047,0.33199334452746426
DYSF,-0.0748598575592041,0.5886797250731798,0.4601050317287445,0.07798787,0.656098759390714
ZC3H18,-0.07492685317993164,0.4496384691623575,0.3487313985824585,-0.15377642,0.3777896908697601
DPF2,-0.07514774799346924,0.5137330805644637,0.4081989526748657,0.50384784,0.002030039320829696
TOR4A,-0.07521474361419678,0.46456705401285087,0.3426100015640259,-0.09416014,0.590559442338298
HGFAC,-0.07527172565460205,0.6500567934093675,0.5274858474731445,-0.3230647,0.05836082001195634
ASH2L,-0.07532787322998047,0.49942651284832673,0.3823342025279999,-0.51938075,0.0013873194995967686
APBB1IP,-0.07538998126983643,0.43794668759246275,0.34211936593055725,0.24656259,0.1533317064571324
CPNE3,-0.07539892196655273,0.6282203440636249,0.4633566737174988,0.4712554,0.004269620752225977
ERP29,-0.0754079818725586,0.717685367085743,0.5688323378562927,0.56296337,0.00043047795723272296
TMEM65,-0.07548773288726807,0.602180634020477,0.45720672607421875,-0.10489011,0.5487329193516047
P3H2,-0.07551074028015137,0.7134459540408865,0.5004081726074219,-0.14801177,0.396139333966995
RAB33B,-0.07551848888397217,0.5647982429966736,0.4498871862888336,-0.034335542,0.8447574047591347
PLRG1,-0.07562506198883057,0.4648341650735976,0.35325637459754944,-0.23796363,0.16865080936756607
NUP50,-0.07574498653411865,0.5394311556530863,0.45905640721321106,-0.16778076,0.33534274110695794
PLEKHA5,-0.07579505443572998,0.38671453069061296,0.31153997778892517,0.308784,0.07109969176716871
DNAJB4,-0.07585334777832031,0.7917378084107126,0.64510577917099,0.40321356,0.01631598899531526
TIPIN,-0.07593393325805664,0.45624502322996857,0.3070306181907654,-0.17682911,0.3095444457047523
KIAA1671,-0.07599568367004395,0.6062771722268999,0.4787273406982422,0.28233773,0.10032137620261616
SCAMP3,-0.0760805606842041,0.6645775985071729,0.5190104842185974,-0.25098613,0.1458564359971264
SPAG5,-0.07610702514648438,0.4680799781937595,0.36103007197380066,0.2581976,0.1342457278055392
MGAT5,-0.07611525058746338,0.43303808055731186,0.33387231826782227,-0.0028501842,0.9870353526294345
CPPED1,-0.07617032527923584,0.722284912380007,0.6092642545700073,0.14338298,0.4112378688401986
PAM,-0.07625806331634521,0.5464140175280111,0.4308881461620331,0.20513357,0.2371522447974724
EFL1,-0.07631421089172363,0.392813066620217,0.31192708015441895,0.14374891,0.41003277999472665
VRK1,-0.07640182971954346,0.7081070613356539,0.531879723072052,0.5395789,0.000822546630420159
URB2,-0.07649862766265869,0.3144701129755284,0.244281604886055,-0.19526468,0.2609662099306774
BORCS5,-0.0765465497970581,0.4877278663485718,0.35871076583862305,-0.10478249,0.5491455024685693
CNPY3,-0.07678639888763428,0.6963070817624788,0.5367752909660339,0.11485949,0.5111684839041764
ANXA9,-0.07681214809417725,0.658700296781701,0.5366212129592896,0.17099288,0.326037479367898
JUND,-0.07685315608978271,0.7248959450206149,0.583277702331543,-0.20160818,0.2454847910981113
FADS1,-0.07685959339141846,0.5516370523010485,0.3984937369823456,0.4316079,0.009628894587571527
SMC1A,-0.07698416709899902,0.608135111294436,0.48579248785972595,-0.690468,4.428622011554021e-06
WDR76,-0.07709836959838867,0.5969365342860997,0.4323596656322479,-0.30409318,0.07572760778516407
PRDX2,-0.07712876796722412,1.6936010344477375,1.4665608406066895,-0.74227494,3.3244971774996373e-07
AP2A1,-0.07718205451965332,0.6402773728051034,0.5360467433929443,0.15265085,0.38133274280752577
UTP23,-0.07728338241577148,0.4677828507083516,0.3592120409011841,-0.057546414,0.7426417266721659
KPNA1,-0.07728993892669678,0.499013359430898,0.3851889967918396,-0.46038237,0.005387185453701896
RPS4X,-0.07731366157531738,0.5327049135564073,0.4383523166179657,-0.29360065,0.0869260293857285
RDH13,-0.07733345031738281,0.6393010717778893,0.5344880819320679,-0.32083482,0.06022107826948598
CACNA2D1,-0.07737088203430176,0.9928333553324666,0.755622923374176,0.39101216,0.02020195753560434
METTL7B,-0.07746005058288574,0.4653419421522521,0.3360421359539032,0.24877156,0.1495648272333133
RBM42,-0.07755088806152344,0.49610201010247795,0.37070879340171814,-0.37593204,0.02603938373156587
HMMR,-0.07759666442871094,0.5695781421587598,0.45208540558815,-0.710216,1.762360502147048e-06
NRAS,-0.07766163349151611,0.4562592629576693,0.3450779616832733,-0.42227048,0.011507590832444571
CPS1,-0.07770764827728271,1.5836053246563,1.074837327003479,-0.07494058,0.668756363755264
TMX4,-0.07790088653564453,0.634722053793067,0.45818236470222473,0.16825464,0.3339598464696216
RPL19,-0.07790505886077881,0.54993040229699,0.45565176010131836,-0.17368677,0.3183581451859822
SETD2,-0.07791268825531006,0.38584815392684696,0.28581228852272034,-0.3458374,0.04185374669858099
NUSAP1,-0.07793581485748291,0.6107631668767034,0.4947478771209717,-0.55699074,0.0005102093426530471
RANBP10,-0.0780642032623291,0.38637772368054524,0.2999793589115143,0.3796032,0.024503922217325433
CLN5,-0.07807981967926025,0.7444294446609131,0.5660335421562195,-0.4718059,0.004218816022781705
RRP1,-0.07824909687042236,0.49796945306724133,0.41027969121932983,0.36129442,0.03297050243191528
AP1S1,-0.07832419872283936,0.6567621503271607,0.4819091856479645,0.6241645,6.15499680871632e-05
PELO,-0.07832705974578857,0.48491698368162883,0.34531930088996887,-0.26204917,0.12833098099753493
YTHDF1,-0.0783764123916626,0.45672297065656114,0.3175532817840576,0.24311855,0.15934134131269825
MVK,-0.0783776044845581,0.3819849645429303,0.29213932156562805,0.07079422,0.6861234257652145
ATP6V1E1,-0.07843804359436035,0.7926365198664755,0.6353033185005188,-0.7084229,1.9220709633516966e-06
PTRHD1,-0.07854104042053223,0.5039437450091528,0.381975382566452,-0.605655,0.0001156180856901498
PSMD9,-0.07855641841888428,0.6966157550742494,0.4626777172088623,-0.20870191,0.2289145320593966
ARL15,-0.07866072654724121,0.48691950311846,0.37499141693115234,-0.024283148,0.8898736978917041
IST1,-0.0787431001663208,0.4297105436214902,0.33690953254699707,-0.4700222,0.0043853536490027
IMMT,-0.07883453369140625,0.4594674023967357,0.36793529987335205,0.6032469,0.00012514198293759587
COL7A1,-0.07889890670776367,0.4201401431570255,0.3247227668762207,-0.27921256,0.10430252789608868
SSR4,-0.07904708385467529,0.7212114893054695,0.6260433793067932,0.7934948,1.303859533659671e-08
CKAP4,-0.0790550708770752,1.2876315410785977,1.0875645875930786,-0.60431653,0.00012082819065517985
RAB10,-0.07907485961914062,0.6366957443855388,0.4736778736114502,0.65030336,2.3517135065698435e-05
NSL1,-0.07910001277923584,0.4511444116465927,0.37151986360549927,-0.043977875,0.801930970511079
NMNAT1,-0.07913851737976074,0.5604247116258295,0.42694705724716187,-0.52548486,0.0011886271413659333
PUM1,-0.07921397686004639,0.6308283370091845,0.4798247814178467,-0.4884121,0.002912904729392607
GIT2,-0.07923626899719238,0.39738411125736584,0.29275959730148315,-0.35191068,0.038157409318748926
NFYB,-0.07938313484191895,0.517381882801711,0.40171992778778076,0.38508168,0.02235222885175082
SF3B1,-0.07939982414245605,0.25609759532096676,0.20962142944335938,0.3245014,0.05718653299865556
NENF,-0.07958400249481201,0.6895942435501164,0.5346757173538208,-0.32685754,0.05530136985005954
ZNF622,-0.07962393760681152,0.4131708441155481,0.2871374785900116,-0.21319598,0.21881868940353322
KHDRBS1,-0.07969701290130615,0.49807553676336386,0.3932661712169647,0.6682863,1.14874884988402e-05
S100A4,-0.07990336418151855,1.158530692341401,0.9393677711486816,0.5812796,0.00025042466485975163
PC,-0.07995343208312988,1.0056633323063722,0.7537572979927063,0.1453976,0.40462673122425513
LYPLA2,-0.07995951175689697,0.688990148435125,0.5155066251754761,-0.63939047,3.5525297930238486e-05
FOXK2,-0.08003473281860352,0.5004324235216777,0.38855186104774475,-0.15952748,0.35999036725844774
ZC3H7A,-0.08017873764038086,0.45737762041636637,0.37151485681533813,-0.0467133,0.7898782903620901
COX16,-0.08023834228515625,0.2246814197598323,0.17720922827720642,-0.13562857,0.4372480332451919
APMAP,-0.08030855655670166,0.647795830791409,0.5013002753257751,-0.08038735,0.646197940958613
DNAJB6,-0.08039999008178711,0.4488997446260004,0.357875794172287,0.40311494,0.016344674012301198
HAUS1,-0.0804605484008789,0.39212334324684645,0.3250422775745392,-0.042005856,0.8106476283775416
LPP,-0.08048713207244873,0.9068035211136332,0.7755614519119263,0.6240839,6.172478834062253e-05
CCT5,-0.08055448532104492,0.8332234826799987,0.6741743087768555,-0.5792825,0.00026607670447796643
BIRC5,-0.0806117057800293,0.4085306560168008,0.3236483335494995,-0.26761654,0.1201260819176435
SMARCC2,-0.08085215091705322,0.5433123756776284,0.42174261808395386,0.2994825,0.080501510941445
RAB2A,-0.08085513114929199,0.5813183098307785,0.4427676498889923,0.5074051,0.0018634776574198283
PAPOLA,-0.0810995101928711,0.5936159183291878,0.5052080154418945,0.28716186,0.09440387835715139
SYNCRIP,-0.08110404014587402,0.4020808944562298,0.315535306930542,-0.37098202,0.028234398633535728
RPP30,-0.08115935325622559,0.33049384578711455,0.26464009284973145,0.16700912,0.33760219923400925
UQCRFS1,-0.08132314682006836,0.7052404158791902,0.5758675932884216,0.5344976,0.0009410313315412062
TJAP1,-0.08142614364624023,0.6132998372559617,0.46394920349121094,0.09326987,0.5940916029803983
MYLK,-0.0814734697341919,0.642644675846434,0.5152760744094849,-0.0944575,0.5893814331970522
MRPS21,-0.08149921894073486,0.7855424832487333,0.6167884469032288,0.70253295,2.544413106308422e-06
MID1,-0.08154070377349854,0.7254967615461467,0.5214592814445496,0.49012086,0.0028010415492979086
PSME3IP1,-0.08161318302154541,0.43092072120184777,0.2892618477344513,-0.36686084,0.030175860931108172
OSBPL11,-0.08168220520019531,0.3991820540611384,0.2937086820602417,-0.3273785,0.05489130723915445
PCBD1,-0.08170187473297119,1.2191240763618212,1.006921410560608,-0.17246208,0.32183503218257903
GLDC,-0.081756591796875,0.5917473196300146,0.44316884875297546,0.018751286,0.9148568932960266
HLTF,-0.08181440830230713,0.5375276636057573,0.45234131813049316,0.064127974,0.7143764851571783
RBM19,-0.08181571960449219,0.4637810878153195,0.37806472182273865,0.07091022,0.6856353889890046
BCAS2,-0.08229541778564453,0.33943139194323374,0.270005464553833,-0.44195846,0.007857412822742427
TJP2,-0.0823049545288086,0.7300558300094077,0.556709885597229,-0.45489532,0.006040976649065597
KPNB1,-0.0823127031326294,0.6236722910374445,0.5389114618301392,-0.70966935,1.809716421141267e-06
LRRC59,-0.0823523998260498,0.4905936607751,0.4332526624202728,0.5117423,0.0016766703621745543
GUK1,-0.08236575126647949,0.6443344740606723,0.5085342526435852,-0.093163386,0.5945145836806868
PHF10,-0.08243203163146973,0.4479965334666621,0.3428346812725067,0.2001723,0.24893404935604563
LRWD1,-0.082436203956604,0.593154784561163,0.4618363082408905,-0.37778473,0.025254850042006706
ACAD8,-0.08266150951385498,0.5301416278939696,0.4119575619697571,0.4760793,0.003841912043972662
DECR2,-0.08268773555755615,0.8707751730763823,0.694329023361206,-0.18804774,0.2793461011647645
STAT3,-0.08274376392364502,0.5643660270256429,0.45353347063064575,-0.21359721,0.2179326341731903
IFT27,-0.08278453350067139,0.651514702925988,0.5104185938835144,-0.5886861,0.0001993048302834454
NRDC,-0.08278524875640869,0.5848348287380462,0.4108055531978607,-0.34011555,0.04559541237741036
SDHA,-0.08290350437164307,0.5356361298089134,0.44025424122810364,0.4407641,0.008046454835220006
SLC4A1AP,-0.08305740356445312,0.579750096727818,0.437426894903183,-0.36323002,0.031975724907496374
ATF7IP,-0.08319687843322754,0.4812905486475351,0.40174004435539246,0.10959162,0.5308569560071424
XRN1,-0.08321571350097656,0.3145911701544129,0.22468778491020203,-0.13485594,0.4398879848235499
DDX24,-0.0832289457321167,0.6701283928988592,0.5443251729011536,-0.29812914,0.08194615097033998
RPS27L,-0.08326351642608643,0.6022281184451334,0.46822476387023926,0.5039392,0.002025606069116178
TRIP12,-0.08330380916595459,0.37049361439529,0.2880017161369324,-0.14003518,0.42235821868778145
ARMC1,-0.08335757255554199,0.49548995452325256,0.37252703309059143,0.08909534,0.6107755741064956
SEPTIN3,-0.08343827724456787,1.063208119654453,0.8355193734169006,0.6594962,1.6401863911573614e-05
RPS9,-0.08351850509643555,0.6300663407152586,0.4987116754055023,-0.31212544,0.06794018239423356
CSNK1A1,-0.08354854583740234,0.5573140404271287,0.46715229749679565,-0.29285452,0.08776842962018079
HNRNPLL,-0.0835808515548706,0.3497197174182962,0.2506314814090729,-0.4454641,0.007324280760572745
FOSL2,-0.08381712436676025,0.513037779733088,0.38402700424194336,-0.05790018,0.7411134060059692
HMGB3,-0.08390510082244873,1.3211932433036142,1.0528500080108643,-0.3454833,0.042077837519758785
GLE1,-0.08395242691040039,0.3752249003573696,0.30063629150390625,0.29506814,0.08528739459626652
APPL2,-0.08406996726989746,0.43358577686574146,0.3733028471469879,0.16476917,0.34421369588588885
BLM,-0.08410847187042236,0.45403840641019155,0.33560284972190857,0.23740986,0.1696737068493736
INTS13,-0.08416962623596191,0.3889054023362543,0.3132536709308624,-0.47621754,0.0038302192186470286
VWA8,-0.0842897891998291,0.6627024017503446,0.5110780596733093,0.60577124,0.00011517487340905555
GMPPA,-0.08430266380310059,0.6400281172402335,0.4932084083557129,-0.33854678,0.04666690860663499
GPT2,-0.08432900905609131,0.6019622663414019,0.4703403413295746,-0.20434463,0.2390001737135615
GTF3C5,-0.0845024585723877,0.3870751443735144,0.2919633686542511,0.030152662,0.8634799241687079
SUOX,-0.08460891246795654,0.7561354022250961,0.5787389278411865,-0.57870096,0.00027079576128963354
RETSAT,-0.08463931083679199,0.8915347422100472,0.7572198510169983,-0.58960086,0.00019368892930555695
NUP107,-0.0847938060760498,0.4068081213076212,0.3129828870296478,0.09658786,0.5809740700167021
TOR1AIP2,-0.08482515811920166,0.7764339010497158,0.615638256072998,-0.6247156,6.0368320631849645e-05
TCF25,-0.08486735820770264,0.6177504422747002,0.4712435007095337,0.5927433,0.00017545843889870254
NAXD,-0.08487510681152344,0.7505408959196738,0.5848102569580078,-0.12344207,0.47988974432914844
TBC1D5,-0.08492004871368408,0.6327973116712096,0.46675604581832886,-0.081088424,0.6433162698406484
CBX2,-0.0852121114730835,0.6446216866595036,0.47999387979507446,0.24621697,0.1539271984409539
POLR2F,-0.08528828620910645,0.4077827808176869,0.3341298997402191,-0.5850203,0.0002233029983477897
PKP2,-0.08541727066040039,1.0515237900296075,0.8393681645393372,-0.05287341,0.7629158634736761
SCCPDH,-0.08566391468048096,0.7627775218778278,0.6033773422241211,0.1686008,0.3329517712907614
WIZ,-0.08607196807861328,0.46793197143415105,0.3530702590942383,-0.6595933,1.6338457286959254e-05
CDK9,-0.08608925342559814,0.3648552584415701,0.2909453213214874,0.08863671,0.6126204546540457
SELENOO,-0.08616244792938232,0.49222985342751246,0.4062783420085907,0.42717266,0.01048593299974438
PCNA,-0.08624398708343506,1.1447623478493643,0.9402499794960022,-0.23383746,0.17637817972000777
PRPF31,-0.08632111549377441,0.37859213481941106,0.32301101088523865,0.43483436,0.00904352179566686
ICAM1,-0.08636534214019775,1.793347354051787,1.4723329544067383,-0.7603887,1.1591106422055173e-07
HNRNPA0,-0.08657717704772949,0.4609927613058276,0.366476446390152,-0.45685798,0.005799702101006765
UFD1,-0.08669424057006836,0.653682705167274,0.4761558473110199,-0.49358323,0.0025857910448161704
LHPP,-0.08670449256896973,0.5753006636247897,0.4243307113647461,0.25374696,0.14132773770095516
PKP4,-0.08673346042633057,0.38779056253409594,0.3100147545337677,-0.05357582,0.7598577255691084
ANXA11,-0.08678162097930908,1.0861861129603503,0.8738744258880615,0.5394159,0.0008261339933892504
DNAJA3,-0.08678960800170898,0.6447505924492813,0.5200278162956238,0.61081976,9.735263457914668e-05
ABCC3,-0.08695352077484131,0.5096506741877344,0.3918488323688507,0.11333067,0.5168443929725552
CKS1B,-0.08700132369995117,0.5729062137228167,0.4077337086200714,-0.045085806,0.7970438051252678
POLR2H,-0.08701550960540771,0.6501709850707001,0.5587549209594727,0.33124322,0.051924116698824116
CAPNS1,-0.08703100681304932,0.9451350211005882,0.7620922923088074,0.4996489,0.002243280412626934
BNIP1,-0.08703482151031494,0.4900324584224016,0.3855631649494171,-0.5684232,0.00036749788210263876
ARFGAP1,-0.08728504180908203,0.5734952923499189,0.4598354995250702,-0.43626544,0.008793736178749142
ABHD10,-0.08738791942596436,0.5207707240302478,0.3862287104129791,0.14745618,0.39793469152208844
ANKLE2,-0.08748626708984375,0.44411734769108546,0.346158891916275,-0.310553,0.06941294107688664
NNT,-0.08757638931274414,1.0122266400393536,0.7707606554031372,-0.1588275,0.3621295335941578
POLE3,-0.08790230751037598,0.641339624547866,0.5079756379127502,0.15485238,0.37442089323581523
ENO1,-0.08794856071472168,1.1097388409635518,0.8435958623886108,-0.3874301,0.02147910614351171
IRF2BPL,-0.08813762664794922,0.6150249306347481,0.5115839838981628,-0.35356453,0.037198120389362106
TFIP11,-0.08815526962280273,0.3657854991341766,0.2727079689502716,-0.26620388,0.12216986131739892
BRD2,-0.08817005157470703,0.4842749769241826,0.3575161397457123,-0.32529947,0.05654234800103138
LUC7L2,-0.08817589282989502,0.6555230110270089,0.5350319147109985,-0.32342702,0.058062929749008306
RPS27,-0.08825957775115967,0.48484736144638324,0.36750108003616333,-0.1943616,0.2632215183982709
CWF19L1,-0.08833646774291992,0.4795971695284721,0.36052921414375305,-0.14176156,0.41660297522565465
EML4,-0.08837080001831055,0.8807166210132992,0.6572214365005493,-0.5166821,0.0014840917620709403
PDSS2,-0.08838725090026855,0.467625110658838,0.3909897804260254,0.51575285,0.001518763583395583
ANKHD1,-0.08844506740570068,0.4643754443375732,0.30802854895591736,-0.019927543,0.9095372350849995
GMEB2,-0.08859539031982422,0.4191503667632551,0.30904173851013184,0.26578933,0.12277460562945437
MYO19,-0.08864247798919678,0.4229667277687639,0.3572405278682709,-0.048874985,0.7803877628567895
PHLDB2,-0.08878171443939209,0.643660008519843,0.47763049602508545,-0.530819,0.0010359712358713957
CDKN2A,-0.0888972282409668,1.2932315340403246,1.034230351448059,-0.7934152,1.3113399273424888e-08
APOE,-0.08904016017913818,0.718875252134796,0.5182053446769714,-0.41138774,0.014079859202646646
HNRNPUL2,-0.08913588523864746,0.5856405141316418,0.43701496720314026,-0.28721532,0.09433975376056121
ANXA7,-0.08918166160583496,0.6053091269474452,0.4727557599544525,0.34631068,0.04155570953945095
TIMM50,-0.08922791481018066,0.4512230484910488,0.3725287914276123,-0.21578062,0.21315288974249466
PLCH1,-0.08926546573638916,0.36997143535282273,0.2889064848423004,0.25105143,0.1457480715322732
GMIP,-0.08928418159484863,0.41758512557096866,0.3369814455509186,-0.21104339,0.22361577335978672
TRAFD1,-0.08930301666259766,0.42938280573250587,0.3608435094356537,-0.17412946,0.31710694282163693
PPWD1,-0.08943510055541992,0.3301534961670442,0.2649763822555542,-0.023702046,0.8924937857374794
GLYR1,-0.08946239948272705,0.434075062613232,0.34600621461868286,0.31246617,0.06762432003853783
HBA1,-0.0895235538482666,0.9505418574825548,0.7556122541427612,0.0067631137,0.9692425271584763
LARP4,-0.0895848274230957,0.5977499894573317,0.5001673102378845,-0.13993113,0.4227065683632413
CASP6,-0.0896064043045044,0.511611548689876,0.38771453499794006,-0.35884643,0.03426462563833104
PAK1,-0.08965873718261719,0.726834810151219,0.5872488617897034,-0.37944248,0.02456953001934059
RPL27A,-0.08968114852905273,0.4129751070293207,0.35245275497436523,-0.011540893,0.9475376279455883
FAM107B,-0.08978188037872314,0.6289675191094983,0.4821174144744873,-0.5217144,0.0013081536827686557
SHTN1,-0.08998477458953857,0.8930265940223018,0.6969419717788696,0.14096262,0.41926089046863785
UTP4,-0.0901954174041748,0.6229556982597749,0.5088723301887512,-0.3395996,0.04594559740373426
GABARAPL2,-0.09022009372711182,0.9749263637808354,0.780813455581665,-0.73796636,4.217765235437567e-07
CDK5RAP3,-0.09027278423309326,0.4887934325449726,0.3561021387577057,0.32178935,0.05941910650036958
RAB11FIP5,-0.09036374092102051,0.762224391468299,0.631074845790863,-0.6866117,5.2578123837683855e-06
PAXX,-0.09045302867889404,0.6559869148065843,0.5077023506164551,0.31070292,0.06927151952050699
KHSRP,-0.0905224084854126,0.6428538835155271,0.5216532349586487,-0.7946354,1.2009536282457852e-08
MRPS2,-0.09053599834442139,0.41350389983957014,0.3408203721046448,0.532257,0.000997894575105249
AIF1L,-0.09058618545532227,0.45033420894268494,0.3232869803905487,-0.082439154,0.6377785475567467
FKBP8,-0.09065842628479004,0.4832152048264741,0.3947969675064087,-0.26257095,0.1275448178711796
SFXN1,-0.09070467948913574,0.551176970611744,0.44508126378059387,0.740538,3.6612889839491787e-07
RPL15,-0.09071612358093262,0.5028380967969186,0.4184146225452423,-0.16943854,0.3305198816211154
STIM2,-0.09086203575134277,0.4381106916858355,0.3405000567436218,0.01698111,0.9228693173348537
SRP68,-0.09091508388519287,0.4811657912409665,0.32882487773895264,0.24759966,0.15155485011915076
TMEM126A,-0.09094798564910889,0.567366240320116,0.45109614729881287,-0.27846688,0.10526988722629119
EIF2AK2,-0.09096348285675049,0.5759662325848915,0.4390548765659332,-0.16476104,0.3442377646958028
CPVL,-0.09099233150482178,0.6985841567255981,0.5768970847129822,-0.07369746,0.673945967620134
FUBP1,-0.09100532531738281,0.7737227405189581,0.6656956672668457,-0.3765752,0.025764757814236997
CD99,-0.0910714864730835,0.9395428969541412,0.7476639747619629,0.118643805,0.4972529677402913
KLF5,-0.09123921394348145,0.3569666564073192,0.27809616923332214,-0.35251418,0.0378050853623488
PRAF2,-0.0914536714553833,0.8632131005914911,0.6286912560462952,-0.31789204,0.06274755981769782
DLG3,-0.09155917167663574,0.5625686603603411,0.45609405636787415,-0.43695632,0.008675279154380305
EXOC2,-0.0916585922241211,0.4133714451286621,0.3065090775489807,0.16841426,0.3334948019530401
COQ7,-0.09180295467376709,0.5802261215122201,0.46515801548957825,0.059585102,0.7338487942751133
EEF1B2,-0.09209573268890381,0.8053363295298328,0.6391798853874207,-0.231487,0.18089087202365875
OGFR,-0.09215319156646729,0.7589370406503708,0.5626230239868164,0.1019325,0.5601214193926991
HINT2,-0.09220337867736816,0.7459487774191822,0.6263151168823242,0.4500987,0.006667178430392908
PPP1R9B,-0.0922086238861084,0.5973346318560064,0.4660370945930481,0.13803968,0.4290654177021534
MAP3K7,-0.09235131740570068,0.36993166015315593,0.29290086030960083,-0.20469634,0.23817525895282274
GLCCI1,-0.09256649017333984,0.5093754411473148,0.39089539647102356,0.036390428,0.8355893169492246
RRP15,-0.09279680252075195,0.5244954648053638,0.4223538041114807,-0.22668046,0.1903722344008748
TMLHE,-0.09283721446990967,0.6090229191061298,0.5038506984710693,0.35767284,0.034899575719313305
VTN,-0.09293055534362793,1.2974548422391592,1.0152227878570557,-0.8449429,1.7360027645790297e-10
TBC1D9B,-0.09322428703308105,0.5961185445166023,0.4796907603740692,-0.36362305,0.03177675783426886
GOLGA7,-0.09326982498168945,0.6121454107781643,0.49302172660827637,-0.39673108,0.018294206491917552
TACSTD2,-0.09328627586364746,1.1564691696708433,0.9124331474304199,0.39487118,0.01889740613556101
REPS1,-0.09331893920898438,0.5080812476677757,0.3991038501262665,-0.52911246,0.0010828101321150292
KPNA2,-0.09334325790405273,1.0825255879468025,0.9401671290397644,-0.4725688,0.004149281997190844
ZMAT2,-0.0936586856842041,0.3546620111927747,0.2787497639656067,0.31461367,0.06565975820001471
PHPT1,-0.0937490463256836,0.8901300560832144,0.6966177225112915,-0.21730083,0.2098677935555237
TNFAIP8,-0.09378552436828613,0.5102351281028076,0.43079978227615356,0.112214915,0.5210066970721352
CARD19,-0.09379541873931885,0.647576921526094,0.5282365679740906,0.58632576,0.00021447579961726644
PAWR,-0.09408414363861084,0.6616974846351505,0.5127280354499817,-0.022861537,0.896285347040439
AGFG1,-0.09427809715270996,0.7659405816964419,0.5205795168876648,-0.06826046,0.6968153507657388
CORO2A,-0.09437704086303711,0.39642139930631903,0.3117484450340271,0.12989947,0.45703014256154345
AP3M1,-0.09440374374389648,0.48899749104415896,0.3839207887649536,0.28701285,0.09458257442436875
YEATS4,-0.09476089477539062,0.4241176969606053,0.3287619650363922,0.29597464,0.08428715794226005
ATOX1,-0.09476935863494873,0.8258773964277984,0.6598989367485046,-0.345402,0.04212943182405959
PCM1,-0.09482800960540771,0.4356157222783297,0.3432356119155884,-0.38908845,0.020879767446843063
NUP42,-0.09488868713378906,0.4459149150836562,0.37327346205711365,0.026856322,0.8782869030304161
MICOS13,-0.09491574764251709,0.36989153825219073,0.2959314286708832,-0.6575039,1.7752383519114953e-05
BAZ2A,-0.09500515460968018,0.4357087044224407,0.3439609110355377,0.19720134,0.2561729998358677
LAMP1,-0.09502792358398438,0.8506162793499366,0.7308855652809143,0.12559147,0.47221525854455376
ACBD3,-0.09510445594787598,0.7312284384915073,0.5504517555236816,-0.44013846,0.008147015593963958
PTER,-0.09522449970245361,0.4621777900619839,0.3256356716156006,-0.31518576,0.06514406230743525
NCAPD2,-0.09526669979095459,0.7326003607391586,0.5575430393218994,0.56102645,0.0004550259789118761
PRPSAP1,-0.09527552127838135,0.5475704131288842,0.39400210976600647,0.43716115,0.008640403180777545
BRAT1,-0.09566915035247803,0.4200620018232854,0.3212144672870636,0.1789052,0.30380645848673493
PIEZO1,-0.09575760364532471,0.447725667447811,0.3666459918022156,-0.26393875,0.1255009087225073
TOR1AIP1,-0.09583675861358643,0.7037979931838251,0.5932929515838623,-0.020721495,0.9059487584084418
ZNF384,-0.09592437744140625,0.6407454075122202,0.5010672211647034,0.12121893,0.48789497742301896
SEC62,-0.09598052501678467,0.6296878483395051,0.5447909832000732,0.2783394,0.10543604451839372
SAMHD1,-0.09600436687469482,0.6722005454641465,0.4930221438407898,0.15039238,0.38850012868464606
RAB11FIP1,-0.09601938724517822,0.7379806956322466,0.6263473629951477,0.7262497,7.8768290089074e-07
FBLIM1,-0.09604215621948242,0.6069786932739206,0.4877217411994934,-0.018586805,0.9156011967285673
WDR36,-0.09617805480957031,0.5874655317787256,0.47817644476890564,0.044383205,0.8001422435445121
NDUFS1,-0.09623861312866211,0.5807695217965029,0.4418071210384369,0.41282624,0.013714322358554876
RNF7,-0.09625613689422607,0.4808770592518745,0.38533449172973633,-0.1522788,0.38250814141017897
TOR1B,-0.09627044200897217,0.6380801244680523,0.5287119150161743,0.45161533,0.006463432520235217
WBP2,-0.09634292125701904,0.6119818071890064,0.43844467401504517,-0.33729327,0.04753748924577507
AKT1S1,-0.09675014019012451,0.6807312897987403,0.5493882894515991,0.02113942,0.9040604204822936
GSTO1,-0.09683704376220703,0.8031625464305276,0.6120285987854004,0.027978089,0.8732432590383598
UBP1,-0.0968778133392334,0.3713971152845276,0.2956277132034302,-0.013410537,0.9390531603028849
LPGAT1,-0.09696066379547119,0.47488906844934575,0.3629685342311859,0.27301812,0.11254605988951892
CTHRC1,-0.09697651863098145,0.7814246554648928,0.6192440986633301,-0.3573864,0.03505600183497453
CHD8,-0.09701883792877197,0.4181783275496258,0.3164791166782379,-0.35886678,0.03425368078373185
AAK1,-0.09702467918395996,0.6489953318826224,0.5093939900398254,-0.3968867,0.018244489745137836
CDK12,-0.09705746173858643,0.36487745501014807,0.2713806927204132,-0.07240959,0.679337841939178
SSNA1,-0.09723520278930664,0.5652976137123373,0.46501049399375916,0.41511336,0.013149672850909441
DDX27,-0.09724783897399902,0.5890769015709509,0.5038042068481445,0.31978133,0.06111619072773102
ADGRL2,-0.09727799892425537,0.6444851945548216,0.5350186228752136,-0.5998614,0.00013972377466512398
EPB41L2,-0.09733855724334717,0.8077005068918262,0.6595705151557922,-0.32488912,0.05687281006354716
NELFCD,-0.09737706184387207,0.41691241964286196,0.2816375195980072,0.4662831,0.004752975007107237
GAMT,-0.0974268913269043,0.46155585822077017,0.3672339916229248,-0.18708873,0.281850181890073
RAB21,-0.09751760959625244,0.5766312917386355,0.48801350593566895,-0.035496533,0.8395751408148665
KIF11,-0.09754574298858643,0.7714516161953199,0.6076256632804871,-0.043734405,0.8030057355545206
TATDN1,-0.09764814376831055,0.6245879722492502,0.4897267520427704,-0.48138332,0.003414925302621065
SPDL1,-0.09768009185791016,0.5021039387390996,0.3978634178638458,0.38197678,0.02355153482765682
PLCB3,-0.09775781631469727,0.5819509309995408,0.48575571179389954,0.17880318,0.30408689655852084
RAN,-0.09785759449005127,0.790625732783404,0.686956524848938,-0.699017,2.9986806876640634e-06
TRIOBP,-0.09786355495452881,0.5889202239538771,0.4715424180030823,0.60240364,0.00012864016888501116
TLE5,-0.09788286685943604,0.732753668336982,0.641531229019165,-0.7576334,1.368550624780667e-07
SPTY2D1,-0.09791576862335205,0.48355083182690045,0.3743850886821747,-0.00058957003,0.9973179253807148
BAZ1A,-0.09814035892486572,0.48709465806107577,0.3505821228027344,0.15146226,0.3850949527645995
SCFD1,-0.09830379486083984,0.5370598510105076,0.4368312358856201,0.50985676,0.0017557649022814504
NSRP1,-0.09836733341217041,0.5210799459890963,0.3760010898113251,-0.018871456,0.9143132731405778
SRPRB,-0.0984114408493042,0.5889358100951883,0.5144637227058411,0.7787114,3.6212074442253786e-08
DIAPH2,-0.09846997261047363,0.29050071017216267,0.23307587206363678,0.4810741,0.003438636740268247
CCDC167,-0.09853649139404297,0.47938337470427134,0.39198699593544006,-0.4793062,0.003576957498344013
JAGN1,-0.0986166000366211,0.6491956989038321,0.5489829778671265,-0.38446987,0.022584451725397452
GGT7,-0.09872972965240479,0.5466786440791305,0.3939368724822998,0.15935291,0.3605233561253185
CD70,-0.09895682334899902,1.1205239791993813,0.956575870513916,-0.19112912,0.27139858224322183
RPS6KB1,-0.09898018836975098,0.43619179982313777,0.3417012691497803,0.33561024,0.04872679966815182
KRT13,-0.09898638725280762,1.5764739965392789,1.3442202806472778,-0.017576419,0.9201737150723803
ZNF346,-0.09908163547515869,0.40399696910306654,0.3315454423427582,0.21277244,0.21975692262157168
ZNF280C,-0.09909653663635254,0.6234026284850523,0.48529863357543945,-0.5821092,0.0002441673613758928
CYBRD1,-0.09917151927947998,1.0434057341816014,0.8594706654548645,-0.739404,3.897787606464604e-07
IL1RAP,-0.09927225112915039,0.40112003782679573,0.32106512784957886,-0.1899696,0.27437183735162757
MAN1B1,-0.09945929050445557,0.631168089169569,0.5018129348754883,-0.69553506,3.5204429006385883e-06
PSMD2,-0.09955775737762451,0.5973585297285025,0.4817085266113281,-0.40210846,0.01663994940016025
TXNDC12,-0.09965300559997559,0.4758708030219009,0.3753317892551422,0.20464733,0.23829007267425822
THRAP3,-0.0996549129486084,0.3351421144256654,0.2764478325843811,-0.07464099,0.6700056161204002
PNKP,-0.09968280792236328,0.5800072469340776,0.4787018299102783,0.22866073,0.18642472490990816
STOML2,-0.09976828098297119,0.4587848797928631,0.34349915385246277,0.17455883,0.3158964139927709
PTPN12,-0.09987819194793701,0.48779962819606476,0.38020598888397217,0.3152265,0.06510743326083186
TPR,-0.09988188743591309,0.39075212317467733,0.3040655553340912,0.0030798614,0.9859905361132266
KIF2C,-0.10034632682800293,0.7084409454356152,0.5280768871307373,-0.3825321,0.023333221238715184
GFPT1,-0.10050714015960693,0.8591042178707066,0.5993086695671082,0.25278196,0.14289876159210443
POLB,-0.10054576396942139,0.4421510405050577,0.3283185362815857,0.1902287,0.27370547624102054
MTA3,-0.10054671764373779,0.5329246212850529,0.42699065804481506,0.32268083,0.05867777178855577
ELMO2,-0.10065591335296631,0.5514390412825432,0.4229344427585602,-0.13432975,0.441690951859211
TSPAN3,-0.10067260265350342,0.6289725416797647,0.4703168570995331,-0.02973653,0.8653468562483374
GET3,-0.10067594051361084,0.5898826788378024,0.48766565322875977,0.055574242,0.7511778470709379
RRP7A,-0.10082197189331055,0.4919850069122467,0.4148109555244446,-0.30262777,0.07722029531268984
TES,-0.10094761848449707,0.7167428227555248,0.5338875651359558,-0.056865945,0.7455836800571014
YEATS2,-0.10110068321228027,0.5281219392044487,0.4407616853713989,-0.40424657,0.016017931058120886
ANTXR2,-0.10110878944396973,0.5533618667677849,0.4238218665122986,-0.5768433,0.00028637688965332646
ADD3,-0.10122966766357422,0.5178443943530954,0.3841288685798645,0.43556225,0.008915731185983374
PXDN,-0.10129237174987793,0.6849989916104879,0.5319633483886719,0.42813194,0.010295285083315741
CDC23,-0.10137760639190674,0.5091140499908958,0.39063894748687744,-0.32491136,0.0568549133669044
ARPC5,-0.10146534442901611,0.6399733555358552,0.5058043003082275,0.0793809,0.6503438418058908
SLC39A11,-0.10146689414978027,0.46464534339981006,0.33579620718955994,0.33746466,0.047417668548307215
AQR,-0.10147607326507568,0.45987057456282154,0.3742353320121765,-0.12551779,0.47247722426306993
CSTB,-0.1015322208404541,0.9847395993719962,0.7951030731201172,0.040725917,0.8163174721289912
EXOC3,-0.10155308246612549,0.5059363700566625,0.3460696339607239,-0.33613843,0.0483509921095517
ABRACL,-0.10160446166992188,0.7236735426422214,0.5670903921127319,-0.26460746,0.12451065835438614
TRIM25,-0.10180830955505371,0.6384721729574608,0.536741316318512,-0.45784318,0.005681735897462052
ABLIM3,-0.10187900066375732,0.6929958411321762,0.5157189965248108,-0.34316117,0.0435717359959286
HPCAL1,-0.10188853740692139,0.47427997225340274,0.3812679648399353,0.08906229,0.6109083346443861
INCENP,-0.10198056697845459,0.5604798014316675,0.42699411511421204,0.18356262,0.2911813904661509
TCEA1,-0.10210609436035156,0.9039988675553479,0.7125622630119324,-0.5221798,0.0012928498921258892
ADK,-0.10224294662475586,0.5399554500040205,0.4027671813964844,0.12677601,0.46801395584970334
GCDH,-0.10235035419464111,0.4688669853461085,0.3551356792449951,-0.39641532,0.018395473530879135
GSDME,-0.10257470607757568,0.6006093090441099,0.46254751086235046,-0.054878876,0.7541951661234129
STK4,-0.10262417793273926,0.6795673044849352,0.5146262049674988,-0.2850553,0.09695414111668475
PAG1,-0.10262691974639893,0.3383324551316469,0.2661115825176239,-0.26021767,0.13111898529920069
LYPLA1,-0.10272490978240967,0.7635442915000051,0.6539678573608398,-0.026317216,0.8807123288181312
ELAVL1,-0.1027984619140625,0.4195339096240766,0.33995702862739563,-0.6152911,8.368301569658904e-05
DDX23,-0.10291659832000732,0.4317227453764174,0.34446826577186584,-0.10550026,0.5463972530813853
ERLIN2,-0.10295629501342773,0.963068761848404,0.695405125617981,0.7629664,9.902930041353487e-08
FARP1,-0.10303819179534912,0.5149903003464361,0.4005623459815979,0.2628779,0.12708398831870177
DDB2,-0.10352492332458496,0.460781976357111,0.38360780477523804,-0.2883216,0.09302185850020553
SLC38A2,-0.10363352298736572,0.701923764166179,0.5577641725540161,0.45370707,0.006191188008241722
COMTD1,-0.10370421409606934,0.5979466449608017,0.47301629185676575,0.4612904,0.005285091708237533
SLFN5,-0.10396838188171387,0.6155308569169832,0.4990665316581726,0.50861144,0.0018097730001237317
ATP11C,-0.10401904582977295,0.5451725209006466,0.42525097727775574,-0.02819983,0.8722468968842916
POLA1,-0.10403931140899658,0.5267941471930432,0.4374818503856659,-0.5695487,0.0003555865323525067
HDGFL2,-0.10418510437011719,0.6185228894284,0.49367284774780273,0.43496042,0.009021289248119093
CTDSPL2,-0.10420668125152588,0.6552187673670882,0.5043625831604004,-0.24839658,0.15019936880599663
ATAD2,-0.10422372817993164,0.6646521026483369,0.4994373917579651,-0.18174449,0.29606939948922134
IQGAP2,-0.10435116291046143,0.6175288451558006,0.5484952330589294,-0.15569368,0.37179937446416805
LSM6,-0.10482299327850342,0.415734800735309,0.35644736886024475,-0.5933161,0.00017230628435890686
WDR12,-0.1049346923828125,0.39587276245631536,0.340981662273407,0.031353764,0.8580960817333214
AP2A2,-0.10513615608215332,0.3845328968110486,0.2999989092350006,-0.36672604,0.03024117828856673
CKMT1A,-0.10514318943023682,1.4124363353188845,1.2256579399108887,0.24456878,0.15679030906302233
CBX3,-0.1053764820098877,0.5823665139733902,0.46691375970840454,-0.4074694,0.015117255340600053
RPE,-0.10559439659118652,0.4314863870115543,0.2829316258430481,-0.30750966,0.07233446982747382
ANKRD13A,-0.10565531253814697,0.6297291649600838,0.49349141120910645,-0.6142413,8.672698121135392e-05
VAMP5,-0.10567688941955566,0.5517295897701066,0.42892536520957947,0.024907455,0.8870603299949312
AAMP,-0.10586726665496826,0.5248704341681663,0.37856271862983704,-0.33828142,0.04685013265631742
FH,-0.10599148273468018,0.4897243993181485,0.38505250215530396,0.41305912,0.01365592434661621
GRHL2,-0.10600459575653076,0.43777030019894536,0.36383476853370667,0.07567114,0.6657132113476345
FKBP2,-0.10600721836090088,0.7255879500965737,0.5649550557136536,0.5241152,0.0012308841422575298
BORCS7,-0.10615050792694092,0.4946973024699574,0.3628244400024414,-0.032575753,0.8526246435440745
UBQLN4,-0.1061549186706543,0.7107608701510032,0.5421279668807983,-0.49919337,0.002267548504703816
EPS15L1,-0.10620522499084473,0.465392806256331,0.34281423687934875,-0.53538203,0.0009193853517597448
ECSIT,-0.10620725154876709,0.45968861222537793,0.37209028005599976,-0.24063276,0.1637831090131574
CYP2S1,-0.1063697338104248,0.4013945669966412,0.32217100262641907,-0.3319267,0.05141298355580663
WTAP,-0.10645401477813721,0.4070396634804692,0.2818445861339569,0.40891138,0.014728265116965492
WDR44,-0.10666203498840332,0.45593573838561,0.37762898206710815,-0.44606018,0.007236786209036373
RPL14,-0.10675501823425293,0.5676789815705205,0.48248493671417236,-0.13775927,0.4300129575129834
FASTKD5,-0.10682153701782227,0.4093343583528026,0.3296654224395752,-0.29490238,0.08547135384951944
DSC2,-0.10688185691833496,0.719613551632037,0.5845990777015686,-0.5477592,0.0006593548239400517
HSPA2,-0.1069481372833252,1.0680811099459633,0.8384405374526978,-0.23698768,0.17045629257801118
RAVER1,-0.10699665546417236,0.7052285834315821,0.5639543533325195,-0.761584,1.0777758765116093e-07
PFKP,-0.10700154304504395,0.7581465466638108,0.5783901810646057,-0.2588912,0.13316591503074038
INTS11,-0.10706877708435059,0.4210131283160628,0.34741097688674927,-0.06772444,0.6990844405988254
EXOC4,-0.10708463191986084,0.4884070730220112,0.3395581841468811,-0.39029428,0.020452713741757538
USE1,-0.10727941989898682,0.49349956619780855,0.40899571776390076,0.13659748,0.43394952828749483
RABGGTA,-0.10760021209716797,0.5101010910522064,0.3939783275127411,-0.3928816,0.019560934716564705
RRP12,-0.10767948627471924,0.6130177119933733,0.511986255645752,0.38806307,0.0212486678453514
LARP4B,-0.10771811008453369,0.43458623964076076,0.3291049301624298,-0.2086131,0.22911689941304703
NOLC1,-0.10776674747467041,0.7247506386976793,0.6291627883911133,0.019993544,0.9092386660628241
SMNDC1,-0.10778975486755371,0.5504855180406745,0.3661421537399292,-0.5133252,0.0016127061770476881
SRRM2,-0.1078031063079834,0.4580457301599678,0.3529014587402344,0.019268923,0.912515501541957
VAMP3,-0.10786652565002441,0.7183458186950515,0.5680325031280518,-0.460544,0.00536888723546331
QSOX1,-0.10800564289093018,0.8616979587844625,0.6563055515289307,0.66910905,1.110418701871805e-05
RARS2,-0.10803544521331787,0.6155694684770875,0.5153331756591797,-0.53770775,0.0008645462200847203
ALDH6A1,-0.1080855131149292,0.614706630515758,0.45480877161026,0.3047743,0.07504141409691412
BLVRB,-0.10814905166625977,1.2196084447129834,1.021545171737671,-0.45940858,0.005498559704338906
TM9SF2,-0.10860824584960938,0.49065428300199293,0.3915914297103882,0.53842384,0.0008482566236656995
FAM120A,-0.1086111068725586,0.4907927809377498,0.36720913648605347,-0.25681385,0.13641886182145507
ACO2,-0.10905098915100098,0.5062895017683362,0.39033156633377075,0.44439664,0.0074832455581658654
RNF20,-0.10906648635864258,0.4973123856559105,0.40057507157325745,-0.6245347,6.075387711525187e-05
C3,-0.10908377170562744,0.3998420679221748,0.30638793110847473,0.15320897,0.37957342693980706
SNRPD3,-0.10908401012420654,0.2670226073498689,0.21971812844276428,-0.32805836,0.05435980142373498
EEA1,-0.1090923547744751,0.6954407520096448,0.5583791136741638,0.07636268,0.662837743828336
PRPF4,-0.10911071300506592,0.4321837137239863,0.3638511598110199,0.4045213,0.015939459830972884
DDX31,-0.10932564735412598,0.5706900822939597,0.4652769863605499,0.37608957,0.025971879285739304
CTPS2,-0.1093745231628418,0.5150901737247516,0.3841332793235779,0.60390216,0.00012248336332161316
PPP4R1,-0.10948598384857178,0.473999227778695,0.35294726490974426,-0.28640163,0.09531821973137847
SCAF1,-0.10954058170318604,0.39166698717888776,0.28743574023246765,-0.10128701,0.5626215011682875
RAD18,-0.1095801591873169,0.5542036283208384,0.4313212037086487,0.4930831,0.002615961265119756
NEDD4L,-0.10963749885559082,0.5452743812070259,0.41410738229751587,-0.17522152,0.3140338807165571
AUP1,-0.11005425453186035,0.527199760841654,0.3752789795398712,0.2604863,0.1307071874923621
SNAPIN,-0.11010456085205078,0.6764463778740343,0.4453514516353607,-0.21332382,0.21853614824052572
HBS1L,-0.1103363037109375,0.4641286815627773,0.32967305183410645,-0.3064089,0.07341448906763569
GUF1,-0.11034369468688965,0.37532742431722593,0.3026718199253082,-0.47568178,0.003875691091142252
CSPG4,-0.11036443710327148,0.6893381990170937,0.571447491645813,-0.25173515,0.144617329167799
MRPL37,-0.1103888750076294,0.45738218153189136,0.38586410880088806,-0.5996063,0.00014088196437813557
RPS3A,-0.11104393005371094,0.5503895225540935,0.4297808110713959,-0.35271463,0.037688600973106515
PRKCI,-0.11107480525970459,0.6028589917137138,0.4940555691719055,-0.035108138,0.8413080430880898
POLR1C,-0.11117172241210938,0.4357906907879129,0.3582417666912079,-0.38572222,0.02211122509423893
C11orf68,-0.11119675636291504,0.4814558666380096,0.38003554940223694,-0.25491425,0.13944433204525555
DUSP3,-0.11123824119567871,0.8492658600290576,0.6177523732185364,0.012094796,0.9450236795544252
UGP2,-0.11128973960876465,0.9547838565130479,0.6220274567604065,0.1771851,0.3085558413303755
QRICH1,-0.11137986183166504,0.4276361221967893,0.31946101784706116,-0.49298325,0.0026220247335493716
STK24,-0.11149418354034424,0.5383541871638673,0.4451407790184021,-0.29296234,0.08764637363486001
LACTB2,-0.11176943778991699,0.7478259684222198,0.5996646285057068,-0.62234855,6.559380407685257e-05
PPIL4,-0.11193704605102539,0.6189940847752056,0.45533275604248047,0.43100733,0.00974133897654206
GGA1,-0.1119384765625,0.36543819024099267,0.2937447130680084,-0.056471534,0.7472902762155036
MCM3AP,-0.11194860935211182,0.5950875525612327,0.4580937623977661,-0.07313888,0.6762828501422485
SKA3,-0.11197209358215332,0.5863103062046097,0.43684130907058716,-0.27664343,0.10766421783038924
PLGRKT,-0.11201024055480957,0.6084034339368972,0.46926215291023254,-0.026554663,0.8796437642789
RPL18A,-0.11201798915863037,0.5552100554314888,0.44768041372299194,-0.35351133,0.037228652820252804
GNB4,-0.11205041408538818,0.47593735512664254,0.38023075461387634,-0.29175168,0.08902514091051168
RBM27,-0.11207723617553711,0.45968691039420356,0.3480149805545807,0.22607625,0.19158845606388533
TMEM63A,-0.11234736442565918,0.6028577064028555,0.4653792381286621,0.38168705,0.023666141631670048
LSS,-0.11238706111907959,0.5999806897711768,0.46231573820114136,0.22652704,0.19068075334237075
KIF13B,-0.11278247833251953,0.5346656834104982,0.4538419246673584,-0.17539139,0.31355754857365425
GPNMB,-0.11285114288330078,0.984449958974789,0.802664577960968,-0.25558686,0.13836754387304037
WASHC5,-0.11300528049468994,0.4736425969007884,0.35888832807540894,-0.22041197,0.20325446306473582
SREK1,-0.1136019229888916,0.622831014232624,0.42651668190956116,-0.3859692,0.02201886390903975
DOCK2,-0.11373114585876465,0.46485734166382153,0.3663255572319031,-0.71382195,1.4773482684305826e-06
ALG2,-0.11374366283416748,0.5970924560513688,0.475586861371994,0.7398678,3.799409187852426e-07
ATAD3A,-0.11374771595001221,0.6039721049615628,0.49203354120254517,0.032156497,0.8545010821290127
ADGRG1,-0.11388599872589111,0.38119026873087003,0.30422377586364746,0.3845083,0.02256977727257691
SDCBP,-0.1141437292098999,0.7573167418080697,0.6088434457778931,-0.6232145,6.363664068147189e-05
SRP19,-0.11419320106506348,0.5263963454173286,0.40014660358428955,0.34297118,0.04369576650210536
SMYD3,-0.11420786380767822,0.5574373132162405,0.4677872657775879,0.70211947,2.594366947305434e-06
EXOC5,-0.11491024494171143,0.40166243485969094,0.32989364862442017,-0.16638495,0.33943667921139037
SERPINB6,-0.11494994163513184,1.0244351831228078,0.7859849333763123,-0.5666619,0.00038685449507452305
UTP15,-0.11522459983825684,0.4091765738211726,0.3350662887096405,-0.46225047,0.005178956853010802
FYTTD1,-0.11529850959777832,0.45689954245593045,0.37557917833328247,-0.042629775,0.8078876709658301
RABEP2,-0.11537671089172363,0.5012000702607515,0.34142184257507324,-0.060219523,0.7311192259691692
KRT1,-0.11556434631347656,0.5637560437252772,0.41791239380836487,0.11576523,0.507820318341741
PUM3,-0.11575376987457275,0.525541574568521,0.4456002414226532,-0.2563439,0.1371629537493464
DIAPH1,-0.11589157581329346,0.5975748393142625,0.4614754915237427,0.057678923,0.7420690076513317
UBE2G2,-0.11594343185424805,0.3197652281892217,0.24446329474449158,-0.14632294,0.4016107407954778
RBIS,-0.11606192588806152,0.5614233840039216,0.4108189046382904,-0.20034789,0.2485105094536387
CDCA2,-0.11618506908416748,0.6727928501418855,0.5008296370506287,0.1585319,0.3630352724877543
PTGR1,-0.11625945568084717,1.0127268595918013,0.8274828791618347,-0.5014048,0.002151842223503991
CARMIL1,-0.11638534069061279,0.5969175123883035,0.4160442054271698,0.26299694,0.12690571593869115
NT5C2,-0.11664175987243652,0.5778171905525252,0.42798376083374023,-0.34086114,0.045093183056487976
COX7C,-0.11667275428771973,0.5839086375035858,0.47791051864624023,0.5465344,0.0006817962134466995
TRMT1L,-0.11676323413848877,0.37852763894052294,0.2945214509963989,0.033308692,0.8493458601540371
WASHC3,-0.11693418025970459,0.6994806577013778,0.5481948852539062,-0.5135444,0.0016040228239851831
ISOC2,-0.11736536026000977,0.6701226114416577,0.5364269614219666,0.42016494,0.011971596480392224
KIF20A,-0.11749863624572754,0.6541394855740377,0.5441363453865051,-0.041603725,0.812428316532096
RPS3,-0.11775338649749756,0.6558728723914984,0.5214218497276306,0.17593439,0.31203800019422845
IRF2BP1,-0.11781978607177734,0.6639503608714123,0.5344162583351135,0.18535669,0.2864091459220583
EIF1AX,-0.11784565448760986,0.5132447414100932,0.408521443605423,-0.14759941,0.39747124962868013
ACYP2,-0.11785411834716797,0.4793278709779274,0.3580775260925293,0.07817745,0.655314522444959
TBC1D13,-0.1180422306060791,0.5996321881952656,0.41791948676109314,-0.027230209,0.8766049761614659
AP1B1,-0.11809718608856201,0.44873350721457517,0.32853075861930847,0.22946599,0.18483605357022878
NRBP1,-0.11834347248077393,0.6628268695084814,0.47084665298461914,-0.04064485,0.8166768691079117
SORL1,-0.11842489242553711,0.5107634560002368,0.3910326659679413,-0.42375323,0.011190053647239934
HNRNPH3,-0.11846590042114258,0.5189978076598182,0.41384708881378174,-0.39069012,0.02031415072693707
PES1,-0.11850941181182861,0.5981152087439608,0.5037183165550232,-0.111373745,0.5241552771800297
SH3BP4,-0.11873161792755127,0.4590977792446856,0.36787548661231995,-0.33656093,0.04805208767932561
DDX39A,-0.11877572536468506,0.705944047334324,0.5911402702331543,-0.7952777,1.1463623967928557e-08
ARID3B,-0.11881232261657715,0.4165745951333889,0.33226868510246277,0.3050574,0.07475762900432588
VPS26B,-0.11882305145263672,0.49055380881789235,0.38371625542640686,0.44359854,0.007604010185823102
ITIH3,-0.11894142627716064,0.7287671266116937,0.5814186334609985,0.13667436,0.43368836319511633
ARFIP2,-0.11903512477874756,0.4639698758150508,0.35521745681762695,0.15285426,0.38069114152886413
PRMT3,-0.11906278133392334,0.4732667117626661,0.35385626554489136,0.028783442,0.8696251423318945
WDR11,-0.1191033124923706,0.36688209575569175,0.294185996055603,0.22183786,0.20027239181535217
HNRNPR,-0.11950469017028809,0.6148444499262663,0.47064703702926636,-0.060545027,0.7297203091998719
TAF4,-0.11970269680023193,0.5508086826716365,0.41417640447616577,-0.059571527,0.7339072982916621
HAUS6,-0.11971485614776611,0.5417807501694724,0.4067351520061493,-0.38532203,0.02226150312048189
TTF2,-0.1201317310333252,0.5057410318990928,0.42437276244163513,-0.16167063,0.3534881872549202
PLIN3,-0.12061142921447754,1.4848728348971267,1.204862356185913,0.74436927,2.9563637920210504e-07
MEAK7,-0.12082815170288086,0.6215768051227423,0.5185274481773376,-0.50541574,0.0019550877446229686
YKT6,-0.12084615230560303,0.46292774035545076,0.37818169593811035,-0.29772884,0.0823772670767491
KNOP1,-0.12086379528045654,0.48113996250953217,0.3940306007862091,-0.053851824,0.7586573458660211
VCPIP1,-0.12104678153991699,0.502868500478124,0.3925599753856659,0.14513543,0.40548390330101913
RMDN1,-0.1211467981338501,0.6847969800926517,0.532436192035675,-0.10875131,0.5340311489526867
TDP2,-0.12120139598846436,0.3545185005783899,0.27160459756851196,0.01630912,0.9259130044028766
TACO1,-0.12123799324035645,0.4686030634418487,0.3668144941329956,-0.4788491,0.0036134927304775012
MED15,-0.12149190902709961,0.42094383968458743,0.3389773964881897,-0.22274558,0.19839004186852718
RPL36AL,-0.12154042720794678,0.5034310517706186,0.4072290062904358,0.25748727,0.13535801001054507
COL17A1,-0.12160634994506836,0.8201755954396207,0.6299120783805847,-0.28987402,0.09119622102263068
OXCT1,-0.12172400951385498,0.9548473430373055,0.7538588643074036,-0.016487248,0.9251062195450455
ATL2,-0.12182915210723877,0.4379680207838778,0.33910226821899414,-0.5221385,0.001294203736192402
TFB1M,-0.12189412117004395,0.4769599851572619,0.4023820161819458,-0.48747393,0.002975959558730235
LMCD1,-0.12231409549713135,0.5547100922187896,0.3897692859172821,-0.3396254,0.04592806946242641
SYNE3,-0.1223677396774292,0.5576426805858461,0.4362541139125824,-0.21916316,0.2058915103873465
HEXIM1,-0.12237608432769775,0.7619463849441839,0.5664891004562378,0.092809886,0.5959199336779318
NRCAM,-0.12263941764831543,0.6182271434062019,0.4440818727016449,-0.01831464,0.9168326881615684
NAGLU,-0.12272524833679199,0.5974884545635302,0.49780741333961487,0.3433917,0.04342153655598599
EIF3H,-0.12337398529052734,0.6135728956563753,0.4197175204753876,0.2059424,0.23526770602135505
SSH3,-0.12345707416534424,0.7123829327161884,0.5692218542098999,-0.21433936,0.2162997264172728
UBA6,-0.12346625328063965,0.8142989490683546,0.5959437489509583,-0.5266834,0.0011527015376253036
SERINC1,-0.12354373931884766,0.4762581494402553,0.3813805878162384,0.5600041,0.0004684782538839748
ACTR2,-0.12380003929138184,0.4599062488221795,0.38934266567230225,-0.22232883,0.19925279291174114
SYK,-0.12384867668151855,0.41750104529998033,0.3322782814502716,0.25308943,0.1423968655348567
LDHA,-0.12414181232452393,0.9685440767525856,0.7817173600196838,-0.17503569,0.3145555244526105
ABCB6,-0.12416994571685791,0.9372390383865172,0.7157604694366455,0.12369077,0.4789985813434746
PPP4C,-0.12417590618133545,0.47896826997460246,0.36987826228141785,-0.25019747,0.14716936368296202
ACTR3,-0.12424468994140625,0.5132315311128371,0.4263329803943634,0.06038446,0.7304099246399217
CCDC47,-0.12428092956542969,0.4215954808256262,0.31799718737602234,-0.5946783,0.00016501287064292307
DCK,-0.12444102764129639,0.9734587518567324,0.7790130376815796,-0.57480407,0.0003043967133257754
SLC1A4,-0.12460637092590332,0.5062941814499646,0.37242117524147034,0.1776295,0.3073243739156384
SLC20A2,-0.1246880292892456,0.5092291219380141,0.4427482485771179,-0.5344806,0.0009414529361781763
NUDT16,-0.12495243549346924,0.46527669283359235,0.3381683826446533,0.2739233,0.1113118642755301
WDFY1,-0.12505245208740234,0.5220008321496024,0.39620038866996765,-0.3548567,0.03646225989751949
CHMP6,-0.12533152103424072,0.6566225992300841,0.5136342644691467,-0.52819794,0.0011086698554882235
GTF2I,-0.12536311149597168,0.6508052981765897,0.531721293926239,-0.7030131,2.4875134153991054e-06
CXorf38,-0.12539434432983398,0.3905161706003851,0.2721481919288635,-0.3768253,0.02565862826846493
SKP1,-0.1257779598236084,0.4774727336478428,0.3743090331554413,-0.5795164,0.0002641994413323677
PSPH,-0.12578272819519043,0.8712594939471244,0.6381345987319946,0.09550697,0.5852329263627488
PPP4R3B,-0.12582886219024658,0.5161092680429501,0.4025494158267975,0.35852185,0.03443929551812204
RPL11,-0.1258831024169922,0.42814378001100745,0.3360154628753662,-0.2836568,0.09867593911289714
DGKA,-0.12604176998138428,0.5108298815392288,0.38854026794433594,-0.07320676,0.6759984348152638
LUC7L,-0.12604427337646484,0.8128368706369727,0.6370465159416199,0.52534086,0.0011930092934944563
DNAJB1,-0.12619757652282715,0.7548372124128451,0.5359181761741638,-0.47797707,0.0036841072141951545
GANAB,-0.12639570236206055,0.6102566576605867,0.5188183784484863,-0.32517907,0.056639158455222834
GNAO1,-0.12641620635986328,1.0917700694278976,0.8131223320960999,-0.404179,0.016037291901087228
NSDHL,-0.12642979621887207,0.5454961014039249,0.437248170375824,0.514241,0.0015766856345140736
DNAJA1,-0.12679040431976318,0.882997442807721,0.731456995010376,-0.58738625,0.000207536271932105
TMA7,-0.12687420845031738,0.42177958645746577,0.2910943627357483,-0.01761952,0.9199788923026779
ITCH,-0.1268925666809082,0.4515992489549188,0.3449530601501465,0.07392722,0.6729858517429628
SPCS3,-0.12698888778686523,0.5712895059176297,0.4525311589241028,-0.19809663,0.2539770933923971
TACC3,-0.12731945514678955,0.4937963983005796,0.39873388409614563,0.050414495,0.7736476681838317
NT5DC1,-0.12752580642700195,0.4602484159022748,0.3484601676464081,-0.11155319,0.5234829255818673
RBM22,-0.12764239311218262,0.32226498921649527,0.23910127580165863,-0.026329013,0.8806592175404191
CYP51A1,-0.12776458263397217,0.4066153497380459,0.3138965666294098,-0.10485028,0.5488855078377707
EIF1AD,-0.12811005115509033,0.5998178672522566,0.4633749723434448,-0.20603648,0.23504921870586082
PRPF6,-0.1281646490097046,0.3866013820833169,0.3224281966686249,-0.09454885,0.5890199753587281
COX6C,-0.12819790840148926,0.6837170952824381,0.520471453666687,0.2978173,0.08228185498344022
CASP3,-0.12833845615386963,0.8675514007533307,0.6641505360603333,-0.3775922,0.02533545331253684
PNISR,-0.12872636318206787,0.562625844441636,0.4421798586845398,-0.36952037,0.0289108632265263
GSN,-0.12897956371307373,0.9447354218306335,0.753511369228363,0.2596252,0.13203037509402896
SNRPD1,-0.12899994850158691,0.31600546472764635,0.2547723948955536,-0.4508551,0.006564884157766543
MRTFB,-0.12910950183868408,0.5025292441175836,0.39042583107948303,-0.15807612,0.3644341442853486
ARHGAP12,-0.12920153141021729,0.5746964264882216,0.4424556791782379,0.634024,4.326338970558716e-05
TOMM20,-0.12943625450134277,0.39693614984233755,0.3298729956150055,0.47619838,0.003831830187660289
TUBA4A,-0.12986433506011963,1.0424931616981956,0.7637271881103516,-0.4133361,0.013586735495019217
GNPAT,-0.12990057468414307,0.6279106315224885,0.4617493152618408,0.6800444,7.001472194718189e-06
TMUB1,-0.13031578063964844,0.5024448761667263,0.38082873821258545,0.3698394,0.02876209937498201
CASP2,-0.13050734996795654,0.4193971060712602,0.348501592874527,-0.36162865,0.0327969308286914
SAAL1,-0.13080811500549316,0.6247476068140226,0.5169861912727356,0.59935653,0.00014202413643974154
SPAG7,-0.13097429275512695,0.39523916657456365,0.30540695786476135,-0.15194419,0.38356709141083867
UNK,-0.13106274604797363,0.38886896245102043,0.30464088916778564,-0.14519909,0.40527574922056725
CANX,-0.13129782676696777,0.7174946561474791,0.6233556270599365,0.8722012,8.84018197523783e-12
VPS33B,-0.1313239336013794,0.45268603141659164,0.3485786020755768,0.36880526,0.02924665436512332
UBE2H,-0.13135111331939697,0.6425020816413021,0.4432603120803833,0.045238964,0.7963686918519303
FBLL1,-0.13179945945739746,0.5049795799564765,0.4168947637081146,0.059011813,0.7363180164893728
RBM39,-0.13183605670928955,0.4751745555779874,0.4197281002998352,-0.23403987,0.1759933306633905
SMARCD2,-0.13187885284423828,0.5474398829058452,0.4325428605079651,0.19016686,0.27386446098534195
EML2,-0.13197815418243408,0.5885548688594958,0.4690629541873932,0.2356343,0.17298276778513805
EHBP1L1,-0.13200676441192627,0.41123296102340645,0.3062707483768463,0.2329616,0.17805025976238323
RBM5,-0.13247132301330566,0.43586052519227203,0.30852779746055603,0.500972,0.0021740695605933407
NGLY1,-0.13333213329315186,0.41266361589657297,0.34235918521881104,-0.26264852,0.12742819610542877
PLEKHA6,-0.133417010307312,0.37437313057077687,0.31191450357437134,0.11171966,0.5228596467080059
BROX,-0.1334238052368164,0.692409670891265,0.5292455554008484,-0.37457126,0.02662824495597909
BANF1,-0.13344573974609375,0.5387972303429764,0.41909080743789673,-0.2658646,0.12266454989572145
ARPC1B,-0.1338033676147461,0.8810183092005214,0.7236855030059814,0.6637339,1.3834286205541429e-05
STX7,-0.13403093814849854,0.8552585848790278,0.7088033556938171,-0.57899994,0.00026836022773212394
NFKB1,-0.13424146175384521,0.535352378602434,0.42707759141921997,-0.21864171,0.2069995283865249
RPL28,-0.13430476188659668,0.46556436156649544,0.3808712363243103,-0.08877094,0.6120802231057041
DIMT1,-0.13440990447998047,0.5861638458487057,0.46473202109336853,-0.5099885,0.0017501301782861791
SGF29,-0.13447177410125732,0.3825962857373698,0.28407812118530273,0.5295245,0.0010713310608448704
CNOT10,-0.13470149040222168,0.4251041978840566,0.31600698828697205,-0.1839565,0.2901293742146668
CALR,-0.13529813289642334,0.6120001173829608,0.4862825572490692,-0.09105721,0.6029100869663196
ZFAND1,-0.13544559478759766,0.5650256727935079,0.43780845403671265,0.27454513,0.11046979511157513
STARD9,-0.1357194185256958,0.24565860332792855,0.18832029402256012,0.42449573,0.011033863016960998
PDLIM2,-0.1357492208480835,0.566469728267084,0.43045616149902344,0.45443642,0.006098609292021623
STRIP1,-0.13578033447265625,0.43972945955936377,0.2937980592250824,0.26849103,0.11887369488222402
C5orf24,-0.13633346557617188,0.4818059719433706,0.37862980365753174,0.2644361,0.12476380043332072
AIMP1,-0.13672757148742676,0.561229834714697,0.4508972465991974,-0.071545705,0.6829636931862367
ACP6,-0.13745105266571045,0.540318477149675,0.4447791576385498,-0.38192576,0.023571679043463904
WFS1,-0.1375420093536377,1.0322150136830293,0.8428617119789124,-0.7333268,5.422162631775699e-07
JMJD6,-0.1375802755355835,0.45121406589097585,0.2765885889530182,-0.34504205,0.04235851297295304
DNPEP,-0.13853216171264648,0.555003438887381,0.44031015038490295,0.3008294,0.07908340433944279
PRKCA,-0.13853514194488525,0.664381354580595,0.4853455722332001,0.095697805,0.5844803868102193
RSF1,-0.13853991031646729,0.6791296017563027,0.5014191269874573,0.4677191,0.004608763244084356
ZNF800,-0.13854658603668213,0.4815557790308258,0.39324378967285156,-0.19970976,0.25005198997593264
ERGIC2,-0.13877618312835693,0.6802013690897694,0.5230353474617004,-0.50960344,0.0017666306074421692
ALDOA,-0.13890445232391357,1.0105503950732324,0.7959883809089661,0.021443233,0.9026878487095455
SNRNP27,-0.13925015926361084,0.39612670324963917,0.2877122461795807,0.10402864,0.552038579778295
FUBP3,-0.13930141925811768,0.353031902362943,0.2905556857585907,-0.11629743,0.5058578874049869
ATXN2,-0.1393183469772339,0.8748679742663178,0.539456307888031,-0.12930402,0.45911331411299455
SAP130,-0.13933336734771729,0.5215563777977963,0.38782674074172974,0.21999356,0.2041353838422814
ARHGAP4,-0.13992977142333984,0.4471865921491129,0.3371645510196686,0.2064148,0.23417166918290966
TOM1L1,-0.1400775909423828,0.46592912662588565,0.3373899757862091,0.21702729,0.21045637720358001
GNB2,-0.14010632038116455,0.7967116992651173,0.6660805940628052,0.37702993,0.0255720908519887
F8A1,-0.14019596576690674,0.3661920161127474,0.263832151889801,-0.05300406,0.7623468319375842
ATP2A2,-0.14038455486297607,0.51077392946297,0.4233522117137909,-0.30480835,0.07500719604333608
ESRP1,-0.14054477214813232,0.38888557348465397,0.3359861671924591,0.03273876,0.8518949834699087
ATP1A1,-0.14102709293365479,0.6313291046886492,0.48238590359687805,0.8088558,4.1191436542951906e-09
TXNDC9,-0.14105069637298584,0.5094659150788861,0.39866724610328674,-0.020313896,0.9077907265900981
SMG9,-0.1413569450378418,0.5454098830397425,0.4302571415901184,-0.07095424,0.685450338877514
ITSN2,-0.1417698860168457,0.5197259351747348,0.4018067419528961,0.6612182,1.531049965124259e-05
NT5DC3,-0.14263510704040527,0.48013466175431513,0.3848937153816223,0.166976,0.3376994460413878
MAP2K2,-0.14271092414855957,0.6203869810959317,0.4419766664505005,0.2289416,0.18586954131203529
ANLN,-0.14300835132598877,0.7001448098328993,0.5780580639839172,-0.24284224,0.15983076828345102
KDM3B,-0.1432056427001953,0.38120275814468574,0.30999556183815,0.424496,0.011033813157532038
HSD17B12,-0.1435377597808838,0.5886639802703316,0.4624946713447571,0.49385774,0.0025693572720950062
TRIP6,-0.14382851123809814,0.7889867311867992,0.6281222701072693,-0.51775604,0.00144489685853655
FHOD1,-0.14400851726531982,0.7106817015855096,0.5064325332641602,-0.3844102,0.022607228668667444
PDZD11,-0.14428448677062988,0.6733161861255393,0.5105246901512146,0.022237964,0.8990991597490572
CEP43,-0.1443953514099121,0.4654735017900815,0.3619772791862488,-0.10717837,0.5399973691852152
HSD17B4,-0.14441919326782227,0.6960412182236062,0.594488263130188,0.5082439,0.0018259883618678711
SMAP,-0.14528369903564453,0.619034454195676,0.4596511721611023,0.17377248,0.3181156822689302
PPFIBP1,-0.14561760425567627,0.5145640294962632,0.4070560038089752,0.43884048,0.00835907261293085
RXRB,-0.14580190181732178,0.329196305037159,0.2698855400085449,0.23080008,0.18222516959389937
UNC119B,-0.14625036716461182,0.5610413447238788,0.4071692228317261,0.16753557,0.33605974618091106
LSM4,-0.1463414430618286,0.34026700552067235,0.25656935572624207,-0.53956395,0.0008228764686551981
MED21,-0.14653241634368896,0.47080702841822913,0.39146918058395386,-0.15514791,0.3734987604572598
AURKA,-0.14673471450805664,0.4867157674241872,0.3906157910823822,0.113752715,0.5152744819986635
OGDH,-0.14699506759643555,0.7060981621027216,0.5909886360168457,0.7025528,2.542044881869722e-06
FAS,-0.1471496820449829,0.40746869177576156,0.32292553782463074,0.33915755,0.04624733228597372
HADH,-0.14794862270355225,0.664083570258271,0.48920899629592896,0.118007675,0.49957848059128057
GINS2,-0.14795029163360596,0.4472083175793288,0.3117629587650299,0.2791487,0.1043851576120926
DYNC2H1,-0.14797759056091309,0.2470403434459871,0.19406074285507202,-0.3292787,0.05341601395639124
NDUFB10,-0.1481379270553589,0.5289642020500062,0.4089431166648865,0.16301343,0.34945061609910827
OTUD6B,-0.14815890789031982,0.6915313262739445,0.5126535892486572,0.38820744,0.021196402532401574
ARF6,-0.1483767032623291,0.49432410350728495,0.3725711703300476,-0.311255,0.06875244472754832
CLN6,-0.14837753772735596,0.3544595246202871,0.2789779007434845,0.05278205,0.763313635094602
TRIM28,-0.14844584465026855,0.7706280168534603,0.648007869720459,-0.532909,0.0009810468447694393
MRPS34,-0.14868295192718506,0.5814494098574062,0.4812714755535126,-0.02326779,0.8944524628167346
NIBAN2,-0.14902329444885254,0.7635144708082725,0.6272158026695251,0.6203381,7.03486565065187e-05
FUCA2,-0.1491154432296753,0.3804830991009179,0.31514543294906616,-0.053788714,0.7589321139691985
POLR2K,-0.14914381504058838,0.7098211389559886,0.5463957786560059,-0.1864076,0.28363750858508463
VPS4A,-0.14928507804870605,0.701739705566415,0.5841803550720215,-0.30914772,0.0707503173051523
MRPL14,-0.14951801300048828,0.5107851320377678,0.4012567698955536,-0.49510548,0.0024958083840239563
NOL3,-0.14970660209655762,0.7615259953681154,0.623748242855072,0.291834,0.08893080650987244
ZWILCH,-0.14996600151062012,0.4224647532382019,0.3007549047470093,-0.31061456,0.06935486003105686
MTCH2,-0.15011262893676758,0.5554095659233729,0.4774475693702698,0.17958906,0.30193149066513597
GTF2E2,-0.15048182010650635,0.44505659078417753,0.31502455472946167,-0.35332996,0.037332999630767076
NOP58,-0.1504836082458496,0.4068642337681382,0.356169193983078,-0.16912304,0.33143452949165664
TOP1,-0.15057921409606934,0.49067734846032296,0.4160822331905365,-0.14429004,0.4082537573871159
UTP11,-0.15060579776763916,0.5112807750999306,0.39987367391586304,-0.013151216,0.9402299231543224
RAB34,-0.15069448947906494,0.7031257841317785,0.5755999088287354,0.7325935,5.639100979903972e-07
CISD1,-0.15073466300964355,0.5231884890715482,0.4003753364086151,0.3395507,0.0459788828090367
ZNF512B,-0.150954008102417,0.42839813986516,0.3438163995742798,0.08194631,0.6397967162649545
BUD13,-0.1510220766067505,0.4189837956037753,0.335403174161911,0.050906606,0.7714960581001049
HNRNPD,-0.1511232852935791,0.5732545347687354,0.44606930017471313,-0.5332497,0.0009723411962408962
ATP6V1A,-0.15154922008514404,0.8925816308418054,0.7462981939315796,-0.6193605,7.277119679750167e-05
PTBP3,-0.15155017375946045,0.5826519977785759,0.4642258882522583,0.16685103,0.3380661998062688
MTMR1,-0.15186309814453125,0.38228991903932896,0.3020614981651306,-0.37381557,0.026960041573261612
NOL8,-0.15195655822753906,0.3810113848039048,0.30381834506988525,-0.09684433,0.5799657590926366
CHMP5,-0.15205764770507812,0.5032671934792248,0.3889579474925995,-0.2909971,0.08989288528210078
SLC20A1,-0.1528388261795044,0.7661387218678642,0.6005107760429382,0.75600237,1.5084136736259435e-07
GPX4,-0.15295147895812988,0.6808888134088272,0.5238068699836731,-0.06671298,0.703373720038852
GID8,-0.15321290493011475,0.3491538399231036,0.2961975336074829,-0.23381087,0.17642876672718252
CC2D1A,-0.15331685543060303,0.5446665996540189,0.3985825181007385,0.014918283,0.9322158165754295
LLGL1,-0.15358233451843262,0.5516621194413892,0.45880231261253357,-0.18739764,0.28104212911661114
GGPS1,-0.15403664112091064,0.6563807084840214,0.49925217032432556,0.08872579,0.6122620370383429
PIP4K2C,-0.1540372371673584,0.5214176492470938,0.39698803424835205,0.30890915,0.0709793028676811
NEDD1,-0.1545180082321167,0.40751147651893704,0.31127452850341797,0.08981103,0.6079009824790017
ALB,-0.15471112728118896,0.754858848122304,0.5918830633163452,-0.4600813,0.005421401515934305
LAMTOR5,-0.1547480821609497,0.6019825397807751,0.4856584370136261,0.4702799,0.004360945154760295
ZW10,-0.15475785732269287,0.3765756565185772,0.27655160427093506,-0.073063016,0.6766002497725195
SETD1A,-0.15537357330322266,0.4007347117093996,0.3427806496620178,0.3689538,0.029176648142110816
AATF,-0.15579044818878174,0.4330642835437473,0.3678959012031555,0.12829201,0.46266568968444644
HDHD2,-0.155814528465271,0.7678185006490563,0.5685588121414185,-0.63620186,3.9956180833366315e-05
CLTC,-0.1558164358139038,0.46837769664215145,0.374450147151947,0.0385196,0.8261123219104036
ALDH18A1,-0.1560119390487671,0.5232398955439841,0.44588136672973633,-0.060320947,0.7306830616533592
HEATR1,-0.15641498565673828,0.579379216192186,0.44431638717651367,0.31190118,0.06814869849670632
PYM1,-0.15673530101776123,0.6228199369117638,0.49548885226249695,0.60358685,0.0001237559657536175
XRCC5,-0.15688848495483398,0.6013274290862138,0.5062021017074585,-0.5533536,0.0005649542473906077
PACS1,-0.15701282024383545,0.5388776489879367,0.4666655361652374,-0.48621345,0.0030625456957456276
POLR1E,-0.15744447708129883,0.46748905656113215,0.3749749958515167,-0.43264103,0.009438056102509198
NAA25,-0.15765798091888428,0.24861106387877296,0.1907539963722229,0.0416435,0.8122520007115579
SHPK,-0.1577996015548706,0.44813285275419523,0.34965217113494873,-0.30519688,0.07461813516291141
DNAJC17,-0.15789306163787842,0.49360316906063173,0.36791202425956726,-0.15109283,0.3862691416449978
SETD7,-0.1579352617263794,0.7288543077546606,0.514008641242981,-0.05840881,0.7389178948530123
SEC23IP,-0.1583646535873413,0.5020734294004244,0.39108532667160034,-0.25375155,0.14132039288611006
RPS8,-0.15865886211395264,0.6099405109992975,0.5054880976676941,-0.2220985,0.19973069635970317
PSMA4,-0.15868842601776123,0.67643058318925,0.5894228219985962,-0.26171094,0.1288426366892535
MAP7D3,-0.15869152545928955,0.5159276594197422,0.4118073284626007,0.54936695,0.0006308899351142452
HAT1,-0.15873992443084717,0.6830882137756064,0.5188167095184326,-0.4984977,0.002305056773570899
CLASP1,-0.15880155563354492,0.5134640407377644,0.39499780535697937,0.567906,0.0003730904689382683
RPIA,-0.1595693826675415,0.47391386836588417,0.39721179008483887,-0.32645887,0.0556167979857583
DCP1A,-0.15960025787353516,0.3893203501366911,0.2953312397003174,0.41970432,0.012075183988347725
POLR1F,-0.15990746021270752,0.4487129183088145,0.3534289598464966,0.26174295,0.12879407463473289
ATP1B3,-0.16000723838806152,0.5303437412930225,0.4094923436641693,0.11797326,0.49970458834851783
PMPCB,-0.16014981269836426,0.5104563626274239,0.4260644018650055,0.07373902,0.6737720429023456
CASP8,-0.16070854663848877,0.44179762309826454,0.3311159014701843,0.14934953,0.39183594685396045
CDC5L,-0.16082680225372314,0.37529186970264194,0.31166669726371765,-0.2766505,0.10765490466772187
ASAP1,-0.16100430488586426,0.45481837312912066,0.3784046173095703,0.103411004,0.5544149034782876
PKN1,-0.16130578517913818,0.7419033510467952,0.6046361923217773,-0.6773319,7.86416601051879e-06
EIF4G2,-0.16131067276000977,0.6265033522772704,0.45652344822883606,-0.26389435,0.1255669675535801
ME2,-0.16141867637634277,0.6538168897380227,0.5115386843681335,-0.3437489,0.04318960592277699
UBE2V2,-0.16149914264678955,0.7836587774311503,0.6149876117706299,-0.56664586,0.00038703411157874437
ATF2,-0.16184759140014648,0.42757581794181887,0.3272150456905365,0.33991617,0.04573044136362122
NDUFA6,-0.16224360466003418,0.5114630140205629,0.3934430778026581,0.20289603,0.24241851699442804
DDX56,-0.16306400299072266,0.5734830801828391,0.4535628855228424,-0.12981324,0.45733177356201327
HSP90AB1,-0.16321933269500732,0.981807509056838,0.818462073802948,-0.51134676,0.0016929973589504042
RCN1,-0.16334927082061768,0.6364183711998607,0.5291520357131958,0.15637131,0.3696954395653489
C8orf82,-0.16334998607635498,0.5741490951123008,0.4386211335659027,-0.08342129,0.6337644940804172
GALE,-0.1633915901184082,0.5646133459449564,0.4688626825809479,0.16891417,0.3320407753518959
PTPN23,-0.16363859176635742,0.5333478682246081,0.3817882537841797,0.056870677,0.7455630513351105
UBE2J1,-0.16397321224212646,0.4396462927231739,0.3225018084049225,0.03057504,0.8615859264245553
CHD1,-0.16415035724639893,0.5123061092471872,0.4057473838329315,-0.06454776,0.7125855304716278
BET1L,-0.1641545295715332,0.4182800132211634,0.30916884541511536,0.17635253,0.31087122393235517
EPS15,-0.16429781913757324,0.45786548346966643,0.36390143632888794,-0.13115957,0.45263865498808536
GLRX3,-0.16461503505706787,0.7444493812149041,0.5485979318618774,0.33867386,0.04657936903031292
SLC27A1,-0.16474854946136475,0.4951308058571902,0.3755277395248413,0.20699891,0.23282126570761724
C11orf98,-0.16531455516815186,0.6962027476180623,0.5907939672470093,-0.36501297,0.03108120375054401
FLII,-0.16591691970825195,0.6973409318193898,0.5883453488349915,-0.45937622,0.005502288147999513
CCN1,-0.16606152057647705,0.6261528350162759,0.5082899928092957,-0.16561545,0.3417066203509227
NDUFB5,-0.16607201099395752,0.4521862203742048,0.37649959325790405,0.26966953,0.11720144875723176
CAVIN2,-0.16613805294036865,1.0086543389285811,0.8142678141593933,-0.17114283,0.3256069880903937
DCTD,-0.1661597490310669,0.5931011469298487,0.4612985849380493,-0.17374787,0.3181851382907987
DCAF1,-0.16624879837036133,0.5850889037304969,0.38223662972450256,0.03068616,0.8610878285486434
GHDC,-0.1664522886276245,0.6014977952911992,0.5191783905029297,0.052685082,0.7637363976720744
PRXL2A,-0.16692054271697998,0.6647073643939422,0.5093916058540344,-0.020818293,0.9055113682377246
DHRS11,-0.1670684814453125,0.4736606393092127,0.35137978196144104,0.32607126,0.055924917210520717
LRIF1,-0.1671741008758545,0.5699619365414359,0.44141116738319397,-0.35269153,0.0377020212809464
RPS5,-0.1672990322113037,0.5242665969684548,0.40972089767456055,-0.12513025,0.47385655557334483
XPNPEP3,-0.16737031936645508,0.5951086611460891,0.5308839082717896,-0.14849144,0.3945934834235296
EPB41L1,-0.1675732135772705,0.8362897326919184,0.6892088055610657,0.5049724,0.0019760265965155584
MANF,-0.1676480770111084,0.3575210642110995,0.27543964982032776,-0.03762286,0.8301011399832738
TRIO,-0.16784977912902832,0.5427680982702543,0.39773285388946533,-0.4364646,0.00875945884804233
RFC5,-0.16807639598846436,0.49686097719090194,0.3837761878967285,-0.63137734,4.7614435959979436e-05
ECHDC1,-0.1682140827178955,0.6310363379608512,0.5084836483001709,0.16941741,0.3305813390729687
EIF6,-0.1682490110397339,0.4751198460571106,0.36774998903274536,0.12226972,0.48410252989452723
SON,-0.16888463497161865,0.30776824875142333,0.25269198417663574,0.14312881,0.412076209452126
NFKB2,-0.16924703121185303,0.6033698588014536,0.44557544589042664,0.38453794,0.02255851556302075
LAMA3,-0.1693476438522339,0.6526295840912109,0.547224223613739,-0.5170493,0.001470586547916348
GOLPH3L,-0.170068621635437,0.6138089576263956,0.4809238016605377,-0.18359765,0.2910876798339622
MRPL18,-0.1701979637145996,0.4734600735309292,0.3919321298599243,-0.27252734,0.11321953935975186
ILF3,-0.17075109481811523,0.4458632994619949,0.3588060140609741,-0.49422562,0.0025474789087369747
YAP1,-0.170851469039917,0.793562267660657,0.6202255487442017,-0.39132366,0.020093950545372313
U2SURP,-0.17109465599060059,0.3408102345547846,0.2821234464645386,-0.23711729,0.1702157841767695
UBA3,-0.1713632345199585,0.6385229794587347,0.4383169114589691,0.11196772,0.5219312077816101
FAH,-0.1714022159576416,0.8276124843774003,0.6959880590438843,0.3345811,0.04946570684251585
PTPN2,-0.17147696018218994,0.41359751161738934,0.3222017288208008,-0.3294162,0.053310537312598966
PRPS2,-0.17162764072418213,0.4031298836700572,0.30796539783477783,-0.015336993,0.9303181003725901
MTFR1,-0.17210960388183594,0.54552420957884,0.42825135588645935,0.40161973,0.016784940742551054
VDAC1,-0.1726243495941162,0.9426904996305625,0.8260144591331482,0.2396385,0.16558432387217054
PKM,-0.1734405755996704,0.8988379539671836,0.7649405598640442,-0.22590367,0.19193687803847168
RABGEF1,-0.17359042167663574,0.3482017309594445,0.29053694009780884,-0.14279923,0.4131648952671647
MNAT1,-0.17371094226837158,0.7619093436432632,0.6367418766021729,0.34253353,0.04398267204502323
PSMB2,-0.1738978624343872,0.5903671923090213,0.49307048320770264,-0.24904826,0.14909779000378492
CWC27,-0.17421388626098633,0.5114423864588739,0.3508056700229645,0.46666232,0.004714519654971952
DLD,-0.17428696155548096,0.7491698041248359,0.6281428933143616,0.6456855,2.805758686268077e-05
VAPA,-0.17433500289916992,0.7725885143617209,0.6613030433654785,0.6562138,1.8679884061485722e-05
H2AC21,-0.1745448112487793,0.8757366077162473,0.7284677028656006,0.18208495,0.29515013820664254
ACADM,-0.1750624179840088,0.8616652056191587,0.6248827576637268,0.27510324,0.10971833273041673
UQCRC2,-0.17516696453094482,0.6443182622237627,0.5219733119010925,0.70941687,1.8319778232845102e-06
CERS2,-0.17556321620941162,0.6946150035156009,0.5776352882385254,0.446489,0.007174396983592938
COQ8A,-0.1757889986038208,0.6393227017176332,0.5101801156997681,0.37491015,0.026480607520017897
SPECC1L,-0.17592787742614746,0.6115110324806375,0.4719430208206177,-0.36590096,0.030643406420720085
NMI,-0.1763211488723755,0.5099028479379684,0.4122465252876282,-0.0517861,0.7676561038995087
FANCI,-0.1766585111618042,0.4315448326731835,0.3691379129886627,-0.20550698,0.23628079154870654
PGRMC2,-0.1767040491104126,0.7068338276604194,0.5987164378166199,-0.40532482,0.01571171847941952
GMEB1,-0.1773616075515747,0.3734299854496127,0.3048011362552643,-0.2679562,0.11963837078313015
CORO1B,-0.17794954776763916,0.6982389650070415,0.5572335124015808,0.18364304,0.29096626728020164
PGLS,-0.17800259590148926,0.9395916810831418,0.6972813010215759,-0.4782651,0.00366065674185613
PINX1,-0.17842495441436768,0.5508935962565172,0.42614370584487915,-0.17056133,0.32727822133210094
DDX41,-0.17851412296295166,0.39258383751503956,0.3102474808692932,0.06831171,0.6965984688330272
KRT14,-0.1791369915008545,2.0402609858273784,1.4233664274215698,0.04906137,0.7795706287105779
TUBGCP3,-0.17923927307128906,0.47204070560666034,0.3684110641479492,0.19053544,0.27291818033090537
LIMCH1,-0.17929232120513916,0.5592852493827766,0.3970761001110077,0.20223877,0.2439800762853395
GAPDH,-0.17963123321533203,1.0505034352445652,0.8950479626655579,-0.32435757,0.05730328589379042
TMX1,-0.1801152229309082,0.46719802793550375,0.3753834366798401,-0.10909376,0.5327363227506173
MRPL9,-0.18058323860168457,0.41697748234211957,0.3216724097728729,0.70459104,2.308631043696961e-06
FKBP15,-0.18095624446868896,0.5718562253361182,0.40799328684806824,0.023409747,0.8938120476393849
ATP2B4,-0.18141710758209229,0.8112575127440378,0.6268540620803833,0.6378739,3.7574072087057674e-05
SUCLA2,-0.1814870834350586,0.693206447875813,0.5392674207687378,0.11201438,0.5217564073775756
ERP44,-0.18161821365356445,0.6689642687708175,0.5538572072982788,0.56276196,0.0004329736859353737
SZRD1,-0.18238472938537598,0.5447564643101676,0.3894246816635132,0.1124517,0.520122167840881
PPP1R12C,-0.1827183961868286,0.45844982754723546,0.3584887981414795,-0.073444694,0.6750028299504016
TLK2,-0.18299603462219238,0.4869500591806434,0.39671406149864197,0.115048096,0.5104704481418944
PPIG,-0.18317723274230957,0.39073358933784763,0.3069278299808502,0.1272752,0.46624905180597936
UBE4B,-0.18470263481140137,0.5157609240234391,0.41346606612205505,-0.26677668,0.12133803810397946
RBM6,-0.18489134311676025,0.46642427457552765,0.3682471811771393,-0.12061085,0.4900965244452987
NIF3L1,-0.18562769889831543,0.4593786453569538,0.33062610030174255,0.35640937,0.0355938279155204
DUS3L,-0.1859140396118164,0.4646535051349286,0.3399919271469116,-0.029229637,0.8676217266970633
RAC1,-0.18623065948486328,0.3909477235904159,0.31298553943634033,0.088515095,0.613110483021479
SHMT2,-0.18646812438964844,0.51240676752925,0.42048379778862,0.45974696,0.005459630940435342
PKN2,-0.18649494647979736,0.44464965476980634,0.3607131540775299,-0.34609425,0.04169175252212938
ERCC6L,-0.18661892414093018,0.38355216754598737,0.2913942039012909,-0.29866478,0.08137192247407424
HNRNPDL,-0.18683278560638428,0.5636735700659798,0.4539068937301636,-0.43828914,0.008450564119947254
NCAPH2,-0.18777120113372803,0.608173457348833,0.48615026473999023,0.65098536,2.2906223529741165e-05
RPL12,-0.1880258321762085,0.3989247353585586,0.33358463644981384,-0.15275066,0.3810178804783863
CHD1L,-0.18806731700897217,0.5011889210252826,0.3538241982460022,0.22770534,0.18832194240450678
GFM1,-0.18839824199676514,0.5560798631280938,0.44878941774368286,-0.16488291,0.3438761326411741
ATP5F1D,-0.1890655755996704,0.5871444478475842,0.45052820444107056,0.33147097,0.051753379871321815
PEX1,-0.18964195251464844,0.5330453157073652,0.4117306172847748,0.4613492,0.005278528339264398
CIT,-0.18976187705993652,0.5139621741073135,0.40214428305625916,-0.35639378,0.03560241234513792
BUD23,-0.19036829471588135,0.49082868199284513,0.39763331413269043,-0.3298955,0.05294399281479041
SPR,-0.19046759605407715,0.7036030521747887,0.5508648753166199,0.11103183,0.5254381574942129
NBN,-0.1913127899169922,0.40966893265330023,0.3082129657268524,-0.17514166,0.3142579971881884
KRT17,-0.19154489040374756,1.860164827201259,1.4829765558242798,-0.08086923,0.6442168267676492
IK,-0.19259357452392578,0.3619525359898432,0.29787740111351013,-0.47408035,0.004014419151516589
RPS18,-0.19266963005065918,0.5748074167584075,0.4774402678012848,-0.2966532,0.08354423997118055
TPMT,-0.19272291660308838,0.5844424693280115,0.44712451100349426,0.20429522,0.23911637507165495
DNAJC10,-0.1930708885192871,0.5757352564750581,0.420052707195282,-0.11004595,0.5291446588276082
H1-5,-0.1939157247543335,1.0402865549681246,0.8439571857452393,0.29611376,0.08413445437001277
GGA2,-0.19421052932739258,0.44223287706775455,0.3375180959701538,-0.13993503,0.42269339758809166
CDK5RAP1,-0.19435930252075195,0.4539218505962316,0.3398769199848175,0.30376148,0.0760634601800143
FOXP1,-0.1946735382080078,0.41078648058556416,0.31916794180870056,0.10884709,0.5336686432430673
DPP9,-0.19475221633911133,0.5642482029197919,0.44592827558517456,0.38360333,0.022916791753744413
CEP131,-0.19522011280059814,0.46350190888683557,0.31809428334236145,-0.08347142,0.6335596318810416
CYB5B,-0.1953744888305664,0.817979601594051,0.6784343123435974,0.48787645,0.0029487669861706645
DYNLL1,-0.19560503959655762,0.4072927517238255,0.305828720331192,-0.2914727,0.08934516558484726
SAFB,-0.19637393951416016,0.44015687329698766,0.36406803131103516,-0.2577951,0.1348751531503651
BICD2,-0.19677793979644775,0.5520749421351697,0.44078314304351807,0.20589215,0.23538462114226888
SPNS1,-0.19740653038024902,0.4615031344047975,0.3674065172672272,-0.25989237,0.13161884682304137
HINT3,-0.19746708869934082,0.4814897714015663,0.36977094411849976,0.015090473,0.93143550321927
RAD50,-0.197648286819458,0.4640545918211481,0.36961570382118225,0.35915816,0.03409756361277835
BRD4,-0.19791138172149658,0.539979431281599,0.41061919927597046,0.6406534,3.389692094032365e-05
NELFB,-0.19852852821350098,0.5346364190534612,0.44582563638687134,0.3406765,0.04521707955215861
RALYL,-0.1986483335494995,0.607320820047033,0.4974595606327057,-0.04713945,0.7880053146131913
SLIRP,-0.19929993152618408,0.5339677798323258,0.44261276721954346,0.4546958,0.006065969439515443
INTS9,-0.19948601722717285,0.5304331951557735,0.3783142864704132,-0.030203864,0.8632505516379816
GMFG,-0.2003411054611206,0.5168347760731573,0.3828926384449005,-0.16955407,0.3301854419913863
RBMX,-0.20132946968078613,0.38318899674964013,0.3139040172100067,-0.22666661,0.19040024531762123
LZTFL1,-0.20173156261444092,0.39077628067316317,0.30564701557159424,-0.62536734,5.8996833160528235e-05
TP53,-0.20184755325317383,0.7385289821064532,0.5367313027381897,-0.18838087,0.27847982855466663
RALY,-0.20185744762420654,0.6152513289764696,0.4894851744174957,-0.16223913,0.35177568145950094
POLG,-0.2021033763885498,0.47646088376660173,0.3857436180114746,-0.58030444,0.0002579616734174271
FUCA1,-0.20251595973968506,0.5561355708860956,0.445686012506485,-0.047131434,0.7880404156426927
VPS28,-0.20255768299102783,0.6167854979651409,0.46248480677604675,-0.18572834,0.28542710324919857
CRTC2,-0.20278239250183105,0.5298000913703439,0.44737669825553894,0.34297535,0.04369303836140006
POLR2G,-0.20283591747283936,0.358378667052248,0.29172906279563904,0.11421724,0.5135489845481085
SDAD1,-0.20321238040924072,0.5290422002837688,0.44179701805114746,0.34756196,0.04077592235831264
DPH2,-0.20377278327941895,0.3521587825192902,0.2789148986339569,-0.23261699,0.17871128783400694
UBXN6,-0.20416796207427979,0.5102874306794993,0.39051029086112976,-0.119644284,0.49360632567815416
ACIN1,-0.20454001426696777,0.4013717168473527,0.32218116521835327,0.3446275,0.04262350273979737
CUTC,-0.20466184616088867,0.5287529096230247,0.4282657504081726,-0.42574185,0.010775840293623584
OSBPL3,-0.2048407793045044,0.5256638791269007,0.42353612184524536,-0.49720097,0.0023764177694113302
RUSF1,-0.20503699779510498,0.4818990553950931,0.3630937337875366,-0.5280318,0.0011134271564951564
TSPYL1,-0.20553886890411377,0.487461760439462,0.3811340928077698,0.20016472,0.24895246253651898
SNRPB2,-0.20563137531280518,0.28397289761905936,0.23658840358257294,0.13842332,0.42777142346849567
BCAP29,-0.20563280582427979,0.5676470615557875,0.4258168339729309,0.17407332,0.31726544659557343
EHD4,-0.2059328556060791,0.7527733626906771,0.6068012714385986,0.3372196,0.04758905832471859
RPS16,-0.2062760591506958,0.5536994192819304,0.45126545429229736,-0.34399617,0.04302968919028478
ATP2B1,-0.20629918575286865,0.5803309188409469,0.4680033028125763,0.26222193,0.12807032605844265
NHP2,-0.2067965269088745,0.4389838531757165,0.36965706944465637,-0.028802026,0.8695416283493792
ARIH1,-0.20685958862304688,0.5271536873114,0.3726768493652344,-0.04977815,0.7764317427828217
AVEN,-0.2071704864501953,0.5271891331944157,0.39169755578041077,-0.1778995,0.3065776958740026
RPS14,-0.20721924304962158,0.547467972937842,0.43051621317863464,0.20473582,0.23808282048149373
AFG3L2,-0.20818626880645752,0.539749316113928,0.41197124123573303,0.2946543,0.08574700350439377
PABPN1,-0.20856988430023193,0.4688230457612413,0.3887152671813965,-0.37295654,0.027341283287709066
DHX29,-0.20863842964172363,0.4077756368119347,0.30254286527633667,0.11346814,0.5163328038371393
VDAC2,-0.20878005027770996,0.665107577879504,0.5533468127250671,0.4460109,0.007243996646761215
ECT2,-0.2088712453842163,0.5558152353504047,0.44057488441467285,-0.1260916,0.47043904734203706
UQCRC1,-0.2100743055343628,0.6345380169606974,0.5068789720535278,0.13110615,0.4528243216567583
VPS51,-0.21025526523590088,0.46682177361518606,0.36141228675842285,0.24161418,0.16201885668019994
TAMM41,-0.21041035652160645,0.3794914131726009,0.3017043471336365,-0.06627756,0.7052231449633574
RHOA,-0.21083664894104004,0.4226012865807897,0.34649670124053955,0.10932102,0.5318781485055308
NDUFS2,-0.21092534065246582,0.46645678018047576,0.36171045899391174,0.14118087,0.4185338000724949
ZNF22,-0.2113739252090454,0.597118135433176,0.3990231454372406,-0.26007676,0.13133531555808478
REL,-0.21173632144927979,0.6141792574626677,0.49219512939453125,0.30126718,0.07862673738752436
EXOC7,-0.21256732940673828,0.49263776135316356,0.3825817108154297,-0.0063377274,0.9711760683278223
BAP18,-0.21307575702667236,0.6024518065745965,0.4293119013309479,-0.30135083,0.07853966685116352
GCSH,-0.21310675144195557,0.7627472023401557,0.6278152465820312,0.44971097,0.006720150949810154
SCYL1,-0.2131255865097046,0.5098607350921329,0.42424964904785156,0.2929147,0.0877003645939079
TRA2B,-0.21318936347961426,0.5337744645580247,0.4153091013431549,-0.44670448,0.007143211774058267
ARHGEF12,-0.21364164352416992,0.53299286997179,0.4313330054283142,0.11751213,0.5013939750746955
RPL23A,-0.21402978897094727,0.4267204844475511,0.36014360189437866,-0.00031479448,0.9985678592469263
MED29,-0.21421682834625244,0.40411457614216106,0.3184736967086792,-0.4772271,0.0037457814661962753
POLR2C,-0.21441686153411865,0.42546699896209406,0.3656267523765564,0.07210987,0.6805953614723812
GPATCH11,-0.2145916223526001,0.5620560483576005,0.48049190640449524,0.106340215,0.543189425315803
PHF3,-0.21467864513397217,0.38174304661541797,0.3115057051181793,0.12629242,0.4697265907580884
ZC3H13,-0.2148674726486206,0.4672689564606384,0.33710145950317383,0.43172282,0.009607505036872218
MTO1,-0.21496522426605225,0.6352518654863093,0.5295493006706238,0.6270645,5.555700302244925e-05
COPS7A,-0.21516263484954834,0.4352071146798073,0.35188546776771545,0.028217334,0.8721681603545961
RPL35A,-0.21553874015808105,0.4114331306110773,0.3582891821861267,-0.23924446,0.16630224972500546
PYCR3,-0.2162407636642456,0.6358810484103393,0.5080173015594482,-0.16100134,0.3555113392485856
VCP,-0.21715426445007324,0.44857476556003595,0.373563677072525,0.24770719,0.15137146718936667
STRN,-0.21745264530181885,0.364949303823043,0.274247944355011,0.0017308918,0.9921263262054245
ATP1A3,-0.21745550632476807,0.6938738781070041,0.5270364284515381,-0.40355143,0.016217975074565686
PPIB,-0.21774065494537354,0.6620762459447823,0.5364980697631836,0.6808997,6.74791841529418e-06
TUBA1C,-0.21800339221954346,0.8442513777608929,0.628436803817749,-0.08682494,0.6199321800017239
PCIF1,-0.21827077865600586,0.5037618622436257,0.3670569062232971,-0.49302876,0.002619259201109849
BPNT2,-0.21863853931427002,0.5340509346680131,0.4145955443382263,-0.64649403,2.7209334354880642e-05
GOLM1,-0.21871435642242432,0.6485342849750867,0.5309707522392273,-0.40747812,0.015114882148657862
NAGK,-0.21889686584472656,0.8307741007516091,0.6114873886108398,-0.11059533,0.5270774039214235
SERPINB9,-0.2192150354385376,0.9005132496508774,0.7744924426078796,-0.39368832,0.01928960431215091
COX5B,-0.2193979024887085,0.7601468029787782,0.6065711975097656,0.08423616,0.6304413596596898
MBNL1,-0.2193998098373413,0.318357397436073,0.2679225504398346,0.08231146,0.638301151810737
DNAJC9,-0.21962904930114746,0.7030663571804252,0.5067509412765503,-0.01177227,0.9464872918023846
NAXE,-0.22051000595092773,0.7951783837213595,0.6575533151626587,-0.16269831,0.3503958383317887
EPHB2,-0.2205747365951538,0.5067341432165369,0.394246906042099,0.47554186,0.0038876467535291018
DNAJC11,-0.2206515073776245,0.4192813334917365,0.3341495394706726,0.054218482,0.7570632288233906
VIRMA,-0.22080862522125244,0.47593616538007816,0.37816253304481506,-0.3200786,0.060862541047459806
PLK1,-0.22193574905395508,0.34278037126706545,0.2564616799354553,0.15796354,0.36478042326708915
STK10,-0.22204411029815674,0.6657321583988982,0.5104849934577942,0.31915647,0.06165204402972748
MMS19,-0.22210395336151123,0.43064387267658955,0.35557037591934204,0.23703307,0.1703719653239948
VPS37C,-0.22263729572296143,0.574997872887699,0.4351431727409363,0.13690446,0.43290741030925367
FTL,-0.22291791439056396,0.6946098120146018,0.5315383076667786,0.42755345,0.010409906106589682
NUDT21,-0.2229543924331665,0.4838899059941308,0.39311712980270386,0.274477,0.1105618860022175
TNS3,-0.2229858636856079,0.5441983796829838,0.42336490750312805,0.20949207,0.22711680631826825
COPG2,-0.22389435768127441,0.650382926826626,0.5127781629562378,-0.33959883,0.04594608436766624
SFN,-0.22394132614135742,0.7331619389326572,0.6319423317909241,0.16471894,0.34436272659645173
BCCIP,-0.22402191162109375,0.791384650911935,0.6564407348632812,0.44894645,0.0068256384254385075
PTRH1,-0.22444891929626465,0.4881297219715972,0.37646591663360596,-0.33947414,0.046031041780739385
GTF2H1,-0.2247333526611328,0.624404957752352,0.4984990656375885,0.6515901,2.2376579224522767e-05
USP24,-0.22477591037750244,0.44675561403889497,0.335694283246994,-0.14278516,0.41321139247760935
PARD3,-0.22488832473754883,0.5931694304342998,0.48760557174682617,0.23099348,0.18184869714539598
MRPL12,-0.22491371631622314,0.6035172051961514,0.49072620272636414,0.4453966,0.007334241905640615
PLXNA1,-0.2249293327331543,0.4807598503738229,0.38456666469573975,-0.10764803,0.5382125422184393
HMCES,-0.22617614269256592,0.33513166564194535,0.26135411858558655,-0.22083892,0.20235844699581135
RHOB,-0.2264406681060791,0.6183170894543861,0.5193131566047668,0.2603539,0.1309100435302445
RBM3,-0.22658157348632812,0.6584398200632869,0.5189246535301208,-0.050863676,0.7716841075628977
COG4,-0.22714519500732422,0.38187933087429465,0.30626940727233887,-0.12795022,0.4638685896527492
VASN,-0.2273719310760498,0.7802933748870607,0.5887680649757385,-0.29528463,0.08504768879082432
CTR9,-0.2274925708770752,0.3693867624736901,0.3137112855911255,-0.36384273,0.03166597836406172
COX7A2,-0.22772765159606934,0.6770654944979828,0.5441499352455139,0.46615842,0.0047656791581155095
OPA1,-0.22817754745483398,0.5302808841863896,0.39614546298980713,0.24104774,0.1630354874309262
AVL9,-0.22957611083984375,0.4375072035877638,0.3494356572628021,0.3777383,0.02527429520340187
GNB1L,-0.2296968698501587,0.4193523537025881,0.34900033473968506,-0.022828605,0.8964338080865302
NDUFS3,-0.23063862323760986,0.46581951277242345,0.36282047629356384,0.29462144,0.0857836315129997
SAP18,-0.23118698596954346,0.38542774760151566,0.30088987946510315,-0.33833283,0.04681452929213189
DIP2B,-0.23207032680511475,0.41841417268965675,0.3382470905780792,-0.14914054,0.3925063944289762
MAPK14,-0.23300564289093018,0.5695620262925133,0.4376542568206787,0.055335447,0.7522139004639149
PRRC2B,-0.23330903053283691,0.5368049174830417,0.4265488088130951,-0.47266492,0.004140583597990161
GIPC1,-0.23458993434906006,0.5433599860093982,0.4396366775035858,0.13161342,0.45106255883394647
SLBP,-0.2352302074432373,0.584491216353701,0.4772113263607025,-0.59232724,0.00017778021893758605
SSBP1,-0.23537838459014893,0.6651441628287807,0.5242756605148315,0.47930175,0.0035773180333352876
SRA1,-0.23574137687683105,0.4508826744974738,0.3644488751888275,0.35683545,0.03535841503646655
ATP5ME,-0.23665428161621094,0.5673329894469743,0.43824538588523865,0.32996246,0.05289292259859504
FMNL2,-0.23743689060211182,0.5460293089210417,0.4266510307788849,-0.41819784,0.012419265454507718
MAP2K4,-0.23796319961547852,0.5276066725113745,0.4451034665107727,0.11629485,0.5058675473769677
C1D,-0.23873364925384521,0.3457876306902653,0.2826438546180725,0.271716,0.11433953242657745
VPS36,-0.23887908458709717,0.5951038285231157,0.43658965826034546,0.34698492,0.041134062017039015
PTPRF,-0.23890936374664307,0.5002686851515815,0.3818511366844177,-0.19623548,0.2585563627498032
RAPH1,-0.23915159702301025,0.6819417993149365,0.5010848045349121,0.49256605,0.002647474747868951
OVCA2,-0.23964273929595947,0.5172786782096556,0.389259934425354,-0.2443944,0.15709550688502033
PDE12,-0.24126827716827393,0.44878922535424104,0.35217171907424927,-0.15543708,0.37259764176452775
SF3B5,-0.2417839765548706,0.4955388367307815,0.37290269136428833,0.2165156,0.21156043073811184
DDX51,-0.24196624755859375,0.37179052290967984,0.26510849595069885,-0.036220036,0.8363485431803881
NELFE,-0.24223041534423828,0.5457471388786833,0.39138180017471313,-0.035966065,0.8374810112213276
ITM2C,-0.24234044551849365,0.518067355429223,0.41208118200302124,0.07524494,0.6674881217749854
SPATS2L,-0.24258077144622803,0.8044097569210136,0.6677066683769226,0.45337385,0.00623388223346301
CS,-0.24287831783294678,0.4868930614730354,0.38696786761283875,0.4249612,0.010936875300435982
RUVBL1,-0.24569523334503174,0.7193149751068257,0.5926872491836548,-0.23352312,0.1769770369230608
MYO9B,-0.24591970443725586,0.473928724838287,0.3659670650959015,-0.2956187,0.08467872250188453
CDKN2AIP,-0.2460801601409912,0.5028673744486376,0.3877195715904236,-0.3905513,0.020362642103169758
LYN,-0.24682283401489258,0.5131632095774685,0.39051327109336853,-0.45401123,0.006152440226575853
RPS25,-0.24693632125854492,0.5594711615312252,0.45245251059532166,-0.2192256,0.20575904729364677
WDR26,-0.24734580516815186,0.4401483588819796,0.35533469915390015,-0.07507424,0.6681993785127797
AIFM1,-0.24881601333618164,0.5281795236556039,0.4270293116569519,0.28571773,0.09614656202493706
ATP5PB,-0.2496265172958374,0.4870717747668103,0.371406227350235,0.24735308,0.15197589799358852
PPFIA1,-0.2500499486923218,0.6467945703086888,0.4701012670993805,0.27945706,0.10398680330235265
PSMB10,-0.2504580020904541,0.6496543955843657,0.568831741809845,-0.18796198,0.2795696181727012
KTI12,-0.25134706497192383,0.4379921256994912,0.3607882857322693,0.50676364,0.0018925922031315455
KCMF1,-0.25150251388549805,0.48601802453124937,0.34350088238716125,0.09815356,0.5748295681980287
SRSF6,-0.2525445222854614,0.3802156730709828,0.32307863235473633,-0.21666817,0.21123082947965646
TRIM29,-0.2527484893798828,1.1653405668316414,0.9144643545150757,0.40440676,0.015972116925279084
DUSP12,-0.25310206413269043,0.5132658191143913,0.3981080651283264,0.063438535,0.717320422731784
XPC,-0.2533682584762573,0.5465435113329229,0.3980885148048401,0.34358492,0.04329596701790994
KIF5C,-0.25342249870300293,0.7988935224629794,0.6052843928337097,-0.63539684,4.115105531533116e-05
PIK3R2,-0.25406837463378906,0.43072613119634084,0.365612655878067,-0.29372317,0.08678840162735986
TBRG4,-0.25511670112609863,0.5106342267214867,0.45126527547836304,0.48507082,0.00314291698846629
THOC7,-0.25513291358947754,0.4175719757626484,0.33923444151878357,0.20540649,0.2365153398230677
MT-CO2,-0.2552032470703125,0.7446038513971318,0.590770423412323,0.49213675,0.0026738984551067705
ATP6V0D1,-0.2552119493484497,0.580439008975129,0.4731309711933136,0.19735627,0.25579227861892173
MIDEAS,-0.2554413080215454,0.42832228785806004,0.3353808522224426,-0.32538542,0.05647331912264583
DDAH2,-0.2558504343032837,1.1578654268139381,0.9114608764648438,-0.23796922,0.168640703782552
CELF2,-0.2567394971847534,0.5347921706215724,0.41237127780914307,0.3341245,0.049796377372679945
TMPO,-0.25691843032836914,0.7023968210844649,0.6119591593742371,-0.12781736,0.46433643549080406
MRPL50,-0.2573552131652832,0.46202731205974945,0.3884895443916321,-0.20333931,0.24136890346766243
CSNK2A2,-0.25792884826660156,0.4211015675797519,0.34578678011894226,-0.42021155,0.011961156379972845
RPL7,-0.25802600383758545,0.5189220901364301,0.44121694564819336,-0.16494773,0.34368373402188646
PTK2,-0.2589693069458008,0.6782867203645433,0.49974632263183594,0.17537397,0.31360633086631595
ATP5PD,-0.2595334053039551,0.5909211380103978,0.45689234137535095,0.31199294,0.06806339133386485
TTC9C,-0.2607306241989136,0.711790013854356,0.5578665137290955,-0.044767916,0.7984454553013113
MFN1,-0.2615927457809448,0.37070693887370626,0.28468918800354004,0.0184313,0.9163045744032526
UBFD1,-0.2621314525604248,0.5019389050321184,0.39727282524108887,-0.2016579,0.24536595262852684
BAG4,-0.2622486352920532,0.5398679327620347,0.42496320605278015,-0.14200756,0.415786336622347
TRIM2,-0.2627074718475342,0.4480976544899179,0.35540997982025146,0.28165162,0.10118530642012741
PRPF19,-0.2649790048599243,0.39192673270208783,0.3190324604511261,-0.45424893,0.006122297975836119
ROCK1,-0.2652019262313843,0.4497302584702104,0.3539646565914154,-0.04474267,0.798556373522844
TRIM27,-0.26607632637023926,0.44248710228286164,0.3540076017379761,0.44535205,0.00734083036006662
VPS52,-0.26627683639526367,0.3545497921045329,0.2715192437171936,0.3209797,0.060098837635443596
KPNA4,-0.2662954330444336,0.4974185795268169,0.41357749700546265,-0.01242863,0.9435083105118238
KIFBP,-0.26636242866516113,0.5030302669356526,0.34250709414482117,0.10655127,0.5423845522971117
VPS11,-0.2673835754394531,0.4075312949374297,0.3330845832824707,-0.13785233,0.4296983248135531
RGS10,-0.2687983512878418,0.6730830177880066,0.5087224841117859,-0.060359504,0.730517535707742
RPLP1,-0.26887571811676025,0.5197489002907896,0.41059279441833496,0.087946594,0.6154010632187742
SNF8,-0.26947546005249023,0.6042240762290852,0.44513726234436035,-0.35687608,0.035336026604751374
NDUFAF3,-0.27056610584259033,0.3156023173160414,0.25514259934425354,-0.025155595,0.8859427711253317
INTS4,-0.271132230758667,0.3120828944348728,0.2475062757730484,0.040996652,0.8151174592893884
FAM169A,-0.2712562084197998,0.5151879741606821,0.3854091465473175,0.38864803,0.021037547313038252
RREB1,-0.27210283279418945,0.47495638559279335,0.3542937934398651,-0.37641898,0.02583125969132614
TRIM32,-0.2721189260482788,0.44555794493601897,0.36777636408805847,-0.37950414,0.024544301568089927
NUDT4,-0.273327112197876,0.3952994845814702,0.3195043206214905,0.022126526,0.8996023312339609
ATP6AP1,-0.2733515501022339,0.45634056133140277,0.3617766797542572,0.053825475,0.7587719154497118
RPL8,-0.2740691900253296,0.5012783457763054,0.4267553389072418,-0.25502768,0.139262401918394
MATR3,-0.27409982681274414,0.4102648091836761,0.32666778564453125,-0.5102298,0.0017398595516673822
SMYD5,-0.2753105163574219,0.47373193706409933,0.35955047607421875,-0.4248594,0.01095802400008936
ATRN,-0.2755178213119507,0.3843637681886234,0.3291098475456238,0.33473924,0.04935163419157167
MPG,-0.2762545347213745,0.4311228965648239,0.34219372272491455,-0.084641375,0.6287916735853566
SCFD2,-0.2765073776245117,0.3659696877882607,0.3089071810245514,0.14357662,0.4105999313162195
KIF20B,-0.27653825283050537,0.6880403475962359,0.5455070734024048,0.19191495,0.2693956144276248
SRSF7,-0.27798008918762207,0.4441277487841811,0.35303229093551636,-0.5489382,0.0006383708929065522
RPUSD2,-0.27808570861816406,0.36659271684806205,0.2789708971977234,0.112475626,0.5200326871681428
MZT1,-0.280124306678772,0.3412090915046983,0.27521541714668274,0.0603037,0.7307573728571443
VPS16,-0.2809504270553589,0.5310622332234323,0.37530773878097534,-0.20258205,0.2431637601046792
HSPA9,-0.2840381860733032,0.8623524843752681,0.7135102152824402,0.7481741,2.381796402569086e-07
KRI1,-0.28727948665618896,0.4155017921131381,0.35159462690353394,-0.535857,0.0009079438911952512
RUFY1,-0.2880361080169678,0.6618545627050265,0.5094548463821411,-0.5667699,0.00038564201919544786
TRMT10C,-0.28805482387542725,0.4672907686444567,0.38732683658599854,-0.12258522,0.4829671332477471
NUP98,-0.2883186340332031,0.34862472353828877,0.26585978269577026,-0.044123776,0.8012869142383527
TAF10,-0.288627028465271,0.48841744621536604,0.3575063943862915,0.026333973,0.8806372221106606
PTBP1,-0.2893315553665161,0.33063742974827043,0.25760918855667114,0.0066771507,0.9696332319884441
KRT2,-0.29068565368652344,0.5262233558850563,0.4134538173675537,0.2671357,0.1208187705326822
RPLP2,-0.2912708520889282,0.4599104932592007,0.3759678602218628,-0.10110262,0.563336686525858
PRKCSH,-0.29152441024780273,0.5352331788396715,0.44860029220581055,0.41427082,0.013355343763577906
NARS2,-0.29279279708862305,0.6677511652768849,0.5097867250442505,-0.048788965,0.7807645375883786
RTF2,-0.2929995059967041,0.6564698986203764,0.48983368277549744,-0.18546568,0.2861209556452354
HNRNPL,-0.29342055320739746,0.4331260254807876,0.34814831614494324,-0.09495388,0.5874177148214759
BAD,-0.2935875654220581,0.6725964332416802,0.47174033522605896,0.039327446,0.8225227032675484
METTL16,-0.29788923263549805,0.5397962193190959,0.4047166407108307,0.2584406,0.1338666249433887
COQ9,-0.29819607734680176,0.7328526971850017,0.5906366109848022,0.2577825,0.13489495106692714
NOP56,-0.30062317848205566,0.48856693302801496,0.4374631643295288,-0.18822697,0.2788798829230002
CHMP2B,-0.3007596731185913,0.43135131875837324,0.3309551179409027,-0.062065348,0.7231962826280265
SCAMP1,-0.3011283874511719,0.3130568787718771,0.24324455857276917,-0.30929348,0.07061064729125442
PHB2,-0.3012077808380127,0.560624864848279,0.4421963691711426,0.5073351,0.0018666297236565347
LRRC20,-0.303086519241333,0.5380986206996887,0.46061527729034424,-0.19500199,0.26162100258616955
SLC25A4,-0.30377018451690674,0.4153476061884141,0.33870774507522583,0.089097686,0.6107659889804545
TONSL,-0.30439794063568115,0.5547786960047729,0.4491685926914215,-0.0065271743,0.9703149499346038
APOO,-0.30444061756134033,0.6240233419833162,0.4870162010192871,-0.07940707,0.6502356799491078
BDH2,-0.3045715093612671,0.6472769083019178,0.5234901905059814,-0.07738027,0.6586151910005569
PGRMC1,-0.3051797151565552,0.49039022088622924,0.40420645475387573,-0.46333653,0.005061123480704772
RPL7A,-0.3131779432296753,0.4625413599078842,0.3940601348876953,0.07160531,0.6827133056486736
RTN4IP1,-0.31486237049102783,0.6020581074042289,0.5034929513931274,0.4147886,0.013228630945378144
RBM14,-0.3155730962753296,0.4440663284791744,0.38693585991859436,-0.17132403,0.32508731018612014
ZWINT,-0.3164585828781128,0.4156315602236559,0.3221229910850525,-0.1184273,0.4980437913014377
ILF2,-0.31868159770965576,0.4549374997526395,0.3668120205402374,-0.75657517,1.4578725902859352e-07
KAT8,-0.3186967372894287,0.41152936789028444,0.3356611430644989,-0.5540315,0.0005543716230756615
MED20,-0.31917786598205566,0.6010780117432746,0.4243863821029663,0.4586726,0.005584029622964322
BLOC1S1,-0.31991612911224365,0.518617615410672,0.43560361862182617,0.059182502,0.7355824709714796
EXOC1,-0.32070183753967285,0.5042347982835768,0.40422526001930237,-0.3755868,0.026187765774130695
MINPP1,-0.32132506370544434,0.4754554992644581,0.3640858829021454,-0.15598243,0.37090179345049434
SFPQ,-0.3226807117462158,0.4588778595394942,0.3623262643814087,0.13104331,0.4530427811470523
C1QBP,-0.32282304763793945,0.669877921127781,0.548462450504303,0.3255921,0.056307674459950253
ATP5PO,-0.3228527307510376,0.5385912618421911,0.41078704595565796,0.23676854,0.17086374035193053
SEC24B,-0.32418227195739746,0.5525872941337103,0.42949068546295166,-0.62906295,5.1739045980132517e-05
NSF,-0.3245197534561157,0.5239239041169483,0.4279012382030487,-0.5267357,0.0011511513841633598
LRPPRC,-0.32696807384490967,0.5741668729638706,0.496103435754776,0.22709441,0.1895423211758168
NDUFS8,-0.32774078845977783,0.4529594085930208,0.33743786811828613,0.30808803,0.07177196749256641
LRSAM1,-0.32892489433288574,0.48821561753723913,0.38065436482429504,0.44438455,0.007485055145828545
MCAT,-0.3305603265762329,0.3702651359753523,0.3024228513240814,0.25606874,0.13759988402891643
TRIP10,-0.33148252964019775,0.6942848583807091,0.5381128787994385,-0.48553538,0.0031100218231685803
GPATCH8,-0.3341456651687622,0.4096446161354718,0.29963886737823486,0.04456389,0.7993450033293054
GOT2,-0.33786582946777344,0.7878851085161444,0.6468943357467651,0.27217007,0.11371170466112508
FIP1L1,-0.3382965326309204,0.511068702907364,0.43199437856674194,-0.31149814,0.06852475648885148
N6AMT1,-0.33940398693084717,0.44717354638744256,0.3374796211719513,-0.24888524,0.14937273238065532
RPL9,-0.3398165702819824,0.47810358485713217,0.41797277331352234,-0.376989,0.025589368973569837
NONO,-0.3401610851287842,0.5479639655416401,0.4389503002166748,0.12461348,0.4756990845721726
MTX2,-0.3406500816345215,0.3876434983382206,0.33636176586151123,0.5268535,0.0011476772736214989
DLST,-0.3419966697692871,0.595062937453183,0.46668580174446106,0.5055744,0.0019476336253330861
ZNF609,-0.3421669006347656,0.37930165139519434,0.30245694518089294,0.44184586,0.007875061194586773
PHB,-0.3424011468887329,0.5557440514136759,0.4255000054836273,0.44809663,0.006944564931564703
HOOK3,-0.34379899501800537,0.7530456928584641,0.5477960109710693,-0.07350975,0.6747310780941808
TFRC,-0.3442800045013428,0.8388857323192074,0.6902649998664856,0.16593587,0.34076024523106385
LMAN1,-0.3492701053619385,0.6990855852049048,0.538300633430481,0.13454117,0.44096625799316647
FBL,-0.34983837604522705,0.4380466928306488,0.3827129006385803,-0.083282776,0.6343295853063519
UPF2,-0.35142791271209717,0.4664887245140276,0.35438311100006104,-0.36744443,0.029894496815080013
IKBKG,-0.3532196283340454,0.3992765418398557,0.3304964601993561,-0.58616185,0.00021556672352179992
AKAP8L,-0.35337090492248535,0.4906367895811569,0.3421056568622589,-0.15452653,0.3754394356234601
GCC2,-0.3552600145339966,0.3408699983160608,0.25548505783081055,0.068826586,0.6944213807646676
COX4I1,-0.35619115829467773,0.6663359377976941,0.5184473395347595,0.041284405,0.8138423376536353
CHTOP,-0.3576749563217163,0.528177915551838,0.41333574056625366,-0.102104194,0.5594574432679821
EFTUD2,-0.35812675952911377,0.3893325021982031,0.343832790851593,-0.48067296,0.003469608528188678
ANKMY2,-0.35850799083709717,0.5158473893511705,0.4204998314380646,-0.41271248,0.013742954935637191
TBC1D10B,-0.3612062931060791,0.35581060885662713,0.30117273330688477,0.2731665,0.11234299082534548
TRIQK,-0.3634389638900757,0.39957754804515627,0.32389068603515625,-0.11993036,0.49256607552950255
LYRM7,-0.3676337003707886,0.5157334184814851,0.4152843952178955,-0.026641546,0.8792532967622584
DNAJB11,-0.3678802251815796,0.40902166114634886,0.3218570053577423,0.20631967,0.2343920921075518
ARRB1,-0.36812031269073486,0.6589681328273894,0.5649092197418213,-0.31821665,0.06246484214609678
ALYREF,-0.36992931365966797,0.49144602737392956,0.416307657957077,-0.6624205,1.4588025006391431e-05
TTC38,-0.37131357192993164,0.6509101098973734,0.5075574517250061,-0.13319461,0.4455944782174011
MED30,-0.37265849113464355,0.4371761417617674,0.3497300446033478,-0.4421054,0.007834412377979334
RPL10A,-0.37280893325805664,0.4320421896958414,0.3670099973678589,-0.04189396,0.811143108790767
RSRC2,-0.3735126256942749,0.3994345624741379,0.3015764355659485,0.23549463,0.17324509443544728
NELFA,-0.375482439994812,0.7289622065581232,0.5583918690681458,-0.50959146,0.0017671487552377602
MEMO1,-0.37649285793304443,0.5688866859766326,0.43899378180503845,-0.05845917,0.7387008719889665
GRK2,-0.3811483383178711,0.4520563151230362,0.33856523036956787,-0.07418303,0.6719172185184294
TRMU,-0.3822658061981201,0.4975572610374923,0.38533079624176025,-0.06646339,0.704433657293884
RAP2C,-0.38254404067993164,0.4978471692184373,0.4105246663093567,0.47907907,0.0035950800605902985
HNRNPK,-0.3936856985092163,0.5103651007730017,0.40889042615890503,-0.364861,0.031156649310330332
LMNB1,-0.3941347599029541,0.5980220996351799,0.5099169611930847,-0.34694722,0.04115752790937509
SIRT6,-0.3945380449295044,0.68812623546188,0.5430616140365601,-0.24477404,0.15643163053018216
SLC25A3,-0.3946269750595093,0.7343098631845656,0.6230969429016113,0.52156126,0.0013132256506537107
DST,-0.39463698863983154,0.44955416886474897,0.34259167313575745,0.0027568787,0.9874599002134115
RPUSD3,-0.3965778350830078,0.3478146524354151,0.2836766541004181,0.48166734,0.003393276809991988
BCL10,-0.3967183828353882,0.3804834907386427,0.30642378330230713,-0.37088218,0.02828021496791997
TAF6,-0.39680325984954834,0.4330506402956038,0.35086706280708313,-0.024429375,0.8892149587737141
OXA1L,-0.39693546295166016,0.5473154201902309,0.4563628137111664,0.5865368,0.00021307796823275736
AK3,-0.3971010446548462,0.6781134301178648,0.5469459891319275,0.15174355,0.3842028287263518
ABCC4,-0.3989078998565674,0.599410580164743,0.49569177627563477,-0.45559576,0.005953895018114789
C2orf49,-0.40098750591278076,0.5324021915819156,0.41866424679756165,0.3920404,0.019847270928148565
RSL1D1,-0.4032931327819824,0.6267514959286281,0.5432466268539429,0.2518335,0.14445542144356013
HSF1,-0.41000139713287354,0.5969292451265582,0.49413660168647766,0.15817857,0.3641195485810554
HYOU1,-0.4144798517227173,0.5892120920157647,0.4961732029914856,0.18914184,0.2765070346149947
CENPH,-0.41877222061157227,0.4593854409932145,0.3923179805278778,0.14177006,0.41657447265139574
STAG1,-0.42657291889190674,0.6156728483862852,0.45049726963043213,-0.23030746,0.18318611897664774
POLR1D,-0.42686522006988525,0.44647253092544414,0.3400718569755554,-0.014622169,0.9335582734491917
UBE2D3,-0.4292030334472656,0.29371244768803884,0.22437937557697296,-0.1488612,0.39340390987354584
MARK2,-0.429268479347229,0.4163172886276247,0.33766159415245056,0.20857312,0.22920833090962597
BSG,-0.4293246269226074,0.6408320534283671,0.5148327946662903,-0.34132987,0.04477970620855481
TTK,-0.4305152893066406,0.4365015557797771,0.33950504660606384,-0.19776292,0.25479404918156645
POLDIP2,-0.43128228187561035,0.5606619155280298,0.4569794237613678,0.4645302,0.004934269627049535
RPL31,-0.4317011833190918,0.4573456750431085,0.3773649334907532,0.025148243,0.8859755268716986
PNPO,-0.4330853223800659,0.5453765776841126,0.40815338492393494,0.0367347,0.8340553721451814
PHF23,-0.4351266622543335,0.5999980002608353,0.5101393461227417,-0.157409,0.36648792472538705
STAU2,-0.43556344509124756,0.5840162440761412,0.4618353843688965,-0.18305157,0.2925500419140539
HNRNPH1,-0.43837177753448486,0.5700962754139113,0.47233155369758606,-0.7323644,5.708503347354046e-07
HSPD1,-0.4423985481262207,0.7606557618239085,0.6325860023498535,0.27056327,0.11594509714379388
SP1,-0.44358646869659424,0.39199694985545985,0.29262107610702515,-0.31790617,0.06273528749841119
FADD,-0.44387519359588623,0.4602584200839471,0.37358230352401733,0.3065406,0.07328458852435142
P4HB,-0.44438767433166504,0.8702650704463843,0.6910791993141174,0.7055506,2.205669803720935e-06
PRR11,-0.4463379383087158,0.5452728235189508,0.4641511142253876,-0.6587847,1.6873100524741606e-05
SNRPE,-0.4485419988632202,0.25680299554905567,0.21973398327827454,-0.13641605,0.434566140415477
SNRPA,-0.45072662830352783,0.38431768920516796,0.3311412036418915,0.039042473,0.8237887596403054
NHLRC2,-0.4553689956665039,0.516426475001883,0.37746864557266235,0.017090492,0.9223742857042736
HSPE1,-0.4554508924484253,0.8016854740270977,0.6434007287025452,0.45370072,0.0061919952543316205
CCDC12,-0.45613861083984375,0.43123654399832095,0.3327524960041046,0.30529854,0.07451656366172824
TIMM44,-0.45829570293426514,0.4515168493618424,0.38427820801734924,-0.12344146,0.479891881421567
POLR2L,-0.45981013774871826,0.27184643376112405,0.23254595696926117,0.17101714,0.3259676460131249
POLR2E,-0.46776580810546875,0.35976399225616246,0.29501527547836304,0.25953087,0.13217585792185743
WRAP73,-0.4695795774459839,0.44661743971316237,0.37010273337364197,-0.26287022,0.12709560568770245
PNPT1,-0.4738725423812866,0.5895957930857988,0.4896124601364136,0.3104542,0.0695064459079841
RPL6,-0.4767110347747803,0.4803854397133922,0.40465348958969116,0.04920771,0.7789297275533824
NUBPL,-0.47743916511535645,0.5008940154660371,0.41072893142700195,-0.49640715,0.0024210463214367865
ATP5MG,-0.47792959213256836,0.6303590851695551,0.4908272922039032,-0.19135164,0.27083031281264874
NDUFB11,-0.4790961742401123,0.5104162514613533,0.4178973436355591,0.256165,0.13744680431127868
NACC1,-0.4810452461242676,0.4516988706750288,0.3519132435321808,-0.16324954,0.3487437838390425
HNRNPA1,-0.484580397605896,0.6113105259516245,0.5281610488891602,-0.39067155,0.020320643992669273
TOMM70,-0.49367237091064453,0.4349365234375,0.3231762647628784,0.4006325,0.01708101374647677
RPS13,-0.49587416648864746,0.5748372801374875,0.4900064170360565,-0.1492902,0.39202634314788926
MIER1,-0.4960213899612427,0.49539411576356707,0.41496774554252625,0.36807358,0.029593530734250636
THUMPD3,-0.49605250358581543,0.4853559374851941,0.36695942282676697,-0.22736123,0.18900872087140408
VAPB,-0.5042284727096558,0.5999707800982181,0.473330020904541,0.35148746,0.038406150023493756
GAK,-0.5066280364990234,0.48113974571575074,0.3838001787662506,0.00500386,0.9772410590072577
TRAPPC6B,-0.5074549913406372,0.5238519422790225,0.39092108607292175,-0.23618706,0.1719476531197276
ATP5MF,-0.5115725994110107,0.6004680238670229,0.48792168498039246,0.4580173,0.005661099090432623
EIF1,-0.5144602060317993,0.5725038833153299,0.42848601937294006,-0.009056533,0.9588199313303809
HSPA5,-0.5181366205215454,0.7928036672951942,0.6735870242118835,0.7480173,2.4032775153797146e-07
PDIA6,-0.5190486907958984,0.592409251422043,0.48606857657432556,-0.22744963,0.1888320411694597
YTHDC1,-0.5255986452102661,0.318151429489302,0.2768374979496002,-0.0061777737,0.9719033563155639
CSTF3,-0.5292376279830933,0.29830934958689564,0.24628977477550507,-0.36684248,0.030184747914627604
TUFM,-0.5297830104827881,0.720648042388186,0.6188924312591553,0.5748474,0.0003040029725198194
SF3B3,-0.5315423011779785,0.4194058285850282,0.3704124391078949,-0.50982916,0.0017569437796316732
SHOC2,-0.5391130447387695,0.5380371957846888,0.4057041108608246,0.037080858,0.8325135361376919
WAPL,-0.5451158285140991,0.36582786360817554,0.310202419757843,-0.1071346,0.5401637645257164
SRSF3,-0.5495115518569946,0.5249247701422838,0.44697707891464233,-0.62933224,5.1242876745177525e-05
RPS7,-0.551128625869751,0.49036039579213697,0.42305493354797363,-0.22600864,0.19172483636262486
RAB7A,-0.5591307878494263,0.5275717913330621,0.4011966288089752,0.3781316,0.025110148571703
ELL,-0.5654711723327637,0.43146171141474277,0.3189140558242798,0.20413016,0.2395041742876114
PRDX4,-0.5666893720626831,0.5984767442788498,0.4721813201904297,-0.14094824,0.4193085672108891
RAB24,-0.5715420246124268,0.5422492989711002,0.4442733824253082,-0.2806955,0.10239881588120416
SNU13,-0.5740653276443481,0.5079680571350422,0.4376414716243744,-0.2094595,0.22719065140247646
SF3B2,-0.5797204971313477,0.32673484507193945,0.2791992723941803,-0.34912467,0.03981874686252276
TRAF2,-0.5826015472412109,0.5614754830491371,0.44175252318382263,-0.15271425,0.3811325976242559
MDH2,-0.5890926122665405,0.8102752598135738,0.6584730744361877,0.5884734,0.00020063199359786018
RPS10,-0.5919884443283081,0.5462670352819712,0.47345852851867676,-0.32152498,0.05964040780467774
ARFGEF1,-0.5922119617462158,0.542449345970621,0.41646313667297363,-0.4968367,0.0023968091297968145
NAPA,-0.6205308437347412,0.7392621260684712,0.6488103866577148,-0.47155467,0.004241941886368325
TTC19,-0.6248712539672852,0.43560783746480103,0.3579326868057251,-0.018133195,0.917653788381167
ATPAF2,-0.6286083459854126,0.4245091078638242,0.36045020818710327,0.5145669,0.0015640374402715706
SLC25A6,-0.639428973197937,0.7360567356715387,0.6130833625793457,0.075633936,0.6658684945146615
PDIA3,-0.6398073434829712,0.737487325721068,0.6116159558296204,0.6368333,3.9040977028878014e-05
PHF5A,-0.6480607986450195,0.42098398069521753,0.3635118901729584,-0.06484858,0.7113035002579892
ARIH2,-0.6632808446884155,0.4318245543347375,0.3552818298339844,-0.20632294,0.23438463189889594
CD320,-0.6646394729614258,0.4449416841914921,0.3787284791469574,0.14330193,0.4115051521009434
TRIP4,-0.6726150512695312,0.3972548341739042,0.33253055810928345,0.16724509,0.336910074541058
ARHGAP18,-0.6756048202514648,0.5029996360356586,0.42241954803466797,0.16934718,0.3307847513632363
NR2C2,-0.6839661598205566,0.5305078315102869,0.42011758685112,-0.01123826,0.9489116917067697
IKBKB,-0.7038266658782959,0.42772594426177,0.3206445872783661,-0.0002814011,0.9987196953177908
CRYZL1,-0.7177379131317139,0.4575241723736135,0.36042284965515137,0.08861317,0.6127154717382225
MACROH2A1,-0.724318265914917,0.6994270568509804,0.5719760060310364,0.15465984,0.3750223588352215
HSD17B10,-0.7250275611877441,0.7917324632774888,0.6408345699310303,-0.26396698,0.12545894910439767
SLC25A5,-0.7275592088699341,0.5741120323611971,0.47241052985191345,0.34123477,0.04484310463593005
ANAPC5,-0.7458984851837158,0.4982495363083063,0.371426522731781,-0.043726455,0.8030410056704472
NPM1,-0.7509113550186157,0.8075212008760819,0.7097046971321106,0.30551302,0.0743026997692099
HSPA8,-0.7562507390975952,0.7056952441368919,0.6114627122879028,-0.5165957,0.0014872865387744402
TRAP1,-0.7640891075134277,0.8182230542248222,0.6800626516342163,0.1670455,0.33749552733652166
ARHGEF6,-0.7695332765579224,0.4656764514069628,0.3611201047897339,0.3454979,0.04206861341747921
EXOC6B,-0.8135194778442383,0.5060483366002008,0.41288214921951294,0.5169729,0.001473388283341116
C17orf75,-0.8194786310195923,0.3380235840382306,0.27409061789512634,-0.2420857,0.16117621950471592
EIF4A3,-0.8270633220672607,0.5485880316401243,0.4726000130176544,-0.36138725,0.032922206182958394
RPL30,-0.8297977447509766,0.5213360236101339,0.4383567273616791,-0.33090535,0.05217836822970466
SLC19A1,-0.8511632680892944,0.46502995968769045,0.3668872117996216,-0.46368298,0.005024012385108803
COX5A,-0.8532485961914062,0.6521000435448175,0.5136002898216248,-0.041412808,0.813273596901481
DHX9,-0.8626614809036255,0.5254725566071635,0.43735551834106445,-0.4827367,0.0033128102787193586
RPL22,-0.8995211124420166,0.5408030343593448,0.44787129759788513,-0.075019166,0.6684289088833137
ATP5F1B,-0.905174732208252,0.691720513944098,0.5281329154968262,0.16439694,0.3453197933791183
INTS5,-0.9065496921539307,0.5040470192808905,0.39665687084198,0.25191483,0.1443213192453943
SNRNP70,-0.9069395065307617,0.419716842631128,0.37156248092651367,-0.27442577,0.1106311532262183
HNRNPM,-0.919296383857727,0.43899561484564553,0.3808837831020355,-0.6188417,7.408705298144577e-05
HNRNPAB,-0.9488735198974609,0.6184834503405148,0.5631328225135803,-0.08548714,0.6253538511878795
NCL,-1.0200648307800293,0.6008848609424671,0.5202121138572693,-0.07666236,0.6615935544772014
HSP90B1,-1.0427272319793701,0.6452763267889782,0.553031325340271,0.57266647,0.00032436629163427893
SND1,-1.049370288848877,0.5928199159101027,0.5242441892623901,-0.46176484,0.005232411913126426
H4C1,-1.090587854385376,0.8500954826804852,0.7164920568466187,-0.16273397,0.3502885115083489
ATP5F1A,-1.100611925125122,0.6569565647782344,0.5205011367797852,0.32017007,0.06078470153586956
TMEM87A,-1.1816790103912354,0.5208552705595328,0.43087664246559143,-0.38018882,0.024266027923845978
HNRNPC,-1.2538154125213623,0.49957022972145027,0.4310663044452667,-0.07700331,0.6601781543356511
HNRNPU,-1.2936079502105713,0.6018577940829551,0.5401284694671631,-0.529491,0.0010722634151866188
HNRNPA2B1,-1.5483207702636719,0.6240401765730393,0.5490781664848328,-0.48173064,0.0033884580998805964
